test_id,test_no,vehicle_id,source_vehicle_no,impact_family,vehicle_role,quality_tier,MAKE,MODEL,YEAR,BODYD,VDI,vdi_usable,PDOF,LENCNT,DAMDST,CRHDST,DPD1,DPD2,DPD3,DPD4,DPD5,DPD6,C_profile_max_mm,C_mean_mm,C_rms_mm,A_crush_2d_mm2,C_peak_ratio,asymmetry,centroid_norm,L_norm,C_mean_norm,C_max_norm,A_crush_norm,D_offset_norm,AXBX_delta_summary,front_total_length_shortening,front_structural_delta_median,front_left_right_bumper_asymmetry,rear_total_length_shortening,speed_kph,speed_source,speed_mps,KE_proxy,VEHTWT,CURBWT,VEHLEN,VEHWID,WHLBAS,VEHCG,closingSpeed,vehicleSpeed,impactAngle,offsetDistance,IMPPNT,CRBANG,CARANG,VEHOR,BMPENGD,SILENGD,APLENGD,testConfigurationKey
1335,8590,1604,1,frontal_barrier,subject_vehicle,A_ProfileValid,SUBARU,IMPREZA,2014,STATION WAGON,12FDEW3,1,0.0,976.0,-701.0,549.0,468.0,536.0,549.0,549.0,545.0,490.0,549.0,531.6,532.294091644835,518841.6,1.0327313769751691,0.007524454477050413,0.0034609031075131798,0.5609195402298851,0.12029871011541073,0.12423625254582485,0.0674778971681844,-0.8057471264367816,"{""a_pillar_base_asym_delta"": -1.0, ""delta_1"": 440.0, ""delta_10"": 4.0, ""delta_11"": 0.0, ""delta_12"": 24.0, ""delta_13"": 23.0, ""delta_14"": 27.0, ""delta_15"": 14.0, ""delta_16"": -55.0, ""delta_17"": 3.0, ""delta_18"": 3.0, ""delta_19"": 457.0, ""delta_2"": 234.0, ""delta_20"": 426.0, ""delta_21"": 0.0, ""delta_3"": null, ""delta_4"": 2.0, ""delta_5"": 1.0, ""delta_6"": 5.0, ""delta_7"": 0.0, ""delta_8"": 1.0, ""delta_9"": 0.0, ""door_leading_lower_asym_delta"": -5.0, ""door_leading_upper_asym_delta"": -1.0, ""door_trailing_lower_asym_delta"": -4.0, ""door_trailing_upper_asym_delta"": -1.0, ""firewall_side_asym_delta"": -13.0, ""front_bumper_left_delta"": 426.0, ""front_bumper_right_delta"": 457.0, ""front_engine_block_delta"": 0.0, ""front_engine_front_delta"": 234.0, ""front_firewall_center_delta"": null, ""front_firewall_left_delta"": 14.0, ""front_firewall_right_delta"": 27.0, ""front_left_right_asym_delta"": -31.0, ""front_left_right_bumper_asymmetry"": -31.0, ""front_structural_delta"": 234.0, ""front_structural_delta_median"": 234.0, ""front_total_length_shortening"": 440.0, ""rear_total_length_shortening"": null, ""total_length_shortening"": 440.0}",440.0,234.0,-31.0,,56.5,closingSpeed,15.694444444444445,189416.6859567901,1538.0,1337.0,4419.0,1740.0,2654.0,1189.0,56.5,56.5,0.0,0.0,0.0,0.0,0.0,0.0,DIRECT ENGAGEMENT,NOT APPLICABLE,NOT APPLICABLE,VTB
1332,8588,1601,1,frontal_barrier,subject_vehicle,A_ProfileValid,NISSAN,ROGUE,2014,UTILITY VEHICLE,12FDEW3,1,0.0,1041.0,-714.0,453.0,370.0,430.0,446.0,453.0,444.0,394.0,453.0,431.0,431.7937007414536,448671.0,1.051044083526682,0.014501160092807424,0.005770282554111174,0.5704109589041096,0.09280792420327304,0.09754521963824289,0.0529386570386889,-0.7824657534246575,"{""a_pillar_base_asym_delta"": -101.0, ""delta_1"": 462.0, ""delta_10"": 4.0, ""delta_11"": 4.0, ""delta_12"": 90.0, ""delta_13"": -11.0, ""delta_14"": 86.0, ""delta_15"": 35.0, ""delta_16"": -42.0, ""delta_17"": -1.0, ""delta_18"": 17.0, ""delta_19"": 411.0, ""delta_2"": 166.0, ""delta_20"": 371.0, ""delta_21"": 0.0, ""delta_3"": null, ""delta_4"": 6.0, ""delta_5"": 4.0, ""delta_6"": 6.0, ""delta_7"": 5.0, ""delta_8"": 4.0, ""delta_9"": 3.0, ""door_leading_lower_asym_delta"": -1.0, ""door_leading_upper_asym_delta"": -2.0, ""door_trailing_lower_asym_delta"": 0.0, ""door_trailing_upper_asym_delta"": -1.0, ""firewall_side_asym_delta"": -51.0, ""front_bumper_left_delta"": 371.0, ""front_bumper_right_delta"": 411.0, ""front_engine_block_delta"": 0.0, ""front_engine_front_delta"": 166.0, ""front_firewall_center_delta"": null, ""front_firewall_left_delta"": 35.0, ""front_firewall_right_delta"": 86.0, ""front_left_right_asym_delta"": -40.0, ""front_left_right_bumper_asymmetry"": -40.0, ""front_structural_delta"": 166.0, ""front_structural_delta_median"": 166.0, ""front_total_length_shortening"": 462.0, ""rear_total_length_shortening"": null, ""total_length_shortening"": 462.0}",462.0,166.0,-40.0,,56.59,closingSpeed,15.719444444444445,224244.0972800926,1815.0,1614.0,4644.0,1825.0,2708.0,1234.0,56.59,56.59,0.0,0.0,0.0,0.0,0.0,0.0,DIRECT ENGAGEMENT,NOT APPLICABLE,NOT APPLICABLE,VTB
1487,8909,1780,1,frontal_barrier,subject_vehicle,A_ProfileValid,KIA,FORTE,2015,FOUR DOOR SEDAN,12FDEW6,1,0.0,1636.0,0.0,389.0,254.0,309.0,367.0,389.0,307.0,218.0,389.0,321.59999999999997,326.11654358526494,526137.6,1.2095771144278609,-0.0021766169154229073,-0.008516805114698,0.9253393665158371,0.07159394479073908,0.08659839715048975,0.06624869551903233,0.0,"{""a_pillar_base_asym_delta"": 2.0, ""delta_1"": 297.0, ""delta_10"": 0.0, ""delta_11"": 0.0, ""delta_12"": 0.0, ""delta_13"": 2.0, ""delta_14"": 2.0, ""delta_15"": 4.0, ""delta_16"": -62.0, ""delta_17"": -1.0, ""delta_18"": -29.0, ""delta_19"": 218.0, ""delta_2"": 349.0, ""delta_20"": 254.0, ""delta_21"": 0.0, ""delta_3"": null, ""delta_4"": 0.0, ""delta_5"": 2.0, ""delta_6"": 4.0, ""delta_7"": 12.0, ""delta_8"": 0.0, ""delta_9"": 0.0, ""door_leading_lower_asym_delta"": 8.0, ""door_leading_upper_asym_delta"": 2.0, ""door_trailing_lower_asym_delta"": 0.0, ""door_trailing_upper_asym_delta"": 0.0, ""firewall_side_asym_delta"": 2.0, ""front_bumper_left_delta"": 254.0, ""front_bumper_right_delta"": 218.0, ""front_engine_block_delta"": 0.0, ""front_engine_front_delta"": 349.0, ""front_firewall_center_delta"": null, ""front_firewall_left_delta"": 4.0, ""front_firewall_right_delta"": 2.0, ""front_left_right_asym_delta"": 36.0, ""front_left_right_bumper_asymmetry"": 36.0, ""front_structural_delta"": 218.0, ""front_structural_delta_median"": 218.0, ""front_total_length_shortening"": 297.0, ""rear_total_length_shortening"": null, ""total_length_shortening"": 297.0}",297.0,218.0,36.0,,56.08,closingSpeed,15.577777777777778,178724.36370370368,1473.0,1293.0,4492.0,1768.0,2698.0,1125.0,56.08,56.08,0.0,0.0,0.0,0.0,0.0,0.0,DIRECT ENGAGEMENT,NOT APPLICABLE,NOT APPLICABLE,VTB
1480,8901,1771,1,frontal_barrier,subject_vehicle,A_ProfileValid,TOYOTA,TUNDRA,2014,4 DOOR PICKUP,12FDEW2,1,0.0,1492.0,0.0,370.0,370.0,342.0,329.0,322.0,340.0,335.0,370.0,337.09999999999997,337.3578219042802,502953.19999999995,1.097597152180362,-0.014684070008899427,-0.008721796639154048,0.7313725490196078,0.053524928548745625,0.058748809145760555,0.03914666342878847,0.0,"{""a_pillar_base_asym_delta"": 0.0, ""delta_1"": 324.0, ""delta_10"": 0.0, ""delta_11"": 0.0, ""delta_12"": 0.0, ""delta_13"": 0.0, ""delta_14"": 0.0, ""delta_15"": 0.0, ""delta_16"": 0.0, ""delta_17"": 0.0, ""delta_18"": 0.0, ""delta_19"": 335.0, ""delta_2"": 0.0, ""delta_20"": 370.0, ""delta_21"": 0.0, ""delta_3"": null, ""delta_4"": 0.0, ""delta_5"": 0.0, ""delta_6"": 0.0, ""delta_7"": 0.0, ""delta_8"": 0.0, ""delta_9"": 0.0, ""door_leading_lower_asym_delta"": 0.0, ""door_leading_upper_asym_delta"": 0.0, ""door_trailing_lower_asym_delta"": 0.0, ""door_trailing_upper_asym_delta"": 0.0, ""firewall_side_asym_delta"": 0.0, ""front_bumper_left_delta"": 370.0, ""front_bumper_right_delta"": 335.0, ""front_engine_block_delta"": 0.0, ""front_engine_front_delta"": 0.0, ""front_firewall_center_delta"": null, ""front_firewall_left_delta"": 0.0, ""front_firewall_right_delta"": 0.0, ""front_left_right_asym_delta"": 35.0, ""front_left_right_bumper_asymmetry"": 35.0, ""front_structural_delta"": 0.0, ""front_structural_delta_median"": 0.0, ""front_total_length_shortening"": 324.0, ""rear_total_length_shortening"": null, ""total_length_shortening"": 324.0}",324.0,0.0,35.0,,55.9,closingSpeed,15.527777777777777,350215.0096450617,2905.0,,6298.0,2040.0,4194.0,1854.0,55.9,55.9,0.0,0.0,0.0,0.0,0.0,0.0,DIRECT ENGAGEMENT,NO DIRECT ENGAGEMENT,NO DIRECT ENGAGEMENT,VTB
2272,10028,2725,1,frontal_barrier,subject_vehicle,A_ProfileValid,CADILLAC,CTS-V ,2017,FOUR DOOR SEDAN,12FDEW2,1,0.0,1528.0,0.0,476.0,165.0,349.0,427.0,414.0,341.0,197.0,427.0,342.4,353.50360677085035,523187.19999999995,1.3901869158878506,-0.0010221962616821653,0.004259545468690069,0.8479467258601554,0.06929771301356,0.09633677393240235,0.05876076885944489,0.0,"{""a_pillar_base_asym_delta"": 3.0, ""delta_1"": 476.0, ""delta_10"": 12.0, ""delta_11"": 5.0, ""delta_12"": 25.0, ""delta_13"": 28.0, ""delta_14"": 0.0, ""delta_15"": -8.0, ""delta_16"": -128.0, ""delta_17"": -4.0, ""delta_18"": -41.0, ""delta_19"": 197.0, ""delta_2"": 116.0, ""delta_20"": 165.0, ""delta_21"": 0.0, ""delta_3"": null, ""delta_4"": -1.0, ""delta_5"": -12.0, ""delta_6"": 15.0, ""delta_7"": 6.0, ""delta_8"": -8.0, ""delta_9"": -18.0, ""door_leading_lower_asym_delta"": -9.0, ""door_leading_upper_asym_delta"": -11.0, ""door_trailing_lower_asym_delta"": -7.0, ""door_trailing_upper_asym_delta"": -10.0, ""firewall_side_asym_delta"": -8.0, ""front_bumper_left_delta"": 165.0, ""front_bumper_right_delta"": 197.0, ""front_engine_block_delta"": 0.0, ""front_engine_front_delta"": 116.0, ""front_firewall_center_delta"": null, ""front_firewall_left_delta"": -8.0, ""front_firewall_right_delta"": 0.0, ""front_left_right_asym_delta"": -32.0, ""front_left_right_bumper_asymmetry"": -32.0, ""front_structural_delta"": 116.0, ""front_structural_delta_median"": 116.0, ""front_total_length_shortening"": 476.0, ""rear_total_length_shortening"": null, ""total_length_shortening"": 476.0}",476.0,116.0,-32.0,,56.25,closingSpeed,15.625,257812.5,2112.0,1913.0,4941.0,1802.0,2910.0,1455.0,56.25,56.25,0.0,0.0,0.0,0.0,0.0,0.0,DIRECT ENGAGEMENT,NOT APPLICABLE,NOT APPLICABLE,VTB
3723,14506,4465,1,frontal_barrier,subject_vehicle,A_ProfileValid,HYUNDAI,KONA ,2024,UTILITY VEHICLE,12FDEW2,1,0.0,1575.0,-29.0,253.0,197.0,244.0,253.0,247.0,236.0,177.0,253.0,233.4,234.65677062467216,367605.0,1.0839760068551842,-0.019280205655526992,-0.011989911346024559,0.8745141588006663,0.053679852805887766,0.05818767249310028,0.046943791321084526,-0.03220433092726263,"{""a_pillar_base_asym_delta"": -3.0, ""delta_1"": 345.0, ""delta_10"": 0.0, ""delta_11"": 0.0, ""delta_12"": 1.0, ""delta_13"": -2.0, ""delta_14"": 0.0, ""delta_15"": 38.0, ""delta_16"": -59.0, ""delta_17"": 6.0, ""delta_18"": -11.0, ""delta_19"": 270.0, ""delta_2"": 185.0, ""delta_20"": 286.0, ""delta_21"": 0.0, ""delta_3"": 14.0, ""delta_4"": 1.0, ""delta_5"": 0.0, ""delta_6"": -2.0, ""delta_7"": -1.0, ""delta_8"": 1.0, ""delta_9"": 0.0, ""door_leading_lower_asym_delta"": 1.0, ""door_leading_upper_asym_delta"": -1.0, ""door_trailing_lower_asym_delta"": 0.0, ""door_trailing_upper_asym_delta"": -1.0, ""firewall_side_asym_delta"": 38.0, ""front_bumper_left_delta"": 286.0, ""front_bumper_right_delta"": 270.0, ""front_engine_block_delta"": 0.0, ""front_engine_front_delta"": 185.0, ""front_firewall_center_delta"": 14.0, ""front_firewall_left_delta"": 38.0, ""front_firewall_right_delta"": 0.0, ""front_left_right_asym_delta"": 16.0, ""front_left_right_bumper_asymmetry"": 16.0, ""front_structural_delta"": 111.5, ""front_structural_delta_median"": 111.5, ""front_total_length_shortening"": 345.0, ""rear_total_length_shortening"": null, ""total_length_shortening"": 345.0}",345.0,111.5,16.0,,56.24,closingSpeed,15.622222222222222,199025.8960493827,1631.0,1446.0,4348.0,1801.0,2662.0,1116.0,56.24,56.24,0.0,0.0,0.0,0.0,0.0,0.0,DIRECT ENGAGEMENT,NOT APPLICABLE,NOT APPLICABLE,VTB
2539,10165,3023,1,frontal_barrier,subject_vehicle,A_ProfileValid,HYUNDAI,SANTA FE,2018,UTILITY VEHICLE,12FDEW2,1,0.0,1260.0,0.0,469.0,468.0,447.0,456.0,464.0,456.0,392.0,468.0,450.6,451.07006107699056,567756.0,1.0408344429649357,-0.010208610741233911,-0.009202167810223311,0.6687898089171974,0.09186544342507645,0.09561671763506625,0.06143867235435049,0.0,"{""a_pillar_base_asym_delta"": 23.0, ""delta_1"": 469.0, ""delta_10"": -2.0, ""delta_11"": 0.0, ""delta_12"": -20.0, ""delta_13"": 3.0, ""delta_14"": 68.0, ""delta_15"": 50.0, ""delta_16"": -49.0, ""delta_17"": -2.0, ""delta_18"": -33.0, ""delta_19"": 392.0, ""delta_2"": 301.0, ""delta_20"": 468.0, ""delta_21"": 0.0, ""delta_3"": null, ""delta_4"": -6.0, ""delta_5"": -7.0, ""delta_6"": -7.0, ""delta_7"": -5.0, ""delta_8"": -1.0, ""delta_9"": 0.0, ""door_leading_lower_asym_delta"": 2.0, ""door_leading_upper_asym_delta"": -1.0, ""door_trailing_lower_asym_delta"": 2.0, ""door_trailing_upper_asym_delta"": 1.0, ""firewall_side_asym_delta"": -18.0, ""front_bumper_left_delta"": 468.0, ""front_bumper_right_delta"": 392.0, ""front_engine_block_delta"": 0.0, ""front_engine_front_delta"": 301.0, ""front_firewall_center_delta"": null, ""front_firewall_left_delta"": 50.0, ""front_firewall_right_delta"": 68.0, ""front_left_right_asym_delta"": 76.0, ""front_left_right_bumper_asymmetry"": 76.0, ""front_structural_delta"": 301.0, ""front_structural_delta_median"": 301.0, ""front_total_length_shortening"": 469.0, ""rear_total_length_shortening"": null, ""total_length_shortening"": 469.0}",469.0,301.0,76.0,,55.68,closingSpeed,15.466666666666667,256202.24,2142.0,1897.0,4905.0,1884.0,2806.0,1347.0,55.68,55.68,0.0,0.0,0.0,0.0,0.0,0.0,DIRECT ENGAGEMENT,NOT APPLICABLE,NOT APPLICABLE,VTB
2501,10149,2977,1,frontal_barrier,subject_vehicle,A_ProfileValid,CHEVROLET,EQUINOX,2018,UTILITY VEHICLE,12FDEW2,1,0.0,1524.0,0.0,473.0,326.0,422.0,463.0,460.0,409.0,307.0,463.0,414.1,417.5156284500019,631088.4,1.1422361748369958,-0.01195363438782901,-0.007239213334359433,0.8373626373626374,0.08953513513513514,0.10227027027027027,0.0749733768933769,0.0,"{""a_pillar_base_asym_delta"": -67.0, ""delta_1"": 473.0, ""delta_10"": 79.0, ""delta_11"": -4.0, ""delta_12"": 108.0, ""delta_13"": 41.0, ""delta_14"": 22.0, ""delta_15"": 29.0, ""delta_16"": 20.0, ""delta_17"": -2.0, ""delta_18"": -44.0, ""delta_19"": 307.0, ""delta_2"": 261.0, ""delta_20"": 326.0, ""delta_21"": 0.0, ""delta_3"": null, ""delta_4"": 32.0, ""delta_5"": 28.0, ""delta_6"": 8.0, ""delta_7"": -5.0, ""delta_8"": 32.0, ""delta_9"": 29.0, ""door_leading_lower_asym_delta"": -13.0, ""door_leading_upper_asym_delta"": -4.0, ""door_trailing_lower_asym_delta"": -83.0, ""door_trailing_upper_asym_delta"": -3.0, ""firewall_side_asym_delta"": 7.0, ""front_bumper_left_delta"": 326.0, ""front_bumper_right_delta"": 307.0, ""front_engine_block_delta"": 0.0, ""front_engine_front_delta"": 261.0, ""front_firewall_center_delta"": null, ""front_firewall_left_delta"": 29.0, ""front_firewall_right_delta"": 22.0, ""front_left_right_asym_delta"": 19.0, ""front_left_right_bumper_asymmetry"": 19.0, ""front_structural_delta"": 261.0, ""front_structural_delta_median"": 261.0, ""front_total_length_shortening"": 473.0, ""rear_total_length_shortening"": null, ""total_length_shortening"": 473.0}",473.0,261.0,19.0,,56.81,closingSpeed,15.780555555555555,229975.4497183642,1847.0,1580.0,4625.0,1820.0,2730.0,1318.0,56.81,56.81,0.0,0.0,0.0,0.0,0.0,0.0,DIRECT ENGAGEMENT,NOT APPLICABLE,NOT APPLICABLE,VTB
590,7947,707,1,frontal_barrier,subject_vehicle,A_ProfileValid,CODA,CODA,2012,FOUR DOOR SEDAN,12FDEWX,1,0.0,1437.0,0.0,605.0,456.0,573.0,566.0,567.0,557.0,463.0,573.0,544.5,546.1822955753876,782446.5,1.1111111111111112,-0.004315886134067893,-0.0018211460699499324,0.8403508771929824,0.12181208053691275,0.13534675615212527,0.10236488873189685,0.0,"{""a_pillar_base_asym_delta"": 16.0, ""delta_1"": 605.0, ""delta_10"": 7.0, ""delta_11"": 5.0, ""delta_12"": -15.0, ""delta_13"": 1.0, ""delta_14"": 243.0, ""delta_15"": 159.0, ""delta_16"": -85.0, ""delta_17"": 10.0, ""delta_18"": 30.0, ""delta_19"": 271.0, ""delta_2"": 270.0, ""delta_20"": 268.0, ""delta_21"": 0.0, ""delta_3"": null, ""delta_4"": -5.0, ""delta_5"": -9.0, ""delta_6"": 10.0, ""delta_7"": 0.0, ""delta_8"": -9.0, ""delta_9"": -14.0, ""door_leading_lower_asym_delta"": -10.0, ""door_leading_upper_asym_delta"": -4.0, ""door_trailing_lower_asym_delta"": -2.0, ""door_trailing_upper_asym_delta"": -5.0, ""firewall_side_asym_delta"": -84.0, ""front_bumper_left_delta"": 268.0, ""front_bumper_right_delta"": 271.0, ""front_engine_block_delta"": 0.0, ""front_engine_front_delta"": 270.0, ""front_firewall_center_delta"": null, ""front_firewall_left_delta"": 159.0, ""front_firewall_right_delta"": 243.0, ""front_left_right_asym_delta"": -3.0, ""front_left_right_bumper_asymmetry"": -3.0, ""front_structural_delta"": 268.0, ""front_structural_delta_median"": 268.0, ""front_total_length_shortening"": 605.0, ""rear_total_length_shortening"": null, ""total_length_shortening"": 605.0}",605.0,268.0,-3.0,,56.8,closingSpeed,15.777777777777777,228649.8024691358,1837.0,1669.0,4470.0,1710.0,2610.0,1269.0,56.8,56.8,0.0,0.0,0.0,0.0,0.0,0.0,DIRECT ENGAGEMENT,NOT APPLICABLE,NOT APPLICABLE,VTB
2364,10075,2829,1,frontal_barrier,subject_vehicle,A_ProfileValid,MAZDA,CX-5,2017,UTILITY VEHICLE,12FDEWX,1,0.0,1514.0,0.0,465.0,177.0,360.0,410.0,414.0,403.0,247.0,414.0,359.79999999999995,368.15051269827126,544737.2,1.292384658143413,0.04502501389660926,0.02817458974792761,0.8228260869565217,0.07942604856512141,0.10264900662251655,0.0653538247432575,0.0,"{""a_pillar_base_asym_delta"": -27.0, ""delta_1"": 465.0, ""delta_10"": 0.0, ""delta_11"": -5.0, ""delta_12"": -9.0, ""delta_13"": -36.0, ""delta_14"": -10.0, ""delta_15"": 0.0, ""delta_16"": -33.0, ""delta_17"": -5.0, ""delta_18"": -15.0, ""delta_19"": 75.0, ""delta_2"": 295.0, ""delta_20"": 78.0, ""delta_21"": 0.0, ""delta_3"": null, ""delta_4"": -10.0, ""delta_5"": -10.0, ""delta_6"": 2.0, ""delta_7"": -1.0, ""delta_8"": -10.0, ""delta_9"": -14.0, ""door_leading_lower_asym_delta"": -3.0, ""door_leading_upper_asym_delta"": 0.0, ""door_trailing_lower_asym_delta"": -5.0, ""door_trailing_upper_asym_delta"": -4.0, ""firewall_side_asym_delta"": 10.0, ""front_bumper_left_delta"": 78.0, ""front_bumper_right_delta"": 75.0, ""front_engine_block_delta"": 0.0, ""front_engine_front_delta"": 295.0, ""front_firewall_center_delta"": null, ""front_firewall_left_delta"": 0.0, ""front_firewall_right_delta"": -10.0, ""front_left_right_asym_delta"": 3.0, ""front_left_right_bumper_asymmetry"": 3.0, ""front_structural_delta"": 75.0, ""front_structural_delta_median"": 75.0, ""front_total_length_shortening"": 465.0, ""rear_total_length_shortening"": null, ""total_length_shortening"": 465.0}",465.0,75.0,3.0,,56.09,closingSpeed,15.580555555555556,219692.10883487653,1810.0,1632.0,4530.0,1840.0,2705.0,1228.0,56.09,56.09,0.0,0.0,0.0,0.0,0.0,0.0,DIRECT ENGAGEMENT,NOT APPLICABLE,NOT APPLICABLE,VTB
1476,8899,1767,1,frontal_barrier,subject_vehicle,A_ProfileValid,HYUNDAI,SANTA FE SPORT ,2014,OTHER,12FDEW2,1,0.0,1560.0,0.0,200.0,40.0,128.0,137.0,134.0,114.0,47.0,137.0,111.3,116.62718379520274,173628.0,1.7969451931716083,-0.022911051212938006,-0.008324940473764794,0.8423326133909287,0.023925193465176266,0.04299226139294927,0.020152970737405497,0.0,"{""a_pillar_base_asym_delta"": 0.0, ""delta_1"": 200.0, ""delta_10"": 0.0, ""delta_11"": 0.0, ""delta_12"": 0.0, ""delta_13"": 0.0, ""delta_14"": 0.0, ""delta_15"": 0.0, ""delta_16"": 0.0, ""delta_17"": 0.0, ""delta_18"": 0.0, ""delta_19"": 47.0, ""delta_2"": 0.0, ""delta_20"": 40.0, ""delta_21"": 0.0, ""delta_3"": null, ""delta_4"": 0.0, ""delta_5"": 0.0, ""delta_6"": 0.0, ""delta_7"": 0.0, ""delta_8"": 0.0, ""delta_9"": 0.0, ""door_leading_lower_asym_delta"": 0.0, ""door_leading_upper_asym_delta"": 0.0, ""door_trailing_lower_asym_delta"": 0.0, ""door_trailing_upper_asym_delta"": 0.0, ""firewall_side_asym_delta"": 0.0, ""front_bumper_left_delta"": 40.0, ""front_bumper_right_delta"": 47.0, ""front_engine_block_delta"": 0.0, ""front_engine_front_delta"": 0.0, ""front_firewall_center_delta"": null, ""front_firewall_left_delta"": 0.0, ""front_firewall_right_delta"": 0.0, ""front_left_right_asym_delta"": -7.0, ""front_left_right_bumper_asymmetry"": -7.0, ""front_structural_delta"": 0.0, ""front_structural_delta_median"": 0.0, ""front_total_length_shortening"": 200.0, ""rear_total_length_shortening"": null, ""total_length_shortening"": 200.0}",200.0,0.0,-7.0,,39.8,closingSpeed,11.055555555555555,109147.20061728395,1786.0,,4652.0,1852.0,2695.0,1216.0,39.8,39.8,0.0,0.0,0.0,0.0,0.0,0.0,DIRECT ENGAGEMENT,NO DIRECT ENGAGEMENT,NO DIRECT ENGAGEMENT,VTB
460,7755,557,1,frontal_barrier,subject_vehicle,A_ProfileValid,TOYOTA,4RUNNER,2012,UTILITY VEHICLE,12FDEW6,1,0.0,1718.0,0.0,434.0,202.0,375.0,434.0,427.0,355.0,175.0,434.0,355.90000000000003,366.89221850565326,611436.2000000001,1.2194436639505477,-0.021775779713402645,-0.013421358524046113,0.8878552971576228,0.07353305785123967,0.0896694214876033,0.06528671492942106,0.0,"{""a_pillar_base_asym_delta"": 5.0, ""delta_1"": 350.0, ""delta_10"": -48.0, ""delta_11"": -40.0, ""delta_12"": -90.0, ""delta_13"": -85.0, ""delta_14"": -40.0, ""delta_15"": -40.0, ""delta_16"": -121.0, ""delta_17"": -15.0, ""delta_18"": -20.0, ""delta_19"": 102.0, ""delta_2"": -281.0, ""delta_20"": 115.0, ""delta_21"": 0.0, ""delta_3"": null, ""delta_4"": -83.0, ""delta_5"": -81.0, ""delta_6"": -45.0, ""delta_7"": -41.0, ""delta_8"": -88.0, ""delta_9"": -84.0, ""door_leading_lower_asym_delta"": 4.0, ""door_leading_upper_asym_delta"": 2.0, ""door_trailing_lower_asym_delta"": 8.0, ""door_trailing_upper_asym_delta"": 4.0, ""firewall_side_asym_delta"": 0.0, ""front_bumper_left_delta"": 115.0, ""front_bumper_right_delta"": 102.0, ""front_engine_block_delta"": 0.0, ""front_engine_front_delta"": -281.0, ""front_firewall_center_delta"": null, ""front_firewall_left_delta"": -40.0, ""front_firewall_right_delta"": -40.0, ""front_left_right_asym_delta"": 13.0, ""front_left_right_bumper_asymmetry"": 13.0, ""front_structural_delta"": -40.0, ""front_structural_delta_median"": -40.0, ""front_total_length_shortening"": 350.0, ""rear_total_length_shortening"": null, ""total_length_shortening"": 350.0}",350.0,-40.0,13.0,,56.28,closingSpeed,15.633333333333333,285460.4977777778,2336.0,2163.0,4840.0,1935.0,2795.0,1404.0,56.28,56.28,0.0,0.0,0.0,0.0,0.0,0.0,DIRECT ENGAGEMENT,NOT APPLICABLE,NOT APPLICABLE,VTB
3816,15319,4591,1,frontal_barrier,subject_vehicle,A_ProfileValid,KIA,K4,2025,FOUR DOOR SEDAN,12FDEW2,1,0.0,1503.0,-13.0,417.0,306.0,383.0,398.0,409.0,417.0,354.0,417.0,387.4,388.7773141529737,582262.2,1.0764068146618482,0.034202374806401654,0.0199552458741756,0.8294701986754967,0.082233071534706,0.0885162385905328,0.06820988218358892,-0.01434878587196468,"{""a_pillar_base_asym_delta"": 6.0, ""delta_1"": 409.0, ""delta_10"": -5.0, ""delta_11"": -3.0, ""delta_12"": 0.0, ""delta_13"": 6.0, ""delta_14"": 1.0, ""delta_15"": 11.0, ""delta_16"": -57.0, ""delta_17"": 3.0, ""delta_18"": -16.0, ""delta_19"": 424.0, ""delta_2"": 162.0, ""delta_20"": 375.0, ""delta_21"": 0.0, ""delta_3"": 6.0, ""delta_4"": 0.0, ""delta_5"": 1.0, ""delta_6"": -3.0, ""delta_7"": -3.0, ""delta_8"": 0.0, ""delta_9"": -1.0, ""door_leading_lower_asym_delta"": 0.0, ""door_leading_upper_asym_delta"": 1.0, ""door_trailing_lower_asym_delta"": 2.0, ""door_trailing_upper_asym_delta"": -1.0, ""firewall_side_asym_delta"": 10.0, ""front_bumper_left_delta"": 375.0, ""front_bumper_right_delta"": 424.0, ""front_engine_block_delta"": 0.0, ""front_engine_front_delta"": 162.0, ""front_firewall_center_delta"": 6.0, ""front_firewall_left_delta"": 11.0, ""front_firewall_right_delta"": 1.0, ""front_left_right_asym_delta"": -49.0, ""front_left_right_bumper_asymmetry"": -49.0, ""front_structural_delta"": 86.5, ""front_structural_delta_median"": 86.5, ""front_total_length_shortening"": 409.0, ""rear_total_length_shortening"": null, ""total_length_shortening"": 409.0}",409.0,86.5,-49.0,,56.36,closingSpeed,15.655555555555555,189459.5324691358,1546.0,1366.0,4711.0,1812.0,2721.0,1148.0,56.36,56.36,0.0,0.0,0.0,0.0,0.0,0.0,DIRECT ENGAGEMENT,NOT APPLICABLE,NOT APPLICABLE,VTB
743,8071,893,1,frontal_barrier,subject_vehicle,A_ProfileValid,FORD,CMAX HYBRID,2013,FIVE DOOR HATCHBACK,12FDEW6,1,0.0,1500.0,0.0,461.0,266.0,418.0,442.0,416.0,389.0,248.0,442.0,384.4,390.024358213689,576600.0,1.1992715920915713,-0.02991675338189386,-0.013917500346469417,0.8465011286681715,0.0870076957899502,0.10434585785423268,0.07365211268900977,0.0,"{""a_pillar_base_asym_delta"": 8.0, ""delta_1"": 461.0, ""delta_10"": -2.0, ""delta_11"": 5.0, ""delta_12"": 25.0, ""delta_13"": 33.0, ""delta_14"": -7.0, ""delta_15"": -10.0, ""delta_16"": -59.0, ""delta_17"": 31.0, ""delta_18"": -11.0, ""delta_19"": 248.0, ""delta_2"": 332.0, ""delta_20"": 266.0, ""delta_21"": 0.0, ""delta_3"": null, ""delta_4"": -4.0, ""delta_5"": 5.0, ""delta_6"": -6.0, ""delta_7"": 0.0, ""delta_8"": -3.0, ""delta_9"": 3.0, ""door_leading_lower_asym_delta"": 6.0, ""door_leading_upper_asym_delta"": 9.0, ""door_trailing_lower_asym_delta"": 7.0, ""door_trailing_upper_asym_delta"": 6.0, ""firewall_side_asym_delta"": -3.0, ""front_bumper_left_delta"": 266.0, ""front_bumper_right_delta"": 248.0, ""front_engine_block_delta"": 0.0, ""front_engine_front_delta"": 332.0, ""front_firewall_center_delta"": null, ""front_firewall_left_delta"": -10.0, ""front_firewall_right_delta"": -7.0, ""front_left_right_asym_delta"": 18.0, ""front_left_right_bumper_asymmetry"": 18.0, ""front_structural_delta"": 248.0, ""front_structural_delta_median"": 248.0, ""front_total_length_shortening"": 461.0, ""rear_total_length_shortening"": null, ""total_length_shortening"": 461.0}",461.0,248.0,18.0,,56.36,closingSpeed,15.655555555555555,223037.74197530863,1820.0,1653.0,4418.0,1772.0,2650.0,1192.0,56.36,56.36,0.0,0.0,0.0,0.0,0.0,0.0,DIRECT ENGAGEMENT,NOT APPLICABLE,NOT APPLICABLE,VTB
3164,11268,3767,1,frontal_barrier,subject_vehicle,A_ProfileValid,KIA,K5,2021,FOUR DOOR SEDAN,12FDEW3,1,0.0,1400.0,,480.0,301.0,397.0,480.0,456.0,416.0,305.0,480.0,410.4,414.92505347351585,574560.0,1.169590643274854,0.0014619883040935672,0.003096277780349437,0.7387862796833773,0.0836697247706422,0.09785932721712538,0.061814044685434874,,"{""a_pillar_base_asym_delta"": -3.0, ""delta_1"": 464.0, ""delta_10"": 3.0, ""delta_11"": 11.0, ""delta_12"": 11.0, ""delta_13"": 8.0, ""delta_14"": 17.0, ""delta_15"": 25.0, ""delta_16"": -13.0, ""delta_17"": 5.0, ""delta_18"": -25.0, ""delta_19"": 305.0, ""delta_2"": 220.0, ""delta_20"": 301.0, ""delta_21"": 0.0, ""delta_3"": 15.0, ""delta_4"": 16.0, ""delta_5"": 17.0, ""delta_6"": 23.0, ""delta_7"": 19.0, ""delta_8"": 17.0, ""delta_9"": 21.0, ""door_leading_lower_asym_delta"": -4.0, ""door_leading_upper_asym_delta"": 1.0, ""door_trailing_lower_asym_delta"": 8.0, ""door_trailing_upper_asym_delta"": 4.0, ""firewall_side_asym_delta"": 8.0, ""front_bumper_left_delta"": 301.0, ""front_bumper_right_delta"": 305.0, ""front_engine_block_delta"": 0.0, ""front_engine_front_delta"": 220.0, ""front_firewall_center_delta"": 15.0, ""front_firewall_left_delta"": 25.0, ""front_firewall_right_delta"": 17.0, ""front_left_right_asym_delta"": -4.0, ""front_left_right_bumper_asymmetry"": -4.0, ""front_structural_delta"": 122.5, ""front_structural_delta_median"": 122.5, ""front_total_length_shortening"": 464.0, ""rear_total_length_shortening"": null, ""total_length_shortening"": 464.0}",464.0,122.5,-4.0,,56.37,closingSpeed,15.658333333333331,200682.61517361106,1637.0,1433.0,4905.0,1895.0,2852.0,1244.0,56.37,56.37,0.0,0.0,,0.0,,,DIRECT ENGAGEMENT,NOT APPLICABLE,NOT APPLICABLE,VTB
354,7609,429,1,frontal_barrier,subject_vehicle,A_ProfileValid,NISSAN,VERSA,2012,FOUR DOOR SEDAN,12FDEW6,1,0.0,1422.0,0.0,355.0,262.0,289.0,328.0,348.0,354.0,252.0,354.0,315.2,317.3638290668929,448214.39999999997,1.126269035532995,0.047588832487309704,0.020168707076739296,0.8364705882352941,0.0708314606741573,0.07977528089887641,0.05924843357567746,0.0,"{""a_pillar_base_asym_delta"": -5.0, ""delta_1"": 355.0, ""delta_10"": -2.0, ""delta_11"": -4.0, ""delta_12"": -22.0, ""delta_13"": -27.0, ""delta_14"": 1308.0, ""delta_15"": 20.0, ""delta_16"": -96.0, ""delta_17"": -25.0, ""delta_18"": 32.0, ""delta_19"": 227.0, ""delta_2"": -140.0, ""delta_20"": 247.0, ""delta_21"": 0.0, ""delta_3"": null, ""delta_4"": 185.0, ""delta_5"": -16.0, ""delta_6"": 1.0, ""delta_7"": -3.0, ""delta_8"": -30.0, ""delta_9"": -29.0, ""door_leading_lower_asym_delta"": -4.0, ""door_leading_upper_asym_delta"": -201.0, ""door_trailing_lower_asym_delta"": -2.0, ""door_trailing_upper_asym_delta"": 1.0, ""firewall_side_asym_delta"": -1288.0, ""front_bumper_left_delta"": 247.0, ""front_bumper_right_delta"": 227.0, ""front_engine_block_delta"": 0.0, ""front_engine_front_delta"": -140.0, ""front_firewall_center_delta"": null, ""front_firewall_left_delta"": 20.0, ""front_firewall_right_delta"": 1308.0, ""front_left_right_asym_delta"": 20.0, ""front_left_right_bumper_asymmetry"": 20.0, ""front_structural_delta"": 227.0, ""front_structural_delta_median"": 227.0, ""front_total_length_shortening"": 355.0, ""rear_total_length_shortening"": null, ""total_length_shortening"": 355.0}",355.0,227.0,20.0,,56.34,closingSpeed,15.65,157607.62875,1287.0,1106.0,4450.0,1700.0,2600.0,1178.0,56.34,56.34,0.0,0.0,0.0,0.0,0.0,0.0,DIRECT ENGAGEMENT,NOT APPLICABLE,NOT APPLICABLE,VTB
3657,14474,4386,1,frontal_barrier,subject_vehicle,A_ProfileValid,MAZDA,CX-90 PHEV,2024,UTILITY VEHICLE,12FDEW3,1,0.0,1592.0,,579.0,441.0,557.0,549.0,579.0,570.0,452.0,579.0,540.3,542.435894829979,860157.6,1.0716268739589119,0.01517675365537667,0.00580282307259383,0.8122448979591836,0.10587889476778364,0.11346266901822458,0.08599959207668958,,"{""a_pillar_base_asym_delta"": -38.0, ""delta_1"": 413.0, ""delta_10"": 41.0, ""delta_11"": 5.0, ""delta_12"": -16.0, ""delta_13"": -54.0, ""delta_14"": 21.0, ""delta_15"": 6.0, ""delta_16"": -87.0, ""delta_17"": 26.0, ""delta_18"": 33.0, ""delta_19"": 452.0, ""delta_2"": 109.0, ""delta_20"": 441.0, ""delta_21"": 0.0, ""delta_3"": 35.0, ""delta_4"": 18.0, ""delta_5"": -9.0, ""delta_6"": 69.0, ""delta_7"": 30.0, ""delta_8"": 24.0, ""delta_9"": 4.0, ""door_leading_lower_asym_delta"": -39.0, ""door_leading_upper_asym_delta"": -27.0, ""door_trailing_lower_asym_delta"": -36.0, ""door_trailing_upper_asym_delta"": -20.0, ""firewall_side_asym_delta"": -15.0, ""front_bumper_left_delta"": 441.0, ""front_bumper_right_delta"": 452.0, ""front_engine_block_delta"": 0.0, ""front_engine_front_delta"": 109.0, ""front_firewall_center_delta"": 35.0, ""front_firewall_left_delta"": 6.0, ""front_firewall_right_delta"": 21.0, ""front_left_right_asym_delta"": -11.0, ""front_left_right_bumper_asymmetry"": -11.0, ""front_structural_delta"": 72.0, ""front_structural_delta_median"": 72.0, ""front_total_length_shortening"": 413.0, ""rear_total_length_shortening"": null, ""total_length_shortening"": 413.0}",413.0,72.0,-11.0,,56.44,closingSpeed,15.677777777777777,317687.0854938271,2585.0,2389.0,5103.0,1960.0,3116.0,1629.0,56.44,56.44,0.0,0.0,0.0,0.0,,,DIRECT ENGAGEMENT,NOT APPLICABLE,NOT APPLICABLE,VTB
2880,10763,3422,1,frontal_barrier,subject_vehicle,A_ProfileValid,KIA,NIRO,2019,UTILITY VEHICLE,12FDEW2,1,0.0,1300.0,0.0,548.0,390.0,505.0,543.0,548.0,520.0,430.0,548.0,505.2,507.75545294954736,656760.0,1.0847189231987333,0.015340459224069675,0.008577461071522829,0.7222222222222222,0.11627157652474109,0.12612197928653626,0.08397391637897968,0.0,"{""a_pillar_base_asym_delta"": -18.0, ""delta_1"": 415.0, ""delta_10"": 16.0, ""delta_11"": 15.0, ""delta_12"": 3.0, ""delta_13"": -15.0, ""delta_14"": 5.0, ""delta_15"": 4.0, ""delta_16"": -45.0, ""delta_17"": 30.0, ""delta_18"": -10.0, ""delta_19"": 13.0, ""delta_2"": 285.0, ""delta_20"": 90.0, ""delta_21"": 0.0, ""delta_3"": null, ""delta_4"": 7.0, ""delta_5"": -39.0, ""delta_6"": 12.0, ""delta_7"": 13.0, ""delta_8"": -1.0, ""delta_9"": -23.0, ""door_leading_lower_asym_delta"": 1.0, ""door_leading_upper_asym_delta"": -46.0, ""door_trailing_lower_asym_delta"": -1.0, ""door_trailing_upper_asym_delta"": -22.0, ""firewall_side_asym_delta"": -1.0, ""front_bumper_left_delta"": 90.0, ""front_bumper_right_delta"": 13.0, ""front_engine_block_delta"": 0.0, ""front_engine_front_delta"": 285.0, ""front_firewall_center_delta"": null, ""front_firewall_left_delta"": 4.0, ""front_firewall_right_delta"": 5.0, ""front_left_right_asym_delta"": 77.0, ""front_left_right_bumper_asymmetry"": 77.0, ""front_structural_delta"": 13.0, ""front_structural_delta_median"": 13.0, ""front_total_length_shortening"": 415.0, ""rear_total_length_shortening"": null, ""total_length_shortening"": 415.0}",415.0,13.0,77.0,,56.56,closingSpeed,15.711111111111112,198335.1464197531,1607.0,1428.0,4345.0,1800.0,2700.0,1148.0,56.56,56.56,0.0,0.0,0.0,0.0,0.0,0.0,DIRECT ENGAGEMENT,NOT APPLICABLE,NOT APPLICABLE,VTB
1294,8537,1558,1,frontal_barrier,subject_vehicle,A_ProfileValid,MAZDA,MAZDA6,2014,FOUR DOOR SEDAN,12FDEW2,1,0.0,1052.0,-698.0,446.0,305.0,379.0,420.0,443.0,446.0,367.0,446.0,404.79999999999995,407.2009332012882,425849.6,1.1017786561264824,0.05694169960474303,0.02161164219167031,0.5770707624794296,0.08318947801068638,0.0916563912864776,0.04800621550589253,-0.7657707076247943,"{""a_pillar_base_asym_delta"": -1.0, ""delta_1"": 450.0, ""delta_10"": 4.0, ""delta_11"": 2.0, ""delta_12"": 2.0, ""delta_13"": 1.0, ""delta_14"": 27.0, ""delta_15"": 24.0, ""delta_16"": -68.0, ""delta_17"": 4.0, ""delta_18"": -39.0, ""delta_19"": 367.0, ""delta_2"": 242.0, ""delta_20"": 321.0, ""delta_21"": 0.0, ""delta_3"": null, ""delta_4"": 3.0, ""delta_5"": -1.0, ""delta_6"": 5.0, ""delta_7"": 1.0, ""delta_8"": 2.0, ""delta_9"": 1.0, ""door_leading_lower_asym_delta"": -4.0, ""door_leading_upper_asym_delta"": -4.0, ""door_trailing_lower_asym_delta"": -2.0, ""door_trailing_upper_asym_delta"": -1.0, ""firewall_side_asym_delta"": -3.0, ""front_bumper_left_delta"": 321.0, ""front_bumper_right_delta"": 367.0, ""front_engine_block_delta"": 0.0, ""front_engine_front_delta"": 242.0, ""front_firewall_center_delta"": null, ""front_firewall_left_delta"": 24.0, ""front_firewall_right_delta"": 27.0, ""front_left_right_asym_delta"": -46.0, ""front_left_right_bumper_asymmetry"": -46.0, ""front_structural_delta"": 242.0, ""front_structural_delta_median"": 242.0, ""front_total_length_shortening"": 450.0, ""rear_total_length_shortening"": null, ""total_length_shortening"": 450.0}",450.0,242.0,-46.0,,56.5,closingSpeed,15.694444444444445,200870.36072530865,1631.0,1454.0,4866.0,1823.0,2828.0,1224.0,56.5,56.5,0.0,0.0,0.0,0.0,0.0,0.0,DIRECT ENGAGEMENT,NOT APPLICABLE,NOT APPLICABLE,VTB
3294,11571,3928,1,frontal_barrier,subject_vehicle,A_ProfileValid,BMW,3 SERIES,2021,FOUR DOOR SEDAN,12FDEW2,1,0.0,1270.0,0.0,445.0,365.0,445.0,425.0,370.0,300.0,190.0,445.0,363.5,371.5407110936835,461645.0,1.2242090784044017,-0.15061898211829436,-0.07090829192238118,0.6947483588621444,0.07717622080679405,0.09447983014861996,0.053618052748702655,0.0,"{""a_pillar_base_asym_delta"": 0.0, ""delta_1"": 410.0, ""delta_10"": -2.0, ""delta_11"": -8.0, ""delta_12"": -2.0, ""delta_13"": -2.0, ""delta_14"": -8.0, ""delta_15"": -8.0, ""delta_16"": -60.0, ""delta_17"": 1.0, ""delta_18"": 9.0, ""delta_19"": -55.0, ""delta_2"": 9.0, ""delta_20"": -95.0, ""delta_21"": 0.0, ""delta_3"": 9.0, ""delta_4"": -8.0, ""delta_5"": -3.0, ""delta_6"": 2.0, ""delta_7"": -3.0, ""delta_8"": -4.0, ""delta_9"": -6.0, ""door_leading_lower_asym_delta"": -5.0, ""door_leading_upper_asym_delta"": 5.0, ""door_trailing_lower_asym_delta"": -6.0, ""door_trailing_upper_asym_delta"": -2.0, ""firewall_side_asym_delta"": 0.0, ""front_bumper_left_delta"": -95.0, ""front_bumper_right_delta"": -55.0, ""front_engine_block_delta"": 0.0, ""front_engine_front_delta"": 9.0, ""front_firewall_center_delta"": 9.0, ""front_firewall_left_delta"": -8.0, ""front_firewall_right_delta"": -8.0, ""front_left_right_asym_delta"": -40.0, ""front_left_right_bumper_asymmetry"": -40.0, ""front_structural_delta"": -8.0, ""front_structural_delta_median"": -8.0, ""front_total_length_shortening"": 410.0, ""rear_total_length_shortening"": null, ""total_length_shortening"": 410.0}",410.0,-8.0,-40.0,,56.35,closingSpeed,15.652777777777779,226756.24797453705,1851.0,1658.0,4710.0,1828.0,2850.0,1441.0,56.35,56.35,0.0,0.0,,0.0,,,DIRECT ENGAGEMENT,NOT APPLICABLE,NOT APPLICABLE,VTB
1662,9157,1995,1,frontal_barrier,subject_vehicle,A_ProfileValid,KIA,SORENTO,2016,UTILITY VEHICLE,12FDEW2,1,0.0,1200.0,0.0,436.0,392.0,434.0,436.0,431.0,414.0,369.0,436.0,419.1,419.64782854198114,502920.0,1.040324504891434,-0.016821760916249106,-0.0075349432995516705,0.644468313641246,0.0880092398152037,0.09155816883662327,0.05671916636855233,0.0,"{""a_pillar_base_asym_delta"": 0.0, ""delta_1"": 397.0, ""delta_10"": 1.0, ""delta_11"": -1002.0, ""delta_12"": 0.0, ""delta_13"": 0.0, ""delta_14"": 26.0, ""delta_15"": 26.0, ""delta_16"": -60.0, ""delta_17"": -17.0, ""delta_18"": -34.0, ""delta_19"": 369.0, ""delta_2"": 216.0, ""delta_20"": 392.0, ""delta_21"": 0.0, ""delta_3"": null, ""delta_4"": -4.0, ""delta_5"": -4.0, ""delta_6"": 5.0, ""delta_7"": 2.0, ""delta_8"": -5.0, ""delta_9"": -4.0, ""door_leading_lower_asym_delta"": -3.0, ""door_leading_upper_asym_delta"": 0.0, ""door_trailing_lower_asym_delta"": -1003.0, ""door_trailing_upper_asym_delta"": 1.0, ""firewall_side_asym_delta"": 0.0, ""front_bumper_left_delta"": 392.0, ""front_bumper_right_delta"": 369.0, ""front_engine_block_delta"": 0.0, ""front_engine_front_delta"": 216.0, ""front_firewall_center_delta"": null, ""front_firewall_left_delta"": 26.0, ""front_firewall_right_delta"": 26.0, ""front_left_right_asym_delta"": 23.0, ""front_left_right_bumper_asymmetry"": 23.0, ""front_structural_delta"": 216.0, ""front_structural_delta_median"": 216.0, ""front_total_length_shortening"": 397.0, ""rear_total_length_shortening"": null, ""total_length_shortening"": 397.0}",397.0,216.0,23.0,,56.44,closingSpeed,15.677777777777777,241737.13623456788,1967.0,1752.0,4762.0,1862.0,2780.0,1313.0,56.44,56.44,0.0,0.0,0.0,0.0,0.0,0.0,DIRECT ENGAGEMENT,NOT APPLICABLE,NOT APPLICABLE,VTB
239,7475,285,1,frontal_barrier,subject_vehicle,A_ProfileValid,FORD,MUSTANG,2012,TWO DOOR COUPE,12FDEW6,1,0.0,1383.0,0.0,513.0,315.0,465.0,496.0,509.0,507.0,410.0,509.0,467.90000000000003,471.60014843085025,647105.7000000001,1.0963881171190424,0.0424235947852105,0.024009569715543733,0.7459546925566343,0.09809224318658281,0.10754716981132076,0.073172369108438,0.0,"{""a_pillar_base_asym_delta"": -895.0, ""delta_1"": 513.0, ""delta_10"": -71.0, ""delta_11"": -72.0, ""delta_12"": 595.0, ""delta_13"": -300.0, ""delta_14"": 75.0, ""delta_15"": -328.0, ""delta_16"": -2.0, ""delta_17"": -10.0, ""delta_18"": 33.0, ""delta_19"": 173.0, ""delta_2"": 148.0, ""delta_20"": 105.0, ""delta_21"": 0.0, ""delta_3"": null, ""delta_4"": -11.0, ""delta_5"": -9.0, ""delta_6"": 45.0, ""delta_7"": 53.0, ""delta_8"": -19.0, ""delta_9"": -8.0, ""door_leading_lower_asym_delta"": 8.0, ""door_leading_upper_asym_delta"": 2.0, ""door_trailing_lower_asym_delta"": -1.0, ""door_trailing_upper_asym_delta"": 11.0, ""firewall_side_asym_delta"": -403.0, ""front_bumper_left_delta"": 105.0, ""front_bumper_right_delta"": 173.0, ""front_engine_block_delta"": 0.0, ""front_engine_front_delta"": 148.0, ""front_firewall_center_delta"": null, ""front_firewall_left_delta"": -328.0, ""front_firewall_right_delta"": 75.0, ""front_left_right_asym_delta"": -68.0, ""front_left_right_bumper_asymmetry"": -68.0, ""front_structural_delta"": 105.0, ""front_structural_delta_median"": 105.0, ""front_total_length_shortening"": 513.0, ""rear_total_length_shortening"": null, ""total_length_shortening"": 513.0}",513.0,105.0,-68.0,,56.4,closingSpeed,15.666666666666666,217954.66666666666,1776.0,1596.0,4770.0,1854.0,2723.0,1359.0,56.4,56.4,0.0,0.0,0.0,0.0,0.0,0.0,DIRECT ENGAGEMENT,NOT APPLICABLE,NOT APPLICABLE,VTB
1433,8761,1709,1,frontal_barrier,subject_vehicle,A_ProfileValid,FIAT,OTHER,2014,OTHER,12FDEW1,1,0.0,1352.0,0.0,131.0,79.0,96.0,121.0,136.0,129.0,105.0,136.0,114.80000000000001,116.29875321773659,155209.6,1.141114982578397,0.09973867595818811,0.048322833780937074,0.7747851002865329,0.027113840340103924,0.030940009447331128,0.02100739950706046,0.0,"{""a_pillar_base_asym_delta"": 0.0, ""delta_1"": 131.0, ""delta_10"": 0.0, ""delta_11"": 0.0, ""delta_12"": 0.0, ""delta_13"": 0.0, ""delta_14"": 0.0, ""delta_15"": 0.0, ""delta_16"": 0.0, ""delta_17"": 0.0, ""delta_18"": 0.0, ""delta_19"": 105.0, ""delta_2"": 0.0, ""delta_20"": 79.0, ""delta_21"": 0.0, ""delta_3"": null, ""delta_4"": 0.0, ""delta_5"": 0.0, ""delta_6"": 0.0, ""delta_7"": 0.0, ""delta_8"": 0.0, ""delta_9"": 0.0, ""door_leading_lower_asym_delta"": 0.0, ""door_leading_upper_asym_delta"": 0.0, ""door_trailing_lower_asym_delta"": 0.0, ""door_trailing_upper_asym_delta"": 0.0, ""firewall_side_asym_delta"": 0.0, ""front_bumper_left_delta"": 79.0, ""front_bumper_right_delta"": 105.0, ""front_engine_block_delta"": 0.0, ""front_engine_front_delta"": 0.0, ""front_firewall_center_delta"": null, ""front_firewall_left_delta"": 0.0, ""front_firewall_right_delta"": 0.0, ""front_left_right_asym_delta"": -26.0, ""front_left_right_bumper_asymmetry"": -26.0, ""front_structural_delta"": 0.0, ""front_structural_delta_median"": 0.0, ""front_total_length_shortening"": 131.0, ""rear_total_length_shortening"": null, ""total_length_shortening"": 131.0}",131.0,0.0,-26.0,,39.8,closingSpeed,11.055555555555555,97658.02160493827,1598.0,,4234.0,1745.0,2624.0,1100.0,39.8,39.8,0.0,0.0,0.0,0.0,0.0,0.0,DIRECT ENGAGEMENT,NO DIRECT ENGAGEMENT,NO DIRECT ENGAGEMENT,VTB
1998,9592,2393,1,frontal_barrier,subject_vehicle,A_ProfileValid,TOYOTA,PRIUS C,2016,FIVE DOOR HATCHBACK,12FDEW2,1,0.0,1190.0,0.0,491.0,394.0,464.0,449.0,467.0,491.0,401.0,491.0,453.7,454.7714810759355,539903.0,1.0822129160238043,0.01939607670266696,0.007297083022182453,0.7104477611940299,0.11864539748953974,0.12839958158995815,0.08429135702241929,0.0,"{""a_pillar_base_asym_delta"": 6.0, ""delta_1"": 423.0, ""delta_10"": 28.0, ""delta_11"": 18.0, ""delta_12"": 5.0, ""delta_13"": 11.0, ""delta_14"": 49.0, ""delta_15"": 39.0, ""delta_16"": -59.0, ""delta_17"": 12.0, ""delta_18"": -39.0, ""delta_19"": 401.0, ""delta_2"": 223.0, ""delta_20"": 394.0, ""delta_21"": 0.0, ""delta_3"": null, ""delta_4"": 8.0, ""delta_5"": -5.0, ""delta_6"": 17.0, ""delta_7"": -9.0, ""delta_8"": 1.0, ""delta_9"": -10.0, ""door_leading_lower_asym_delta"": -26.0, ""door_leading_upper_asym_delta"": -13.0, ""door_trailing_lower_asym_delta"": -10.0, ""door_trailing_upper_asym_delta"": -11.0, ""firewall_side_asym_delta"": -10.0, ""front_bumper_left_delta"": 394.0, ""front_bumper_right_delta"": 401.0, ""front_engine_block_delta"": 0.0, ""front_engine_front_delta"": 223.0, ""front_firewall_center_delta"": null, ""front_firewall_left_delta"": 39.0, ""front_firewall_right_delta"": 49.0, ""front_left_right_asym_delta"": -7.0, ""front_left_right_bumper_asymmetry"": -7.0, ""front_structural_delta"": 223.0, ""front_structural_delta_median"": 223.0, ""front_total_length_shortening"": 423.0, ""rear_total_length_shortening"": null, ""total_length_shortening"": 423.0}",423.0,223.0,-7.0,,56.2,closingSpeed,15.61111111111111,161943.16203703705,1329.0,1158.0,3824.0,1675.0,2550.0,1036.0,56.2,56.2,0.0,0.0,0.0,0.0,0.0,0.0,DIRECT ENGAGEMENT,NOT APPLICABLE,NOT APPLICABLE,VTB
3630,15011,4353,1,frontal_barrier,subject_vehicle,A_ProfileValid,TOYOTA,PRIUS,2023,FIVE DOOR HATCHBACK,12FDEW3,1,0.0,1496.0,,474.0,307.0,441.0,474.0,436.0,407.0,321.0,474.0,414.40000000000003,417.9825355203253,619942.4,1.1438223938223937,-0.026785714285714246,-0.008340023191508368,0.8228822882288229,0.09139832377591531,0.10454344949272165,0.07521006180900401,,"{""a_pillar_base_asym_delta"": 5.0, ""delta_1"": 457.0, ""delta_10"": 5.0, ""delta_11"": 6.0, ""delta_12"": 1.0, ""delta_13"": 6.0, ""delta_14"": 25.0, ""delta_15"": 36.0, ""delta_16"": -134.0, ""delta_17"": 33.0, ""delta_18"": -29.0, ""delta_19"": 321.0, ""delta_2"": 194.0, ""delta_20"": 307.0, ""delta_21"": 0.0, ""delta_3"": 224.0, ""delta_4"": 1.0, ""delta_5"": 1.0, ""delta_6"": -2.0, ""delta_7"": 2.0, ""delta_8"": -17.0, ""delta_9"": 3.0, ""door_leading_lower_asym_delta"": 4.0, ""door_leading_upper_asym_delta"": 0.0, ""door_trailing_lower_asym_delta"": 1.0, ""door_trailing_upper_asym_delta"": 20.0, ""firewall_side_asym_delta"": 11.0, ""front_bumper_left_delta"": 307.0, ""front_bumper_right_delta"": 321.0, ""front_engine_block_delta"": 0.0, ""front_engine_front_delta"": 194.0, ""front_firewall_center_delta"": 224.0, ""front_firewall_left_delta"": 36.0, ""front_firewall_right_delta"": 25.0, ""front_left_right_asym_delta"": -14.0, ""front_left_right_bumper_asymmetry"": -14.0, ""front_structural_delta"": 209.0, ""front_structural_delta_median"": 209.0, ""front_total_length_shortening"": 457.0, ""rear_total_length_shortening"": null, ""total_length_shortening"": 457.0}",457.0,209.0,-14.0,,56.16,closingSpeed,15.599999999999998,201258.71999999994,1654.0,1475.0,4534.0,1818.0,2757.0,1231.0,56.16,56.16,0.0,0.0,0.0,0.0,,,DIRECT ENGAGEMENT,NOT APPLICABLE,NOT APPLICABLE,VTB
373,7627,451,1,frontal_barrier,subject_vehicle,A_ProfileValid,HONDA,CIVIC,2012,TWO DOOR COUPE,12FDEW6,1,0.0,1511.0,0.0,450.0,219.0,356.0,417.0,427.0,401.0,269.0,427.0,369.0,375.2108740428507,557559.0,1.2195121951219512,0.04200542005420054,0.025299994418708442,0.86441647597254,0.0830146231721035,0.10123734533183353,0.07175920801661806,0.0,"{""a_pillar_base_asym_delta"": -896.0, ""delta_1"": 450.0, ""delta_10"": -3.0, ""delta_11"": -1.0, ""delta_12"": 10.0, ""delta_13"": -886.0, ""delta_14"": 105.0, ""delta_15"": 200.0, ""delta_16"": -80.0, ""delta_17"": -25.0, ""delta_18"": 25.0, ""delta_19"": 220.0, ""delta_2"": 140.0, ""delta_20"": 177.0, ""delta_21"": 0.0, ""delta_3"": null, ""delta_4"": 10.0, ""delta_5"": 14.0, ""delta_6"": 12.0, ""delta_7"": 10.0, ""delta_8"": 5.0, ""delta_9"": 13.0, ""door_leading_lower_asym_delta"": -2.0, ""door_leading_upper_asym_delta"": 4.0, ""door_trailing_lower_asym_delta"": 2.0, ""door_trailing_upper_asym_delta"": 8.0, ""firewall_side_asym_delta"": 95.0, ""front_bumper_left_delta"": 177.0, ""front_bumper_right_delta"": 220.0, ""front_engine_block_delta"": 0.0, ""front_engine_front_delta"": 140.0, ""front_firewall_center_delta"": null, ""front_firewall_left_delta"": 200.0, ""front_firewall_right_delta"": 105.0, ""front_left_right_asym_delta"": -43.0, ""front_left_right_bumper_asymmetry"": -43.0, ""front_structural_delta"": 177.0, ""front_structural_delta_median"": 177.0, ""front_total_length_shortening"": 450.0, ""rear_total_length_shortening"": null, ""total_length_shortening"": 450.0}",450.0,177.0,-43.0,,56.58,closingSpeed,15.716666666666665,173280.0481944444,1403.0,1222.0,4445.0,1748.0,2625.0,1112.0,56.58,56.58,0.0,0.0,0.0,0.0,0.0,0.0,DIRECT ENGAGEMENT,NOT APPLICABLE,NOT APPLICABLE,VTB
2618,10316,3112,1,frontal_barrier,subject_vehicle,A_ProfileValid,CHEVROLET,BOLT,2018,FIVE DOOR HATCHBACK,12FDEW2,1,0.0,1304.0,0.0,444.0,297.0,397.0,435.0,410.0,329.0,215.0,435.0,365.40000000000003,371.5890202898897,476481.60000000003,1.2151067323481115,-0.0699233716475096,-0.0351005611453008,0.7388101983002833,0.0890133982947625,0.10816077953714982,0.06576400644553558,0.0,"{""a_pillar_base_asym_delta"": 2.0, ""delta_1"": 444.0, ""delta_10"": 7.0, ""delta_11"": 11.0, ""delta_12"": 5.0, ""delta_13"": 7.0, ""delta_14"": 77.0, ""delta_15"": 45.0, ""delta_16"": -83.0, ""delta_17"": -27.0, ""delta_18"": -74.0, ""delta_19"": 215.0, ""delta_2"": 155.0, ""delta_20"": 297.0, ""delta_21"": 0.0, ""delta_3"": null, ""delta_4"": 2.0, ""delta_5"": 11.0, ""delta_6"": 2.0, ""delta_7"": 6.0, ""delta_8"": 11.0, ""delta_9"": 10.0, ""door_leading_lower_asym_delta"": 4.0, ""door_leading_upper_asym_delta"": 9.0, ""door_trailing_lower_asym_delta"": 4.0, ""door_trailing_upper_asym_delta"": -1.0, ""firewall_side_asym_delta"": -32.0, ""front_bumper_left_delta"": 297.0, ""front_bumper_right_delta"": 215.0, ""front_engine_block_delta"": 0.0, ""front_engine_front_delta"": 155.0, ""front_firewall_center_delta"": null, ""front_firewall_left_delta"": 45.0, ""front_firewall_right_delta"": 77.0, ""front_left_right_asym_delta"": 82.0, ""front_left_right_bumper_asymmetry"": 82.0, ""front_structural_delta"": 155.0, ""front_structural_delta_median"": 155.0, ""front_total_length_shortening"": 444.0, ""rear_total_length_shortening"": null, ""total_length_shortening"": 444.0}",444.0,155.0,82.0,,56.77,closingSpeed,15.769444444444446,221942.77494212968,1785.0,1595.0,4105.0,1765.0,2602.0,1170.0,56.77,56.77,0.0,0.0,0.0,0.0,0.0,0.0,DIRECT ENGAGEMENT,NOT APPLICABLE,NOT APPLICABLE,VTB
1307,8543,1571,1,frontal_barrier,subject_vehicle,A_ProfileValid,TOYOTA,TUNDRA,2014,TRUCK,12FDEW2,1,0.0,1106.0,-1241.0,398.0,320.0,340.0,352.0,374.0,383.0,398.0,398.0,361.6,362.34541531527617,399929.60000000003,1.1006637168141593,0.05448008849557518,0.020832389728938742,0.5442913385826772,0.05731494690125218,0.0630844824853384,0.031196029169677616,-1.2214566929133859,"{""a_pillar_base_asym_delta"": 0.0, ""delta_1"": 402.0, ""delta_10"": -45.0, ""delta_11"": -45.0, ""delta_12"": -4.0, ""delta_13"": -4.0, ""delta_14"": -39.0, ""delta_15"": 5064.0, ""delta_16"": -29.0, ""delta_17"": 8.0, ""delta_18"": -41.0, ""delta_19"": 404.0, ""delta_2"": 87.0, ""delta_20"": 380.0, ""delta_21"": 0.0, ""delta_3"": null, ""delta_4"": -44.0, ""delta_5"": -51.0, ""delta_6"": -40.0, ""delta_7"": -44.0, ""delta_8"": -51.0, ""delta_9"": -53.0, ""door_leading_lower_asym_delta"": -4.0, ""door_leading_upper_asym_delta"": -7.0, ""door_trailing_lower_asym_delta"": 0.0, ""door_trailing_upper_asym_delta"": -2.0, ""firewall_side_asym_delta"": 5103.0, ""front_bumper_left_delta"": 380.0, ""front_bumper_right_delta"": 404.0, ""front_engine_block_delta"": 0.0, ""front_engine_front_delta"": 87.0, ""front_firewall_center_delta"": null, ""front_firewall_left_delta"": 5064.0, ""front_firewall_right_delta"": -39.0, ""front_left_right_asym_delta"": -24.0, ""front_left_right_bumper_asymmetry"": -24.0, ""front_structural_delta"": 380.0, ""front_structural_delta_median"": 380.0, ""front_total_length_shortening"": 402.0, ""rear_total_length_shortening"": null, ""total_length_shortening"": 402.0}",402.0,380.0,-24.0,,56.42,closingSpeed,15.672222222222222,352708.2369135802,2872.0,2604.0,6309.0,2032.0,4192.0,1794.0,56.42,56.42,0.0,0.0,0.0,0.0,0.0,0.0,DIRECT ENGAGEMENT,NOT APPLICABLE,NOT APPLICABLE,VTB
1125,8321,1329,1,frontal_barrier,subject_vehicle,A_ProfileValid,LEXUS,IS250,2014,FOUR DOOR SEDAN,12FDEW6,1,0.0,1284.0,0.0,530.0,344.0,497.0,499.0,509.0,524.0,371.0,524.0,477.30000000000007,481.1767866387571,612853.2000000001,1.1104127383197149,0.020113136392206195,0.009581706085494959,0.7213483146067415,0.10224935732647816,0.11353898886032562,0.07375740157707751,0.0,"{""a_pillar_base_asym_delta"": -5.0, ""delta_1"": 530.0, ""delta_10"": 0.0, ""delta_11"": -2.0, ""delta_12"": 2.0, ""delta_13"": -3.0, ""delta_14"": 0.0, ""delta_15"": 2.0, ""delta_16"": -40.0, ""delta_17"": 40.0, ""delta_18"": 33.0, ""delta_19"": 371.0, ""delta_2"": 166.0, ""delta_20"": 344.0, ""delta_21"": 0.0, ""delta_3"": null, ""delta_4"": 3.0, ""delta_5"": 4.0, ""delta_6"": 0.0, ""delta_7"": 4.0, ""delta_8"": 0.0, ""delta_9"": -1.0, ""door_leading_lower_asym_delta"": 4.0, ""door_leading_upper_asym_delta"": 1.0, ""door_trailing_lower_asym_delta"": -2.0, ""door_trailing_upper_asym_delta"": -1.0, ""firewall_side_asym_delta"": 2.0, ""front_bumper_left_delta"": 344.0, ""front_bumper_right_delta"": 371.0, ""front_engine_block_delta"": 0.0, ""front_engine_front_delta"": 166.0, ""front_firewall_center_delta"": null, ""front_firewall_left_delta"": 2.0, ""front_firewall_right_delta"": 0.0, ""front_left_right_asym_delta"": -27.0, ""front_left_right_bumper_asymmetry"": -27.0, ""front_structural_delta"": 166.0, ""front_structural_delta_median"": 166.0, ""front_total_length_shortening"": 530.0, ""rear_total_length_shortening"": null, ""total_length_shortening"": 530.0}",530.0,166.0,-27.0,,56.3,closingSpeed,15.638888888888888,230144.9297839506,1882.0,1715.0,4668.0,1780.0,2796.0,1318.0,56.3,56.3,0.0,0.0,0.0,0.0,0.0,0.0,DIRECT ENGAGEMENT,NOT APPLICABLE,NOT APPLICABLE,VTB
3580,14394,4289,1,frontal_barrier,subject_vehicle,A_ProfileValid,LEXUS,GX 460,2023,UTILITY VEHICLE,12FDEW2,1,0.0,1553.0,6.0,514.0,336.0,479.0,504.0,514.0,507.0,326.0,514.0,467.0,472.0779596634438,725251.0,1.100642398286938,0.013062098501070728,0.004887289544437704,0.8269435569755058,0.09559877175025588,0.1052200614124872,0.07905478835364611,0.006389776357827476,"{""a_pillar_base_asym_delta"": 21.0, ""delta_1"": 514.0, ""delta_10"": -27.0, ""delta_11"": -5.0, ""delta_12"": -21.0, ""delta_13"": 0.0, ""delta_14"": -10.0, ""delta_15"": 6.0, ""delta_16"": 24.0, ""delta_17"": 9.0, ""delta_18"": -55.0, ""delta_19"": 508.0, ""delta_2"": 173.0, ""delta_20"": 473.0, ""delta_21"": 0.0, ""delta_3"": 99.0, ""delta_4"": -15.0, ""delta_5"": 5.0, ""delta_6"": -27.0, ""delta_7"": -5.0, ""delta_8"": -15.0, ""delta_9"": 4.0, ""door_leading_lower_asym_delta"": 22.0, ""door_leading_upper_asym_delta"": 20.0, ""door_trailing_lower_asym_delta"": 22.0, ""door_trailing_upper_asym_delta"": 19.0, ""firewall_side_asym_delta"": 16.0, ""front_bumper_left_delta"": 473.0, ""front_bumper_right_delta"": 508.0, ""front_engine_block_delta"": 0.0, ""front_engine_front_delta"": 173.0, ""front_firewall_center_delta"": 99.0, ""front_firewall_left_delta"": 6.0, ""front_firewall_right_delta"": -10.0, ""front_left_right_asym_delta"": -35.0, ""front_left_right_bumper_asymmetry"": -35.0, ""front_structural_delta"": 136.0, ""front_structural_delta_median"": 136.0, ""front_total_length_shortening"": 514.0, ""rear_total_length_shortening"": null, ""total_length_shortening"": 514.0}",514.0,136.0,-35.0,,56.31,closingSpeed,15.641666666666667,318427.2495486112,2603.0,2366.0,4885.0,1878.0,2795.0,1403.0,56.31,56.31,0.0,0.0,0.0,0.0,0.0,0.0,DIRECT ENGAGEMENT,NOT APPLICABLE,NOT APPLICABLE,VTB
1477,8900,1768,1,frontal_barrier,subject_vehicle,A_ProfileValid,TOYOTA,TUNDRA,2014,4 DOOR PICKUP,12FDEW2,1,0.0,1492.0,0.0,371.0,371.0,359.0,345.0,317.0,304.0,251.0,371.0,327.2,328.9778108018837,488182.4,1.1338630806845966,-0.08312958435207829,-0.04407905460472699,0.7313725490196078,0.05195300095268339,0.05890758971101937,0.03799699873598217,0.0,"{""a_pillar_base_asym_delta"": 0.0, ""delta_1"": 334.0, ""delta_10"": 0.0, ""delta_11"": 0.0, ""delta_12"": 0.0, ""delta_13"": 0.0, ""delta_14"": 0.0, ""delta_15"": 0.0, ""delta_16"": 0.0, ""delta_17"": 0.0, ""delta_18"": 0.0, ""delta_19"": 253.0, ""delta_2"": 0.0, ""delta_20"": 371.0, ""delta_21"": 0.0, ""delta_3"": null, ""delta_4"": 0.0, ""delta_5"": 0.0, ""delta_6"": 0.0, ""delta_7"": 0.0, ""delta_8"": 0.0, ""delta_9"": 0.0, ""door_leading_lower_asym_delta"": 0.0, ""door_leading_upper_asym_delta"": 0.0, ""door_trailing_lower_asym_delta"": 0.0, ""door_trailing_upper_asym_delta"": 0.0, ""firewall_side_asym_delta"": 0.0, ""front_bumper_left_delta"": 371.0, ""front_bumper_right_delta"": 253.0, ""front_engine_block_delta"": 0.0, ""front_engine_front_delta"": 0.0, ""front_firewall_center_delta"": null, ""front_firewall_left_delta"": 0.0, ""front_firewall_right_delta"": 0.0, ""front_left_right_asym_delta"": 118.0, ""front_left_right_bumper_asymmetry"": 118.0, ""front_structural_delta"": 0.0, ""front_structural_delta_median"": 0.0, ""front_total_length_shortening"": 334.0, ""rear_total_length_shortening"": null, ""total_length_shortening"": 334.0}",334.0,0.0,118.0,,56.3,closingSpeed,15.638888888888888,355122.67592592584,2904.0,,6298.0,2040.0,4194.0,1844.0,56.3,56.3,0.0,0.0,0.0,0.0,0.0,0.0,DIRECT ENGAGEMENT,NO DIRECT ENGAGEMENT,NO DIRECT ENGAGEMENT,VTB
2629,10343,3128,1,frontal_barrier,subject_vehicle,A_ProfileValid,MAZDA,CX-9,2018,UTILITY VEHICLE,12FDEW2,1,0.0,1412.0,0.0,701.0,467.0,581.0,612.0,597.0,545.0,429.0,612.0,556.6,559.7506587758518,785919.2,1.2594322673374057,-0.02380524613726195,-0.011274803369664996,0.7196738022426096,0.10982636148382005,0.138318863456985,0.07903915515553206,0.0,"{""a_pillar_base_asym_delta"": 31.0, ""delta_1"": 701.0, ""delta_10"": 3.0, ""delta_11"": 5.0, ""delta_12"": -35.0, ""delta_13"": -4.0, ""delta_14"": 42.0, ""delta_15"": 55.0, ""delta_16"": -32.0, ""delta_17"": -14.0, ""delta_18"": -50.0, ""delta_19"": 429.0, ""delta_2"": 245.0, ""delta_20"": 467.0, ""delta_21"": 0.0, ""delta_3"": null, ""delta_4"": 7.0, ""delta_5"": 10.0, ""delta_6"": 2.0, ""delta_7"": 4.0, ""delta_8"": 0.0, ""delta_9"": 6.0, ""door_leading_lower_asym_delta"": 2.0, ""door_leading_upper_asym_delta"": 3.0, ""door_trailing_lower_asym_delta"": 2.0, ""door_trailing_upper_asym_delta"": 6.0, ""firewall_side_asym_delta"": 13.0, ""front_bumper_left_delta"": 467.0, ""front_bumper_right_delta"": 429.0, ""front_engine_block_delta"": 0.0, ""front_engine_front_delta"": 245.0, ""front_firewall_center_delta"": null, ""front_firewall_left_delta"": 55.0, ""front_firewall_right_delta"": 42.0, ""front_left_right_asym_delta"": 38.0, ""front_left_right_bumper_asymmetry"": 38.0, ""front_structural_delta"": 245.0, ""front_structural_delta_median"": 245.0, ""front_total_length_shortening"": 701.0, ""rear_total_length_shortening"": null, ""total_length_shortening"": 701.0}",701.0,245.0,38.0,,56.34,closingSpeed,15.65,256433.85749999998,2094.0,1897.0,5068.0,1962.0,2932.0,1385.0,56.34,56.34,0.0,0.0,0.0,0.0,0.0,0.0,DIRECT ENGAGEMENT,NOT APPLICABLE,NOT APPLICABLE,VTB
99,7393,117,1,frontal_barrier,subject_vehicle,A_ProfileValid,CHEVROLET,VOLT,2011,FOUR DOOR SEDAN,12FDEW6,1,0.0,1202.0,0.0,510.0,354.0,464.0,462.0,452.0,414.0,305.0,464.0,424.29999999999995,427.4600566134805,510008.6,1.2019797313221778,-0.03865189724251695,-0.01793377261345261,0.673389355742297,0.09428888888888888,0.11333333333333333,0.0634931341425459,0.0,"{""a_pillar_base_asym_delta"": 0.0, ""delta_1"": 510.0, ""delta_10"": 0.0, ""delta_11"": -3.0, ""delta_12"": 0.0, ""delta_13"": 0.0, ""delta_14"": 5.0, ""delta_15"": 10.0, ""delta_16"": -4.0, ""delta_17"": -5.0, ""delta_18"": 5.0, ""delta_19"": 305.0, ""delta_2"": 240.0, ""delta_20"": 354.0, ""delta_21"": 0.0, ""delta_3"": null, ""delta_4"": -2.0, ""delta_5"": 0.0, ""delta_6"": -5.0, ""delta_7"": -5.0, ""delta_8"": 1.0, ""delta_9"": 0.0, ""door_leading_lower_asym_delta"": 0.0, ""door_leading_upper_asym_delta"": 2.0, ""door_trailing_lower_asym_delta"": -3.0, ""door_trailing_upper_asym_delta"": -1.0, ""firewall_side_asym_delta"": 5.0, ""front_bumper_left_delta"": 354.0, ""front_bumper_right_delta"": 305.0, ""front_engine_block_delta"": 0.0, ""front_engine_front_delta"": 240.0, ""front_firewall_center_delta"": null, ""front_firewall_left_delta"": 10.0, ""front_firewall_right_delta"": 5.0, ""front_left_right_asym_delta"": 49.0, ""front_left_right_bumper_asymmetry"": 49.0, ""front_structural_delta"": 240.0, ""front_structural_delta_median"": 240.0, ""front_total_length_shortening"": 510.0, ""rear_total_length_shortening"": null, ""total_length_shortening"": 510.0}",510.0,240.0,49.0,,56.2,closingSpeed,15.61111111111111,232374.42438271604,1907.0,1706.0,4500.0,1785.0,2685.0,1128.0,56.2,56.2,0.0,0.0,0.0,0.0,0.0,0.0,DIRECT ENGAGEMENT,NOT APPLICABLE,NOT APPLICABLE,VTB
3215,11356,3831,1,frontal_barrier,subject_vehicle,A_ProfileValid,ACURA,TLX,2021,FOUR DOOR SEDAN,12FDEW2,1,0.0,1448.0,,473.0,287.0,433.0,437.0,435.0,440.0,357.0,440.0,413.4,416.2191730326704,598603.2,1.1441702951136914,0.019593613933236557,0.014700188362647425,0.7831260140616549,0.08324607329842931,0.09524768425291985,0.06519216556848331,,"{""a_pillar_base_asym_delta"": 6.0, ""delta_1"": 473.0, ""delta_10"": 2.0, ""delta_11"": 8.0, ""delta_12"": -6.0, ""delta_13"": 0.0, ""delta_14"": 22.0, ""delta_15"": 14.0, ""delta_16"": -83.0, ""delta_17"": 7.0, ""delta_18"": -33.0, ""delta_19"": 357.0, ""delta_2"": 275.0, ""delta_20"": 287.0, ""delta_21"": 0.0, ""delta_3"": 4.0, ""delta_4"": 16.0, ""delta_5"": 17.0, ""delta_6"": 0.0, ""delta_7"": -1.0, ""delta_8"": 20.0, ""delta_9"": 16.0, ""door_leading_lower_asym_delta"": -1.0, ""door_leading_upper_asym_delta"": 1.0, ""door_trailing_lower_asym_delta"": 6.0, ""door_trailing_upper_asym_delta"": -4.0, ""firewall_side_asym_delta"": -8.0, ""front_bumper_left_delta"": 287.0, ""front_bumper_right_delta"": 357.0, ""front_engine_block_delta"": 0.0, ""front_engine_front_delta"": 275.0, ""front_firewall_center_delta"": 4.0, ""front_firewall_left_delta"": 14.0, ""front_firewall_right_delta"": 22.0, ""front_left_right_asym_delta"": -70.0, ""front_left_right_bumper_asymmetry"": -70.0, ""front_structural_delta"": 148.5, ""front_structural_delta_median"": 148.5, ""front_total_length_shortening"": 473.0, ""rear_total_length_shortening"": null, ""total_length_shortening"": 473.0}",473.0,148.5,-70.0,,56.39,closingSpeed,15.663888888888888,240082.23069830245,1957.0,1783.0,4966.0,1849.0,2875.0,1275.0,56.39,56.39,0.0,0.0,,0.0,,,DIRECT ENGAGEMENT,NOT APPLICABLE,NOT APPLICABLE,VTB
3027,10999,3609,1,frontal_barrier,subject_vehicle,A_ProfileValid,VOLKSWAGEN,PASSAT,2020,FOUR DOOR SEDAN,12FDEW3,1,0.0,1352.0,-570.0,593.0,400.0,559.0,593.0,580.0,462.0,374.0,593.0,516.2,522.285745545482,697902.4,1.148779542812863,-0.04639674544750092,-0.02157282614711906,0.7544642857142857,0.10494002846106933,0.12055295791827607,0.07917350361571748,-0.6361607142857143,"{""a_pillar_base_asym_delta"": 2.0, ""delta_1"": 582.0, ""delta_10"": 5.0, ""delta_11"": 2.0, ""delta_12"": 0.0, ""delta_13"": 2.0, ""delta_14"": 38.0, ""delta_15"": 73.0, ""delta_16"": -33.0, ""delta_17"": 7.0, ""delta_18"": -16.0, ""delta_19"": 453.0, ""delta_2"": 94.0, ""delta_20"": 546.0, ""delta_21"": 0.0, ""delta_3"": 7.0, ""delta_4"": 2.0, ""delta_5"": 0.0, ""delta_6"": 3.0, ""delta_7"": 1.0, ""delta_8"": 1.0, ""delta_9"": 2.0, ""door_leading_lower_asym_delta"": -2.0, ""door_leading_upper_asym_delta"": -2.0, ""door_trailing_lower_asym_delta"": -3.0, ""door_trailing_upper_asym_delta"": 1.0, ""firewall_side_asym_delta"": 35.0, ""front_bumper_left_delta"": 546.0, ""front_bumper_right_delta"": 453.0, ""front_engine_block_delta"": 0.0, ""front_engine_front_delta"": 94.0, ""front_firewall_center_delta"": 7.0, ""front_firewall_left_delta"": 73.0, ""front_firewall_right_delta"": 38.0, ""front_left_right_asym_delta"": 93.0, ""front_left_right_bumper_asymmetry"": 93.0, ""front_structural_delta"": 83.5, ""front_structural_delta_median"": 83.5, ""front_total_length_shortening"": 582.0, ""rear_total_length_shortening"": null, ""total_length_shortening"": 582.0}",582.0,83.5,93.0,,56.29,closingSpeed,15.636111111111111,210015.1668132716,1718.0,1503.0,4919.0,1792.0,2802.0,1246.0,56.29,56.29,0.0,,,0.0,0.0,0.0,DIRECT ENGAGEMENT,NOT APPLICABLE,NOT APPLICABLE,VTB
2993,10976,3567,1,frontal_barrier,subject_vehicle,A_ProfileValid,HYUNDAI,VENUE ,2020,FIVE DOOR HATCHBACK,12FDEW2,1,0.0,1524.0,0.0,502.0,359.0,494.0,502.0,500.0,485.0,346.0,502.0,466.70000000000005,470.2262221526996,711250.8,1.075637454467538,-0.007285193914720345,-0.004525680761233312,0.8585915492957746,0.1160945273631841,0.12487562189054727,0.09967778011351693,0.0,"{""a_pillar_base_asym_delta"": 7.0, ""delta_1"": 500.0, ""delta_10"": 14.0, ""delta_11"": 20.0, ""delta_12"": 2.0, ""delta_13"": 9.0, ""delta_14"": 47.0, ""delta_15"": 57.0, ""delta_16"": 78.0, ""delta_17"": -25.0, ""delta_18"": 17.0, ""delta_19"": 346.0, ""delta_2"": 190.0, ""delta_20"": 359.0, ""delta_21"": 0.0, ""delta_3"": null, ""delta_4"": 2.0, ""delta_5"": 5.0, ""delta_6"": 15.0, ""delta_7"": 22.0, ""delta_8"": 2.0, ""delta_9"": 7.0, ""door_leading_lower_asym_delta"": 7.0, ""door_leading_upper_asym_delta"": 3.0, ""door_trailing_lower_asym_delta"": 6.0, ""door_trailing_upper_asym_delta"": 5.0, ""firewall_side_asym_delta"": 10.0, ""front_bumper_left_delta"": 359.0, ""front_bumper_right_delta"": 346.0, ""front_engine_block_delta"": 0.0, ""front_engine_front_delta"": 190.0, ""front_firewall_center_delta"": null, ""front_firewall_left_delta"": 57.0, ""front_firewall_right_delta"": 47.0, ""front_left_right_asym_delta"": 13.0, ""front_left_right_bumper_asymmetry"": 13.0, ""front_structural_delta"": 190.0, ""front_structural_delta_median"": 190.0, ""front_total_length_shortening"": 500.0, ""rear_total_length_shortening"": null, ""total_length_shortening"": 500.0}",500.0,190.0,13.0,,56.37,closingSpeed,15.658333333333331,166969.89729166662,1362.0,1191.0,4020.0,1775.0,2520.0,1073.0,56.37,56.37,0.0,0.0,0.0,0.0,0.0,0.0,DIRECT ENGAGEMENT,NOT APPLICABLE,NOT APPLICABLE,VTB
2233,9982,2677,1,frontal_barrier,subject_vehicle,A_ProfileValid,TOYOTA,YARIS IA,2017,FOUR DOOR SEDAN,12FDEW3,1,0.0,1239.0,-459.0,510.0,339.0,491.0,506.0,510.0,492.0,364.0,510.0,470.1,473.91760887310363,582453.9,1.0848755583918315,0.007019783024888343,0.004322710475835534,0.7309734513274336,0.10774696309878525,0.1168920467568187,0.07876016948636869,-0.5415929203539823,"{""a_pillar_base_asym_delta"": 3.0, ""delta_1"": 509.0, ""delta_10"": 0.0, ""delta_11"": 2.0, ""delta_12"": -1.0, ""delta_13"": 2.0, ""delta_14"": 9.0, ""delta_15"": 22.0, ""delta_16"": -31.0, ""delta_17"": 10.0, ""delta_18"": -28.0, ""delta_19"": 522.0, ""delta_2"": 299.0, ""delta_20"": 491.0, ""delta_21"": 0.0, ""delta_3"": null, ""delta_4"": -1.0, ""delta_5"": 0.0, ""delta_6"": 1.0, ""delta_7"": 2.0, ""delta_8"": -1.0, ""delta_9"": -1.0, ""door_leading_lower_asym_delta"": 1.0, ""door_leading_upper_asym_delta"": 1.0, ""door_trailing_lower_asym_delta"": 2.0, ""door_trailing_upper_asym_delta"": 0.0, ""firewall_side_asym_delta"": 13.0, ""front_bumper_left_delta"": 491.0, ""front_bumper_right_delta"": 522.0, ""front_engine_block_delta"": 0.0, ""front_engine_front_delta"": 299.0, ""front_firewall_center_delta"": null, ""front_firewall_left_delta"": 22.0, ""front_firewall_right_delta"": 9.0, ""front_left_right_asym_delta"": -31.0, ""front_left_right_bumper_asymmetry"": -31.0, ""front_structural_delta"": 299.0, ""front_structural_delta_median"": 299.0, ""front_total_length_shortening"": 509.0, ""rear_total_length_shortening"": null, ""total_length_shortening"": 509.0}",509.0,299.0,-31.0,,56.57,closingSpeed,15.713888888888889,159020.5397839506,1288.0,1104.0,4363.0,1695.0,2567.0,1078.0,56.57,56.57,0.0,0.0,0.0,0.0,0.0,0.0,DIRECT ENGAGEMENT,NOT APPLICABLE,NOT APPLICABLE,VTB
2510,10151,2987,1,frontal_barrier,subject_vehicle,A_ProfileValid,TOYOTA,C-HR,2018,FIVE DOOR HATCHBACK,12FDEW2,1,0.0,1032.0,0.0,512.0,512.0,500.0,489.0,454.0,424.0,410.0,512.0,465.6,466.9336141251773,480499.2,1.099656357388316,-0.06582903780068726,-0.025585388967062,0.5749303621169917,0.105578231292517,0.11609977324263039,0.060700130748678305,0.0,"{""a_pillar_base_asym_delta"": 9.0, ""delta_1"": 456.0, ""delta_10"": 21.0, ""delta_11"": 11.0, ""delta_12"": 8.0, ""delta_13"": 17.0, ""delta_14"": 21.0, ""delta_15"": 26.0, ""delta_16"": -48.0, ""delta_17"": 12.0, ""delta_18"": -37.0, ""delta_19"": 410.0, ""delta_2"": 228.0, ""delta_20"": 512.0, ""delta_21"": 0.0, ""delta_3"": null, ""delta_4"": -13.0, ""delta_5"": -17.0, ""delta_6"": 16.0, ""delta_7"": 17.0, ""delta_8"": -15.0, ""delta_9"": -14.0, ""door_leading_lower_asym_delta"": 1.0, ""door_leading_upper_asym_delta"": -4.0, ""door_trailing_lower_asym_delta"": -10.0, ""door_trailing_upper_asym_delta"": 1.0, ""firewall_side_asym_delta"": 5.0, ""front_bumper_left_delta"": 512.0, ""front_bumper_right_delta"": 410.0, ""front_engine_block_delta"": 0.0, ""front_engine_front_delta"": 228.0, ""front_firewall_center_delta"": null, ""front_firewall_left_delta"": 26.0, ""front_firewall_right_delta"": 21.0, ""front_left_right_asym_delta"": 102.0, ""front_left_right_bumper_asymmetry"": 102.0, ""front_structural_delta"": 228.0, ""front_structural_delta_median"": 228.0, ""front_total_length_shortening"": 456.0, ""rear_total_length_shortening"": null, ""total_length_shortening"": 456.0}",456.0,228.0,102.0,,56.14,closingSpeed,15.594444444444445,202209.73899691357,1663.0,1498.0,4410.0,1795.0,2636.0,1098.0,56.14,56.14,0.0,0.0,0.0,0.0,0.0,0.0,DIRECT ENGAGEMENT,NOT APPLICABLE,NOT APPLICABLE,VTB
1914,9552,2293,1,frontal_barrier,subject_vehicle,A_ProfileValid,VOLKSWAGEN,PASSAT,2016,FOUR DOOR SEDAN,12FDEW2,1,0.0,1248.0,0.0,462.0,417.0,439.0,462.0,451.0,429.0,364.0,462.0,434.2999999999999,435.15502984568616,542006.3999999999,1.0637807966843198,-0.020607874740962425,-0.011141180117751925,0.6972067039106146,0.08881390593047032,0.09447852760736196,0.0619216506152106,0.0,"{""a_pillar_base_asym_delta"": 1.0, ""delta_1"": 457.0, ""delta_10"": 7.0, ""delta_11"": 3.0, ""delta_12"": 2.0, ""delta_13"": 3.0, ""delta_14"": 2.0, ""delta_15"": 8.0, ""delta_16"": -91.0, ""delta_17"": -7.0, ""delta_18"": -40.0, ""delta_19"": 364.0, ""delta_2"": 204.0, ""delta_20"": 417.0, ""delta_21"": 0.0, ""delta_3"": null, ""delta_4"": 0.0, ""delta_5"": -3.0, ""delta_6"": 5.0, ""delta_7"": 7.0, ""delta_8"": -2.0, ""delta_9"": -10.0, ""door_leading_lower_asym_delta"": 2.0, ""door_leading_upper_asym_delta"": -3.0, ""door_trailing_lower_asym_delta"": -4.0, ""door_trailing_upper_asym_delta"": -8.0, ""firewall_side_asym_delta"": 6.0, ""front_bumper_left_delta"": 417.0, ""front_bumper_right_delta"": 364.0, ""front_engine_block_delta"": 0.0, ""front_engine_front_delta"": 204.0, ""front_firewall_center_delta"": null, ""front_firewall_left_delta"": 8.0, ""front_firewall_right_delta"": 2.0, ""front_left_right_asym_delta"": 53.0, ""front_left_right_bumper_asymmetry"": 53.0, ""front_structural_delta"": 204.0, ""front_structural_delta_median"": 204.0, ""front_total_length_shortening"": 457.0, ""rear_total_length_shortening"": null, ""total_length_shortening"": 457.0}",457.0,204.0,53.0,,56.17,closingSpeed,15.602777777777778,218858.56027006172,1798.0,1492.0,4890.0,1790.0,2804.0,1381.0,56.17,56.17,0.0,0.0,0.0,0.0,0.0,0.0,DIRECT ENGAGEMENT,NOT APPLICABLE,NOT APPLICABLE,VTB
3741,15064,4489,1,frontal_barrier,subject_vehicle,A_ProfileValid,CHEVROLET,TRAX,2024,UTILITY VEHICLE,12FDEW2,1,0.0,1220.0,0.0,460.0,380.0,457.0,460.0,459.0,438.0,320.0,460.0,432.8,435.0572376136271,528016.0,1.0628465804066543,-0.022989833641404805,-0.01290036582216447,0.671067106710671,0.09564640883977901,0.10165745856353592,0.06418515884737645,0.0,"{""a_pillar_base_asym_delta"": 5.0, ""delta_1"": 465.0, ""delta_10"": -6.0, ""delta_11"": -4.0, ""delta_12"": 4.0, ""delta_13"": 9.0, ""delta_14"": -6.0, ""delta_15"": 18.0, ""delta_16"": -64.0, ""delta_17"": -19.0, ""delta_18"": -33.0, ""delta_19"": 320.0, ""delta_2"": 343.0, ""delta_20"": 380.0, ""delta_21"": 0.0, ""delta_3"": 176.0, ""delta_4"": 10.0, ""delta_5"": 15.0, ""delta_6"": -7.0, ""delta_7"": -3.0, ""delta_8"": 11.0, ""delta_9"": 10.0, ""door_leading_lower_asym_delta"": 4.0, ""door_leading_upper_asym_delta"": 5.0, ""door_trailing_lower_asym_delta"": 2.0, ""door_trailing_upper_asym_delta"": -1.0, ""firewall_side_asym_delta"": 24.0, ""front_bumper_left_delta"": 380.0, ""front_bumper_right_delta"": 320.0, ""front_engine_block_delta"": 0.0, ""front_engine_front_delta"": 343.0, ""front_firewall_center_delta"": 176.0, ""front_firewall_left_delta"": 18.0, ""front_firewall_right_delta"": -6.0, ""front_left_right_asym_delta"": 60.0, ""front_left_right_bumper_asymmetry"": 60.0, ""front_structural_delta"": 248.0, ""front_structural_delta_median"": 248.0, ""front_total_length_shortening"": 465.0, ""rear_total_length_shortening"": null, ""total_length_shortening"": 465.0}",465.0,248.0,60.0,,56.62,closingSpeed,15.727777777777776,192943.13518518515,1560.0,,4525.0,1818.0,2702.0,1201.0,56.62,56.62,0.0,0.0,,0.0,0.0,0.0,DIRECT ENGAGEMENT,NOT APPLICABLE,NOT APPLICABLE,VTB
1552,9009,1862,1,frontal_barrier,subject_vehicle,A_ProfileValid,BMW,X5,2015,UTILITY VEHICLE,12FDEWX,1,0.0,1684.0,0.0,460.0,140.0,371.0,449.0,457.0,374.0,70.0,457.0,351.20000000000005,374.2237298729197,591420.8,1.3097949886104783,-0.014806378132118528,-0.01564498090770429,0.8693856479091379,0.07189355168884341,0.09416581371545547,0.06250322201549421,0.0,"{""a_pillar_base_asym_delta"": -5.0, ""delta_1"": 460.0, ""delta_10"": -6.0, ""delta_11"": -11.0, ""delta_12"": -30.0, ""delta_13"": -35.0, ""delta_14"": 17.0, ""delta_15"": 18.0, ""delta_16"": 35.0, ""delta_17"": -5.0, ""delta_18"": -10.0, ""delta_19"": 25.0, ""delta_2"": 188.0, ""delta_20"": 105.0, ""delta_21"": 0.0, ""delta_3"": null, ""delta_4"": -8.0, ""delta_5"": 35.0, ""delta_6"": -6.0, ""delta_7"": -11.0, ""delta_8"": -9.0, ""delta_9"": -15.0, ""door_leading_lower_asym_delta"": -5.0, ""door_leading_upper_asym_delta"": 43.0, ""door_trailing_lower_asym_delta"": -5.0, ""door_trailing_upper_asym_delta"": -6.0, ""firewall_side_asym_delta"": 1.0, ""front_bumper_left_delta"": 105.0, ""front_bumper_right_delta"": 25.0, ""front_engine_block_delta"": 0.0, ""front_engine_front_delta"": 188.0, ""front_firewall_center_delta"": null, ""front_firewall_left_delta"": 18.0, ""front_firewall_right_delta"": 17.0, ""front_left_right_asym_delta"": 80.0, ""front_left_right_bumper_asymmetry"": 80.0, ""front_structural_delta"": 25.0, ""front_structural_delta_median"": 25.0, ""front_total_length_shortening"": 460.0, ""rear_total_length_shortening"": null, ""total_length_shortening"": 460.0}",460.0,25.0,80.0,,56.14,closingSpeed,15.594444444444445,291337.6636419753,2396.0,2127.0,4885.0,1937.0,2935.0,1588.0,56.14,56.14,0.0,0.0,0.0,0.0,0.0,0.0,DIRECT ENGAGEMENT,NOT APPLICABLE,NOT APPLICABLE,VTB
3777,15182,4540,1,frontal_barrier,subject_vehicle,A_ProfileValid,ACURA,ZDX,2024,UTILITY VEHICLE,12FDEW2,1,0.0,1410.0,,436.0,244.0,321.0,382.0,422.0,436.0,351.0,436.0,371.7,376.4341907956821,524097.0,1.1729889695991391,0.10680656443368308,0.05025749437691277,0.7157360406091371,0.0740881004584413,0.08690452461630456,0.053027523678376765,,"{""a_pillar_base_asym_delta"": -1.0, ""delta_1"": 264.0, ""delta_10"": 1.0, ""delta_11"": 0.0, ""delta_12"": 3.0, ""delta_13"": 2.0, ""delta_14"": 0.0, ""delta_15"": 8.0, ""delta_16"": -84.0, ""delta_17"": -2.0, ""delta_18"": -26.0, ""delta_19"": 356.0, ""delta_2"": 252.0, ""delta_20"": 249.0, ""delta_21"": 0.0, ""delta_3"": 29.0, ""delta_4"": 5.0, ""delta_5"": 3.0, ""delta_6"": 5.0, ""delta_7"": 2.0, ""delta_8"": 3.0, ""delta_9"": 1.0, ""door_leading_lower_asym_delta"": -3.0, ""door_leading_upper_asym_delta"": -2.0, ""door_trailing_lower_asym_delta"": -1.0, ""door_trailing_upper_asym_delta"": -2.0, ""firewall_side_asym_delta"": 8.0, ""front_bumper_left_delta"": 249.0, ""front_bumper_right_delta"": 356.0, ""front_engine_block_delta"": 0.0, ""front_engine_front_delta"": 252.0, ""front_firewall_center_delta"": 29.0, ""front_firewall_left_delta"": 8.0, ""front_firewall_right_delta"": 0.0, ""front_left_right_asym_delta"": -107.0, ""front_left_right_bumper_asymmetry"": -107.0, ""front_structural_delta"": 139.0, ""front_structural_delta_median"": 139.0, ""front_total_length_shortening"": 264.0, ""rear_total_length_shortening"": null, ""total_length_shortening"": 264.0}",264.0,139.0,-107.0,,56.44,closingSpeed,15.677777777777777,354924.68197530863,2888.0,2618.0,5017.0,1970.0,3094.0,1615.0,56.44,56.44,0.0,0.0,0.0,0.0,,,DIRECT ENGAGEMENT,NOT APPLICABLE,NOT APPLICABLE,VTB
2872,10733,3411,1,frontal_barrier,subject_vehicle,A_ProfileValid,JEEP,GRAND CHEROKEE,2019,UTILITY VEHICLE,12FDEW2,1,0.0,1584.0,0.0,600.0,398.0,600.0,583.0,573.0,554.0,404.0,600.0,542.2,546.9815353373457,858844.8,1.1066027296200662,-0.018627812615271147,-0.008137180113595755,0.8293193717277487,0.11195539954573612,0.12389015073301672,0.09284678161279895,0.0,"{""a_pillar_base_asym_delta"": 13.0, ""delta_1"": 585.0, ""delta_10"": -6.0, ""delta_11"": 13.0, ""delta_12"": 16.0, ""delta_13"": 29.0, ""delta_14"": -8.0, ""delta_15"": 14.0, ""delta_16"": -137.0, ""delta_17"": -14.0, ""delta_18"": -47.0, ""delta_19"": 404.0, ""delta_2"": 158.0, ""delta_20"": 398.0, ""delta_21"": 0.0, ""delta_3"": null, ""delta_4"": -10.0, ""delta_5"": 9.0, ""delta_6"": 1.0, ""delta_7"": 13.0, ""delta_8"": -16.0, ""delta_9"": 13.0, ""door_leading_lower_asym_delta"": 12.0, ""door_leading_upper_asym_delta"": 19.0, ""door_trailing_lower_asym_delta"": 19.0, ""door_trailing_upper_asym_delta"": 29.0, ""firewall_side_asym_delta"": 22.0, ""front_bumper_left_delta"": 398.0, ""front_bumper_right_delta"": 404.0, ""front_engine_block_delta"": 0.0, ""front_engine_front_delta"": 158.0, ""front_firewall_center_delta"": null, ""front_firewall_left_delta"": 14.0, ""front_firewall_right_delta"": -8.0, ""front_left_right_asym_delta"": -6.0, ""front_left_right_bumper_asymmetry"": -6.0, ""front_structural_delta"": 158.0, ""front_structural_delta_median"": 158.0, ""front_total_length_shortening"": 585.0, ""rear_total_length_shortening"": null, ""total_length_shortening"": 585.0}",585.0,158.0,-6.0,,56.73,closingSpeed,15.758333333333333,294265.20729166665,2370.0,2100.0,4843.0,1910.0,2920.0,1492.0,56.73,56.73,0.0,0.0,0.0,0.0,0.0,0.0,DIRECT ENGAGEMENT,NOT APPLICABLE,NOT APPLICABLE,VTB
1337,8613,1606,1,frontal_barrier,subject_vehicle,A_ProfileValid,KIA,SORENTO,2014,OTHER,12FDEW3,1,0.0,1370.0,0.0,352.0,155.0,352.0,323.0,331.0,351.0,184.0,352.0,305.3,313.02891240267246,418261.0,1.1529642974123813,0.012774320340648543,0.007487032994774414,0.7373519913885899,0.06544480171489818,0.07545551982851018,0.04825585487051157,0.0,"{""a_pillar_base_asym_delta"": 0.0, ""delta_1"": 338.0, ""delta_10"": 0.0, ""delta_11"": 0.0, ""delta_12"": 0.0, ""delta_13"": 0.0, ""delta_14"": 0.0, ""delta_15"": 0.0, ""delta_16"": 0.0, ""delta_17"": 0.0, ""delta_18"": 0.0, ""delta_19"": 184.0, ""delta_2"": 0.0, ""delta_20"": 155.0, ""delta_21"": 0.0, ""delta_3"": null, ""delta_4"": 0.0, ""delta_5"": 0.0, ""delta_6"": 0.0, ""delta_7"": 0.0, ""delta_8"": 0.0, ""delta_9"": 0.0, ""door_leading_lower_asym_delta"": 0.0, ""door_leading_upper_asym_delta"": 0.0, ""door_trailing_lower_asym_delta"": 0.0, ""door_trailing_upper_asym_delta"": 0.0, ""firewall_side_asym_delta"": 0.0, ""front_bumper_left_delta"": 155.0, ""front_bumper_right_delta"": 184.0, ""front_engine_block_delta"": 0.0, ""front_engine_front_delta"": 0.0, ""front_firewall_center_delta"": null, ""front_firewall_left_delta"": 0.0, ""front_firewall_right_delta"": 0.0, ""front_left_right_asym_delta"": -29.0, ""front_left_right_bumper_asymmetry"": -29.0, ""front_structural_delta"": 0.0, ""front_structural_delta_median"": 0.0, ""front_total_length_shortening"": 338.0, ""rear_total_length_shortening"": null, ""total_length_shortening"": 338.0}",338.0,0.0,-29.0,,39.7,closingSpeed,11.027777777777779,110970.84297839507,1825.0,,4665.0,1858.0,2700.0,1250.0,39.7,39.7,0.0,0.0,0.0,0.0,0.0,0.0,DIRECT ENGAGEMENT,NO DIRECT ENGAGEMENT,NO DIRECT ENGAGEMENT,VTB
3894,15519,4721,1,frontal_barrier,subject_vehicle,A_ProfileValid,HYUNDAI,IONIQ 9,2026,UTILITY VEHICLE,12FDEW2,1,0.0,1688.0,-7.0,481.0,311.0,437.0,472.0,481.0,465.0,359.0,481.0,438.0,441.39324870233344,739344.0,1.0981735159817352,0.02682648401826484,0.016864441958474904,0.866974833076528,0.08659549228944247,0.09509687623566628,0.07507611247281915,-0.007190549563430919,"{""a_pillar_base_asym_delta"": -3.0, ""delta_1"": 491.0, ""delta_10"": 5.0, ""delta_11"": 1.0, ""delta_12"": 4.0, ""delta_13"": 1.0, ""delta_14"": 38.0, ""delta_15"": 44.0, ""delta_16"": -49.0, ""delta_17"": 16.0, ""delta_18"": -13.0, ""delta_19"": 485.0, ""delta_2"": 257.0, ""delta_20"": 451.0, ""delta_21"": 0.0, ""delta_3"": 39.0, ""delta_4"": 7.0, ""delta_5"": 1.0, ""delta_6"": 9.0, ""delta_7"": 2.0, ""delta_8"": 4.0, ""delta_9"": 1.0, ""door_leading_lower_asym_delta"": -7.0, ""door_leading_upper_asym_delta"": -6.0, ""door_trailing_lower_asym_delta"": -4.0, ""door_trailing_upper_asym_delta"": -3.0, ""firewall_side_asym_delta"": 6.0, ""front_bumper_left_delta"": 451.0, ""front_bumper_right_delta"": 485.0, ""front_engine_block_delta"": 0.0, ""front_engine_front_delta"": 257.0, ""front_firewall_center_delta"": 39.0, ""front_firewall_left_delta"": 44.0, ""front_firewall_right_delta"": 38.0, ""front_left_right_asym_delta"": -34.0, ""front_left_right_bumper_asymmetry"": -34.0, ""front_structural_delta"": 150.5, ""front_structural_delta_median"": 150.5, ""front_total_length_shortening"": 491.0, ""rear_total_length_shortening"": null, ""total_length_shortening"": 491.0}",491.0,150.5,-34.0,,56.36,closingSpeed,15.655555555555555,348527.1088888889,2844.0,2624.0,5058.0,1947.0,3135.0,1698.0,56.36,56.36,0.0,0.0,0.0,0.0,0.0,0.0,DIRECT ENGAGEMENT,NOT APPLICABLE,NOT APPLICABLE,VTB
1452,8890,1734,1,frontal_barrier,subject_vehicle,A_ProfileValid,INFINITI,Q50,2014,FOUR DOOR SEDAN,12FDEW1,1,0.0,1268.0,0.0,266.0,170.0,218.0,238.0,266.0,271.0,215.0,271.0,237.1,239.13489916781282,300642.8,1.1218894981020666,0.08140025305778141,0.03508679863428252,0.6944140197152245,0.0498109243697479,0.05588235294117647,0.034589404217327674,0.0,"{""a_pillar_base_asym_delta"": 0.0, ""delta_1"": 263.0, ""delta_10"": 0.0, ""delta_11"": 0.0, ""delta_12"": 0.0, ""delta_13"": 0.0, ""delta_14"": 0.0, ""delta_15"": 0.0, ""delta_16"": 0.0, ""delta_17"": 0.0, ""delta_18"": 0.0, ""delta_19"": 215.0, ""delta_2"": 0.0, ""delta_20"": 170.0, ""delta_21"": 0.0, ""delta_3"": null, ""delta_4"": 0.0, ""delta_5"": 0.0, ""delta_6"": 0.0, ""delta_7"": 0.0, ""delta_8"": 0.0, ""delta_9"": 0.0, ""door_leading_lower_asym_delta"": 0.0, ""door_leading_upper_asym_delta"": 0.0, ""door_trailing_lower_asym_delta"": 0.0, ""door_trailing_upper_asym_delta"": 0.0, ""firewall_side_asym_delta"": 0.0, ""front_bumper_left_delta"": 170.0, ""front_bumper_right_delta"": 215.0, ""front_engine_block_delta"": 0.0, ""front_engine_front_delta"": 0.0, ""front_firewall_center_delta"": null, ""front_firewall_left_delta"": 0.0, ""front_firewall_right_delta"": 0.0, ""front_left_right_asym_delta"": -45.0, ""front_left_right_bumper_asymmetry"": -45.0, ""front_structural_delta"": 0.0, ""front_structural_delta_median"": 0.0, ""front_total_length_shortening"": 263.0, ""rear_total_length_shortening"": null, ""total_length_shortening"": 263.0}",263.0,0.0,-45.0,,39.7,closingSpeed,11.027777777777779,122706.38966049385,2018.0,,4760.0,1826.0,2850.0,1360.0,39.7,39.7,0.0,0.0,0.0,0.0,0.0,0.0,DIRECT ENGAGEMENT,NO DIRECT ENGAGEMENT,NO DIRECT ENGAGEMENT,VTB
3757,15087,4511,1,frontal_barrier,subject_vehicle,A_ProfileValid,FORD,RANGER,2024,4 DOOR PICKUP,12FDEW3,1,0.0,1154.0,0.0,550.0,434.0,550.0,540.0,533.0,530.0,392.0,550.0,513.1999999999999,515.7710732485876,592232.7999999999,1.0717069368667187,-0.018024162120031176,-0.008099798819031011,0.6041884816753926,0.09565703634669151,0.10251630941286113,0.05779487955187539,0.0,"{""a_pillar_base_asym_delta"": -1.0, ""delta_1"": 524.0, ""delta_10"": -12.0, ""delta_11"": -12.0, ""delta_12"": -7.0, ""delta_13"": -8.0, ""delta_14"": 38.0, ""delta_15"": 21.0, ""delta_16"": -78.0, ""delta_17"": 70.0, ""delta_18"": 1.0, ""delta_19"": 384.0, ""delta_2"": 189.0, ""delta_20"": 427.0, ""delta_21"": 0.0, ""delta_3"": 38.0, ""delta_4"": -8.0, ""delta_5"": -9.0, ""delta_6"": -10.0, ""delta_7"": -11.0, ""delta_8"": -7.0, ""delta_9"": -9.0, ""door_leading_lower_asym_delta"": -1.0, ""door_leading_upper_asym_delta"": -1.0, ""door_trailing_lower_asym_delta"": 0.0, ""door_trailing_upper_asym_delta"": -2.0, ""firewall_side_asym_delta"": -17.0, ""front_bumper_left_delta"": 427.0, ""front_bumper_right_delta"": 384.0, ""front_engine_block_delta"": 0.0, ""front_engine_front_delta"": 189.0, ""front_firewall_center_delta"": 38.0, ""front_firewall_left_delta"": 21.0, ""front_firewall_right_delta"": 38.0, ""front_left_right_asym_delta"": 43.0, ""front_left_right_bumper_asymmetry"": 43.0, ""front_structural_delta"": 113.5, ""front_structural_delta_median"": 113.5, ""front_total_length_shortening"": 524.0, ""rear_total_length_shortening"": null, ""total_length_shortening"": 524.0}",524.0,113.5,43.0,,56.31,closingSpeed,15.641666666666667,278302.72482638893,2275.0,2004.0,5365.0,1910.0,3272.0,1541.0,56.31,56.31,0.0,0.0,0.0,0.0,,,DIRECT ENGAGEMENT,NOT APPLICABLE,NOT APPLICABLE,VTB
3444,14127,4106,1,frontal_barrier,subject_vehicle,A_ProfileValid,FORD,MAVERICK,2022,4 DOOR PICKUP,12FDEW2,1,0.0,1471.0,-71.0,235.0,122.0,187.0,206.0,206.0,216.0,235.0,235.0,198.70000000000002,200.77425133716721,292287.7,1.182687468545546,0.08605938600905892,0.06011984492608549,0.8082417582417583,0.03912187438472141,0.046268950580823,0.03161993253842043,-0.07802197802197802,"{""a_pillar_base_asym_delta"": 1.0, ""delta_1"": 213.0, ""delta_10"": -2.0, ""delta_11"": -3.0, ""delta_12"": 2.0, ""delta_13"": 3.0, ""delta_14"": -1.0, ""delta_15"": -2.0, ""delta_16"": -97.0, ""delta_17"": -3.0, ""delta_18"": -58.0, ""delta_19"": 205.0, ""delta_2"": 173.0, ""delta_20"": 211.0, ""delta_21"": 0.0, ""delta_3"": 1.0, ""delta_4"": 0.0, ""delta_5"": 1.0, ""delta_6"": -2.0, ""delta_7"": -4.0, ""delta_8"": -1.0, ""delta_9"": -2.0, ""door_leading_lower_asym_delta"": -2.0, ""door_leading_upper_asym_delta"": 1.0, ""door_trailing_lower_asym_delta"": -1.0, ""door_trailing_upper_asym_delta"": -1.0, ""firewall_side_asym_delta"": -1.0, ""front_bumper_left_delta"": 211.0, ""front_bumper_right_delta"": 205.0, ""front_engine_block_delta"": 0.0, ""front_engine_front_delta"": 173.0, ""front_firewall_center_delta"": 1.0, ""front_firewall_left_delta"": -2.0, ""front_firewall_right_delta"": -1.0, ""front_left_right_asym_delta"": 6.0, ""front_left_right_bumper_asymmetry"": 6.0, ""front_structural_delta"": 87.0, ""front_structural_delta_median"": 87.0, ""front_total_length_shortening"": 213.0, ""rear_total_length_shortening"": null, ""total_length_shortening"": 213.0}",213.0,87.0,6.0,,56.28,closingSpeed,15.633333333333333,236946.87722222222,1939.0,1666.0,5079.0,1820.0,3071.0,1394.0,56.28,56.28,0.0,0.0,0.0,0.0,0.0,0.0,DIRECT ENGAGEMENT,NOT APPLICABLE,NOT APPLICABLE,VTB
1219,8457,1450,1,frontal_barrier,subject_vehicle,A_ProfileValid,DODGE,DURANGO,2014,UTILITY VEHICLE,12FDEW2,1,0.0,1564.0,-797.0,462.0,342.0,415.0,445.0,462.0,459.0,347.0,462.0,425.1,427.33160426067246,664856.4,1.0868031051517288,0.027875793930839755,0.012417558890194176,0.8171368861024033,0.08359882005899706,0.09085545722713864,0.06831167950484399,-0.832810867293626,"{""a_pillar_base_asym_delta"": 0.0, ""delta_1"": 505.0, ""delta_10"": 1.0, ""delta_11"": 5.0, ""delta_12"": 0.0, ""delta_13"": 0.0, ""delta_14"": 16.0, ""delta_15"": 13.0, ""delta_16"": -77.0, ""delta_17"": -7.0, ""delta_18"": -33.0, ""delta_19"": 470.0, ""delta_2"": 42.0, ""delta_20"": 425.0, ""delta_21"": 0.0, ""delta_3"": null, ""delta_4"": 13.0, ""delta_5"": 21.0, ""delta_6"": 1.0, ""delta_7"": 0.0, ""delta_8"": 1.0, ""delta_9"": -29.0, ""door_leading_lower_asym_delta"": -1.0, ""door_leading_upper_asym_delta"": 8.0, ""door_trailing_lower_asym_delta"": 4.0, ""door_trailing_upper_asym_delta"": -30.0, ""firewall_side_asym_delta"": -3.0, ""front_bumper_left_delta"": 425.0, ""front_bumper_right_delta"": 470.0, ""front_engine_block_delta"": 0.0, ""front_engine_front_delta"": 42.0, ""front_firewall_center_delta"": null, ""front_firewall_left_delta"": 13.0, ""front_firewall_right_delta"": 16.0, ""front_left_right_asym_delta"": -45.0, ""front_left_right_bumper_asymmetry"": -45.0, ""front_structural_delta"": 42.0, ""front_structural_delta_median"": 42.0, ""front_total_length_shortening"": 505.0, ""rear_total_length_shortening"": null, ""total_length_shortening"": 505.0}",505.0,42.0,-45.0,,56.43,closingSpeed,15.674999999999999,300989.390625,2450.0,2248.0,5085.0,1914.0,3040.0,1579.0,56.43,56.43,0.0,0.0,0.0,0.0,0.0,0.0,DIRECT ENGAGEMENT,NOT APPLICABLE,NOT APPLICABLE,VTB
2528,10159,3009,1,frontal_barrier,subject_vehicle,A_ProfileValid,JEEP,COMPASS,2018,UTILITY VEHICLE,12FDEW2,1,0.0,1393.0,0.0,470.0,220.0,440.0,433.0,423.0,415.0,210.0,440.0,385.2,394.5866191345064,536583.6,1.2201453790238836,-0.019470404984423564,-0.008839852313372589,0.7738888888888888,0.0873469387755102,0.10657596371882086,0.06759682539682539,0.0,"{""a_pillar_base_asym_delta"": 12.0, ""delta_1"": 470.0, ""delta_10"": 12.0, ""delta_11"": 8.0, ""delta_12"": -7.0, ""delta_13"": 5.0, ""delta_14"": 20.0, ""delta_15"": 23.0, ""delta_16"": -105.0, ""delta_17"": 5.0, ""delta_18"": 5.0, ""delta_19"": 73.0, ""delta_2"": 225.0, ""delta_20"": 18.0, ""delta_21"": 0.0, ""delta_3"": null, ""delta_4"": -15.0, ""delta_5"": -4.0, ""delta_6"": 2.0, ""delta_7"": 10.0, ""delta_8"": -5.0, ""delta_9"": 18.0, ""door_leading_lower_asym_delta"": 8.0, ""door_leading_upper_asym_delta"": 11.0, ""door_trailing_lower_asym_delta"": -4.0, ""door_trailing_upper_asym_delta"": 23.0, ""firewall_side_asym_delta"": 3.0, ""front_bumper_left_delta"": 18.0, ""front_bumper_right_delta"": 73.0, ""front_engine_block_delta"": 0.0, ""front_engine_front_delta"": 225.0, ""front_firewall_center_delta"": null, ""front_firewall_left_delta"": 23.0, ""front_firewall_right_delta"": 20.0, ""front_left_right_asym_delta"": -55.0, ""front_left_right_bumper_asymmetry"": -55.0, ""front_structural_delta"": 23.0, ""front_structural_delta_median"": 23.0, ""front_total_length_shortening"": 470.0, ""rear_total_length_shortening"": null, ""total_length_shortening"": 470.0}",470.0,23.0,-55.0,,56.17,closingSpeed,15.602777777777778,209364.1399691358,1720.0,1536.0,4410.0,1800.0,2625.0,1168.0,56.17,56.17,0.0,0.0,0.0,0.0,0.0,0.0,DIRECT ENGAGEMENT,NOT APPLICABLE,NOT APPLICABLE,VTB
419,7720,505,1,frontal_barrier,subject_vehicle,A_ProfileValid,MITSUBISHI,LANCER,2012,FOUR DOOR SEDAN,12FDEW6,1,0.0,1230.0,0.0,529.0,420.0,507.0,529.0,522.0,502.0,385.0,529.0,492.5,494.7101171393203,605775.0,1.0741116751269035,-0.011269035532994924,-0.006279496698467833,0.7060849598163031,0.10772090988626422,0.11570428696412949,0.07606011432841847,0.0,"{""a_pillar_base_asym_delta"": 10.0, ""delta_1"": 527.0, ""delta_10"": 10.0, ""delta_11"": 13.0, ""delta_12"": 13.0, ""delta_13"": 23.0, ""delta_14"": 39.0, ""delta_15"": 52.0, ""delta_16"": -51.0, ""delta_17"": 4.0, ""delta_18"": -9.0, ""delta_19"": 385.0, ""delta_2"": 270.0, ""delta_20"": 420.0, ""delta_21"": 0.0, ""delta_3"": null, ""delta_4"": 10.0, ""delta_5"": 6.0, ""delta_6"": 18.0, ""delta_7"": 18.0, ""delta_8"": 2.0, ""delta_9"": 2.0, ""door_leading_lower_asym_delta"": 0.0, ""door_leading_upper_asym_delta"": -4.0, ""door_trailing_lower_asym_delta"": 3.0, ""door_trailing_upper_asym_delta"": 0.0, ""firewall_side_asym_delta"": 13.0, ""front_bumper_left_delta"": 420.0, ""front_bumper_right_delta"": 385.0, ""front_engine_block_delta"": 0.0, ""front_engine_front_delta"": 270.0, ""front_firewall_center_delta"": null, ""front_firewall_left_delta"": 52.0, ""front_firewall_right_delta"": 39.0, ""front_left_right_asym_delta"": 35.0, ""front_left_right_bumper_asymmetry"": 35.0, ""front_structural_delta"": 270.0, ""front_structural_delta_median"": 270.0, ""front_total_length_shortening"": 527.0, ""rear_total_length_shortening"": null, ""total_length_shortening"": 527.0}",527.0,270.0,35.0,,56.3,closingSpeed,15.638888888888888,195170.72685185182,1596.0,1427.0,4572.0,1742.0,2634.0,1147.0,56.3,56.3,0.0,0.0,0.0,0.0,0.0,0.0,DIRECT ENGAGEMENT,NOT APPLICABLE,NOT APPLICABLE,VTB
674,8027,807,1,frontal_barrier,subject_vehicle,A_ProfileValid,ACURA,ILX,2013,FOUR DOOR SEDAN,12FDEW6,1,0.0,1276.0,0.0,606.0,355.0,465.0,526.0,484.0,473.0,366.0,526.0,461.7,464.9465560685443,589129.2,1.3125406107862247,-0.007797270955165752,0.0005880211429545572,0.7144456886898096,0.10129442738043001,0.13295304958315052,0.07236936693025123,0.0,"{""a_pillar_base_asym_delta"": -13.0, ""delta_1"": 606.0, ""delta_10"": 5.0, ""delta_11"": -7.0, ""delta_12"": 5.0, ""delta_13"": -8.0, ""delta_14"": 51.0, ""delta_15"": 46.0, ""delta_16"": 46.0, ""delta_17"": -65.0, ""delta_18"": -90.0, ""delta_19"": 366.0, ""delta_2"": 226.0, ""delta_20"": 355.0, ""delta_21"": 0.0, ""delta_3"": null, ""delta_4"": 2.0, ""delta_5"": -11.0, ""delta_6"": 6.0, ""delta_7"": -4.0, ""delta_8"": 0.0, ""delta_9"": 1.0, ""door_leading_lower_asym_delta"": -10.0, ""door_leading_upper_asym_delta"": -13.0, ""door_trailing_lower_asym_delta"": -12.0, ""door_trailing_upper_asym_delta"": 1.0, ""firewall_side_asym_delta"": -5.0, ""front_bumper_left_delta"": 355.0, ""front_bumper_right_delta"": 366.0, ""front_engine_block_delta"": 0.0, ""front_engine_front_delta"": 226.0, ""front_firewall_center_delta"": null, ""front_firewall_left_delta"": 46.0, ""front_firewall_right_delta"": 51.0, ""front_left_right_asym_delta"": -11.0, ""front_left_right_bumper_asymmetry"": -11.0, ""front_structural_delta"": 226.0, ""front_structural_delta_median"": 226.0, ""front_total_length_shortening"": 606.0, ""rear_total_length_shortening"": null, ""total_length_shortening"": 606.0}",606.0,226.0,-11.0,,56.37,closingSpeed,15.658333333333331,186339.38611111106,1520.0,1341.0,4558.0,1786.0,2674.0,1368.0,56.37,56.37,0.0,0.0,0.0,0.0,0.0,0.0,DIRECT ENGAGEMENT,NOT APPLICABLE,NOT APPLICABLE,VTB
331,7582,401,1,frontal_barrier,subject_vehicle,A_ProfileValid,CHEVROLET,SILVERADO2500,2012,4 DOOR PICKUP,12FDEW6,1,0.0,2316.0,0.0,677.0,232.0,533.0,608.0,610.0,535.0,243.0,610.0,504.7,523.1662259741162,1168885.2,1.3413909253021596,0.0035664751337428574,0.0032515907357071254,1.155688622754491,0.076737114185799,0.1029344686027064,0.08868420980754016,0.0,"{""a_pillar_base_asym_delta"": -1.0, ""delta_1"": 677.0, ""delta_10"": 5.0, ""delta_11"": 4.0, ""delta_12"": 2.0, ""delta_13"": 1.0, ""delta_14"": 3.0, ""delta_15"": -6.0, ""delta_16"": -13.0, ""delta_17"": 20.0, ""delta_18"": 20.0, ""delta_19"": 243.0, ""delta_2"": 183.0, ""delta_20"": 232.0, ""delta_21"": 0.0, ""delta_3"": null, ""delta_4"": 0.0, ""delta_5"": 4.0, ""delta_6"": 2.0, ""delta_7"": 2.0, ""delta_8"": 3.0, ""delta_9"": 6.0, ""door_leading_lower_asym_delta"": 0.0, ""door_leading_upper_asym_delta"": 4.0, ""door_trailing_lower_asym_delta"": -1.0, ""door_trailing_upper_asym_delta"": 3.0, ""firewall_side_asym_delta"": -9.0, ""front_bumper_left_delta"": 232.0, ""front_bumper_right_delta"": 243.0, ""front_engine_block_delta"": 0.0, ""front_engine_front_delta"": 183.0, ""front_firewall_center_delta"": null, ""front_firewall_left_delta"": -6.0, ""front_firewall_right_delta"": 3.0, ""front_left_right_asym_delta"": -11.0, ""front_left_right_bumper_asymmetry"": -11.0, ""front_structural_delta"": 183.0, ""front_structural_delta_median"": 183.0, ""front_total_length_shortening"": 677.0, ""rear_total_length_shortening"": null, ""total_length_shortening"": 677.0}",677.0,183.0,-11.0,,56.2,closingSpeed,15.61111111111111,409671.11419753084,3362.0,3091.0,6577.0,2004.0,4266.0,1898.0,56.2,56.2,0.0,0.0,0.0,0.0,0.0,0.0,DIRECT ENGAGEMENT,NOT APPLICABLE,NOT APPLICABLE,VTB
2596,10309,3089,1,frontal_barrier,subject_vehicle,A_ProfileValid,JEEP,GRAND CHEROKEE,2018,UTILITY VEHICLE,12FDEW2,1,0.0,1470.0,0.0,601.0,255.0,545.0,601.0,600.0,543.0,346.0,601.0,517.9,530.1783662127303,761313.0,1.160455686425951,0.016508978567290982,0.01300496761396549,0.7636363636363637,0.10667353244078269,0.12378990731204943,0.08145978840932497,0.0,"{""a_pillar_base_asym_delta"": -7.0, ""delta_1"": 600.0, ""delta_10"": 19.0, ""delta_11"": 11.0, ""delta_12"": -13.0, ""delta_13"": -20.0, ""delta_14"": -4.0, ""delta_15"": -6.0, ""delta_16"": -145.0, ""delta_17"": -5.0, ""delta_18"": -35.0, ""delta_19"": 100.0, ""delta_2"": 305.0, ""delta_20"": -343.0, ""delta_21"": 0.0, ""delta_3"": null, ""delta_4"": -5.0, ""delta_5"": -23.0, ""delta_6"": 17.0, ""delta_7"": 10.0, ""delta_8"": 1.0, ""delta_9"": -25.0, ""door_leading_lower_asym_delta"": -7.0, ""door_leading_upper_asym_delta"": -18.0, ""door_trailing_lower_asym_delta"": -8.0, ""door_trailing_upper_asym_delta"": -26.0, ""firewall_side_asym_delta"": -2.0, ""front_bumper_left_delta"": -343.0, ""front_bumper_right_delta"": 100.0, ""front_engine_block_delta"": 0.0, ""front_engine_front_delta"": 305.0, ""front_firewall_center_delta"": null, ""front_firewall_left_delta"": -6.0, ""front_firewall_right_delta"": -4.0, ""front_left_right_asym_delta"": -443.0, ""front_left_right_bumper_asymmetry"": -443.0, ""front_structural_delta"": -4.0, ""front_structural_delta_median"": -4.0, ""front_total_length_shortening"": 600.0, ""rear_total_length_shortening"": null, ""total_length_shortening"": 600.0}",600.0,-4.0,-443.0,,56.65,closingSpeed,15.73611111111111,292321.5402199074,2361.0,2090.0,4855.0,1925.0,2925.0,1511.0,56.65,56.65,0.0,0.0,0.0,0.0,0.0,0.0,DIRECT ENGAGEMENT,NOT APPLICABLE,NOT APPLICABLE,VTB
3463,14243,4130,1,frontal_barrier,subject_vehicle,A_ProfileValid,CHEVROLET,TRAVERSE,2022,UTILITY VEHICLE,12FDEW2,1,0.0,1524.0,0.0,658.0,426.0,561.0,642.0,650.0,529.0,413.0,650.0,560.3,566.6124778011864,853897.2,1.174370872746743,-0.011600928074245872,-0.0065814570077561505,0.7650602409638554,0.10737830586431582,0.12610195477194328,0.08215087255884404,0.0,"{""a_pillar_base_asym_delta"": -2.0, ""delta_1"": 658.0, ""delta_10"": -7.0, ""delta_11"": -24.0, ""delta_12"": 15.0, ""delta_13"": 13.0, ""delta_14"": 21.0, ""delta_15"": 23.0, ""delta_16"": -56.0, ""delta_17"": -10.0, ""delta_18"": -28.0, ""delta_19"": 413.0, ""delta_2"": 219.0, ""delta_20"": 426.0, ""delta_21"": 0.0, ""delta_3"": 10.0, ""delta_4"": 14.0, ""delta_5"": 14.0, ""delta_6"": -5.0, ""delta_7"": -14.0, ""delta_8"": 14.0, ""delta_9"": 32.0, ""door_leading_lower_asym_delta"": -9.0, ""door_leading_upper_asym_delta"": 0.0, ""door_trailing_lower_asym_delta"": -17.0, ""door_trailing_upper_asym_delta"": 18.0, ""firewall_side_asym_delta"": 2.0, ""front_bumper_left_delta"": 426.0, ""front_bumper_right_delta"": 413.0, ""front_engine_block_delta"": 0.0, ""front_engine_front_delta"": 219.0, ""front_firewall_center_delta"": 10.0, ""front_firewall_left_delta"": 23.0, ""front_firewall_right_delta"": 21.0, ""front_left_right_asym_delta"": 13.0, ""front_left_right_bumper_asymmetry"": 13.0, ""front_structural_delta"": 121.0, ""front_structural_delta_median"": 121.0, ""front_total_length_shortening"": 658.0, ""rear_total_length_shortening"": null, ""total_length_shortening"": 658.0}",658.0,121.0,13.0,,56.63,closingSpeed,15.730555555555556,286176.36225694447,2313.0,1552.0,5218.0,1992.0,3071.0,1493.0,56.63,56.63,0.0,0.0,0.0,0.0,,,DIRECT ENGAGEMENT,NOT APPLICABLE,NOT APPLICABLE,VTB
2583,10189,3074,1,frontal_barrier,subject_vehicle,A_ProfileValid,MERCEDES,GLC CLASS,2018,UTILITY VEHICLE,12FDEW2,1,0.0,1532.0,0.0,409.0,280.0,375.0,408.0,409.0,385.0,223.0,409.0,365.69999999999993,370.58318904127316,560252.3999999999,1.1184030626196337,-0.009707410445720493,-0.009885687085577686,0.8105820105820106,0.07856068743286787,0.0878625134264232,0.06367987997203893,0.0,"{""a_pillar_base_asym_delta"": 14.0, ""delta_1"": 371.0, ""delta_10"": -88.0, ""delta_11"": 6.0, ""delta_12"": 0.0, ""delta_13"": 14.0, ""delta_14"": 35.0, ""delta_15"": -29.0, ""delta_16"": -90.0, ""delta_17"": -10.0, ""delta_18"": 5.0, ""delta_19"": 87.0, ""delta_2"": 164.0, ""delta_20"": 45.0, ""delta_21"": 10.0, ""delta_3"": null, ""delta_4"": 0.0, ""delta_5"": -9.0, ""delta_6"": 4.0, ""delta_7"": 4.0, ""delta_8"": 2.0, ""delta_9"": -9.0, ""door_leading_lower_asym_delta"": 0.0, ""door_leading_upper_asym_delta"": -9.0, ""door_trailing_lower_asym_delta"": 94.0, ""door_trailing_upper_asym_delta"": -11.0, ""firewall_side_asym_delta"": -64.0, ""front_bumper_left_delta"": 45.0, ""front_bumper_right_delta"": 87.0, ""front_engine_block_delta"": 10.0, ""front_engine_front_delta"": 164.0, ""front_firewall_center_delta"": null, ""front_firewall_left_delta"": -29.0, ""front_firewall_right_delta"": 35.0, ""front_left_right_asym_delta"": -42.0, ""front_left_right_bumper_asymmetry"": -42.0, ""front_structural_delta"": 45.0, ""front_structural_delta_median"": 45.0, ""front_total_length_shortening"": 371.0, ""rear_total_length_shortening"": null, ""total_length_shortening"": 371.0}",371.0,45.0,-42.0,,55.78,closingSpeed,15.494444444444444,241758.35330246913,2014.0,1787.0,4655.0,1890.0,2875.0,1431.0,55.78,55.78,0.0,0.0,0.0,0.0,0.0,0.0,DIRECT ENGAGEMENT,NOT APPLICABLE,NOT APPLICABLE,VTB
1311,8545,1576,1,frontal_barrier,subject_vehicle,A_ProfileValid,TOYOTA,CAMRY,2014,FOUR DOOR SEDAN,12FDEW3,1,0.0,1055.0,-798.0,529.0,445.0,494.0,529.0,523.0,468.0,409.0,529.0,488.2,489.7107309422574,515051.0,1.0835723064317904,-0.019868906185989348,-0.00826404238940085,0.5796703296703297,0.10158135663753641,0.11007074490220557,0.05888369849044006,-0.8769230769230769,"{""a_pillar_base_asym_delta"": -14.0, ""delta_1"": 554.0, ""delta_10"": -4.0, ""delta_11"": -1.0, ""delta_12"": 101.0, ""delta_13"": 87.0, ""delta_14"": 75.0, ""delta_15"": 61.0, ""delta_16"": -3.0, ""delta_17"": 19.0, ""delta_18"": -15.0, ""delta_19"": 392.0, ""delta_2"": 282.0, ""delta_20"": 406.0, ""delta_21"": 0.0, ""delta_3"": null, ""delta_4"": 1.0, ""delta_5"": -2.0, ""delta_6"": -1.0, ""delta_7"": -1.0, ""delta_8"": -2.0, ""delta_9"": 0.0, ""door_leading_lower_asym_delta"": 0.0, ""door_leading_upper_asym_delta"": -3.0, ""door_trailing_lower_asym_delta"": 3.0, ""door_trailing_upper_asym_delta"": 2.0, ""firewall_side_asym_delta"": -14.0, ""front_bumper_left_delta"": 406.0, ""front_bumper_right_delta"": 392.0, ""front_engine_block_delta"": 0.0, ""front_engine_front_delta"": 282.0, ""front_firewall_center_delta"": null, ""front_firewall_left_delta"": 61.0, ""front_firewall_right_delta"": 75.0, ""front_left_right_asym_delta"": 14.0, ""front_left_right_bumper_asymmetry"": 14.0, ""front_structural_delta"": 282.0, ""front_structural_delta_median"": 282.0, ""front_total_length_shortening"": 554.0, ""rear_total_length_shortening"": null, ""total_length_shortening"": 554.0}",554.0,282.0,14.0,,56.71,closingSpeed,15.752777777777778,206460.80641975312,1664.0,1460.0,4806.0,1820.0,2769.0,1325.0,56.71,56.71,0.0,0.0,0.0,0.0,0.0,0.0,DIRECT ENGAGEMENT,NOT APPLICABLE,NOT APPLICABLE,VTB
3852,15415,4641,1,frontal_barrier,subject_vehicle,A_ProfileValid,AUDI,Q6 E-TRON,2025,UTILITY VEHICLE,12FDEW3,1,0.0,1140.0,0.0,483.0,274.0,407.0,483.0,441.0,375.0,262.0,483.0,394.8,401.47328678257037,450072.0,1.2234042553191489,-0.03520770010131712,-0.00999189254333107,0.5870236869207003,0.08268062827225131,0.10115183246073299,0.048535487245296854,0.0,"{""a_pillar_base_asym_delta"": -3.0, ""delta_1"": 486.0, ""delta_10"": -1.0, ""delta_11"": -11.0, ""delta_12"": 2.0, ""delta_13"": -1.0, ""delta_14"": 35.0, ""delta_15"": 0.0, ""delta_16"": -74.0, ""delta_17"": 73.0, ""delta_18"": -22.0, ""delta_19"": 260.0, ""delta_2"": 400.0, ""delta_20"": 274.0, ""delta_21"": -11.0, ""delta_3"": 35.0, ""delta_4"": 12.0, ""delta_5"": -7.0, ""delta_6"": 2.0, ""delta_7"": -6.0, ""delta_8"": -1.0, ""delta_9"": -6.0, ""door_leading_lower_asym_delta"": -8.0, ""door_leading_upper_asym_delta"": -19.0, ""door_trailing_lower_asym_delta"": -10.0, ""door_trailing_upper_asym_delta"": -5.0, ""firewall_side_asym_delta"": -35.0, ""front_bumper_left_delta"": 274.0, ""front_bumper_right_delta"": 260.0, ""front_engine_block_delta"": -11.0, ""front_engine_front_delta"": 400.0, ""front_firewall_center_delta"": 35.0, ""front_firewall_left_delta"": 0.0, ""front_firewall_right_delta"": 35.0, ""front_left_right_asym_delta"": 14.0, ""front_left_right_bumper_asymmetry"": 14.0, ""front_structural_delta"": 147.5, ""front_structural_delta_median"": 147.5, ""front_total_length_shortening"": 486.0, ""rear_total_length_shortening"": null, ""total_length_shortening"": 486.0}",486.0,147.5,14.0,,56.48,closingSpeed,15.688888888888888,327367.8419753086,2660.0,2395.0,4775.0,1942.0,2887.0,1557.0,56.48,56.48,0.0,0.0,0.0,0.0,,,DIRECT ENGAGEMENT,NOT APPLICABLE,NOT APPLICABLE,VTB
2813,10656,3336,1,frontal_barrier,subject_vehicle,A_ProfileValid,LEXUS,ES 350,2019,FOUR DOOR SEDAN,12FDEW2,1,0.0,1600.0,0.0,622.0,399.0,522.0,555.0,564.0,524.0,385.0,564.0,511.4,515.1492987474602,818240.0,1.2162690653109112,0.000684395776300352,-0.0013391830523036773,0.8560727661851257,0.10275266224633313,0.12497488446855536,0.08796375580210435,0.0,"{""a_pillar_base_asym_delta"": 16.0, ""delta_1"": 622.0, ""delta_10"": -9.0, ""delta_11"": -2.0, ""delta_12"": -11.0, ""delta_13"": 5.0, ""delta_14"": 7.0, ""delta_15"": -9.0, ""delta_16"": -73.0, ""delta_17"": 16.0, ""delta_18"": 2.0, ""delta_19"": 385.0, ""delta_2"": 305.0, ""delta_20"": 399.0, ""delta_21"": 0.0, ""delta_3"": null, ""delta_4"": 12.0, ""delta_5"": 7.0, ""delta_6"": -8.0, ""delta_7"": -2.0, ""delta_8"": 8.0, ""delta_9"": 3.0, ""door_leading_lower_asym_delta"": 6.0, ""door_leading_upper_asym_delta"": -5.0, ""door_trailing_lower_asym_delta"": 7.0, ""door_trailing_upper_asym_delta"": -5.0, ""firewall_side_asym_delta"": -16.0, ""front_bumper_left_delta"": 399.0, ""front_bumper_right_delta"": 385.0, ""front_engine_block_delta"": 0.0, ""front_engine_front_delta"": 305.0, ""front_firewall_center_delta"": null, ""front_firewall_left_delta"": -9.0, ""front_firewall_right_delta"": 7.0, ""front_left_right_asym_delta"": 14.0, ""front_left_right_bumper_asymmetry"": 14.0, ""front_structural_delta"": 305.0, ""front_structural_delta_median"": 305.0, ""front_total_length_shortening"": 622.0, ""rear_total_length_shortening"": null, ""total_length_shortening"": 622.0}",622.0,305.0,14.0,,56.19,closingSpeed,15.608333333333333,230099.15559027778,1889.0,1696.0,4977.0,1869.0,2870.0,1231.0,56.19,56.19,0.0,0.0,0.0,0.0,0.0,0.0,DIRECT ENGAGEMENT,NOT APPLICABLE,NOT APPLICABLE,VTB
3251,11377,3872,1,frontal_barrier,subject_vehicle,A_ProfileValid,MERCEDES,GLE CLASS ,2021,UTILITY VEHICLE,12FDEW2,1,0.0,1668.0,0.0,315.0,240.0,305.0,315.0,290.0,245.0,210.0,315.0,276.00000000000006,278.2894176931635,460368.00000000006,1.1413043478260867,-0.06793478260869565,-0.034800491784955874,0.8575835475578406,0.05600649350649352,0.06392045454545454,0.048030247387573874,0.0,"{""a_pillar_base_asym_delta"": 0.0, ""delta_1"": 318.0, ""delta_10"": -5.0, ""delta_11"": 0.0, ""delta_12"": 2.0, ""delta_13"": 2.0, ""delta_14"": 0.0, ""delta_15"": -3.0, ""delta_16"": -10.0, ""delta_17"": -11.0, ""delta_18"": 2.0, ""delta_19"": 100.0, ""delta_2"": 13.0, ""delta_20"": 55.0, ""delta_21"": 0.0, ""delta_3"": -1.0, ""delta_4"": -8.0, ""delta_5"": -3.0, ""delta_6"": -5.0, ""delta_7"": -6.0, ""delta_8"": -1.0, ""delta_9"": 0.0, ""door_leading_lower_asym_delta"": -1.0, ""door_leading_upper_asym_delta"": 5.0, ""door_trailing_lower_asym_delta"": 5.0, ""door_trailing_upper_asym_delta"": 1.0, ""firewall_side_asym_delta"": -3.0, ""front_bumper_left_delta"": 55.0, ""front_bumper_right_delta"": 100.0, ""front_engine_block_delta"": 0.0, ""front_engine_front_delta"": 13.0, ""front_firewall_center_delta"": -1.0, ""front_firewall_left_delta"": -3.0, ""front_firewall_right_delta"": 0.0, ""front_left_right_asym_delta"": -45.0, ""front_left_right_bumper_asymmetry"": -45.0, ""front_structural_delta"": 6.5, ""front_structural_delta_median"": 6.5, ""front_total_length_shortening"": 318.0, ""rear_total_length_shortening"": null, ""total_length_shortening"": 318.0}",318.0,6.5,-45.0,,56.5,closingSpeed,15.694444444444445,291883.9699074074,2370.0,2135.0,4928.0,1945.0,2991.0,1516.0,56.5,56.5,0.0,0.0,,0.0,,,DIRECT ENGAGEMENT,NOT APPLICABLE,NOT APPLICABLE,VTB
1488,8948,1781,1,frontal_barrier,subject_vehicle,A_ProfileValid,FORD,ESCAPE,2014,OTHER,11FDEW2,1,0.0,1801.0,0.0,411.0,411.0,356.0,240.0,31.0,-31.0,-13.0,411.0,158.99999999999997,232.7243004071556,286358.99999999994,2.584905660377359,-0.9506289308176101,-0.6113207547169814,1.0,0.0350838481906443,0.09068843777581642,0.0350838481906443,0.0,"{""a_pillar_base_asym_delta"": 0.0, ""delta_1"": 171.0, ""delta_10"": 0.0, ""delta_11"": 0.0, ""delta_12"": 0.0, ""delta_13"": 0.0, ""delta_14"": 0.0, ""delta_15"": 0.0, ""delta_16"": 0.0, ""delta_17"": 0.0, ""delta_18"": 0.0, ""delta_19"": -13.0, ""delta_2"": 0.0, ""delta_20"": 411.0, ""delta_21"": 0.0, ""delta_3"": null, ""delta_4"": 0.0, ""delta_5"": 0.0, ""delta_6"": 0.0, ""delta_7"": 0.0, ""delta_8"": 0.0, ""delta_9"": 0.0, ""door_leading_lower_asym_delta"": 0.0, ""door_leading_upper_asym_delta"": 0.0, ""door_trailing_lower_asym_delta"": 0.0, ""door_trailing_upper_asym_delta"": 0.0, ""firewall_side_asym_delta"": 0.0, ""front_bumper_left_delta"": 411.0, ""front_bumper_right_delta"": -13.0, ""front_engine_block_delta"": 0.0, ""front_engine_front_delta"": 0.0, ""front_firewall_center_delta"": null, ""front_firewall_left_delta"": 0.0, ""front_firewall_right_delta"": 0.0, ""front_left_right_asym_delta"": 424.0, ""front_left_right_bumper_asymmetry"": 424.0, ""front_structural_delta"": 0.0, ""front_structural_delta_median"": 0.0, ""front_total_length_shortening"": 171.0, ""rear_total_length_shortening"": null, ""total_length_shortening"": 171.0}",171.0,0.0,424.0,,39.7,closingSpeed,11.027777777777779,108721.02314814816,1788.0,,4532.0,1801.0,2686.0,1166.0,39.7,39.7,30.0,0.0,0.0,0.0,0.0,0.0,DIRECT ENGAGEMENT,NO DIRECT ENGAGEMENT,NO DIRECT ENGAGEMENT,VTB
769,8080,927,1,frontal_barrier,subject_vehicle,A_ProfileValid,MERCEDES,C-CLASS,2013,FOUR DOOR SEDAN,12FDEWX,1,0.0,1452.0,0.0,427.0,181.0,345.0,393.0,390.0,358.0,225.0,393.0,337.8,345.08868425377267,490485.60000000003,1.2640615748963884,0.01939017169923027,0.014142346083606398,0.8180281690140845,0.07295896328293737,0.09222462203023758,0.059682487147507075,0.0,"{""a_pillar_base_asym_delta"": 80.0, ""delta_1"": 427.0, ""delta_10"": 1.0, ""delta_11"": -7.0, ""delta_12"": -88.0, ""delta_13"": -8.0, ""delta_14"": -24.0, ""delta_15"": 22.0, ""delta_16"": -48.0, ""delta_17"": -5.0, ""delta_18"": 26.0, ""delta_19"": 83.0, ""delta_2"": 141.0, ""delta_20"": 47.0, ""delta_21"": 0.0, ""delta_3"": null, ""delta_4"": -9.0, ""delta_5"": -15.0, ""delta_6"": 0.0, ""delta_7"": -6.0, ""delta_8"": -11.0, ""delta_9"": -17.0, ""door_leading_lower_asym_delta"": -6.0, ""door_leading_upper_asym_delta"": -6.0, ""door_trailing_lower_asym_delta"": -8.0, ""door_trailing_upper_asym_delta"": -6.0, ""firewall_side_asym_delta"": 46.0, ""front_bumper_left_delta"": 47.0, ""front_bumper_right_delta"": 83.0, ""front_engine_block_delta"": 0.0, ""front_engine_front_delta"": 141.0, ""front_firewall_center_delta"": null, ""front_firewall_left_delta"": 22.0, ""front_firewall_right_delta"": -24.0, ""front_left_right_asym_delta"": -36.0, ""front_left_right_bumper_asymmetry"": -36.0, ""front_structural_delta"": 47.0, ""front_structural_delta_median"": 47.0, ""front_total_length_shortening"": 427.0, ""rear_total_length_shortening"": null, ""total_length_shortening"": 427.0}",427.0,47.0,-36.0,,56.16,closingSpeed,15.599999999999998,231191.99999999994,1900.0,1705.0,4630.0,1775.0,2763.0,1356.0,56.16,56.16,0.0,0.0,0.0,0.0,0.0,0.0,DIRECT ENGAGEMENT,NOT APPLICABLE,NOT APPLICABLE,VTB
1150,8358,1357,1,frontal_barrier,subject_vehicle,A_ProfileValid,ACURA,RDX,2014,UTILITY VEHICLE,12FDEW6,1,0.0,1420.0,0.0,476.0,274.0,422.0,476.0,447.0,437.0,364.0,476.0,420.2,424.08112431467634,596684.0,1.1327939076630176,0.01820561637315564,0.017495632737926956,0.7626208378088077,0.09026852846401719,0.10225563909774436,0.068840660804997,0.0,"{""a_pillar_base_asym_delta"": 0.0, ""delta_1"": 438.0, ""delta_10"": 0.0, ""delta_11"": 0.0, ""delta_12"": 0.0, ""delta_13"": 0.0, ""delta_14"": 2.0, ""delta_15"": 0.0, ""delta_16"": -42.0, ""delta_17"": 5.0, ""delta_18"": 15.0, ""delta_19"": 364.0, ""delta_2"": 290.0, ""delta_20"": 274.0, ""delta_21"": 0.0, ""delta_3"": null, ""delta_4"": 0.0, ""delta_5"": 0.0, ""delta_6"": 0.0, ""delta_7"": 0.0, ""delta_8"": 0.0, ""delta_9"": 0.0, ""door_leading_lower_asym_delta"": 0.0, ""door_leading_upper_asym_delta"": 0.0, ""door_trailing_lower_asym_delta"": 0.0, ""door_trailing_upper_asym_delta"": 0.0, ""firewall_side_asym_delta"": -2.0, ""front_bumper_left_delta"": 274.0, ""front_bumper_right_delta"": 364.0, ""front_engine_block_delta"": 0.0, ""front_engine_front_delta"": 290.0, ""front_firewall_center_delta"": null, ""front_firewall_left_delta"": 0.0, ""front_firewall_right_delta"": 2.0, ""front_left_right_asym_delta"": -90.0, ""front_left_right_bumper_asymmetry"": -90.0, ""front_structural_delta"": 274.0, ""front_structural_delta_median"": 274.0, ""front_total_length_shortening"": 438.0, ""rear_total_length_shortening"": null, ""total_length_shortening"": 438.0}",438.0,274.0,-90.0,,56.25,closingSpeed,15.625,235107.421875,1926.0,1737.0,4655.0,1862.0,2680.0,1162.0,56.25,56.25,0.0,0.0,0.0,0.0,0.0,0.0,DIRECT ENGAGEMENT,NOT APPLICABLE,NOT APPLICABLE,VTB
617,7969,738,1,frontal_barrier,subject_vehicle,A_ProfileValid,TOYOTA,VENZA,2013,UTILITY VEHICLE,12FDEW6,1,0.0,1330.0,0.0,623.0,412.0,576.0,577.0,574.0,584.0,433.0,584.0,546.7,550.2460358784969,727111.0,1.1395646606914211,0.005944759465886226,0.0037644046094750323,0.7,0.11370632279534111,0.1295757071547421,0.07959442595673877,0.0,"{""a_pillar_base_asym_delta"": 0.0, ""delta_1"": 623.0, ""delta_10"": 0.0, ""delta_11"": 0.0, ""delta_12"": 2.0, ""delta_13"": 2.0, ""delta_14"": 20.0, ""delta_15"": 31.0, ""delta_16"": 10.0, ""delta_17"": 18.0, ""delta_18"": -8.0, ""delta_19"": 433.0, ""delta_2"": 89.0, ""delta_20"": 412.0, ""delta_21"": 0.0, ""delta_3"": null, ""delta_4"": 0.0, ""delta_5"": 0.0, ""delta_6"": 2.0, ""delta_7"": 0.0, ""delta_8"": 0.0, ""delta_9"": 0.0, ""door_leading_lower_asym_delta"": -2.0, ""door_leading_upper_asym_delta"": 0.0, ""door_trailing_lower_asym_delta"": 0.0, ""door_trailing_upper_asym_delta"": 0.0, ""firewall_side_asym_delta"": 11.0, ""front_bumper_left_delta"": 412.0, ""front_bumper_right_delta"": 433.0, ""front_engine_block_delta"": 0.0, ""front_engine_front_delta"": 89.0, ""front_firewall_center_delta"": null, ""front_firewall_left_delta"": 31.0, ""front_firewall_right_delta"": 20.0, ""front_left_right_asym_delta"": -21.0, ""front_left_right_bumper_asymmetry"": -21.0, ""front_structural_delta"": 89.0, ""front_structural_delta_median"": 89.0, ""front_total_length_shortening"": 623.0, ""rear_total_length_shortening"": null, ""total_length_shortening"": 623.0}",623.0,89.0,-21.0,,56.2,closingSpeed,15.61111111111111,242610.10956790124,1991.0,1798.0,4808.0,1900.0,2774.0,1285.0,56.2,56.2,0.0,0.0,0.0,0.0,0.0,0.0,DIRECT ENGAGEMENT,NOT APPLICABLE,NOT APPLICABLE,VTB
275,7505,328,1,frontal_barrier,subject_vehicle,A_ProfileValid,FIAT,500,2012,THREE DOOR HATCHBACK,12FDEW6,1,0.0,1255.0,0.0,310.0,160.0,252.0,273.0,269.0,250.0,143.0,273.0,239.1,243.27700261224857,300070.5,1.2965286491007946,-0.011292346298619825,-0.006783129041598302,0.7723076923076924,0.06792613636363636,0.08806818181818182,0.052459877622377624,0.0,"{""a_pillar_base_asym_delta"": 8.0, ""delta_1"": 310.0, ""delta_10"": -21.0, ""delta_11"": -4.0, ""delta_12"": -35.0, ""delta_13"": -27.0, ""delta_14"": -1890.0, ""delta_15"": 2145.0, ""delta_16"": -32.0, ""delta_17"": 10.0, ""delta_18"": 28.0, ""delta_19"": -114.0, ""delta_2"": 182.0, ""delta_20"": -70.0, ""delta_21"": 0.0, ""delta_3"": null, ""delta_4"": -30.0, ""delta_5"": -30.0, ""delta_6"": -3.0, ""delta_7"": -5.0, ""delta_8"": -30.0, ""delta_9"": -29.0, ""door_leading_lower_asym_delta"": -2.0, ""door_leading_upper_asym_delta"": 0.0, ""door_trailing_lower_asym_delta"": 17.0, ""door_trailing_upper_asym_delta"": 1.0, ""firewall_side_asym_delta"": 4035.0, ""front_bumper_left_delta"": -70.0, ""front_bumper_right_delta"": -114.0, ""front_engine_block_delta"": 0.0, ""front_engine_front_delta"": 182.0, ""front_firewall_center_delta"": null, ""front_firewall_left_delta"": 2145.0, ""front_firewall_right_delta"": -1890.0, ""front_left_right_asym_delta"": 44.0, ""front_left_right_bumper_asymmetry"": 44.0, ""front_structural_delta"": -70.0, ""front_structural_delta_median"": -70.0, ""front_total_length_shortening"": 310.0, ""rear_total_length_shortening"": null, ""total_length_shortening"": 310.0}",310.0,-70.0,44.0,,56.03,closingSpeed,15.563888888888888,158421.45282407405,1308.0,1108.0,3520.0,1625.0,2305.0,917.0,56.03,56.03,0.0,0.0,0.0,0.0,0.0,0.0,DIRECT ENGAGEMENT,NOT APPLICABLE,NOT APPLICABLE,VTB
2179,9969,2618,1,frontal_barrier,subject_vehicle,A_ProfileValid,CHEVROLET,CAMARO,2017,TWO DOOR COUPE,12FDEW2,1,0.0,1684.0,0.0,683.0,341.0,460.0,574.0,580.0,463.0,325.0,580.0,482.0,490.46875537591586,811688.0,1.4170124481327802,-0.00020746887966793505,-0.0018427088257436685,0.8881856540084389,0.1009635525764558,0.1430666108085463,0.0896743789761348,0.0,"{""a_pillar_base_asym_delta"": 0.0, ""delta_1"": 673.0, ""delta_10"": -8.0, ""delta_11"": -7.0, ""delta_12"": -6.0, ""delta_13"": -6.0, ""delta_14"": 33.0, ""delta_15"": 20.0, ""delta_16"": -70.0, ""delta_17"": 95.0, ""delta_18"": 0.0, ""delta_19"": 315.0, ""delta_2"": 62.0, ""delta_20"": 331.0, ""delta_21"": 0.0, ""delta_3"": 13.0, ""delta_4"": 5.0, ""delta_5"": 3.0, ""delta_6"": -9.0, ""delta_7"": -12.0, ""delta_8"": 1.0, ""delta_9"": 1.0, ""door_leading_lower_asym_delta"": -3.0, ""door_leading_upper_asym_delta"": -2.0, ""door_trailing_lower_asym_delta"": 1.0, ""door_trailing_upper_asym_delta"": 0.0, ""firewall_side_asym_delta"": -13.0, ""front_bumper_left_delta"": 331.0, ""front_bumper_right_delta"": 315.0, ""front_engine_block_delta"": 0.0, ""front_engine_front_delta"": 62.0, ""front_firewall_center_delta"": 13.0, ""front_firewall_left_delta"": 20.0, ""front_firewall_right_delta"": 33.0, ""front_left_right_asym_delta"": 16.0, ""front_left_right_bumper_asymmetry"": 16.0, ""front_structural_delta"": 47.5, ""front_structural_delta_median"": 47.5, ""front_total_length_shortening"": 673.0, ""rear_total_length_shortening"": null, ""total_length_shortening"": 673.0}",673.0,47.5,16.0,,56.63,closingSpeed,15.730555555555556,209095.5694830247,1690.0,1500.0,4774.0,1896.0,2823.0,1424.0,56.63,56.63,0.0,0.0,0.0,0.0,0.0,0.0,DIRECT ENGAGEMENT,NOT APPLICABLE,NOT APPLICABLE,VTB
3323,11591,3966,1,frontal_barrier,subject_vehicle,A_ProfileValid,MITSUBISHI,ECLIPSE CROSS ,2022,UTILITY VEHICLE,12FDEW3,1,0.0,1453.0,-457.0,611.0,302.0,608.0,611.0,605.0,584.0,141.0,611.0,525.9,548.7455694581961,764132.7,1.1618178360905116,-0.041452747670659776,-0.02938716383951068,0.8040951853901495,0.1156841179058513,0.13440387153541575,0.09302104223420139,-0.5058107360265633,"{""a_pillar_base_asym_delta"": -3.0, ""delta_1"": 621.0, ""delta_10"": 3.0, ""delta_11"": 0.0, ""delta_12"": 3.0, ""delta_13"": 0.0, ""delta_14"": 23.0, ""delta_15"": 27.0, ""delta_16"": -27.0, ""delta_17"": 2.0, ""delta_18"": -33.0, ""delta_19"": 578.0, ""delta_2"": 179.0, ""delta_20"": 604.0, ""delta_21"": 0.0, ""delta_3"": 75.0, ""delta_4"": 7.0, ""delta_5"": 1.0, ""delta_6"": 4.0, ""delta_7"": -4.0, ""delta_8"": 6.0, ""delta_9"": 2.0, ""door_leading_lower_asym_delta"": -8.0, ""door_leading_upper_asym_delta"": -6.0, ""door_trailing_lower_asym_delta"": -3.0, ""door_trailing_upper_asym_delta"": -4.0, ""firewall_side_asym_delta"": 4.0, ""front_bumper_left_delta"": 604.0, ""front_bumper_right_delta"": 578.0, ""front_engine_block_delta"": 0.0, ""front_engine_front_delta"": 179.0, ""front_firewall_center_delta"": 75.0, ""front_firewall_left_delta"": 27.0, ""front_firewall_right_delta"": 23.0, ""front_left_right_asym_delta"": 26.0, ""front_left_right_bumper_asymmetry"": 26.0, ""front_structural_delta"": 127.0, ""front_structural_delta_median"": 127.0, ""front_total_length_shortening"": 621.0, ""rear_total_length_shortening"": null, ""total_length_shortening"": 621.0}",621.0,127.0,26.0,,56.29,closingSpeed,15.636111111111111,210259.6547839506,1720.0,1552.0,4546.0,1807.0,2667.0,1183.0,56.29,56.29,0.0,,,0.0,0.0,0.0,DIRECT ENGAGEMENT,NOT APPLICABLE,NOT APPLICABLE,VTB
2154,9946,2587,1,frontal_barrier,subject_vehicle,A_ProfileValid,GMC,ACADIA,2017,UTILITY VEHICLE,12FDEW2,1,0.0,1524.0,0.0,454.0,348.0,412.0,454.0,431.0,406.0,311.0,454.0,406.5,408.74674310629075,619506.0,1.116851168511685,-0.02054120541205397,-0.010454346632239172,0.795822454308094,0.082706002034588,0.09237029501525941,0.06581929352517603,0.0,"{""a_pillar_base_asym_delta"": 15.0, ""delta_1"": 441.0, ""delta_10"": -3.0, ""delta_11"": -3.0, ""delta_12"": -10.0, ""delta_13"": 5.0, ""delta_14"": -4.0, ""delta_15"": 14.0, ""delta_16"": -22.0, ""delta_17"": -4.0, ""delta_18"": -50.0, ""delta_19"": 333.0, ""delta_2"": 321.0, ""delta_20"": 326.0, ""delta_21"": 0.0, ""delta_3"": null, ""delta_4"": 2.0, ""delta_5"": 12.0, ""delta_6"": -2.0, ""delta_7"": 3.0, ""delta_8"": 4.0, ""delta_9"": 12.0, ""door_leading_lower_asym_delta"": 5.0, ""door_leading_upper_asym_delta"": 10.0, ""door_trailing_lower_asym_delta"": 0.0, ""door_trailing_upper_asym_delta"": 8.0, ""firewall_side_asym_delta"": 18.0, ""front_bumper_left_delta"": 326.0, ""front_bumper_right_delta"": 333.0, ""front_engine_block_delta"": 0.0, ""front_engine_front_delta"": 321.0, ""front_firewall_center_delta"": null, ""front_firewall_left_delta"": 14.0, ""front_firewall_right_delta"": -4.0, ""front_left_right_asym_delta"": -7.0, ""front_left_right_bumper_asymmetry"": -7.0, ""front_structural_delta"": 321.0, ""front_structural_delta_median"": 321.0, ""front_total_length_shortening"": 441.0, ""rear_total_length_shortening"": null, ""total_length_shortening"": 441.0}",441.0,321.0,-7.0,,56.91,closingSpeed,15.808333333333332,287263.9614930555,2299.0,2032.0,4915.0,1915.0,2860.0,1394.0,56.91,56.91,0.0,0.0,0.0,0.0,0.0,0.0,DIRECT ENGAGEMENT,NOT APPLICABLE,NOT APPLICABLE,VTB
2111,9764,2532,1,frontal_barrier,subject_vehicle,A_ProfileValid,CHEVROLET,CRUZE,2016,FOUR DOOR SEDAN,12FDEW2,1,0.0,1727.0,0.0,488.0,256.0,368.0,459.0,483.0,406.0,271.0,483.0,395.9,403.4150468190298,683719.2999999999,1.232634503662541,0.032078807779742306,0.01718447419381999,0.9691358024691358,0.08499355946758265,0.10476599398883642,0.08237030145932392,0.0,"{""a_pillar_base_asym_delta"": -2.0, ""delta_1"": 488.0, ""delta_10"": -21.0, ""delta_11"": -9.0, ""delta_12"": -2.0, ""delta_13"": -4.0, ""delta_14"": -6.0, ""delta_15"": 7.0, ""delta_16"": -54.0, ""delta_17"": 1.0, ""delta_18"": 3.0, ""delta_19"": 271.0, ""delta_2"": 203.0, ""delta_20"": 256.0, ""delta_21"": -1.0, ""delta_3"": null, ""delta_4"": -4.0, ""delta_5"": -2.0, ""delta_6"": -11.0, ""delta_7"": -3.0, ""delta_8"": -7.0, ""delta_9"": -6.0, ""door_leading_lower_asym_delta"": 8.0, ""door_leading_upper_asym_delta"": 2.0, ""door_trailing_lower_asym_delta"": 12.0, ""door_trailing_upper_asym_delta"": 1.0, ""firewall_side_asym_delta"": 13.0, ""front_bumper_left_delta"": 256.0, ""front_bumper_right_delta"": 271.0, ""front_engine_block_delta"": -1.0, ""front_engine_front_delta"": 203.0, ""front_firewall_center_delta"": null, ""front_firewall_left_delta"": 7.0, ""front_firewall_right_delta"": -6.0, ""front_left_right_asym_delta"": -15.0, ""front_left_right_bumper_asymmetry"": -15.0, ""front_structural_delta"": 203.0, ""front_structural_delta_median"": 203.0, ""front_total_length_shortening"": 488.0, ""rear_total_length_shortening"": null, ""total_length_shortening"": 488.0}",488.0,203.0,-15.0,,56.5,closingSpeed,15.694444444444445,185475.63657407407,1506.0,1320.0,4658.0,1782.0,2697.0,1161.0,56.5,56.5,0.0,0.0,0.0,0.0,0.0,0.0,DIRECT ENGAGEMENT,NOT APPLICABLE,NOT APPLICABLE,VTB
1189,8412,1407,1,frontal_barrier,subject_vehicle,A_ProfileValid,KIA,SEDONA,2014,MINIVAN,12FDEW6,1,0.0,1792.0,0.0,583.0,340.0,540.0,576.0,581.0,537.0,342.0,581.0,515.0,522.6065441610925,922880.0,1.1320388349514563,0.0006796116504854495,7.130351742793197e-05,0.9180327868852459,0.09984490112446685,0.1130283055447848,0.09166089283557612,0.0,"{""a_pillar_base_asym_delta"": 1.0, ""delta_1"": 583.0, ""delta_10"": 0.0, ""delta_11"": 0.0, ""delta_12"": 1.0, ""delta_13"": 2.0, ""delta_14"": 60.0, ""delta_15"": 74.0, ""delta_16"": 0.0, ""delta_17"": 0.0, ""delta_18"": 0.0, ""delta_19"": 342.0, ""delta_2"": 274.0, ""delta_20"": 340.0, ""delta_21"": 0.0, ""delta_3"": null, ""delta_4"": 0.0, ""delta_5"": 2.0, ""delta_6"": 0.0, ""delta_7"": 0.0, ""delta_8"": 0.0, ""delta_9"": 0.0, ""door_leading_lower_asym_delta"": 0.0, ""door_leading_upper_asym_delta"": 2.0, ""door_trailing_lower_asym_delta"": 0.0, ""door_trailing_upper_asym_delta"": 0.0, ""firewall_side_asym_delta"": 14.0, ""front_bumper_left_delta"": 340.0, ""front_bumper_right_delta"": 342.0, ""front_engine_block_delta"": 0.0, ""front_engine_front_delta"": 274.0, ""front_firewall_center_delta"": null, ""front_firewall_left_delta"": 74.0, ""front_firewall_right_delta"": 60.0, ""front_left_right_asym_delta"": -2.0, ""front_left_right_bumper_asymmetry"": -2.0, ""front_structural_delta"": 274.0, ""front_structural_delta_median"": 274.0, ""front_total_length_shortening"": 583.0, ""rear_total_length_shortening"": null, ""total_length_shortening"": 583.0}",583.0,274.0,-2.0,,56.42,closingSpeed,15.672222222222222,271654.11561728397,2212.0,2029.0,5158.0,1952.0,3020.0,1346.0,56.42,56.42,0.0,0.0,0.0,0.0,0.0,0.0,DIRECT ENGAGEMENT,NOT APPLICABLE,NOT APPLICABLE,VTB
1904,9692,2282,1,frontal_barrier,subject_vehicle,A_ProfileValid,TOYOTA,CAMRY,2015,FOUR DOOR SEDAN,12FDEW2,1,0.0,1340.0,0.0,326.0,273.0,309.0,304.0,326.0,296.0,211.0,326.0,295.4,297.0905585844155,395836.0,1.103588354773189,-0.018618821936357482,-0.017166780997666456,0.7370737073707371,0.06088211046990931,0.06718878812860676,0.044874602876610825,0.0,"{""a_pillar_base_asym_delta"": 0.0, ""delta_1"": 304.0, ""delta_10"": 0.0, ""delta_11"": 0.0, ""delta_12"": 0.0, ""delta_13"": 0.0, ""delta_14"": 0.0, ""delta_15"": 0.0, ""delta_16"": 0.0, ""delta_17"": 0.0, ""delta_18"": 0.0, ""delta_19"": 211.0, ""delta_2"": 0.0, ""delta_20"": 273.0, ""delta_21"": 0.0, ""delta_3"": null, ""delta_4"": 0.0, ""delta_5"": 0.0, ""delta_6"": 0.0, ""delta_7"": 0.0, ""delta_8"": 0.0, ""delta_9"": 0.0, ""door_leading_lower_asym_delta"": 0.0, ""door_leading_upper_asym_delta"": 0.0, ""door_trailing_lower_asym_delta"": 0.0, ""door_trailing_upper_asym_delta"": 0.0, ""firewall_side_asym_delta"": 0.0, ""front_bumper_left_delta"": 273.0, ""front_bumper_right_delta"": 211.0, ""front_engine_block_delta"": 0.0, ""front_engine_front_delta"": 0.0, ""front_firewall_center_delta"": null, ""front_firewall_left_delta"": 0.0, ""front_firewall_right_delta"": 0.0, ""front_left_right_asym_delta"": 62.0, ""front_left_right_bumper_asymmetry"": 62.0, ""front_structural_delta"": 0.0, ""front_structural_delta_median"": 0.0, ""front_total_length_shortening"": 304.0, ""rear_total_length_shortening"": null, ""total_length_shortening"": 304.0}",304.0,0.0,62.0,,39.6,closingSpeed,11.0,102245.0,1690.0,,4852.0,1818.0,2772.0,1183.0,39.6,39.6,0.0,0.0,0.0,0.0,0.0,0.0,DIRECT ENGAGEMENT,NO DIRECT ENGAGEMENT,NO DIRECT ENGAGEMENT,VTB
369,7624,447,1,frontal_barrier,subject_vehicle,A_ProfileValid,FORD,EXPEDITION,2012,UTILITY VEHICLE,12FDEW6,1,0.0,1683.0,0.0,522.0,344.0,510.0,522.0,467.0,390.0,287.0,522.0,440.90000000000003,447.91193330832346,742034.7000000001,1.1839419369471536,-0.0860739396688592,-0.04365301742938396,0.8630769230769231,0.08430210325047802,0.09980879541108986,0.07275919988233565,0.0,"{""a_pillar_base_asym_delta"": -13.0, ""delta_1"": 518.0, ""delta_10"": -9.0, ""delta_11"": -7.0, ""delta_12"": -27.0, ""delta_13"": -40.0, ""delta_14"": 4.0, ""delta_15"": 0.0, ""delta_16"": -50.0, ""delta_17"": -15.0, ""delta_18"": -25.0, ""delta_19"": 220.0, ""delta_2"": 168.0, ""delta_20"": 130.0, ""delta_21"": 0.0, ""delta_3"": null, ""delta_4"": -24.0, ""delta_5"": -40.0, ""delta_6"": -10.0, ""delta_7"": -5.0, ""delta_8"": -24.0, ""delta_9"": -42.0, ""door_leading_lower_asym_delta"": 5.0, ""door_leading_upper_asym_delta"": -16.0, ""door_trailing_lower_asym_delta"": 2.0, ""door_trailing_upper_asym_delta"": -18.0, ""firewall_side_asym_delta"": -4.0, ""front_bumper_left_delta"": 130.0, ""front_bumper_right_delta"": 220.0, ""front_engine_block_delta"": 0.0, ""front_engine_front_delta"": 168.0, ""front_firewall_center_delta"": null, ""front_firewall_left_delta"": 0.0, ""front_firewall_right_delta"": 4.0, ""front_left_right_asym_delta"": -90.0, ""front_left_right_bumper_asymmetry"": -90.0, ""front_structural_delta"": 130.0, ""front_structural_delta_median"": 130.0, ""front_total_length_shortening"": 518.0, ""rear_total_length_shortening"": null, ""total_length_shortening"": 518.0}",518.0,130.0,-90.0,,56.41,closingSpeed,15.669444444444443,359212.5686959876,2926.0,2655.0,5230.0,1950.0,3023.0,1591.0,56.41,56.41,0.0,0.0,0.0,0.0,0.0,0.0,DIRECT ENGAGEMENT,NOT APPLICABLE,NOT APPLICABLE,VTB
3129,11146,3726,1,frontal_barrier,subject_vehicle,A_ProfileValid,NISSAN,LEAF,2020,FIVE DOOR HATCHBACK,12FDEW3,1,0.0,1310.0,0.0,528.0,355.0,497.0,480.0,511.0,528.0,403.0,528.0,479.0,481.9815349160173,627490.0,1.1022964509394573,0.03267223382045929,0.014251081459750526,0.6994127068873465,0.10742318905584211,0.1184122000448531,0.07513314344001772,0.0,"{""a_pillar_base_asym_delta"": -7.0, ""delta_1"": 468.0, ""delta_10"": 5.0, ""delta_11"": -5.0, ""delta_12"": 20.0, ""delta_13"": 13.0, ""delta_14"": -8.0, ""delta_15"": 7.0, ""delta_16"": -84.0, ""delta_17"": 27.0, ""delta_18"": 8.0, ""delta_19"": 403.0, ""delta_2"": 189.0, ""delta_20"": 355.0, ""delta_21"": 0.0, ""delta_3"": 157.0, ""delta_4"": 8.0, ""delta_5"": 6.0, ""delta_6"": 8.0, ""delta_7"": -6.0, ""delta_8"": 4.0, ""delta_9"": -3.0, ""door_leading_lower_asym_delta"": -14.0, ""door_leading_upper_asym_delta"": -2.0, ""door_trailing_lower_asym_delta"": -10.0, ""door_trailing_upper_asym_delta"": -7.0, ""firewall_side_asym_delta"": 15.0, ""front_bumper_left_delta"": 355.0, ""front_bumper_right_delta"": 403.0, ""front_engine_block_delta"": 0.0, ""front_engine_front_delta"": 189.0, ""front_firewall_center_delta"": 157.0, ""front_firewall_left_delta"": 7.0, ""front_firewall_right_delta"": -8.0, ""front_left_right_asym_delta"": -48.0, ""front_left_right_bumper_asymmetry"": -48.0, ""front_structural_delta"": 173.0, ""front_structural_delta_median"": 173.0, ""front_total_length_shortening"": 468.0, ""rear_total_length_shortening"": null, ""total_length_shortening"": 468.0}",468.0,173.0,-48.0,,56.35,closingSpeed,15.652777777777779,217445.88879243832,1775.0,1591.0,4459.0,1873.0,2700.0,1180.0,56.35,56.35,0.0,0.0,0.0,0.0,0.0,0.0,DIRECT ENGAGEMENT,NOT APPLICABLE,NOT APPLICABLE,VTB
3870,15459,4664,1,frontal_barrier,subject_vehicle,A_ProfileValid,TESLA,CYBERTRUCK,2025,4 DOOR PICKUP,12FDEW3,1,0.0,1866.0,0.0,330.0,156.0,286.0,327.0,299.0,330.0,113.0,330.0,275.3,284.8081810622721,513709.8,1.198692335633854,0.0010897203051216627,-0.00045775612238300567,0.9001447178002895,0.04862239491345814,0.05828329212292476,0.04376719194814901,0.0,"{""a_pillar_base_asym_delta"": 8.0, ""delta_1"": 289.0, ""delta_10"": -9.0, ""delta_11"": -1.0, ""delta_12"": -7.0, ""delta_13"": 1.0, ""delta_14"": -12.0, ""delta_15"": -25.0, ""delta_16"": -53.0, ""delta_17"": 54.0, ""delta_18"": -16.0, ""delta_19"": 107.0, ""delta_2"": 209.0, ""delta_20"": 152.0, ""delta_21"": 0.0, ""delta_3"": -12.0, ""delta_4"": -4.0, ""delta_5"": 3.0, ""delta_6"": -4.0, ""delta_7"": 0.0, ""delta_8"": -10.0, ""delta_9"": -3.0, ""door_leading_lower_asym_delta"": 4.0, ""door_leading_upper_asym_delta"": 7.0, ""door_trailing_lower_asym_delta"": 8.0, ""door_trailing_upper_asym_delta"": 7.0, ""firewall_side_asym_delta"": -13.0, ""front_bumper_left_delta"": 152.0, ""front_bumper_right_delta"": 107.0, ""front_engine_block_delta"": 0.0, ""front_engine_front_delta"": 209.0, ""front_firewall_center_delta"": -12.0, ""front_firewall_left_delta"": -25.0, ""front_firewall_right_delta"": -12.0, ""front_left_right_asym_delta"": 45.0, ""front_left_right_bumper_asymmetry"": 45.0, ""front_structural_delta"": 47.5, ""front_structural_delta_median"": 47.5, ""front_total_length_shortening"": 289.0, ""rear_total_length_shortening"": null, ""total_length_shortening"": 289.0}",289.0,47.5,45.0,,56.11,closingSpeed,15.58611111111111,411275.17324845673,3386.0,3115.0,5662.0,2073.0,3638.0,1557.0,56.11,56.11,0.0,0.0,0.0,0.0,,,DIRECT ENGAGEMENT,NOT APPLICABLE,NOT APPLICABLE,VTB
296,7527,355,1,frontal_barrier,subject_vehicle,A_ProfileValid,RAM,1500 QUAD,2012,EXTENDED CAB PICKUP,12FDEW6,1,0.0,1308.0,0.0,395.0,347.0,365.0,374.0,367.0,355.0,342.0,374.0,361.09999999999997,361.2482525909295,472318.8,1.0938798116865136,-0.009831071725283842,-0.0035505372747188855,0.6475247524752475,0.06199141630901287,0.06781115879828326,0.040140976501083586,0.0,"{""a_pillar_base_asym_delta"": 0.0, ""delta_1"": 395.0, ""delta_10"": 0.0, ""delta_11"": 0.0, ""delta_12"": 2.0, ""delta_13"": 2.0, ""delta_14"": 0.0, ""delta_15"": 0.0, ""delta_16"": -16.0, ""delta_17"": 0.0, ""delta_18"": -5.0, ""delta_19"": 342.0, ""delta_2"": 87.0, ""delta_20"": 347.0, ""delta_21"": 0.0, ""delta_3"": null, ""delta_4"": 2.0, ""delta_5"": 0.0, ""delta_6"": 5.0, ""delta_7"": 3.0, ""delta_8"": 0.0, ""delta_9"": 0.0, ""door_leading_lower_asym_delta"": -2.0, ""door_leading_upper_asym_delta"": -2.0, ""door_trailing_lower_asym_delta"": 0.0, ""door_trailing_upper_asym_delta"": 0.0, ""firewall_side_asym_delta"": 0.0, ""front_bumper_left_delta"": 347.0, ""front_bumper_right_delta"": 342.0, ""front_engine_block_delta"": 0.0, ""front_engine_front_delta"": 87.0, ""front_firewall_center_delta"": null, ""front_firewall_left_delta"": 0.0, ""front_firewall_right_delta"": 0.0, ""front_left_right_asym_delta"": 5.0, ""front_left_right_bumper_asymmetry"": 5.0, ""front_structural_delta"": 87.0, ""front_structural_delta_median"": 87.0, ""front_total_length_shortening"": 395.0, ""rear_total_length_shortening"": null, ""total_length_shortening"": 395.0}",395.0,87.0,5.0,,56.2,closingSpeed,15.61111111111111,328151.19290123455,2693.0,2423.0,5825.0,2020.0,3566.0,1673.0,56.2,56.2,0.0,0.0,0.0,0.0,0.0,0.0,DIRECT ENGAGEMENT,NOT APPLICABLE,NOT APPLICABLE,VTB
1139,8356,1345,1,frontal_barrier,subject_vehicle,A_ProfileValid,TOYOTA,RAV4,2013,UTILITY VEHICLE,12FDEW6,1,0.0,1228.0,0.0,452.0,400.0,415.0,415.0,420.0,412.0,386.0,420.0,411.0,411.1184744085335,504708.0,1.099756690997567,-0.0030413625304136255,-0.002683374725279333,0.7069660333909038,0.0900131406044678,0.09899255365746824,0.06363623296619832,0.0,"{""a_pillar_base_asym_delta"": 0.0, ""delta_1"": 452.0, ""delta_10"": 0.0, ""delta_11"": 3.0, ""delta_12"": 3.0, ""delta_13"": 3.0, ""delta_14"": 3.0, ""delta_15"": 4.0, ""delta_16"": -72.0, ""delta_17"": -10.0, ""delta_18"": -35.0, ""delta_19"": 386.0, ""delta_2"": 277.0, ""delta_20"": 400.0, ""delta_21"": 0.0, ""delta_3"": null, ""delta_4"": 2.0, ""delta_5"": 0.0, ""delta_6"": 4.0, ""delta_7"": 4.0, ""delta_8"": 0.0, ""delta_9"": 1.0, ""door_leading_lower_asym_delta"": 0.0, ""door_leading_upper_asym_delta"": -2.0, ""door_trailing_lower_asym_delta"": 3.0, ""door_trailing_upper_asym_delta"": 1.0, ""firewall_side_asym_delta"": 1.0, ""front_bumper_left_delta"": 400.0, ""front_bumper_right_delta"": 386.0, ""front_engine_block_delta"": 0.0, ""front_engine_front_delta"": 277.0, ""front_firewall_center_delta"": null, ""front_firewall_left_delta"": 4.0, ""front_firewall_right_delta"": 3.0, ""front_left_right_asym_delta"": 14.0, ""front_left_right_bumper_asymmetry"": 14.0, ""front_structural_delta"": 277.0, ""front_structural_delta_median"": 277.0, ""front_total_length_shortening"": 452.0, ""rear_total_length_shortening"": null, ""total_length_shortening"": 452.0}",452.0,277.0,14.0,,56.57,closingSpeed,15.713888888888889,224085.6208912037,1815.0,1618.0,4566.0,1737.0,2662.0,1213.0,56.57,56.57,0.0,0.0,0.0,0.0,0.0,0.0,DIRECT ENGAGEMENT,NOT APPLICABLE,NOT APPLICABLE,VTB
1216,8456,1446,1,frontal_barrier,subject_vehicle,B_ProfilePartial,CHEVROLET,SILVERADO 1500,2014,EXTENDED CAB PICKUP,12FDEW6,1,0.0,2560.0,0.0,657.0,242.0,486.0,647.0,657.0,496.0,294.0,657.0,510.8,530.0886718276481,1307648.0,1.2862176977290525,0.017032106499608457,0.017039937353171497,1.28,0.0872714847086964,0.11225012813941568,0.11170750042713139,0.0,"{""a_pillar_base_asym_delta"": -10.0, ""delta_1"": 632.0, ""delta_10"": 15.0, ""delta_11"": 12.0, ""delta_12"": 58.0, ""delta_13"": 48.0, ""delta_14"": 0.0, ""delta_15"": 0.0, ""delta_16"": -37.0, ""delta_17"": 0.0, ""delta_18"": 55.0, ""delta_19"": 294.0, ""delta_2"": 164.0, ""delta_20"": 242.0, ""delta_21"": 0.0, ""delta_3"": null, ""delta_4"": -15.0, ""delta_5"": -21.0, ""delta_6"": 14.0, ""delta_7"": 13.0, ""delta_8"": -2.0, ""delta_9"": 2.0, ""door_leading_lower_asym_delta"": -1.0, ""door_leading_upper_asym_delta"": -6.0, ""door_trailing_lower_asym_delta"": -3.0, ""door_trailing_upper_asym_delta"": 4.0, ""firewall_side_asym_delta"": 0.0, ""front_bumper_left_delta"": 242.0, ""front_bumper_right_delta"": 294.0, ""front_engine_block_delta"": 0.0, ""front_engine_front_delta"": 164.0, ""front_firewall_center_delta"": null, ""front_firewall_left_delta"": 0.0, ""front_firewall_right_delta"": 0.0, ""front_left_right_asym_delta"": -52.0, ""front_left_right_bumper_asymmetry"": -52.0, ""front_structural_delta"": 164.0, ""front_structural_delta_median"": 164.0, ""front_total_length_shortening"": 632.0, ""rear_total_length_shortening"": null, ""total_length_shortening"": 632.0}",632.0,164.0,-52.0,,56.4,closingSpeed,15.666666666666666,326686.5555555555,2662.0,2392.0,5853.0,2000.0,3660.0,1602.0,56.4,56.4,0.0,0.0,0.0,0.0,0.0,0.0,DIRECT ENGAGEMENT,NOT APPLICABLE,NOT APPLICABLE,VTB
356,7612,431,1,frontal_barrier,subject_vehicle,A_ProfileValid,KIA,SOUL,2012,UTILITY VEHICLE,12FDEW6,1,0.0,1500.0,0.0,356.0,279.0,319.0,342.0,351.0,333.0,147.0,351.0,311.6,317.02996703781804,467400.0,1.1424903722721438,-0.02904364569961489,-0.030181304178506008,0.8426966292134831,0.07581508515815086,0.08661800486618004,0.0638891167063069,0.0,"{""a_pillar_base_asym_delta"": -1.0, ""delta_1"": 356.0, ""delta_10"": 22.0, ""delta_11"": 17.0, ""delta_12"": 4.0, ""delta_13"": 3.0, ""delta_14"": 257.0, ""delta_15"": 285.0, ""delta_16"": -95.0, ""delta_17"": 15.0, ""delta_18"": -51.0, ""delta_19"": 107.0, ""delta_2"": 182.0, ""delta_20"": 249.0, ""delta_21"": 0.0, ""delta_3"": null, ""delta_4"": 1.0, ""delta_5"": 2.0, ""delta_6"": 18.0, ""delta_7"": 8.0, ""delta_8"": -11.0, ""delta_9"": -14.0, ""door_leading_lower_asym_delta"": -10.0, ""door_leading_upper_asym_delta"": 1.0, ""door_trailing_lower_asym_delta"": -5.0, ""door_trailing_upper_asym_delta"": -3.0, ""firewall_side_asym_delta"": 28.0, ""front_bumper_left_delta"": 249.0, ""front_bumper_right_delta"": 107.0, ""front_engine_block_delta"": 0.0, ""front_engine_front_delta"": 182.0, ""front_firewall_center_delta"": null, ""front_firewall_left_delta"": 285.0, ""front_firewall_right_delta"": 257.0, ""front_left_right_asym_delta"": 142.0, ""front_left_right_bumper_asymmetry"": 142.0, ""front_structural_delta"": 249.0, ""front_structural_delta_median"": 249.0, ""front_total_length_shortening"": 356.0, ""rear_total_length_shortening"": null, ""total_length_shortening"": 356.0}",356.0,249.0,142.0,,56.42,closingSpeed,15.672222222222222,177827.82975308644,1448.0,1267.0,4110.0,1780.0,2550.0,1082.0,56.42,56.42,0.0,0.0,0.0,0.0,0.0,0.0,DIRECT ENGAGEMENT,NOT APPLICABLE,NOT APPLICABLE,VTB
2250,9991,2699,1,frontal_barrier,subject_vehicle,A_ProfileValid,MERCEDES,E-CLASS,2017,FOUR DOOR SEDAN,12FDEW2,1,0.0,1524.0,0.0,445.0,277.0,400.0,434.0,414.0,369.0,253.0,434.0,376.4,381.1251762872665,573633.6,1.1822529224229543,-0.030818278427205144,-0.015079805396773454,0.8202368137782562,0.07634888438133874,0.09026369168356999,0.06262416566047375,0.0,"{""a_pillar_base_asym_delta"": 0.0, ""delta_1"": 445.0, ""delta_10"": 5.0, ""delta_11"": -8.0, ""delta_12"": 0.0, ""delta_13"": 0.0, ""delta_14"": -26.0, ""delta_15"": -15.0, ""delta_16"": -11.0, ""delta_17"": 0.0, ""delta_18"": -36.0, ""delta_19"": 253.0, ""delta_2"": 69.0, ""delta_20"": 277.0, ""delta_21"": 0.0, ""delta_3"": null, ""delta_4"": 0.0, ""delta_5"": 0.0, ""delta_6"": 4.0, ""delta_7"": -8.0, ""delta_8"": -7.0, ""delta_9"": -1.0, ""door_leading_lower_asym_delta"": -12.0, ""door_leading_upper_asym_delta"": 0.0, ""door_trailing_lower_asym_delta"": -13.0, ""door_trailing_upper_asym_delta"": 6.0, ""firewall_side_asym_delta"": 11.0, ""front_bumper_left_delta"": 277.0, ""front_bumper_right_delta"": 253.0, ""front_engine_block_delta"": 0.0, ""front_engine_front_delta"": 69.0, ""front_firewall_center_delta"": null, ""front_firewall_left_delta"": -15.0, ""front_firewall_right_delta"": -26.0, ""front_left_right_asym_delta"": 24.0, ""front_left_right_bumper_asymmetry"": 24.0, ""front_structural_delta"": 69.0, ""front_structural_delta_median"": 69.0, ""front_total_length_shortening"": 445.0, ""rear_total_length_shortening"": null, ""total_length_shortening"": 445.0}",445.0,69.0,24.0,,56.43,closingSpeed,15.674999999999999,255410.99718749995,2079.0,1804.0,4930.0,1858.0,2940.0,1498.0,56.43,56.43,0.0,0.0,0.0,0.0,0.0,0.0,DIRECT ENGAGEMENT,NOT APPLICABLE,NOT APPLICABLE,VTB
291,7525,349,1,frontal_barrier,subject_vehicle,B_ProfilePartial,DODGE,DURANGO,2012,UTILITY VEHICLE,12FDEW2,1,0.0,1386.0,1456.0,437.0,357.0,425.0,437.0,437.0,413.0,355.0,437.0,413.6000000000001,414.6972389587372,573249.6000000001,1.056576402321083,-0.006286266924564757,-0.0028698405644130586,0.7237597911227154,0.0813532651455547,0.08595594020456333,0.058880222188897546,1.520626631853786,"{""a_pillar_base_asym_delta"": 0.0, ""delta_1"": 445.0, ""delta_10"": 0.0, ""delta_11"": 1.0, ""delta_12"": 4.0, ""delta_13"": 4.0, ""delta_14"": 38.0, ""delta_15"": -13.0, ""delta_16"": -68.0, ""delta_17"": 5.0, ""delta_18"": -35.0, ""delta_19"": 408.0, ""delta_2"": 124.0, ""delta_20"": 420.0, ""delta_21"": 6.0, ""delta_3"": null, ""delta_4"": 8.0, ""delta_5"": 11.0, ""delta_6"": 2.0, ""delta_7"": 1.0, ""delta_8"": 3.0, ""delta_9"": 2.0, ""door_leading_lower_asym_delta"": -1.0, ""door_leading_upper_asym_delta"": 3.0, ""door_trailing_lower_asym_delta"": 1.0, ""door_trailing_upper_asym_delta"": -1.0, ""firewall_side_asym_delta"": -51.0, ""front_bumper_left_delta"": 420.0, ""front_bumper_right_delta"": 408.0, ""front_engine_block_delta"": 6.0, ""front_engine_front_delta"": 124.0, ""front_firewall_center_delta"": null, ""front_firewall_left_delta"": -13.0, ""front_firewall_right_delta"": 38.0, ""front_left_right_asym_delta"": 12.0, ""front_left_right_bumper_asymmetry"": 12.0, ""front_structural_delta"": 124.0, ""front_structural_delta_median"": 124.0, ""front_total_length_shortening"": 445.0, ""rear_total_length_shortening"": null, ""total_length_shortening"": 445.0}",445.0,124.0,12.0,,56.31,closingSpeed,15.641666666666667,298609.64892361115,2441.0,2241.0,5084.0,1915.0,3042.0,1586.0,56.31,56.31,0.0,0.0,0.0,0.0,0.0,0.0,DIRECT ENGAGEMENT,NOT APPLICABLE,NOT APPLICABLE,VTB
3746,15070,4496,1,frontal_barrier,subject_vehicle,A_ProfileValid,VinFast,VF8,2024,UTILITY VEHICLE,12FDEW2,1,0.0,1422.0,0.0,379.0,221.0,325.0,365.0,379.0,354.0,264.0,379.0,333.1,336.7715843119784,473668.2,1.1377964575202641,0.03662563794656259,0.018640503850077254,0.7445026178010471,0.07020021074815595,0.07987355110642781,0.052264240672187316,0.0,"{""a_pillar_base_asym_delta"": -6.0, ""delta_1"": 352.0, ""delta_10"": 0.0, ""delta_11"": -3.0, ""delta_12"": 4.0, ""delta_13"": -2.0, ""delta_14"": -5.0, ""delta_15"": 21.0, ""delta_16"": -54.0, ""delta_17"": 52.0, ""delta_18"": -6.0, ""delta_19"": 260.0, ""delta_2"": 228.0, ""delta_20"": 242.0, ""delta_21"": 31.0, ""delta_3"": 5.0, ""delta_4"": 4.0, ""delta_5"": -2.0, ""delta_6"": -3.0, ""delta_7"": -3.0, ""delta_8"": 5.0, ""delta_9"": -3.0, ""door_leading_lower_asym_delta"": 0.0, ""door_leading_upper_asym_delta"": -6.0, ""door_trailing_lower_asym_delta"": -3.0, ""door_trailing_upper_asym_delta"": -8.0, ""firewall_side_asym_delta"": 26.0, ""front_bumper_left_delta"": 242.0, ""front_bumper_right_delta"": 260.0, ""front_engine_block_delta"": 31.0, ""front_engine_front_delta"": 228.0, ""front_firewall_center_delta"": 5.0, ""front_firewall_left_delta"": 21.0, ""front_firewall_right_delta"": -5.0, ""front_left_right_asym_delta"": -18.0, ""front_left_right_bumper_asymmetry"": -18.0, ""front_structural_delta"": 124.5, ""front_structural_delta_median"": 124.5, ""front_total_length_shortening"": 352.0, ""rear_total_length_shortening"": null, ""total_length_shortening"": 352.0}",352.0,124.5,-18.0,,56.06,closingSpeed,15.572222222222223,327973.2769290123,2705.0,2460.0,4745.0,1910.0,2946.0,1295.0,56.06,56.06,0.0,0.0,0.0,0.0,,,DIRECT ENGAGEMENT,NOT APPLICABLE,NOT APPLICABLE,VTB
3863,15451,4655,1,frontal_barrier,subject_vehicle,D_DeltaOnly,CHEVROLET,SILVERADO EV,2025,FOUR DOOR PICKUP,12FDEW2,1,0.0,1676.0,0.0,0.0,0.0,0.0,0.0,0.0,0.0,0.0,0.0,0.0,0.0,0.0,,,,0.8167641325536062,0.0,0.0,0.0,0.0,"{""a_pillar_base_asym_delta"": -1.0, ""delta_1"": 242.0, ""delta_10"": 2.0, ""delta_11"": 3.0, ""delta_12"": 2.0, ""delta_13"": 1.0, ""delta_14"": 1.0, ""delta_15"": 5.0, ""delta_16"": -36.0, ""delta_17"": -10.0, ""delta_18"": -23.0, ""delta_19"": 74.0, ""delta_2"": 0.0, ""delta_20"": 287.0, ""delta_21"": 0.0, ""delta_3"": 8.0, ""delta_4"": -1.0, ""delta_5"": 1.0, ""delta_6"": 2.0, ""delta_7"": 3.0, ""delta_8"": 1.0, ""delta_9"": 4.0, ""door_leading_lower_asym_delta"": 1.0, ""door_leading_upper_asym_delta"": 2.0, ""door_trailing_lower_asym_delta"": 1.0, ""door_trailing_upper_asym_delta"": 3.0, ""firewall_side_asym_delta"": 4.0, ""front_bumper_left_delta"": 287.0, ""front_bumper_right_delta"": 74.0, ""front_engine_block_delta"": 0.0, ""front_engine_front_delta"": 0.0, ""front_firewall_center_delta"": 8.0, ""front_firewall_left_delta"": 5.0, ""front_firewall_right_delta"": 1.0, ""front_left_right_asym_delta"": 213.0, ""front_left_right_bumper_asymmetry"": 213.0, ""front_structural_delta"": 6.5, ""front_structural_delta_median"": 6.5, ""front_total_length_shortening"": 242.0, ""rear_total_length_shortening"": null, ""total_length_shortening"": 242.0}",242.0,6.5,213.0,,56.03,closingSpeed,15.563888888888888,479261.2299884259,3957.0,,5916.0,2052.0,3705.0,1836.0,56.03,56.03,0.0,0.0,,0.0,0.0,0.0,DIRECT ENGAGEMENT,NOT APPLICABLE,NOT APPLICABLE,VTB
1202,8446,1426,1,frontal_barrier,subject_vehicle,A_ProfileValid,INFINITI,Q50,2014,FOUR DOOR SEDAN,12FDEWX,1,0.0,1587.0,0.0,426.0,252.0,426.0,372.0,374.0,363.0,204.0,426.0,352.59999999999997,358.9052799834519,559576.2,1.2081678956324449,-0.04849688031764041,-0.03062074686971186,0.8792243767313019,0.07368861024033437,0.0890282131661442,0.06478882241075382,0.0,"{""a_pillar_base_asym_delta"": 0.0, ""delta_1"": 385.0, ""delta_10"": -787.0, ""delta_11"": -2.0, ""delta_12"": -2.0, ""delta_13"": -2.0, ""delta_14"": 380.0, ""delta_15"": 516.0, ""delta_16"": -80.0, ""delta_17"": -20.0, ""delta_18"": 5.0, ""delta_19"": 169.0, ""delta_2"": 145.0, ""delta_20"": 139.0, ""delta_21"": 0.0, ""delta_3"": null, ""delta_4"": -6.0, ""delta_5"": -10.0, ""delta_6"": 7.0, ""delta_7"": -1.0, ""delta_8"": -12.0, ""delta_9"": -8.0, ""door_leading_lower_asym_delta"": -8.0, ""door_leading_upper_asym_delta"": -4.0, ""door_trailing_lower_asym_delta"": 785.0, ""door_trailing_upper_asym_delta"": 4.0, ""firewall_side_asym_delta"": 136.0, ""front_bumper_left_delta"": 139.0, ""front_bumper_right_delta"": 169.0, ""front_engine_block_delta"": 0.0, ""front_engine_front_delta"": 145.0, ""front_firewall_center_delta"": null, ""front_firewall_left_delta"": 516.0, ""front_firewall_right_delta"": 380.0, ""front_left_right_asym_delta"": -30.0, ""front_left_right_bumper_asymmetry"": -30.0, ""front_structural_delta"": 169.0, ""front_structural_delta_median"": 169.0, ""front_total_length_shortening"": 385.0, ""rear_total_length_shortening"": null, ""total_length_shortening"": 385.0}",385.0,169.0,-30.0,,56.19,closingSpeed,15.608333333333333,237773.18777777773,1952.0,1751.0,4785.0,1805.0,2850.0,1340.0,56.19,56.19,0.0,0.0,0.0,0.0,0.0,0.0,DIRECT ENGAGEMENT,NOT APPLICABLE,NOT APPLICABLE,VTB
2603,10310,3096,1,frontal_barrier,subject_vehicle,A_ProfileValid,FORD,F150 SUPERCAB,2018,EXTENDED CAB PICKUP,12FDEW2,1,0.0,1524.0,0.0,580.0,391.0,530.0,565.0,580.0,530.0,400.0,580.0,520.1,524.1880387799782,792632.4,1.1151701595846952,0.006056527590847884,0.002149295156235254,0.7452322738386308,0.08164835164835166,0.09105180533751962,0.06084698675407722,0.0,"{""a_pillar_base_asym_delta"": -2.0, ""delta_1"": 580.0, ""delta_10"": 12.0, ""delta_11"": 12.0, ""delta_12"": 14.0, ""delta_13"": 12.0, ""delta_14"": 145.0, ""delta_15"": 191.0, ""delta_16"": -55.0, ""delta_17"": 4.0, ""delta_18"": 10.0, ""delta_19"": 400.0, ""delta_2"": 165.0, ""delta_20"": 391.0, ""delta_21"": 0.0, ""delta_3"": null, ""delta_4"": 7.0, ""delta_5"": 14.0, ""delta_6"": 8.0, ""delta_7"": 12.0, ""delta_8"": 10.0, ""delta_9"": 14.0, ""door_leading_lower_asym_delta"": 4.0, ""door_leading_upper_asym_delta"": 7.0, ""door_trailing_lower_asym_delta"": 0.0, ""door_trailing_upper_asym_delta"": 4.0, ""firewall_side_asym_delta"": 46.0, ""front_bumper_left_delta"": 391.0, ""front_bumper_right_delta"": 400.0, ""front_engine_block_delta"": 0.0, ""front_engine_front_delta"": 165.0, ""front_firewall_center_delta"": null, ""front_firewall_left_delta"": 191.0, ""front_firewall_right_delta"": 145.0, ""front_left_right_asym_delta"": -9.0, ""front_left_right_bumper_asymmetry"": -9.0, ""front_structural_delta"": 191.0, ""front_structural_delta_median"": 191.0, ""front_total_length_shortening"": 580.0, ""rear_total_length_shortening"": null, ""total_length_shortening"": 580.0}",580.0,191.0,-9.0,,56.52,closingSpeed,15.700000000000001,328571.17000000004,2666.0,2398.0,6370.0,2045.0,4160.0,1806.0,56.52,56.52,0.0,0.0,0.0,0.0,0.0,0.0,DIRECT ENGAGEMENT,NOT APPLICABLE,NOT APPLICABLE,VTB
3803,15305,4574,1,frontal_barrier,subject_vehicle,A_ProfileValid,SUBARU,FORESTER,2025,UTILITY VEHICLE,12FDEW3,1,0.0,1107.0,0.0,636.0,542.0,630.0,630.0,636.0,630.0,557.0,636.0,615.1,615.9874187026875,680915.7000000001,1.0339782149244026,0.00390180458462037,0.0016908697702492823,0.597732181425486,0.1321658788139235,0.13665663944993553,0.07899979905346292,0.0,"{""a_pillar_base_asym_delta"": 1.0, ""delta_1"": 636.0, ""delta_10"": 0.0, ""delta_11"": 14.0, ""delta_12"": -2.0, ""delta_13"": -1.0, ""delta_14"": 0.0, ""delta_15"": 11.0, ""delta_16"": -46.0, ""delta_17"": 45.0, ""delta_18"": -14.0, ""delta_19"": 555.0, ""delta_2"": 113.0, ""delta_20"": 550.0, ""delta_21"": 114.0, ""delta_3"": 3.0, ""delta_4"": -2.0, ""delta_5"": 16.0, ""delta_6"": 0.0, ""delta_7"": 14.0, ""delta_8"": 0.0, ""delta_9"": 15.0, ""door_leading_lower_asym_delta"": 14.0, ""door_leading_upper_asym_delta"": 18.0, ""door_trailing_lower_asym_delta"": 14.0, ""door_trailing_upper_asym_delta"": 15.0, ""firewall_side_asym_delta"": 11.0, ""front_bumper_left_delta"": 550.0, ""front_bumper_right_delta"": 555.0, ""front_engine_block_delta"": 114.0, ""front_engine_front_delta"": 113.0, ""front_firewall_center_delta"": 3.0, ""front_firewall_left_delta"": 11.0, ""front_firewall_right_delta"": 0.0, ""front_left_right_asym_delta"": -5.0, ""front_left_right_bumper_asymmetry"": -5.0, ""front_structural_delta"": 62.0, ""front_structural_delta_median"": 62.0, ""front_total_length_shortening"": 636.0, ""rear_total_length_shortening"": null, ""total_length_shortening"": 636.0}",636.0,62.0,-5.0,,56.59,closingSpeed,15.719444444444445,220661.13374228397,1786.0,1584.0,4654.0,1852.0,2669.0,1198.0,56.59,56.59,0.0,0.0,0.0,0.0,,,DIRECT ENGAGEMENT,NOT APPLICABLE,NOT APPLICABLE,VTB
2281,10039,2735,1,frontal_barrier,subject_vehicle,A_ProfileValid,SMART,FORTWO,2017,TWO DOOR COUPE,12FDEWX,1,0.0,1507.0,0.0,255.0,48.0,224.0,271.0,287.0,278.0,229.0,287.0,239.7,249.25589260837947,361227.89999999997,1.0638297872340425,0.13057989153108043,0.09523049958594387,0.9051051051051051,0.08678493845039825,0.09232440260680666,0.0785494908376878,0.0,"{""a_pillar_base_asym_delta"": -48.0, ""delta_1"": 255.0, ""delta_10"": 17.0, ""delta_11"": 14.0, ""delta_12"": 18.0, ""delta_13"": -30.0, ""delta_14"": -126.0, ""delta_15"": -103.0, ""delta_16"": 2.0, ""delta_17"": -93.0, ""delta_18"": -15.0, ""delta_19"": 247.0, ""delta_2"": 0.0, ""delta_20"": 2.0, ""delta_21"": 0.0, ""delta_3"": -119.0, ""delta_4"": 12.0, ""delta_5"": 26.0, ""delta_6"": 7.0, ""delta_7"": 7.0, ""delta_8"": 12.0, ""delta_9"": -44.0, ""door_leading_lower_asym_delta"": 0.0, ""door_leading_upper_asym_delta"": 14.0, ""door_trailing_lower_asym_delta"": -3.0, ""door_trailing_upper_asym_delta"": -56.0, ""firewall_side_asym_delta"": 23.0, ""front_bumper_left_delta"": 2.0, ""front_bumper_right_delta"": 247.0, ""front_engine_block_delta"": 0.0, ""front_engine_front_delta"": 0.0, ""front_firewall_center_delta"": -119.0, ""front_firewall_left_delta"": -103.0, ""front_firewall_right_delta"": -126.0, ""front_left_right_asym_delta"": -245.0, ""front_left_right_bumper_asymmetry"": -245.0, ""front_structural_delta"": -51.5, ""front_structural_delta_median"": -51.5, ""front_total_length_shortening"": 255.0, ""rear_total_length_shortening"": null, ""total_length_shortening"": 255.0}",255.0,-51.5,-245.0,,56.19,closingSpeed,15.608333333333333,143126.7907986111,1175.0,967.0,2762.0,1665.0,1878.0,1116.0,56.19,56.19,0.0,0.0,0.0,0.0,0.0,0.0,DIRECT ENGAGEMENT,NOT APPLICABLE,NOT APPLICABLE,VTB
363,7618,441,1,frontal_barrier,subject_vehicle,A_ProfileValid,LEXUS,ES 350,2012,FOUR DOOR SEDAN,12FDEW6,1,0.0,1605.0,0.0,489.0,302.0,425.0,428.0,413.0,404.0,297.0,428.0,393.9,396.8124242006543,632209.5,1.2414318354912415,-0.017644072099517644,-0.008104500221788874,0.8818681318681318,0.08096608427543679,0.10051387461459405,0.07140140948465717,0.0,"{""a_pillar_base_asym_delta"": 11.0, ""delta_1"": 489.0, ""delta_10"": -19.0, ""delta_11"": -7.0, ""delta_12"": -9.0, ""delta_13"": 2.0, ""delta_14"": -19.0, ""delta_15"": 64.0, ""delta_16"": -36.0, ""delta_17"": 49.0, ""delta_18"": 50.0, ""delta_19"": 182.0, ""delta_2"": 370.0, ""delta_20"": 84.0, ""delta_21"": 0.0, ""delta_3"": null, ""delta_4"": -41.0, ""delta_5"": -17.0, ""delta_6"": -19.0, ""delta_7"": -6.0, ""delta_8"": -33.0, ""delta_9"": -15.0, ""door_leading_lower_asym_delta"": 13.0, ""door_leading_upper_asym_delta"": 24.0, ""door_trailing_lower_asym_delta"": 12.0, ""door_trailing_upper_asym_delta"": 18.0, ""firewall_side_asym_delta"": 83.0, ""front_bumper_left_delta"": 84.0, ""front_bumper_right_delta"": 182.0, ""front_engine_block_delta"": 0.0, ""front_engine_front_delta"": 370.0, ""front_firewall_center_delta"": null, ""front_firewall_left_delta"": 64.0, ""front_firewall_right_delta"": -19.0, ""front_left_right_asym_delta"": -98.0, ""front_left_right_bumper_asymmetry"": -98.0, ""front_structural_delta"": 84.0, ""front_structural_delta_median"": 84.0, ""front_total_length_shortening"": 489.0, ""rear_total_length_shortening"": null, ""total_length_shortening"": 489.0}",489.0,84.0,-98.0,,55.92,closingSpeed,15.533333333333333,223188.11111111112,1850.0,1651.0,4865.0,1820.0,2776.0,1217.0,55.92,55.92,0.0,0.0,0.0,0.0,0.0,0.0,DIRECT ENGAGEMENT,NOT APPLICABLE,NOT APPLICABLE,VTB
3853,15498,4642,1,frontal_barrier,subject_vehicle,B_ProfilePartial,CHEVROLET,EQUINOX EV,2024,4 DOOR UTILITY VEHICLE,12FDEW2,1,0.0,0.0,0.0,200.0,150.0,168.0,185.0,200.0,175.0,153.0,200.0,175.9,176.6513515374281,,1.1370096645821488,0.022455940875497453,5.17633913232061e-06,0.0,0.03637303556658396,0.0413564929693962,,0.0,"{""a_pillar_base_asym_delta"": 0.0, ""delta_1"": -3.0, ""delta_10"": 0.0, ""delta_11"": 0.0, ""delta_12"": 0.0, ""delta_13"": 0.0, ""delta_14"": 0.0, ""delta_15"": 0.0, ""delta_16"": 0.0, ""delta_17"": 0.0, ""delta_18"": 0.0, ""delta_19"": 153.0, ""delta_2"": 0.0, ""delta_20"": 150.0, ""delta_21"": 0.0, ""delta_3"": 0.0, ""delta_4"": 0.0, ""delta_5"": 0.0, ""delta_6"": 0.0, ""delta_7"": 0.0, ""delta_8"": 0.0, ""delta_9"": 0.0, ""door_leading_lower_asym_delta"": 0.0, ""door_leading_upper_asym_delta"": 0.0, ""door_trailing_lower_asym_delta"": 0.0, ""door_trailing_upper_asym_delta"": 0.0, ""firewall_side_asym_delta"": 0.0, ""front_bumper_left_delta"": 150.0, ""front_bumper_right_delta"": 153.0, ""front_engine_block_delta"": 0.0, ""front_engine_front_delta"": 0.0, ""front_firewall_center_delta"": 0.0, ""front_firewall_left_delta"": 0.0, ""front_firewall_right_delta"": 0.0, ""front_left_right_asym_delta"": -3.0, ""front_left_right_bumper_asymmetry"": -3.0, ""front_structural_delta"": 0.0, ""front_structural_delta_median"": 0.0, ""front_total_length_shortening"": -3.0, ""rear_total_length_shortening"": null, ""total_length_shortening"": -3.0}",-3.0,0.0,-3.0,,39.1,closingSpeed,10.86111111111111,142382.2276234568,2414.0,,4836.0,1911.0,2954.0,,39.1,39.1,0.0,0.0,,0.0,0.0,0.0,NOT APPLICABLE,NOT APPLICABLE,NOT APPLICABLE,VTB
212,7905,250,1,frontal_barrier,subject_vehicle,A_ProfileValid,NISSAN,LEAF,2011,FOUR DOOR SEDAN,12FDEW6,1,0.0,1340.0,0.0,341.0,160.0,281.0,334.0,293.0,238.0,116.0,334.0,256.8,265.53267218931836,344112.0,1.3278816199376946,-0.07457165109034268,-0.03301828678036503,0.7570621468926554,0.058297389330306475,0.07741203178206583,0.044134746724638796,0.0,"{""a_pillar_base_asym_delta"": 0.0, ""delta_1"": 341.0, ""delta_10"": 0.0, ""delta_11"": 0.0, ""delta_12"": 0.0, ""delta_13"": 0.0, ""delta_14"": 0.0, ""delta_15"": 0.0, ""delta_16"": 0.0, ""delta_17"": 0.0, ""delta_18"": 0.0, ""delta_19"": 116.0, ""delta_2"": 0.0, ""delta_20"": 160.0, ""delta_21"": 0.0, ""delta_3"": null, ""delta_4"": 0.0, ""delta_5"": 0.0, ""delta_6"": 0.0, ""delta_7"": 0.0, ""delta_8"": 0.0, ""delta_9"": 0.0, ""door_leading_lower_asym_delta"": 0.0, ""door_leading_upper_asym_delta"": 0.0, ""door_trailing_lower_asym_delta"": 0.0, ""door_trailing_upper_asym_delta"": 0.0, ""firewall_side_asym_delta"": 0.0, ""front_bumper_left_delta"": 160.0, ""front_bumper_right_delta"": 116.0, ""front_engine_block_delta"": 0.0, ""front_engine_front_delta"": 0.0, ""front_firewall_center_delta"": null, ""front_firewall_left_delta"": 0.0, ""front_firewall_right_delta"": 0.0, ""front_left_right_asym_delta"": 44.0, ""front_left_right_bumper_asymmetry"": 44.0, ""front_structural_delta"": 0.0, ""front_structural_delta_median"": 0.0, ""front_total_length_shortening"": 341.0, ""rear_total_length_shortening"": null, ""total_length_shortening"": 341.0}",341.0,0.0,44.0,,39.8,closingSpeed,11.055555555555555,101935.90740740742,1668.0,,4405.0,1770.0,2700.0,1191.0,39.8,39.8,0.0,0.0,0.0,0.0,0.0,0.0,DIRECT ENGAGEMENT,NO DIRECT ENGAGEMENT,NO DIRECT ENGAGEMENT,VTB
3748,15074,4498,1,frontal_barrier,subject_vehicle,A_ProfileValid,CHEVROLET,BLAZER EV,2024,UTILITY VEHICLE,12FDEW3,1,0.0,1633.0,,380.0,221.0,330.0,380.0,360.0,301.0,193.0,380.0,315.6,321.41748552311213,515374.80000000005,1.2040557667934093,-0.03675538656527241,-0.01892243817364799,0.84349173553719,0.06461916461916463,0.07780507780507781,0.05450573131358256,,"{""a_pillar_base_asym_delta"": 0.0, ""delta_1"": 389.0, ""delta_10"": -1.0, ""delta_11"": -2.0, ""delta_12"": 1.0, ""delta_13"": 1.0, ""delta_14"": -222.0, ""delta_15"": -222.0, ""delta_16"": -101.0, ""delta_17"": 4.0, ""delta_18"": -34.0, ""delta_19"": 194.0, ""delta_2"": 283.0, ""delta_20"": 223.0, ""delta_21"": 0.0, ""delta_3"": 13.0, ""delta_4"": 2.0, ""delta_5"": 2.0, ""delta_6"": 1.0, ""delta_7"": 4.0, ""delta_8"": 2.0, ""delta_9"": 2.0, ""door_leading_lower_asym_delta"": 3.0, ""door_leading_upper_asym_delta"": 0.0, ""door_trailing_lower_asym_delta"": -1.0, ""door_trailing_upper_asym_delta"": 0.0, ""firewall_side_asym_delta"": 0.0, ""front_bumper_left_delta"": 223.0, ""front_bumper_right_delta"": 194.0, ""front_engine_block_delta"": 0.0, ""front_engine_front_delta"": 283.0, ""front_firewall_center_delta"": 13.0, ""front_firewall_left_delta"": -222.0, ""front_firewall_right_delta"": -222.0, ""front_left_right_asym_delta"": 29.0, ""front_left_right_bumper_asymmetry"": 29.0, ""front_structural_delta"": 103.5, ""front_structural_delta_median"": 103.5, ""front_total_length_shortening"": 389.0, ""rear_total_length_shortening"": null, ""total_length_shortening"": 389.0}",389.0,103.5,29.0,,56.45,closingSpeed,15.680555555555555,320504.3486689815,2607.0,2337.0,4884.0,1936.0,3095.0,1508.0,56.45,56.45,0.0,0.0,0.0,0.0,,,DIRECT ENGAGEMENT,NOT APPLICABLE,NOT APPLICABLE,VTB
3433,14087,4092,1,frontal_barrier,subject_vehicle,A_ProfileValid,FORD,EXPEDITION,2022,UTILITY VEHICLE,12FDEW3,1,0.0,1320.0,,626.0,530.0,606.0,603.0,593.0,599.0,545.0,606.0,587.7,588.2614214785804,775764.0,1.0651693040667005,-0.0023821677726731326,0.0002873875068832322,0.6496062992125984,0.10420212765957447,0.11099290780141843,0.0676903585190149,,"{""a_pillar_base_asym_delta"": 5.0, ""delta_1"": 600.0, ""delta_10"": 14.0, ""delta_11"": 6.0, ""delta_12"": -24.0, ""delta_13"": -19.0, ""delta_14"": 4.0, ""delta_15"": 6.0, ""delta_16"": -111.0, ""delta_17"": 0.0, ""delta_18"": -7.0, ""delta_19"": 545.0, ""delta_2"": 145.0, ""delta_20"": 530.0, ""delta_21"": 0.0, ""delta_3"": 9.0, ""delta_4"": -33.0, ""delta_5"": 8.0, ""delta_6"": -1.0, ""delta_7"": 2.0, ""delta_8"": -20.0, ""delta_9"": -2.0, ""door_leading_lower_asym_delta"": 3.0, ""door_leading_upper_asym_delta"": 41.0, ""door_trailing_lower_asym_delta"": -8.0, ""door_trailing_upper_asym_delta"": 18.0, ""firewall_side_asym_delta"": 2.0, ""front_bumper_left_delta"": 530.0, ""front_bumper_right_delta"": 545.0, ""front_engine_block_delta"": 0.0, ""front_engine_front_delta"": 145.0, ""front_firewall_center_delta"": 9.0, ""front_firewall_left_delta"": 6.0, ""front_firewall_right_delta"": 4.0, ""front_left_right_asym_delta"": -15.0, ""front_left_right_bumper_asymmetry"": -15.0, ""front_structural_delta"": 77.0, ""front_structural_delta_median"": 77.0, ""front_total_length_shortening"": 600.0, ""rear_total_length_shortening"": null, ""total_length_shortening"": 600.0}",600.0,77.0,-15.0,,56.54,closingSpeed,15.705555555555556,356553.49905864196,2891.0,2622.0,5640.0,2032.0,3350.0,1776.0,56.54,56.54,0.0,0.0,0.0,0.0,,,DIRECT ENGAGEMENT,NOT APPLICABLE,NOT APPLICABLE,VTB
2830,10680,3358,1,frontal_barrier,subject_vehicle,A_ProfileValid,CHEVROLET,SUBURBAN,2019,UTILITY VEHICLE,12FDEW2,1,0.0,1246.0,0.0,666.0,591.0,657.0,656.0,650.0,650.0,589.0,657.0,640.6,641.1062314468641,798187.6,1.039650327817671,-0.003902591320636903,-0.0012264364227501986,0.6137931034482759,0.11262306610407877,0.11708860759493671,0.06912726126388283,0.0,"{""a_pillar_base_asym_delta"": 17.0, ""delta_1"": 666.0, ""delta_10"": 5.0, ""delta_11"": 11.0, ""delta_12"": 29.0, ""delta_13"": 46.0, ""delta_14"": -98.0, ""delta_15"": -6.0, ""delta_16"": 32.0, ""delta_17"": 0.0, ""delta_18"": 46.0, ""delta_19"": 589.0, ""delta_2"": 187.0, ""delta_20"": 591.0, ""delta_21"": 0.0, ""delta_3"": null, ""delta_4"": -12.0, ""delta_5"": -3.0, ""delta_6"": 16.0, ""delta_7"": 26.0, ""delta_8"": -17.0, ""delta_9"": -11.0, ""door_leading_lower_asym_delta"": 10.0, ""door_leading_upper_asym_delta"": 9.0, ""door_trailing_lower_asym_delta"": 6.0, ""door_trailing_upper_asym_delta"": 6.0, ""firewall_side_asym_delta"": 92.0, ""front_bumper_left_delta"": 591.0, ""front_bumper_right_delta"": 589.0, ""front_engine_block_delta"": 0.0, ""front_engine_front_delta"": 187.0, ""front_firewall_center_delta"": null, ""front_firewall_left_delta"": -6.0, ""front_firewall_right_delta"": -98.0, ""front_left_right_asym_delta"": 2.0, ""front_left_right_bumper_asymmetry"": 2.0, ""front_structural_delta"": 187.0, ""front_structural_delta_median"": 187.0, ""front_total_length_shortening"": 666.0, ""rear_total_length_shortening"": null, ""total_length_shortening"": 666.0}",666.0,187.0,2.0,,56.62,closingSpeed,15.727777777777776,356697.43709876534,2884.0,2614.0,5688.0,2030.0,3315.0,1696.0,56.62,56.62,0.0,0.0,0.0,0.0,0.0,0.0,DIRECT ENGAGEMENT,NOT APPLICABLE,NOT APPLICABLE,VTB
1653,9114,1985,1,frontal_barrier,subject_vehicle,A_ProfileValid,KIA,SEDONA,2015,MINIVAN,12FDEWX,1,0.0,1592.0,0.0,478.0,252.0,432.0,471.0,478.0,442.0,237.0,478.0,413.5,422.40963530677186,658292.0,1.1559854897218864,0.0037484885126965466,-3.8791541153574116e-05,0.802015113350126,0.08044747081712063,0.09299610894941635,0.06452008742612395,0.0,"{""a_pillar_base_asym_delta"": 5.0, ""delta_1"": 410.0, ""delta_10"": 5.0, ""delta_11"": 12.0, ""delta_12"": -18.0, ""delta_13"": -13.0, ""delta_14"": 35.0, ""delta_15"": 25.0, ""delta_16"": -35.0, ""delta_17"": -5.0, ""delta_18"": 171.0, ""delta_19"": 224.0, ""delta_2"": -1967.0, ""delta_20"": 166.0, ""delta_21"": 0.0, ""delta_3"": null, ""delta_4"": -16.0, ""delta_5"": -8.0, ""delta_6"": 0.0, ""delta_7"": 5.0, ""delta_8"": -14.0, ""delta_9"": -10.0, ""door_leading_lower_asym_delta"": 5.0, ""door_leading_upper_asym_delta"": 8.0, ""door_trailing_lower_asym_delta"": 7.0, ""door_trailing_upper_asym_delta"": 4.0, ""firewall_side_asym_delta"": -10.0, ""front_bumper_left_delta"": 166.0, ""front_bumper_right_delta"": 224.0, ""front_engine_block_delta"": 0.0, ""front_engine_front_delta"": -1967.0, ""front_firewall_center_delta"": null, ""front_firewall_left_delta"": 25.0, ""front_firewall_right_delta"": 35.0, ""front_left_right_asym_delta"": -58.0, ""front_left_right_bumper_asymmetry"": -58.0, ""front_structural_delta"": 35.0, ""front_structural_delta_median"": 35.0, ""front_total_length_shortening"": 410.0, ""rear_total_length_shortening"": null, ""total_length_shortening"": 410.0}",410.0,35.0,-58.0,,56.48,closingSpeed,15.688888888888888,270140.0049382716,2195.0,2012.0,5140.0,1985.0,3060.0,1370.0,56.48,56.48,0.0,0.0,0.0,0.0,0.0,0.0,DIRECT ENGAGEMENT,NOT APPLICABLE,NOT APPLICABLE,VTB
1819,9536,2188,1,frontal_barrier,subject_vehicle,A_ProfileValid,HONDA,FIT,2015,FIVE DOOR HATCHBACK,12FDEW2,1,0.0,1350.0,0.0,252.0,156.0,233.0,-28.0,57.0,252.0,139.0,252.0,132.3,169.50191739328497,178605.0,1.9047619047619047,0.11224489795918367,0.023889555822328934,0.7941176470588235,0.03254612546125461,0.06199261992619926,0.02584545257217278,0.0,"{""a_pillar_base_asym_delta"": 0.0, ""delta_1"": 30.0, ""delta_10"": 0.0, ""delta_11"": 0.0, ""delta_12"": 0.0, ""delta_13"": 0.0, ""delta_14"": 0.0, ""delta_15"": 0.0, ""delta_16"": 0.0, ""delta_17"": 0.0, ""delta_18"": 0.0, ""delta_19"": 139.0, ""delta_2"": 0.0, ""delta_20"": 156.0, ""delta_21"": 0.0, ""delta_3"": null, ""delta_4"": 0.0, ""delta_5"": 0.0, ""delta_6"": 0.0, ""delta_7"": 0.0, ""delta_8"": 0.0, ""delta_9"": 0.0, ""door_leading_lower_asym_delta"": 0.0, ""door_leading_upper_asym_delta"": 0.0, ""door_trailing_lower_asym_delta"": 0.0, ""door_trailing_upper_asym_delta"": 0.0, ""firewall_side_asym_delta"": 0.0, ""front_bumper_left_delta"": 156.0, ""front_bumper_right_delta"": 139.0, ""front_engine_block_delta"": 0.0, ""front_engine_front_delta"": 0.0, ""front_firewall_center_delta"": null, ""front_firewall_left_delta"": 0.0, ""front_firewall_right_delta"": 0.0, ""front_left_right_asym_delta"": 17.0, ""front_left_right_bumper_asymmetry"": 17.0, ""front_structural_delta"": 0.0, ""front_structural_delta_median"": 0.0, ""front_total_length_shortening"": 30.0, ""rear_total_length_shortening"": null, ""total_length_shortening"": 30.0}",30.0,0.0,17.0,,39.6,closingSpeed,11.0,77137.5,1275.0,,4065.0,1700.0,2535.0,1021.0,39.6,39.6,0.0,0.0,0.0,0.0,0.0,0.0,DIRECT ENGAGEMENT,NO DIRECT ENGAGEMENT,NO DIRECT ENGAGEMENT,VTB
1796,9487,2157,1,frontal_barrier,subject_vehicle,A_ProfileValid,LEXUS,ES 350,2016,FOUR DOOR SEDAN,12FDEWX,1,0.0,1428.0,0.0,575.0,342.0,335.0,572.0,549.0,524.0,325.0,572.0,462.70000000000005,474.6957973270882,660735.6000000001,1.2427058569267342,0.07056408039766598,0.03411010114902287,0.7867768595041322,0.09417870954610219,0.11703643395074292,0.07409762932883412,0.0,"{""a_pillar_base_asym_delta"": -5.0, ""delta_1"": 575.0, ""delta_10"": 13.0, ""delta_11"": 4.0, ""delta_12"": -9.0, ""delta_13"": -14.0, ""delta_14"": 2.0, ""delta_15"": 3.0, ""delta_16"": 55.0, ""delta_17"": 0.0, ""delta_18"": 30.0, ""delta_19"": 195.0, ""delta_2"": 302.0, ""delta_20"": 50.0, ""delta_21"": 0.0, ""delta_3"": null, ""delta_4"": -18.0, ""delta_5"": -20.0, ""delta_6"": 12.0, ""delta_7"": 13.0, ""delta_8"": -19.0, ""delta_9"": -7.0, ""door_leading_lower_asym_delta"": 1.0, ""door_leading_upper_asym_delta"": -2.0, ""door_trailing_lower_asym_delta"": -9.0, ""door_trailing_upper_asym_delta"": 12.0, ""firewall_side_asym_delta"": 1.0, ""front_bumper_left_delta"": 50.0, ""front_bumper_right_delta"": 195.0, ""front_engine_block_delta"": 0.0, ""front_engine_front_delta"": 302.0, ""front_firewall_center_delta"": null, ""front_firewall_left_delta"": 3.0, ""front_firewall_right_delta"": 2.0, ""front_left_right_asym_delta"": -145.0, ""front_left_right_bumper_asymmetry"": -145.0, ""front_structural_delta"": 50.0, ""front_structural_delta_median"": 50.0, ""front_total_length_shortening"": 575.0, ""rear_total_length_shortening"": null, ""total_length_shortening"": 575.0}",575.0,50.0,-145.0,,56.52,closingSpeed,15.700000000000001,225908.08500000002,1833.0,1633.0,4913.0,1815.0,2825.0,1211.0,56.52,56.52,0.0,0.0,0.0,0.0,0.0,0.0,DIRECT ENGAGEMENT,NOT APPLICABLE,NOT APPLICABLE,VTB
3728,15044,4472,1,frontal_barrier,subject_vehicle,A_ProfileValid,FORD,MUSTANG MACH-E,2024,UTILITY VEHICLE,12FDEW3,1,0.0,1488.0,,532.0,362.0,532.0,522.0,522.0,525.0,367.0,532.0,493.1,497.28935238953187,733732.8,1.0788886635570878,-0.0018251875887244124,-0.0005588228666711352,0.8104575163398693,0.1046699214604118,0.11292719167904904,0.08483052458229454,,"{""a_pillar_base_asym_delta"": 0.0, ""delta_1"": 527.0, ""delta_10"": 1.0, ""delta_11"": 3.0, ""delta_12"": 3.0, ""delta_13"": 3.0, ""delta_14"": 13.0, ""delta_15"": 15.0, ""delta_16"": -58.0, ""delta_17"": -4.0, ""delta_18"": -31.0, ""delta_19"": 373.0, ""delta_2"": 63.0, ""delta_20"": 369.0, ""delta_21"": 0.0, ""delta_3"": -9.0, ""delta_4"": 1.0, ""delta_5"": 2.0, ""delta_6"": 1.0, ""delta_7"": 2.0, ""delta_8"": 0.0, ""delta_9"": 2.0, ""door_leading_lower_asym_delta"": 1.0, ""door_leading_upper_asym_delta"": 1.0, ""door_trailing_lower_asym_delta"": 2.0, ""door_trailing_upper_asym_delta"": 2.0, ""firewall_side_asym_delta"": 2.0, ""front_bumper_left_delta"": 369.0, ""front_bumper_right_delta"": 373.0, ""front_engine_block_delta"": 0.0, ""front_engine_front_delta"": 63.0, ""front_firewall_center_delta"": -9.0, ""front_firewall_left_delta"": 15.0, ""front_firewall_right_delta"": 13.0, ""front_left_right_asym_delta"": -4.0, ""front_left_right_bumper_asymmetry"": -4.0, ""front_structural_delta"": 39.0, ""front_structural_delta_median"": 39.0, ""front_total_length_shortening"": 527.0, ""rear_total_length_shortening"": null, ""total_length_shortening"": 527.0}",527.0,39.0,-4.0,,56.46,closingSpeed,15.683333333333334,298357.90361111116,2426.0,2184.0,4711.0,1836.0,2986.0,1576.0,56.46,56.46,0.0,0.0,0.0,0.0,,,DIRECT ENGAGEMENT,NOT APPLICABLE,NOT APPLICABLE,VTB
3447,15484,4110,1,frontal_barrier,subject_vehicle,B_ProfilePartial,HYUNDAI,TUCSON,2023,UTILITY VEHICLE,12FDEW3,1,,0.0,,525.0,440.0,515.0,523.0,525.0,520.0,461.0,525.0,506.7,507.5114777027215,,1.0361160449970397,0.0067100848628379815,3.0112410277473803e-06,0.0,0.1099609375,0.11393229166666667,,,"{""a_pillar_base_asym_delta"": null, ""delta_1"": 524.0, ""delta_10"": null, ""delta_11"": null, ""delta_12"": null, ""delta_13"": null, ""delta_14"": null, ""delta_15"": null, ""delta_16"": null, ""delta_17"": null, ""delta_18"": null, ""delta_19"": 461.0, ""delta_2"": null, ""delta_20"": 440.0, ""delta_21"": null, ""delta_3"": null, ""delta_4"": null, ""delta_5"": null, ""delta_6"": null, ""delta_7"": null, ""delta_8"": null, ""delta_9"": null, ""door_leading_lower_asym_delta"": null, ""door_leading_upper_asym_delta"": null, ""door_trailing_lower_asym_delta"": null, ""door_trailing_upper_asym_delta"": null, ""firewall_side_asym_delta"": null, ""front_bumper_left_delta"": 440.0, ""front_bumper_right_delta"": 461.0, ""front_engine_block_delta"": null, ""front_engine_front_delta"": null, ""front_firewall_center_delta"": null, ""front_firewall_left_delta"": null, ""front_firewall_right_delta"": null, ""front_left_right_asym_delta"": -21.0, ""front_left_right_bumper_asymmetry"": -21.0, ""front_structural_delta"": 450.5, ""front_structural_delta_median"": 450.5, ""front_total_length_shortening"": 524.0, ""rear_total_length_shortening"": null, ""total_length_shortening"": 524.0}",524.0,450.5,-21.0,,55.6,closingSpeed,15.444444444444445,210026.42592592593,1761.0,,4608.0,1822.0,2764.0,,55.6,55.6,0.0,0.0,0.0,,,,NOT APPLICABLE,NOT APPLICABLE,NOT APPLICABLE,VTB
2854,10713,3389,1,frontal_barrier,subject_vehicle,A_ProfileValid,INFINITI,QX50,2019,UTILITY VEHICLE,12FDEW2,1,0.0,1524.0,0.0,510.0,400.0,500.0,510.0,510.0,480.0,405.0,510.0,480.5,482.2058688983368,732282.0,1.0613943808532778,-0.007284079084287201,-0.003163371488033303,0.8,0.10267094017094017,0.10897435897435898,0.08213675213675213,0.0,"{""a_pillar_base_asym_delta"": 0.0, ""delta_1"": 500.0, ""delta_10"": 10.0, ""delta_11"": 11.0, ""delta_12"": 0.0, ""delta_13"": 0.0, ""delta_14"": 35.0, ""delta_15"": 75.0, ""delta_16"": -33.0, ""delta_17"": -30.0, ""delta_18"": -10.0, ""delta_19"": 405.0, ""delta_2"": 200.0, ""delta_20"": 400.0, ""delta_21"": 0.0, ""delta_3"": null, ""delta_4"": 3.0, ""delta_5"": -5.0, ""delta_6"": 10.0, ""delta_7"": 12.0, ""delta_8"": 3.0, ""delta_9"": -3.0, ""door_leading_lower_asym_delta"": 2.0, ""door_leading_upper_asym_delta"": -8.0, ""door_trailing_lower_asym_delta"": 1.0, ""door_trailing_upper_asym_delta"": -6.0, ""firewall_side_asym_delta"": 40.0, ""front_bumper_left_delta"": 400.0, ""front_bumper_right_delta"": 405.0, ""front_engine_block_delta"": 0.0, ""front_engine_front_delta"": 200.0, ""front_firewall_center_delta"": null, ""front_firewall_left_delta"": 75.0, ""front_firewall_right_delta"": 35.0, ""front_left_right_asym_delta"": -5.0, ""front_left_right_bumper_asymmetry"": -5.0, ""front_structural_delta"": 200.0, ""front_structural_delta_median"": 200.0, ""front_total_length_shortening"": 500.0, ""rear_total_length_shortening"": null, ""total_length_shortening"": 500.0}",500.0,200.0,-5.0,,56.48,closingSpeed,15.688888888888888,244049.03407407406,1983.0,1800.0,4680.0,1905.0,2790.0,1252.0,56.48,56.48,0.0,0.0,0.0,0.0,0.0,0.0,DIRECT ENGAGEMENT,NOT APPLICABLE,NOT APPLICABLE,VTB
3785,15501,4549,1,frontal_barrier,subject_vehicle,B_ProfilePartial,BMW,530 I,2024,FOUR DOOR SEDAN,12FDEW2,1,,0.0,,515.0,279.0,465.0,511.0,515.0,472.0,281.0,515.0,448.6,456.8929852821118,,1.1480160499331251,0.004904146232724068,1.4138418891189903e-06,0.0,0.08879651623119557,0.10193982581155978,,,"{""a_pillar_base_asym_delta"": null, ""delta_1"": 6.0, ""delta_10"": null, ""delta_11"": null, ""delta_12"": null, ""delta_13"": null, ""delta_14"": null, ""delta_15"": null, ""delta_16"": null, ""delta_17"": null, ""delta_18"": null, ""delta_19"": 281.0, ""delta_2"": null, ""delta_20"": 279.0, ""delta_21"": null, ""delta_3"": null, ""delta_4"": null, ""delta_5"": null, ""delta_6"": null, ""delta_7"": null, ""delta_8"": null, ""delta_9"": null, ""door_leading_lower_asym_delta"": null, ""door_leading_upper_asym_delta"": null, ""door_trailing_lower_asym_delta"": null, ""door_trailing_upper_asym_delta"": null, ""firewall_side_asym_delta"": null, ""front_bumper_left_delta"": 279.0, ""front_bumper_right_delta"": 281.0, ""front_engine_block_delta"": null, ""front_engine_front_delta"": null, ""front_firewall_center_delta"": null, ""front_firewall_left_delta"": null, ""front_firewall_right_delta"": null, ""front_left_right_asym_delta"": -2.0, ""front_left_right_bumper_asymmetry"": -2.0, ""front_structural_delta"": 280.0, ""front_structural_delta_median"": 280.0, ""front_total_length_shortening"": 6.0, ""rear_total_length_shortening"": null, ""total_length_shortening"": 6.0}",6.0,280.0,-2.0,,54.8,closingSpeed,15.222222222222221,228935.45679012343,1976.0,,5052.0,1892.0,2994.0,,54.8,54.8,0.0,0.0,0.0,,,,NOT APPLICABLE,NOT APPLICABLE,NOT APPLICABLE,VTB
592,8061,709,1,frontal_barrier,subject_vehicle,X_Exclude,OTHER,OTHER,0,NOT APPLICABLE,,0,0.0,0.0,0.0,0.0,158.0,147.0,136.0,125.0,113.0,102.0,158.0,130.2,131.2882325267577,,0.0,-0.10791090629800305,,,,,,,"{""a_pillar_base_asym_delta"": 0.0, ""delta_1"": 0.0, ""delta_10"": 0.0, ""delta_11"": 0.0, ""delta_12"": 0.0, ""delta_13"": 0.0, ""delta_14"": 0.0, ""delta_15"": 0.0, ""delta_16"": 0.0, ""delta_17"": 0.0, ""delta_18"": 0.0, ""delta_19"": 0.0, ""delta_2"": 0.0, ""delta_20"": 0.0, ""delta_21"": 0.0, ""delta_3"": null, ""delta_4"": 0.0, ""delta_5"": 0.0, ""delta_6"": 0.0, ""delta_7"": 0.0, ""delta_8"": 0.0, ""delta_9"": 0.0, ""door_leading_lower_asym_delta"": 0.0, ""door_leading_upper_asym_delta"": 0.0, ""door_trailing_lower_asym_delta"": 0.0, ""door_trailing_upper_asym_delta"": 0.0, ""firewall_side_asym_delta"": 0.0, ""front_bumper_left_delta"": 0.0, ""front_bumper_right_delta"": 0.0, ""front_engine_block_delta"": 0.0, ""front_engine_front_delta"": 0.0, ""front_firewall_center_delta"": null, ""front_firewall_left_delta"": 0.0, ""front_firewall_right_delta"": 0.0, ""front_left_right_asym_delta"": 0.0, ""front_left_right_bumper_asymmetry"": 0.0, ""front_structural_delta"": 0.0, ""front_structural_delta_median"": 0.0, ""front_total_length_shortening"": 0.0, ""rear_total_length_shortening"": null, ""total_length_shortening"": 0.0}",0.0,0.0,0.0,,0.0,closingSpeed,0.0,0.0,0.0,,0.0,0.0,0.0,0.0,0.0,27.0,0.0,0.0,0.0,27.0,0.0,0.0,NOT APPLICABLE,NOT APPLICABLE,NOT APPLICABLE,VTB
3569,14446,4275,2,rear,subject_vehicle,X_Exclude,JEEP,GRAND CHEROKEE,2023,UTILITY VEHICLE,,0,,0.0,,,0.0,,,,,0.0,0.0,,,,,,,,,,,,"{""a_pillar_base_asym_delta"": null, ""delta_1"": null, ""delta_10"": null, ""delta_11"": null, ""delta_12"": null, ""delta_13"": null, ""delta_14"": null, ""delta_15"": null, ""delta_16"": null, ""delta_17"": null, ""delta_18"": null, ""delta_19"": null, ""delta_2"": null, ""delta_20"": null, ""delta_21"": null, ""delta_3"": null, ""delta_4"": null, ""delta_5"": null, ""delta_6"": null, ""delta_7"": null, ""delta_8"": null, ""delta_9"": null, ""door_leading_lower_asym_delta"": null, ""door_leading_upper_asym_delta"": null, ""door_trailing_lower_asym_delta"": null, ""door_trailing_upper_asym_delta"": null, ""firewall_side_asym_delta"": null, ""front_bumper_left_delta"": null, ""front_bumper_right_delta"": null, ""front_engine_block_delta"": null, ""front_engine_front_delta"": null, ""front_firewall_center_delta"": null, ""front_firewall_left_delta"": null, ""front_firewall_right_delta"": null, ""front_left_right_asym_delta"": null, ""front_left_right_bumper_asymmetry"": null, ""front_structural_delta"": null, ""front_structural_delta_median"": null, ""front_total_length_shortening"": null, ""rear_total_length_shortening"": null, ""total_length_shortening"": null}",,,,,0.0,closingSpeed,0.0,,,,,,,,0.0,0.0,180.0,0.0,0.0,0.0,,0.0,NOT APPLICABLE,DIRECT ENGAGEMENT,DIRECT ENGAGEMENT,ITV
1185,8550,1402,2,rear,subject_vehicle,A_ProfileValid,JEEP,CHEROKEE LAREDO,1996,UTILITY VEHICLE,06RDEW3,1,180.0,1524.0,0.0,527.0,527.0,513.0,457.0,421.0,369.0,230.0,527.0,427.69999999999993,436.05836765277195,651814.7999999999,1.2321720832359133,-0.1494037877016599,-0.0958512976385317,0.8466666666666667,0.0955754189944134,0.11776536312849162,0.08092052141527001,0.0,"{""a_pillar_base_asym_delta"": -4.0, ""delta_1"": 444.0, ""delta_10"": 9.0, ""delta_11"": 8.0, ""delta_12"": -20.0, ""delta_13"": -24.0, ""delta_14"": -20.0, ""delta_15"": -20.0, ""delta_16"": -65.0, ""delta_17"": -12.0, ""delta_18"": -50.0, ""delta_19"": 230.0, ""delta_2"": -12.0, ""delta_20"": 527.0, ""delta_21"": 0.0, ""delta_3"": null, ""delta_4"": -6.0, ""delta_5"": -15.0, ""delta_6"": 8.0, ""delta_7"": 11.0, ""delta_8"": -13.0, ""delta_9"": -17.0, ""door_leading_lower_asym_delta"": 3.0, ""door_leading_upper_asym_delta"": -9.0, ""door_trailing_lower_asym_delta"": -1.0, ""door_trailing_upper_asym_delta"": -4.0, ""firewall_side_asym_delta"": 0.0, ""front_bumper_left_delta"": 527.0, ""front_bumper_right_delta"": 230.0, ""front_engine_block_delta"": 0.0, ""front_engine_front_delta"": -12.0, ""front_firewall_center_delta"": null, ""front_firewall_left_delta"": -20.0, ""front_firewall_right_delta"": -20.0, ""front_left_right_asym_delta"": 297.0, ""front_left_right_bumper_asymmetry"": 297.0, ""front_structural_delta"": -12.0, ""front_structural_delta_median"": -12.0, ""front_total_length_shortening"": 444.0, ""rear_total_length_shortening"": 444.0, ""total_length_shortening"": 444.0}",444.0,-12.0,297.0,444.0,56.34,closingSpeed,15.65,224104.0875,1830.0,,4475.0,1800.0,2690.0,0.0,56.34,0.0,180.0,0.0,0.0,0.0,0.0,0.0,DIRECT ENGAGEMENT,NO DIRECT ENGAGEMENT,NO DIRECT ENGAGEMENT,VTV
1218,8552,1448,1,rear,subject_vehicle,B_ProfilePartial,CADILLAC,DE VILLE,1993,FOUR DOOR SEDAN,12FDEW2,1,0.0,1524.0,0.0,89.0,-28.0,16.0,30.0,83.0,75.0,89.0,89.0,46.89999999999999,60.037488288568504,71475.59999999999,1.8976545842217487,0.6705756929637526,0.3645403074345319,0.8180354267310789,0.009031388407471594,0.01713845561332563,0.007387995669880146,0.0,"{""a_pillar_base_asym_delta"": 0.0, ""delta_1"": 41.0, ""delta_10"": -1.0, ""delta_11"": 1.0, ""delta_12"": 5.0, ""delta_13"": 5.0, ""delta_14"": 12.0, ""delta_15"": -21.0, ""delta_16"": 2.0, ""delta_17"": 45.0, ""delta_18"": 0.0, ""delta_19"": 89.0, ""delta_2"": 108.0, ""delta_20"": -28.0, ""delta_21"": 0.0, ""delta_3"": null, ""delta_4"": 2.0, ""delta_5"": 1.0, ""delta_6"": -2.0, ""delta_7"": 2.0, ""delta_8"": -1.0, ""delta_9"": 2.0, ""door_leading_lower_asym_delta"": 4.0, ""door_leading_upper_asym_delta"": -1.0, ""door_trailing_lower_asym_delta"": 2.0, ""door_trailing_upper_asym_delta"": 3.0, ""firewall_side_asym_delta"": -33.0, ""front_bumper_left_delta"": -28.0, ""front_bumper_right_delta"": 89.0, ""front_engine_block_delta"": 0.0, ""front_engine_front_delta"": 108.0, ""front_firewall_center_delta"": null, ""front_firewall_left_delta"": -21.0, ""front_firewall_right_delta"": 12.0, ""front_left_right_asym_delta"": -117.0, ""front_left_right_bumper_asymmetry"": -117.0, ""front_structural_delta"": 12.0, ""front_structural_delta_median"": 12.0, ""front_total_length_shortening"": 41.0, ""rear_total_length_shortening"": 41.0, ""total_length_shortening"": 41.0}",41.0,12.0,-117.0,41.0,56.39,closingSpeed,15.663888888888888,216037.20401620367,1761.0,,5193.0,1863.0,2883.0,0.0,56.39,56.39,180.0,0.0,0.0,0.0,0.0,0.0,DIRECT ENGAGEMENT,NO DIRECT ENGAGEMENT,NO DIRECT ENGAGEMENT,VTV
1210,8551,1437,2,rear,subject_vehicle,A_ProfileValid,JEEP,GRAND CHEROKEE,1996,UTILITY VEHICLE,06BDEW3,1,180.0,1524.0,0.0,364.0,227.0,317.0,329.0,329.0,327.0,71.0,329.0,290.2,300.72745135753735,442264.8,1.2543073742246726,-0.046864231564438315,-0.04212943143620096,0.849025069637883,0.0651549169286035,0.08172429277054333,0.05531815788255807,0.0,"{""a_pillar_base_asym_delta"": 1.0, ""delta_1"": 364.0, ""delta_10"": 2.0, ""delta_11"": 10.0, ""delta_12"": -16.0, ""delta_13"": -15.0, ""delta_14"": -11.0, ""delta_15"": -11.0, ""delta_16"": -11.0, ""delta_17"": 15.0, ""delta_18"": -5.0, ""delta_19"": 71.0, ""delta_2"": -11.0, ""delta_20"": 227.0, ""delta_21"": 0.0, ""delta_3"": null, ""delta_4"": -16.0, ""delta_5"": -6.0, ""delta_6"": -12.0, ""delta_7"": 5.0, ""delta_8"": -14.0, ""delta_9"": -8.0, ""door_leading_lower_asym_delta"": 17.0, ""door_leading_upper_asym_delta"": 10.0, ""door_trailing_lower_asym_delta"": 8.0, ""door_trailing_upper_asym_delta"": 6.0, ""firewall_side_asym_delta"": 0.0, ""front_bumper_left_delta"": 227.0, ""front_bumper_right_delta"": 71.0, ""front_engine_block_delta"": 0.0, ""front_engine_front_delta"": -11.0, ""front_firewall_center_delta"": null, ""front_firewall_left_delta"": -11.0, ""front_firewall_right_delta"": -11.0, ""front_left_right_asym_delta"": 156.0, ""front_left_right_bumper_asymmetry"": 156.0, ""front_structural_delta"": -11.0, ""front_structural_delta_median"": -11.0, ""front_total_length_shortening"": 364.0, ""rear_total_length_shortening"": 364.0, ""total_length_shortening"": 364.0}",364.0,-11.0,156.0,364.0,56.59,closingSpeed,15.719444444444445,238946.60283179014,1934.0,,4454.0,1795.0,2690.0,0.0,56.59,0.0,180.0,0.0,0.0,0.0,0.0,0.0,DIRECT ENGAGEMENT,NO DIRECT ENGAGEMENT,NO DIRECT ENGAGEMENT,VTV
1210,8551,1436,1,rear,subject_vehicle,B_ProfilePartial,CADILLAC,DE VILLE,1993,FOUR DOOR SEDAN,12FDEW2,1,0.0,1524.0,0.0,41.0,-12.0,37.0,35.0,35.0,3.0,0.0,37.0,20.8,27.928480087537885,31699.2,1.971153846153846,-0.26923076923076916,-0.11314497834605072,0.8171581769436997,0.003996925441967717,0.007878554957724828,0.003266120307538231,0.0,"{""a_pillar_base_asym_delta"": -2.0, ""delta_1"": 41.0, ""delta_10"": -1.0, ""delta_11"": -11.0, ""delta_12"": 21.0, ""delta_13"": 19.0, ""delta_14"": 1.0, ""delta_15"": -2.0, ""delta_16"": -10.0, ""delta_17"": 17.0, ""delta_18"": -20.0, ""delta_19"": 0.0, ""delta_2"": 122.0, ""delta_20"": -12.0, ""delta_21"": 0.0, ""delta_3"": null, ""delta_4"": 398.0, ""delta_5"": 1.0, ""delta_6"": -4.0, ""delta_7"": -10.0, ""delta_8"": 101.0, ""delta_9"": -1.0, ""door_leading_lower_asym_delta"": -6.0, ""door_leading_upper_asym_delta"": -397.0, ""door_trailing_lower_asym_delta"": -10.0, ""door_trailing_upper_asym_delta"": -102.0, ""firewall_side_asym_delta"": -3.0, ""front_bumper_left_delta"": -12.0, ""front_bumper_right_delta"": 0.0, ""front_engine_block_delta"": 0.0, ""front_engine_front_delta"": 122.0, ""front_firewall_center_delta"": null, ""front_firewall_left_delta"": -2.0, ""front_firewall_right_delta"": 1.0, ""front_left_right_asym_delta"": -12.0, ""front_left_right_bumper_asymmetry"": -12.0, ""front_structural_delta"": 0.0, ""front_structural_delta_median"": 0.0, ""front_total_length_shortening"": 41.0, ""rear_total_length_shortening"": 41.0, ""total_length_shortening"": 41.0}",41.0,0.0,-12.0,41.0,56.59,closingSpeed,15.719444444444445,218807.87673996913,1771.0,,5204.0,1865.0,2885.0,0.0,56.59,56.59,180.0,0.0,0.0,0.0,0.0,0.0,DIRECT ENGAGEMENT,NO DIRECT ENGAGEMENT,NO DIRECT ENGAGEMENT,VTV
3470,14452,4139,2,rear,subject_vehicle,X_Exclude,HONDA,CIVIC,2022,NOT APPLICABLE,,0,,0.0,,,0.0,,,,,0.0,0.0,,,,,,,,,,,,"{""a_pillar_base_asym_delta"": null, ""delta_1"": null, ""delta_10"": null, ""delta_11"": null, ""delta_12"": null, ""delta_13"": null, ""delta_14"": null, ""delta_15"": null, ""delta_16"": null, ""delta_17"": null, ""delta_18"": null, ""delta_19"": null, ""delta_2"": null, ""delta_20"": null, ""delta_21"": null, ""delta_3"": null, ""delta_4"": null, ""delta_5"": null, ""delta_6"": null, ""delta_7"": null, ""delta_8"": null, ""delta_9"": null, ""door_leading_lower_asym_delta"": null, ""door_leading_upper_asym_delta"": null, ""door_trailing_lower_asym_delta"": null, ""door_trailing_upper_asym_delta"": null, ""firewall_side_asym_delta"": null, ""front_bumper_left_delta"": null, ""front_bumper_right_delta"": null, ""front_engine_block_delta"": null, ""front_engine_front_delta"": null, ""front_firewall_center_delta"": null, ""front_firewall_left_delta"": null, ""front_firewall_right_delta"": null, ""front_left_right_asym_delta"": null, ""front_left_right_bumper_asymmetry"": null, ""front_structural_delta"": null, ""front_structural_delta_median"": null, ""front_total_length_shortening"": null, ""rear_total_length_shortening"": null, ""total_length_shortening"": null}",,,,,0.0,closingSpeed,0.0,,,,,,,,0.0,0.0,180.0,0.0,0.0,0.0,,0.0,NOT APPLICABLE,DIRECT ENGAGEMENT,DIRECT ENGAGEMENT,ITV
1221,8554,1453,2,rear,subject_vehicle,A_ProfileValid,JEEP,GRAND CHEROKEE,1996,UTILITY VEHICLE,06BDEW3,1,180.0,1524.0,0.0,378.0,358.0,378.0,313.0,273.0,253.0,201.0,378.0,299.3,304.52372649762447,456133.2,1.262946876044103,-0.15603073838957565,-0.09086616469736937,0.8419889502762431,0.06698746642793196,0.0846016114592659,0.05640270653931951,0.0,"{""a_pillar_base_asym_delta"": 1640.0, ""delta_1"": 288.0, ""delta_10"": 9.0, ""delta_11"": -5.0, ""delta_12"": -192.0, ""delta_13"": 1448.0, ""delta_14"": -12.0, ""delta_15"": -12.0, ""delta_16"": -21.0, ""delta_17"": 292.0, ""delta_18"": -15.0, ""delta_19"": 201.0, ""delta_2"": -12.0, ""delta_20"": 358.0, ""delta_21"": 0.0, ""delta_3"": null, ""delta_4"": -15.0, ""delta_5"": -16.0, ""delta_6"": 8.0, ""delta_7"": -3.0, ""delta_8"": -15.0, ""delta_9"": -19.0, ""door_leading_lower_asym_delta"": -11.0, ""door_leading_upper_asym_delta"": -1.0, ""door_trailing_lower_asym_delta"": -14.0, ""door_trailing_upper_asym_delta"": -4.0, ""firewall_side_asym_delta"": 0.0, ""front_bumper_left_delta"": 358.0, ""front_bumper_right_delta"": 201.0, ""front_engine_block_delta"": 0.0, ""front_engine_front_delta"": -12.0, ""front_firewall_center_delta"": null, ""front_firewall_left_delta"": -12.0, ""front_firewall_right_delta"": -12.0, ""front_left_right_asym_delta"": 157.0, ""front_left_right_bumper_asymmetry"": 157.0, ""front_structural_delta"": -12.0, ""front_structural_delta_median"": -12.0, ""front_total_length_shortening"": 288.0, ""rear_total_length_shortening"": 288.0, ""total_length_shortening"": 288.0}",288.0,-12.0,157.0,288.0,55.67,closingSpeed,15.463888888888889,227414.39844907407,1902.0,,4468.0,1810.0,2680.0,1177.0,55.67,0.0,180.0,0.0,0.0,0.0,0.0,0.0,DIRECT ENGAGEMENT,NO DIRECT ENGAGEMENT,NO DIRECT ENGAGEMENT,VTV
1171,8549,1385,1,rear,subject_vehicle,B_ProfilePartial,CADILLAC,DE VILLE,1993,FOUR DOOR SEDAN,12FDEW3,1,0.0,1524.0,0.0,85.0,-20.0,7.0,70.0,85.0,58.0,83.0,85.0,50.3,61.9394865978077,76657.2,1.6898608349900597,0.452286282306163,0.2772449175912268,0.8193548387096774,0.009673076923076923,0.016346153846153847,0.007925682382133994,0.0,"{""a_pillar_base_asym_delta"": -2.0, ""delta_1"": 70.0, ""delta_10"": -5.0, ""delta_11"": -10.0, ""delta_12"": 0.0, ""delta_13"": -2.0, ""delta_14"": 13.0, ""delta_15"": 7.0, ""delta_16"": 9.0, ""delta_17"": -9.0, ""delta_18"": 16.0, ""delta_19"": 83.0, ""delta_2"": 68.0, ""delta_20"": -20.0, ""delta_21"": 0.0, ""delta_3"": null, ""delta_4"": 2.0, ""delta_5"": -6.0, ""delta_6"": -8.0, ""delta_7"": -8.0, ""delta_8"": -2.0, ""delta_9"": 2.0, ""door_leading_lower_asym_delta"": 0.0, ""door_leading_upper_asym_delta"": -8.0, ""door_trailing_lower_asym_delta"": -5.0, ""door_trailing_upper_asym_delta"": 4.0, ""firewall_side_asym_delta"": -6.0, ""front_bumper_left_delta"": -20.0, ""front_bumper_right_delta"": 83.0, ""front_engine_block_delta"": 0.0, ""front_engine_front_delta"": 68.0, ""front_firewall_center_delta"": null, ""front_firewall_left_delta"": 7.0, ""front_firewall_right_delta"": 13.0, ""front_left_right_asym_delta"": -103.0, ""front_left_right_bumper_asymmetry"": -103.0, ""front_structural_delta"": 13.0, ""front_structural_delta_median"": 13.0, ""front_total_length_shortening"": 70.0, ""rear_total_length_shortening"": 70.0, ""total_length_shortening"": 70.0}",70.0,13.0,-103.0,70.0,56.58,closingSpeed,15.716666666666665,214654.8280555555,1738.0,,5200.0,1860.0,2885.0,0.0,56.58,56.58,180.0,0.0,0.0,0.0,0.0,0.0,DIRECT ENGAGEMENT,NO DIRECT ENGAGEMENT,NO DIRECT ENGAGEMENT,VTV
623,8679,746,1,rear,subject_vehicle,X_Exclude,FORD,CONTOUR,2000,FOUR DOOR SEDAN,,0,0.0,0.0,0.0,227.0,0.0,0.0,0.0,0.0,0.0,0.0,0.0,0.0,0.0,,,,,0.0,0.0,0.048504273504273505,,0.0,"{""a_pillar_base_asym_delta"": 0.0, ""delta_1"": 0.0, ""delta_10"": 0.0, ""delta_11"": 0.0, ""delta_12"": 0.0, ""delta_13"": 0.0, ""delta_14"": 0.0, ""delta_15"": 0.0, ""delta_16"": 0.0, ""delta_17"": 0.0, ""delta_18"": 0.0, ""delta_19"": 0.0, ""delta_2"": 0.0, ""delta_20"": 0.0, ""delta_21"": 0.0, ""delta_3"": null, ""delta_4"": 0.0, ""delta_5"": 0.0, ""delta_6"": 0.0, ""delta_7"": 0.0, ""delta_8"": 0.0, ""delta_9"": 0.0, ""door_leading_lower_asym_delta"": 0.0, ""door_leading_upper_asym_delta"": 0.0, ""door_trailing_lower_asym_delta"": 0.0, ""door_trailing_upper_asym_delta"": 0.0, ""firewall_side_asym_delta"": 0.0, ""front_bumper_left_delta"": 0.0, ""front_bumper_right_delta"": 0.0, ""front_engine_block_delta"": 0.0, ""front_engine_front_delta"": 0.0, ""front_firewall_center_delta"": null, ""front_firewall_left_delta"": 0.0, ""front_firewall_right_delta"": 0.0, ""front_left_right_asym_delta"": 0.0, ""front_left_right_bumper_asymmetry"": 0.0, ""front_structural_delta"": 0.0, ""front_structural_delta_median"": 0.0, ""front_total_length_shortening"": 0.0, ""rear_total_length_shortening"": 0.0, ""total_length_shortening"": 0.0}",0.0,0.0,0.0,0.0,79.54,closingSpeed,22.094444444444445,380036.0440277778,1557.0,,4680.0,1740.0,2700.0,0.0,79.54,0.0,180.0,0.0,0.0,0.0,0.0,0.0,UNKNOWN,UNKNOWN,UNKNOWN,ITV
1157,8547,1366,1,rear,subject_vehicle,X_Exclude,PLYMOUTH,NEON,1997,FOUR DOOR SEDAN,,0,0.0,0.0,0.0,0.0,0.0,0.0,0.0,0.0,0.0,0.0,0.0,0.0,0.0,,,,,0.0,0.0,0.0,,0.0,"{""a_pillar_base_asym_delta"": 0.0, ""delta_1"": 0.0, ""delta_10"": 0.0, ""delta_11"": 0.0, ""delta_12"": 0.0, ""delta_13"": 0.0, ""delta_14"": 0.0, ""delta_15"": 0.0, ""delta_16"": 0.0, ""delta_17"": 0.0, ""delta_18"": 0.0, ""delta_19"": 0.0, ""delta_2"": 0.0, ""delta_20"": 0.0, ""delta_21"": 0.0, ""delta_3"": null, ""delta_4"": 0.0, ""delta_5"": 0.0, ""delta_6"": 0.0, ""delta_7"": 0.0, ""delta_8"": 0.0, ""delta_9"": 0.0, ""door_leading_lower_asym_delta"": 0.0, ""door_leading_upper_asym_delta"": 0.0, ""door_trailing_lower_asym_delta"": 0.0, ""door_trailing_upper_asym_delta"": 0.0, ""firewall_side_asym_delta"": 0.0, ""front_bumper_left_delta"": 0.0, ""front_bumper_right_delta"": 0.0, ""front_engine_block_delta"": 0.0, ""front_engine_front_delta"": 0.0, ""front_firewall_center_delta"": null, ""front_firewall_left_delta"": 0.0, ""front_firewall_right_delta"": 0.0, ""front_left_right_asym_delta"": 0.0, ""front_left_right_bumper_asymmetry"": 0.0, ""front_structural_delta"": 0.0, ""front_structural_delta_median"": 0.0, ""front_total_length_shortening"": 0.0, ""rear_total_length_shortening"": 0.0, ""total_length_shortening"": 0.0}",0.0,0.0,0.0,0.0,64.51,closingSpeed,17.919444444444444,204705.38686342593,1275.0,,4380.0,1700.0,2640.0,0.0,64.51,64.51,180.0,0.0,0.0,0.0,0.0,0.0,DIRECT ENGAGEMENT,NO DIRECT ENGAGEMENT,NO DIRECT ENGAGEMENT,VTV
624,8681,747,1,rear,subject_vehicle,X_Exclude,TOYOTA,CAMRY,2000,TWO DOOR COUPE,,0,0.0,0.0,0.0,313.0,0.0,0.0,0.0,0.0,0.0,0.0,0.0,0.0,0.0,,,,,0.0,0.0,0.06487046632124352,,0.0,"{""a_pillar_base_asym_delta"": 0.0, ""delta_1"": 0.0, ""delta_10"": 0.0, ""delta_11"": 0.0, ""delta_12"": 0.0, ""delta_13"": 0.0, ""delta_14"": 0.0, ""delta_15"": 0.0, ""delta_16"": 0.0, ""delta_17"": 0.0, ""delta_18"": 0.0, ""delta_19"": 0.0, ""delta_2"": 0.0, ""delta_20"": 0.0, ""delta_21"": 0.0, ""delta_3"": null, ""delta_4"": 0.0, ""delta_5"": 0.0, ""delta_6"": 0.0, ""delta_7"": 0.0, ""delta_8"": 0.0, ""delta_9"": 0.0, ""door_leading_lower_asym_delta"": 0.0, ""door_leading_upper_asym_delta"": 0.0, ""door_trailing_lower_asym_delta"": 0.0, ""door_trailing_upper_asym_delta"": 0.0, ""firewall_side_asym_delta"": 0.0, ""front_bumper_left_delta"": 0.0, ""front_bumper_right_delta"": 0.0, ""front_engine_block_delta"": 0.0, ""front_engine_front_delta"": 0.0, ""front_firewall_center_delta"": null, ""front_firewall_left_delta"": 0.0, ""front_firewall_right_delta"": 0.0, ""front_left_right_asym_delta"": 0.0, ""front_left_right_bumper_asymmetry"": 0.0, ""front_structural_delta"": 0.0, ""front_structural_delta_median"": 0.0, ""front_total_length_shortening"": 0.0, ""rear_total_length_shortening"": 0.0, ""total_length_shortening"": 0.0}",0.0,0.0,0.0,0.0,79.52,closingSpeed,22.08888888888889,418390.55308641976,1715.0,,4825.0,1780.0,2670.0,0.0,79.52,79.52,180.0,0.0,0.0,0.0,0.0,0.0,UNKNOWN,UNKNOWN,UNKNOWN,ITV
595,8668,713,1,rear,subject_vehicle,X_Exclude,SATURN,SL1,1996,FOUR DOOR SEDAN,,0,0.0,0.0,0.0,0.0,0.0,0.0,0.0,0.0,0.0,0.0,0.0,0.0,0.0,,,,,0.0,0.0,0.0,,0.0,"{""a_pillar_base_asym_delta"": 0.0, ""delta_1"": 0.0, ""delta_10"": 0.0, ""delta_11"": 0.0, ""delta_12"": 0.0, ""delta_13"": 0.0, ""delta_14"": 0.0, ""delta_15"": 0.0, ""delta_16"": 0.0, ""delta_17"": 0.0, ""delta_18"": 0.0, ""delta_19"": 0.0, ""delta_2"": 0.0, ""delta_20"": 0.0, ""delta_21"": 0.0, ""delta_3"": null, ""delta_4"": 0.0, ""delta_5"": 0.0, ""delta_6"": 0.0, ""delta_7"": 0.0, ""delta_8"": 0.0, ""delta_9"": 0.0, ""door_leading_lower_asym_delta"": 0.0, ""door_leading_upper_asym_delta"": 0.0, ""door_trailing_lower_asym_delta"": 0.0, ""door_trailing_upper_asym_delta"": 0.0, ""firewall_side_asym_delta"": 0.0, ""front_bumper_left_delta"": 0.0, ""front_bumper_right_delta"": 0.0, ""front_engine_block_delta"": 0.0, ""front_engine_front_delta"": 0.0, ""front_firewall_center_delta"": null, ""front_firewall_left_delta"": 0.0, ""front_firewall_right_delta"": 0.0, ""front_left_right_asym_delta"": 0.0, ""front_left_right_bumper_asymmetry"": 0.0, ""front_structural_delta"": 0.0, ""front_structural_delta_median"": 0.0, ""front_total_length_shortening"": 0.0, ""rear_total_length_shortening"": 0.0, ""total_length_shortening"": 0.0}",0.0,0.0,0.0,0.0,79.84,closingSpeed,22.177777777777777,313064.9609876543,1273.0,,4470.0,1685.0,2595.0,0.0,79.84,79.84,180.0,0.0,0.0,0.0,0.0,0.0,UNKNOWN,UNKNOWN,UNKNOWN,ITV
621,8672,744,1,rear,subject_vehicle,X_Exclude,HONDA,ACCORD,1997,FOUR DOOR SEDAN,,0,0.0,0.0,0.0,174.0,0.0,0.0,0.0,0.0,0.0,0.0,0.0,0.0,0.0,,,,,0.0,0.0,0.037139807897545354,,0.0,"{""a_pillar_base_asym_delta"": 0.0, ""delta_1"": 0.0, ""delta_10"": 0.0, ""delta_11"": 0.0, ""delta_12"": 0.0, ""delta_13"": 0.0, ""delta_14"": 0.0, ""delta_15"": 0.0, ""delta_16"": 0.0, ""delta_17"": 0.0, ""delta_18"": 0.0, ""delta_19"": 0.0, ""delta_2"": 0.0, ""delta_20"": 0.0, ""delta_21"": 0.0, ""delta_3"": null, ""delta_4"": 0.0, ""delta_5"": 0.0, ""delta_6"": 0.0, ""delta_7"": 0.0, ""delta_8"": 0.0, ""delta_9"": 0.0, ""door_leading_lower_asym_delta"": 0.0, ""door_leading_upper_asym_delta"": 0.0, ""door_trailing_lower_asym_delta"": 0.0, ""door_trailing_upper_asym_delta"": 0.0, ""firewall_side_asym_delta"": 0.0, ""front_bumper_left_delta"": 0.0, ""front_bumper_right_delta"": 0.0, ""front_engine_block_delta"": 0.0, ""front_engine_front_delta"": 0.0, ""front_firewall_center_delta"": null, ""front_firewall_left_delta"": 0.0, ""front_firewall_right_delta"": 0.0, ""front_left_right_asym_delta"": 0.0, ""front_left_right_bumper_asymmetry"": 0.0, ""front_structural_delta"": 0.0, ""front_structural_delta_median"": 0.0, ""front_total_length_shortening"": 0.0, ""rear_total_length_shortening"": 0.0, ""total_length_shortening"": 0.0}",0.0,0.0,0.0,0.0,79.16,closingSpeed,21.988888888888887,373270.67308641964,1544.0,,4685.0,1750.0,2705.0,0.0,79.16,79.16,180.0,0.0,0.0,0.0,0.0,0.0,UNKNOWN,UNKNOWN,UNKNOWN,ITV
644,8667,772,1,rear,subject_vehicle,X_Exclude,OLDSMOBILE,CUTLASS,1997,FOUR DOOR SEDAN,,0,0.0,0.0,0.0,0.0,0.0,0.0,0.0,0.0,0.0,0.0,0.0,0.0,0.0,,,,,0.0,0.0,0.0,,0.0,"{""a_pillar_base_asym_delta"": 0.0, ""delta_1"": 0.0, ""delta_10"": 0.0, ""delta_11"": 0.0, ""delta_12"": 0.0, ""delta_13"": 0.0, ""delta_14"": 0.0, ""delta_15"": 0.0, ""delta_16"": 0.0, ""delta_17"": 0.0, ""delta_18"": 0.0, ""delta_19"": 0.0, ""delta_2"": 0.0, ""delta_20"": 0.0, ""delta_21"": 0.0, ""delta_3"": null, ""delta_4"": 0.0, ""delta_5"": 0.0, ""delta_6"": 0.0, ""delta_7"": 0.0, ""delta_8"": 0.0, ""delta_9"": 0.0, ""door_leading_lower_asym_delta"": 0.0, ""door_leading_upper_asym_delta"": 0.0, ""door_trailing_lower_asym_delta"": 0.0, ""door_trailing_upper_asym_delta"": 0.0, ""firewall_side_asym_delta"": 0.0, ""front_bumper_left_delta"": 0.0, ""front_bumper_right_delta"": 0.0, ""front_engine_block_delta"": 0.0, ""front_engine_front_delta"": 0.0, ""front_firewall_center_delta"": null, ""front_firewall_left_delta"": 0.0, ""front_firewall_right_delta"": 0.0, ""front_left_right_asym_delta"": 0.0, ""front_left_right_bumper_asymmetry"": 0.0, ""front_structural_delta"": 0.0, ""front_structural_delta_median"": 0.0, ""front_total_length_shortening"": 0.0, ""rear_total_length_shortening"": 0.0, ""total_length_shortening"": 0.0}",0.0,0.0,0.0,0.0,78.6,closingSpeed,21.833333333333332,488611.8055555555,2050.0,,4890.0,1850.0,2730.0,0.0,78.6,0.0,180.0,0.0,0.0,0.0,0.0,0.0,UNKNOWN,UNKNOWN,UNKNOWN,ITV
1185,8550,1401,1,rear,subject_vehicle,B_ProfilePartial,CADILLAC,DE VILLE,1993,FOUR DOOR SEDAN,12FDEW2,1,0.0,1524.0,0.0,55.0,12.0,55.0,40.0,30.0,50.0,29.0,55.0,39.1,41.27347816697788,59588.4,1.4066496163682864,-0.020460358056265993,0.014590314154027118,0.8149732620320855,0.007507680491551459,0.010560675883256529,0.006118558860494345,0.0,"{""a_pillar_base_asym_delta"": -8.0, ""delta_1"": 40.0, ""delta_10"": 0.0, ""delta_11"": -6.0, ""delta_12"": -2.0, ""delta_13"": -10.0, ""delta_14"": 409.0, ""delta_15"": 0.0, ""delta_16"": 6.0, ""delta_17"": 0.0, ""delta_18"": -45.0, ""delta_19"": 29.0, ""delta_2"": 69.0, ""delta_20"": 12.0, ""delta_21"": 0.0, ""delta_3"": null, ""delta_4"": 0.0, ""delta_5"": 0.0, ""delta_6"": 0.0, ""delta_7"": -8.0, ""delta_8"": 0.0, ""delta_9"": 5.0, ""door_leading_lower_asym_delta"": -8.0, ""door_leading_upper_asym_delta"": 0.0, ""door_trailing_lower_asym_delta"": -6.0, ""door_trailing_upper_asym_delta"": 5.0, ""firewall_side_asym_delta"": -409.0, ""front_bumper_left_delta"": 12.0, ""front_bumper_right_delta"": 29.0, ""front_engine_block_delta"": 0.0, ""front_engine_front_delta"": 69.0, ""front_firewall_center_delta"": null, ""front_firewall_left_delta"": 0.0, ""front_firewall_right_delta"": 409.0, ""front_left_right_asym_delta"": -17.0, ""front_left_right_bumper_asymmetry"": -17.0, ""front_structural_delta"": 29.0, ""front_structural_delta_median"": 29.0, ""front_total_length_shortening"": 40.0, ""rear_total_length_shortening"": 40.0, ""total_length_shortening"": 40.0}",40.0,29.0,-17.0,40.0,56.34,closingSpeed,15.65,215531.80000000002,1760.0,,5208.0,1870.0,2900.0,0.0,56.34,56.34,180.0,0.0,0.0,0.0,0.0,0.0,DIRECT ENGAGEMENT,NO DIRECT ENGAGEMENT,NO DIRECT ENGAGEMENT,VTV
3061,14082,3649,2,rear,subject_vehicle,X_Exclude,KIA,TELLURIDE,2020,NOT APPLICABLE,,0,,0.0,,,0.0,,,,,0.0,0.0,,,,,,,,,,,,"{""a_pillar_base_asym_delta"": null, ""delta_1"": null, ""delta_10"": null, ""delta_11"": null, ""delta_12"": null, ""delta_13"": null, ""delta_14"": null, ""delta_15"": null, ""delta_16"": null, ""delta_17"": null, ""delta_18"": null, ""delta_19"": null, ""delta_2"": null, ""delta_20"": null, ""delta_21"": null, ""delta_3"": null, ""delta_4"": null, ""delta_5"": null, ""delta_6"": null, ""delta_7"": null, ""delta_8"": null, ""delta_9"": null, ""door_leading_lower_asym_delta"": null, ""door_leading_upper_asym_delta"": null, ""door_trailing_lower_asym_delta"": null, ""door_trailing_upper_asym_delta"": null, ""firewall_side_asym_delta"": null, ""front_bumper_left_delta"": null, ""front_bumper_right_delta"": null, ""front_engine_block_delta"": null, ""front_engine_front_delta"": null, ""front_firewall_center_delta"": null, ""front_firewall_left_delta"": null, ""front_firewall_right_delta"": null, ""front_left_right_asym_delta"": null, ""front_left_right_bumper_asymmetry"": null, ""front_structural_delta"": null, ""front_structural_delta_median"": null, ""front_total_length_shortening"": null, ""rear_total_length_shortening"": null, ""total_length_shortening"": null}",,,,,0.0,closingSpeed,0.0,,,,,,,,0.0,0.0,180.0,0.0,0.0,0.0,,0.0,NOT APPLICABLE,DIRECT ENGAGEMENT,DIRECT ENGAGEMENT,ITV
594,8680,712,1,rear,subject_vehicle,X_Exclude,HYUNDAI,ELANTRA,2000,FOUR DOOR SEDAN,,0,0.0,0.0,0.0,0.0,0.0,0.0,0.0,0.0,0.0,0.0,0.0,0.0,0.0,,,,,0.0,0.0,0.0,,0.0,"{""a_pillar_base_asym_delta"": 0.0, ""delta_1"": 0.0, ""delta_10"": 0.0, ""delta_11"": 0.0, ""delta_12"": 0.0, ""delta_13"": 0.0, ""delta_14"": 0.0, ""delta_15"": 0.0, ""delta_16"": 0.0, ""delta_17"": 0.0, ""delta_18"": 0.0, ""delta_19"": 0.0, ""delta_2"": 0.0, ""delta_20"": 0.0, ""delta_21"": 0.0, ""delta_3"": null, ""delta_4"": 0.0, ""delta_5"": 0.0, ""delta_6"": 0.0, ""delta_7"": 0.0, ""delta_8"": 0.0, ""delta_9"": 0.0, ""door_leading_lower_asym_delta"": 0.0, ""door_leading_upper_asym_delta"": 0.0, ""door_trailing_lower_asym_delta"": 0.0, ""door_trailing_upper_asym_delta"": 0.0, ""firewall_side_asym_delta"": 0.0, ""front_bumper_left_delta"": 0.0, ""front_bumper_right_delta"": 0.0, ""front_engine_block_delta"": 0.0, ""front_engine_front_delta"": 0.0, ""front_firewall_center_delta"": null, ""front_firewall_left_delta"": 0.0, ""front_firewall_right_delta"": 0.0, ""front_left_right_asym_delta"": 0.0, ""front_left_right_bumper_asymmetry"": 0.0, ""front_structural_delta"": 0.0, ""front_structural_delta_median"": 0.0, ""front_total_length_shortening"": 0.0, ""rear_total_length_shortening"": 0.0, ""total_length_shortening"": 0.0}",0.0,0.0,0.0,0.0,80.07,closingSpeed,22.241666666666664,354941.3206597221,1435.0,,4443.0,1698.0,2557.0,0.0,80.07,0.0,180.0,0.0,0.0,0.0,0.0,0.0,UNKNOWN,UNKNOWN,UNKNOWN,ITV
1161,8548,1372,1,rear,subject_vehicle,X_Exclude,PLYMOUTH,NEON,1997,FOUR DOOR SEDAN,,0,0.0,1524.0,0.0,0.0,0.0,0.0,0.0,0.0,0.0,0.0,0.0,0.0,0.0,0.0,,,,0.8959435626102292,0.0,0.0,0.0,0.0,"{""a_pillar_base_asym_delta"": -5.0, ""delta_1"": 4373.0, ""delta_10"": -2.0, ""delta_11"": 0.0, ""delta_12"": 3.0, ""delta_13"": -2.0, ""delta_14"": 3.0, ""delta_15"": 3.0, ""delta_16"": 22.0, ""delta_17"": -1.0, ""delta_18"": 0.0, ""delta_19"": 4164.0, ""delta_2"": 3953.0, ""delta_20"": 4145.0, ""delta_21"": 0.0, ""delta_3"": null, ""delta_4"": -1.0, ""delta_5"": 2.0, ""delta_6"": 0.0, ""delta_7"": 0.0, ""delta_8"": 200.0, ""delta_9"": -1.0, ""door_leading_lower_asym_delta"": 0.0, ""door_leading_upper_asym_delta"": 3.0, ""door_trailing_lower_asym_delta"": 2.0, ""door_trailing_upper_asym_delta"": -201.0, ""firewall_side_asym_delta"": 0.0, ""front_bumper_left_delta"": 4145.0, ""front_bumper_right_delta"": 4164.0, ""front_engine_block_delta"": 0.0, ""front_engine_front_delta"": 3953.0, ""front_firewall_center_delta"": null, ""front_firewall_left_delta"": 3.0, ""front_firewall_right_delta"": 3.0, ""front_left_right_asym_delta"": -19.0, ""front_left_right_bumper_asymmetry"": -19.0, ""front_structural_delta"": 3953.0, ""front_structural_delta_median"": 3953.0, ""front_total_length_shortening"": 4373.0, ""rear_total_length_shortening"": 4373.0, ""total_length_shortening"": 4373.0}",4373.0,3953.0,-19.0,4373.0,64.66,closingSpeed,17.96111111111111,205658.4641203703,1275.0,,4373.0,1701.0,2630.0,1042.0,64.66,64.66,180.0,0.0,0.0,0.0,0.0,0.0,DIRECT ENGAGEMENT,NO DIRECT ENGAGEMENT,NO DIRECT ENGAGEMENT,VTV
3541,14447,4236,2,rear,subject_vehicle,X_Exclude,HONDA,HR-V,2023,NOT APPLICABLE,,0,,0.0,,,0.0,,,,,0.0,0.0,,,,,,,,,,,,"{""a_pillar_base_asym_delta"": null, ""delta_1"": null, ""delta_10"": null, ""delta_11"": null, ""delta_12"": null, ""delta_13"": null, ""delta_14"": null, ""delta_15"": null, ""delta_16"": null, ""delta_17"": null, ""delta_18"": null, ""delta_19"": null, ""delta_2"": null, ""delta_20"": null, ""delta_21"": null, ""delta_3"": null, ""delta_4"": null, ""delta_5"": null, ""delta_6"": null, ""delta_7"": null, ""delta_8"": null, ""delta_9"": null, ""door_leading_lower_asym_delta"": null, ""door_leading_upper_asym_delta"": null, ""door_trailing_lower_asym_delta"": null, ""door_trailing_upper_asym_delta"": null, ""firewall_side_asym_delta"": null, ""front_bumper_left_delta"": null, ""front_bumper_right_delta"": null, ""front_engine_block_delta"": null, ""front_engine_front_delta"": null, ""front_firewall_center_delta"": null, ""front_firewall_left_delta"": null, ""front_firewall_right_delta"": null, ""front_left_right_asym_delta"": null, ""front_left_right_bumper_asymmetry"": null, ""front_structural_delta"": null, ""front_structural_delta_median"": null, ""front_total_length_shortening"": null, ""rear_total_length_shortening"": null, ""total_length_shortening"": null}",,,,,0.0,closingSpeed,0.0,,,,,,,,0.0,0.0,180.0,0.0,0.0,0.0,,0.0,NOT APPLICABLE,DIRECT ENGAGEMENT,DIRECT ENGAGEMENT,ITV
620,8669,743,1,rear,subject_vehicle,X_Exclude,MAZDA,PROTEGE5,1996,FOUR DOOR SEDAN,,0,0.0,0.0,0.0,359.0,0.0,0.0,0.0,0.0,0.0,0.0,0.0,0.0,0.0,,,,,0.0,0.0,0.08085585585585586,,0.0,"{""a_pillar_base_asym_delta"": 0.0, ""delta_1"": 0.0, ""delta_10"": 0.0, ""delta_11"": 0.0, ""delta_12"": 0.0, ""delta_13"": 0.0, ""delta_14"": 0.0, ""delta_15"": 0.0, ""delta_16"": 0.0, ""delta_17"": 0.0, ""delta_18"": 0.0, ""delta_19"": 0.0, ""delta_2"": 0.0, ""delta_20"": 0.0, ""delta_21"": 0.0, ""delta_3"": null, ""delta_4"": 0.0, ""delta_5"": 0.0, ""delta_6"": 0.0, ""delta_7"": 0.0, ""delta_8"": 0.0, ""delta_9"": 0.0, ""door_leading_lower_asym_delta"": 0.0, ""door_leading_upper_asym_delta"": 0.0, ""door_trailing_lower_asym_delta"": 0.0, ""door_trailing_upper_asym_delta"": 0.0, ""firewall_side_asym_delta"": 0.0, ""front_bumper_left_delta"": 0.0, ""front_bumper_right_delta"": 0.0, ""front_engine_block_delta"": 0.0, ""front_engine_front_delta"": 0.0, ""front_firewall_center_delta"": null, ""front_firewall_left_delta"": 0.0, ""front_firewall_right_delta"": 0.0, ""front_left_right_asym_delta"": 0.0, ""front_left_right_bumper_asymmetry"": 0.0, ""front_structural_delta"": 0.0, ""front_structural_delta_median"": 0.0, ""front_total_length_shortening"": 0.0, ""rear_total_length_shortening"": 0.0, ""total_length_shortening"": 0.0}",0.0,0.0,0.0,0.0,79.89,closingSpeed,22.191666666666666,318628.13493055553,1294.0,,4440.0,1690.0,2605.0,0.0,79.89,79.89,180.0,0.0,0.0,0.0,0.0,0.0,UNKNOWN,UNKNOWN,UNKNOWN,ITV
3607,14449,4325,2,rear,subject_vehicle,X_Exclude,VOLKSWAGEN,TAOS,2023,UTILITY VEHICLE,,0,,0.0,,,0.0,,,,,0.0,0.0,,,,,,,,,,,,"{""a_pillar_base_asym_delta"": null, ""delta_1"": null, ""delta_10"": null, ""delta_11"": null, ""delta_12"": null, ""delta_13"": null, ""delta_14"": null, ""delta_15"": null, ""delta_16"": null, ""delta_17"": null, ""delta_18"": null, ""delta_19"": null, ""delta_2"": null, ""delta_20"": null, ""delta_21"": null, ""delta_3"": null, ""delta_4"": null, ""delta_5"": null, ""delta_6"": null, ""delta_7"": null, ""delta_8"": null, ""delta_9"": null, ""door_leading_lower_asym_delta"": null, ""door_leading_upper_asym_delta"": null, ""door_trailing_lower_asym_delta"": null, ""door_trailing_upper_asym_delta"": null, ""firewall_side_asym_delta"": null, ""front_bumper_left_delta"": null, ""front_bumper_right_delta"": null, ""front_engine_block_delta"": null, ""front_engine_front_delta"": null, ""front_firewall_center_delta"": null, ""front_firewall_left_delta"": null, ""front_firewall_right_delta"": null, ""front_left_right_asym_delta"": null, ""front_left_right_bumper_asymmetry"": null, ""front_structural_delta"": null, ""front_structural_delta_median"": null, ""front_total_length_shortening"": null, ""rear_total_length_shortening"": null, ""total_length_shortening"": null}",,,,,0.0,closingSpeed,0.0,,,,,,,,0.0,0.0,180.0,0.0,0.0,0.0,,0.0,NOT APPLICABLE,DIRECT ENGAGEMENT,DIRECT ENGAGEMENT,ITV
627,8670,750,1,rear,subject_vehicle,X_Exclude,TOYOTA,RAV4,1997,FIVE DOOR HATCHBACK,,0,0.0,0.0,0.0,356.0,0.0,0.0,0.0,0.0,0.0,0.0,0.0,0.0,0.0,,,,,0.0,0.0,0.08588661037394452,,0.0,"{""a_pillar_base_asym_delta"": 0.0, ""delta_1"": 0.0, ""delta_10"": 0.0, ""delta_11"": 0.0, ""delta_12"": 0.0, ""delta_13"": 0.0, ""delta_14"": 0.0, ""delta_15"": 0.0, ""delta_16"": 0.0, ""delta_17"": 0.0, ""delta_18"": 0.0, ""delta_19"": 0.0, ""delta_2"": 0.0, ""delta_20"": 0.0, ""delta_21"": 0.0, ""delta_3"": null, ""delta_4"": 0.0, ""delta_5"": 0.0, ""delta_6"": 0.0, ""delta_7"": 0.0, ""delta_8"": 0.0, ""delta_9"": 0.0, ""door_leading_lower_asym_delta"": 0.0, ""door_leading_upper_asym_delta"": 0.0, ""door_trailing_lower_asym_delta"": 0.0, ""door_trailing_upper_asym_delta"": 0.0, ""firewall_side_asym_delta"": 0.0, ""front_bumper_left_delta"": 0.0, ""front_bumper_right_delta"": 0.0, ""front_engine_block_delta"": 0.0, ""front_engine_front_delta"": 0.0, ""front_firewall_center_delta"": null, ""front_firewall_left_delta"": 0.0, ""front_firewall_right_delta"": 0.0, ""front_left_right_asym_delta"": 0.0, ""front_left_right_bumper_asymmetry"": 0.0, ""front_structural_delta"": 0.0, ""front_structural_delta_median"": 0.0, ""front_total_length_shortening"": 0.0, ""rear_total_length_shortening"": 0.0, ""total_length_shortening"": 0.0}",0.0,0.0,0.0,0.0,78.89,closingSpeed,21.913888888888888,373850.12267361104,1557.0,,4145.0,1770.0,2400.0,0.0,78.89,78.89,180.0,0.0,0.0,0.0,0.0,0.0,UNKNOWN,UNKNOWN,UNKNOWN,ITV
3062,14094,3651,2,rear,subject_vehicle,X_Exclude,SUBARU,OUTBACK,2020,NOT APPLICABLE,,0,,0.0,,,0.0,,,,,0.0,0.0,,,,,,,,,,,,"{""a_pillar_base_asym_delta"": null, ""delta_1"": null, ""delta_10"": null, ""delta_11"": null, ""delta_12"": null, ""delta_13"": null, ""delta_14"": null, ""delta_15"": null, ""delta_16"": null, ""delta_17"": null, ""delta_18"": null, ""delta_19"": null, ""delta_2"": null, ""delta_20"": null, ""delta_21"": null, ""delta_3"": null, ""delta_4"": null, ""delta_5"": null, ""delta_6"": null, ""delta_7"": null, ""delta_8"": null, ""delta_9"": null, ""door_leading_lower_asym_delta"": null, ""door_leading_upper_asym_delta"": null, ""door_trailing_lower_asym_delta"": null, ""door_trailing_upper_asym_delta"": null, ""firewall_side_asym_delta"": null, ""front_bumper_left_delta"": null, ""front_bumper_right_delta"": null, ""front_engine_block_delta"": null, ""front_engine_front_delta"": null, ""front_firewall_center_delta"": null, ""front_firewall_left_delta"": null, ""front_firewall_right_delta"": null, ""front_left_right_asym_delta"": null, ""front_left_right_bumper_asymmetry"": null, ""front_structural_delta"": null, ""front_structural_delta_median"": null, ""front_total_length_shortening"": null, ""rear_total_length_shortening"": null, ""total_length_shortening"": null}",,,,,0.0,closingSpeed,0.0,,,,,,,,0.0,0.0,180.0,0.0,0.0,0.0,,0.0,NOT APPLICABLE,DIRECT ENGAGEMENT,DIRECT ENGAGEMENT,ITV
1234,8555,1472,2,rear,subject_vehicle,A_ProfileValid,JEEP,LIBERTY,2004,UTILITY VEHICLE,06BDEW3,1,180.0,1524.0,0.0,54.0,0.0,54.0,0.0,0.0,0.0,13.0,54.0,12.100000000000001,24.496938584239462,18440.4,4.462809917355371,-0.7851239669421487,-0.35946178539717233,0.8396694214876033,0.002872062663185379,0.012817469736529788,0.0024115831948730124,0.0,"{""a_pillar_base_asym_delta"": -12.0, ""delta_1"": 4213.0, ""delta_10"": -2.0, ""delta_11"": 6.0, ""delta_12"": -1.0, ""delta_13"": -13.0, ""delta_14"": -11.0, ""delta_15"": -15.0, ""delta_16"": -9.0, ""delta_17"": -3.0, ""delta_18"": 4.0, ""delta_19"": 13.0, ""delta_2"": -10.0, ""delta_20"": 4517.0, ""delta_21"": 0.0, ""delta_3"": null, ""delta_4"": -8.0, ""delta_5"": -10.0, ""delta_6"": 0.0, ""delta_7"": 5.0, ""delta_8"": -10.0, ""delta_9"": -12.0, ""door_leading_lower_asym_delta"": 5.0, ""door_leading_upper_asym_delta"": -2.0, ""door_trailing_lower_asym_delta"": 8.0, ""door_trailing_upper_asym_delta"": -2.0, ""firewall_side_asym_delta"": -4.0, ""front_bumper_left_delta"": 4517.0, ""front_bumper_right_delta"": 13.0, ""front_engine_block_delta"": 0.0, ""front_engine_front_delta"": -10.0, ""front_firewall_center_delta"": null, ""front_firewall_left_delta"": -15.0, ""front_firewall_right_delta"": -11.0, ""front_left_right_asym_delta"": 4504.0, ""front_left_right_bumper_asymmetry"": 4504.0, ""front_structural_delta"": -10.0, ""front_structural_delta_median"": -10.0, ""front_total_length_shortening"": 4213.0, ""rear_total_length_shortening"": 4213.0, ""total_length_shortening"": 4213.0}",4213.0,-10.0,4504.0,4213.0,69.13,closingSpeed,19.202777777777776,355287.4207677468,1927.0,,4213.0,1815.0,2640.0,1195.0,69.13,0.0,180.0,0.0,0.0,0.0,0.0,0.0,DIRECT ENGAGEMENT,NO DIRECT ENGAGEMENT,NO DIRECT ENGAGEMENT,VTV
653,8678,783,1,rear,subject_vehicle,X_Exclude,BUICK,CENTURY,2000,FOUR DOOR SEDAN,,0,0.0,0.0,0.0,358.0,0.0,0.0,0.0,0.0,0.0,0.0,0.0,0.0,0.0,,,,,0.0,0.0,0.07246963562753037,,0.0,"{""a_pillar_base_asym_delta"": 0.0, ""delta_1"": 0.0, ""delta_10"": 0.0, ""delta_11"": 0.0, ""delta_12"": 0.0, ""delta_13"": 0.0, ""delta_14"": 0.0, ""delta_15"": 0.0, ""delta_16"": 0.0, ""delta_17"": 0.0, ""delta_18"": 0.0, ""delta_19"": 0.0, ""delta_2"": 0.0, ""delta_20"": 0.0, ""delta_21"": 0.0, ""delta_3"": null, ""delta_4"": 0.0, ""delta_5"": 0.0, ""delta_6"": 0.0, ""delta_7"": 0.0, ""delta_8"": 0.0, ""delta_9"": 0.0, ""door_leading_lower_asym_delta"": 0.0, ""door_leading_upper_asym_delta"": 0.0, ""door_trailing_lower_asym_delta"": 0.0, ""door_trailing_upper_asym_delta"": 0.0, ""firewall_side_asym_delta"": 0.0, ""front_bumper_left_delta"": 0.0, ""front_bumper_right_delta"": 0.0, ""front_engine_block_delta"": 0.0, ""front_engine_front_delta"": 0.0, ""front_firewall_center_delta"": null, ""front_firewall_left_delta"": 0.0, ""front_firewall_right_delta"": 0.0, ""front_left_right_asym_delta"": 0.0, ""front_left_right_bumper_asymmetry"": 0.0, ""front_structural_delta"": 0.0, ""front_structural_delta_median"": 0.0, ""front_total_length_shortening"": 0.0, ""rear_total_length_shortening"": 0.0, ""total_length_shortening"": 0.0}",0.0,0.0,0.0,0.0,79.94,closingSpeed,22.205555555555556,434409.3805246913,1762.0,,4940.0,1835.0,2773.0,0.0,79.94,0.0,180.0,0.0,0.0,0.0,0.0,0.0,UNKNOWN,UNKNOWN,UNKNOWN,ITV
2917,14453,3469,2,rear,subject_vehicle,X_Exclude,TOYOTA,RAV4,2019,UTILITY VEHICLE,,0,,0.0,,,0.0,,,,,0.0,0.0,,,,,,,,,,,,"{""a_pillar_base_asym_delta"": null, ""delta_1"": null, ""delta_10"": null, ""delta_11"": null, ""delta_12"": null, ""delta_13"": null, ""delta_14"": null, ""delta_15"": null, ""delta_16"": null, ""delta_17"": null, ""delta_18"": null, ""delta_19"": null, ""delta_2"": null, ""delta_20"": null, ""delta_21"": null, ""delta_3"": null, ""delta_4"": null, ""delta_5"": null, ""delta_6"": null, ""delta_7"": null, ""delta_8"": null, ""delta_9"": null, ""door_leading_lower_asym_delta"": null, ""door_leading_upper_asym_delta"": null, ""door_trailing_lower_asym_delta"": null, ""door_trailing_upper_asym_delta"": null, ""firewall_side_asym_delta"": null, ""front_bumper_left_delta"": null, ""front_bumper_right_delta"": null, ""front_engine_block_delta"": null, ""front_engine_front_delta"": null, ""front_firewall_center_delta"": null, ""front_firewall_left_delta"": null, ""front_firewall_right_delta"": null, ""front_left_right_asym_delta"": null, ""front_left_right_bumper_asymmetry"": null, ""front_structural_delta"": null, ""front_structural_delta_median"": null, ""front_total_length_shortening"": null, ""rear_total_length_shortening"": null, ""total_length_shortening"": null}",,,,,0.0,closingSpeed,0.0,,,,,,,,0.0,0.0,180.0,0.0,0.0,0.0,,0.0,NOT APPLICABLE,DIRECT ENGAGEMENT,DIRECT ENGAGEMENT,ITV
732,8682,879,1,rear,subject_vehicle,X_Exclude,FORD,F150 PICKUP,1999,OTHER,,0,0.0,0.0,0.0,0.0,0.0,0.0,0.0,0.0,0.0,0.0,0.0,0.0,0.0,,,,,0.0,0.0,0.0,,0.0,"{""a_pillar_base_asym_delta"": 0.0, ""delta_1"": 0.0, ""delta_10"": 0.0, ""delta_11"": 0.0, ""delta_12"": 0.0, ""delta_13"": 0.0, ""delta_14"": 0.0, ""delta_15"": 0.0, ""delta_16"": 0.0, ""delta_17"": 0.0, ""delta_18"": 0.0, ""delta_19"": 0.0, ""delta_2"": 0.0, ""delta_20"": 0.0, ""delta_21"": 0.0, ""delta_3"": null, ""delta_4"": 0.0, ""delta_5"": 0.0, ""delta_6"": 0.0, ""delta_7"": 0.0, ""delta_8"": 0.0, ""delta_9"": 0.0, ""door_leading_lower_asym_delta"": 0.0, ""door_leading_upper_asym_delta"": 0.0, ""door_trailing_lower_asym_delta"": 0.0, ""door_trailing_upper_asym_delta"": 0.0, ""firewall_side_asym_delta"": 0.0, ""front_bumper_left_delta"": 0.0, ""front_bumper_right_delta"": 0.0, ""front_engine_block_delta"": 0.0, ""front_engine_front_delta"": 0.0, ""front_firewall_center_delta"": null, ""front_firewall_left_delta"": 0.0, ""front_firewall_right_delta"": 0.0, ""front_left_right_asym_delta"": 0.0, ""front_left_right_bumper_asymmetry"": 0.0, ""front_structural_delta"": 0.0, ""front_structural_delta_median"": 0.0, ""front_total_length_shortening"": 0.0, ""rear_total_length_shortening"": 0.0, ""total_length_shortening"": 0.0}",0.0,0.0,0.0,0.0,78.75,closingSpeed,21.875,518471.6796875,2167.0,,5260.0,1995.0,3055.0,0.0,78.75,0.0,180.0,0.0,0.0,0.0,0.0,0.0,UNKNOWN,UNKNOWN,UNKNOWN,ITV
1161,8548,1373,2,rear,subject_vehicle,A_ProfileValid,JEEP,LIBERTY,2004,UTILITY VEHICLE,06BDEW2,1,180.0,1524.0,0.0,120.0,-21.0,20.0,70.0,120.0,10.0,0.0,120.0,41.900000000000006,63.27795824771846,63855.600000000006,2.8639618138424816,0.18138424821002389,0.05795588659550471,0.8373626373626374,0.009950130610306342,0.02849679411066255,0.008331867609948827,0.0,"{""a_pillar_base_asym_delta"": 1.0, ""delta_1"": 111.0, ""delta_10"": -3.0, ""delta_11"": -6.0, ""delta_12"": -3.0, ""delta_13"": -2.0, ""delta_14"": -4.0, ""delta_15"": -5.0, ""delta_16"": -9.0, ""delta_17"": 0.0, ""delta_18"": 0.0, ""delta_19"": 0.0, ""delta_2"": -5.0, ""delta_20"": -21.0, ""delta_21"": 0.0, ""delta_3"": null, ""delta_4"": -5.0, ""delta_5"": -4.0, ""delta_6"": -5.0, ""delta_7"": -6.0, ""delta_8"": -6.0, ""delta_9"": -5.0, ""door_leading_lower_asym_delta"": -1.0, ""door_leading_upper_asym_delta"": 1.0, ""door_trailing_lower_asym_delta"": -3.0, ""door_trailing_upper_asym_delta"": 1.0, ""firewall_side_asym_delta"": -1.0, ""front_bumper_left_delta"": -21.0, ""front_bumper_right_delta"": 0.0, ""front_engine_block_delta"": 0.0, ""front_engine_front_delta"": -5.0, ""front_firewall_center_delta"": null, ""front_firewall_left_delta"": -5.0, ""front_firewall_right_delta"": -4.0, ""front_left_right_asym_delta"": -21.0, ""front_left_right_bumper_asymmetry"": -21.0, ""front_structural_delta"": -5.0, ""front_structural_delta_median"": -5.0, ""front_total_length_shortening"": 111.0, ""rear_total_length_shortening"": 111.0, ""total_length_shortening"": 111.0}",111.0,-5.0,-21.0,111.0,64.66,closingSpeed,17.96111111111111,316149.4820987654,1960.0,,4211.0,1820.0,2640.0,1233.0,64.66,0.0,180.0,0.0,0.0,0.0,0.0,0.0,DIRECT ENGAGEMENT,NO DIRECT ENGAGEMENT,NO DIRECT ENGAGEMENT,VTV
625,8673,748,1,rear,subject_vehicle,X_Exclude,MAZDA,626,1997,NOT APPLICABLE,,0,0.0,0.0,0.0,199.0,0.0,0.0,0.0,0.0,0.0,0.0,0.0,0.0,0.0,,,,,0.0,0.0,0.04247598719316969,,0.0,"{""a_pillar_base_asym_delta"": 0.0, ""delta_1"": 0.0, ""delta_10"": 0.0, ""delta_11"": 0.0, ""delta_12"": 0.0, ""delta_13"": 0.0, ""delta_14"": 0.0, ""delta_15"": 0.0, ""delta_16"": 0.0, ""delta_17"": 0.0, ""delta_18"": 0.0, ""delta_19"": 0.0, ""delta_2"": 0.0, ""delta_20"": 0.0, ""delta_21"": 0.0, ""delta_3"": null, ""delta_4"": 0.0, ""delta_5"": 0.0, ""delta_6"": 0.0, ""delta_7"": 0.0, ""delta_8"": 0.0, ""delta_9"": 0.0, ""door_leading_lower_asym_delta"": 0.0, ""door_leading_upper_asym_delta"": 0.0, ""door_trailing_lower_asym_delta"": 0.0, ""door_trailing_upper_asym_delta"": 0.0, ""firewall_side_asym_delta"": 0.0, ""front_bumper_left_delta"": 0.0, ""front_bumper_right_delta"": 0.0, ""front_engine_block_delta"": 0.0, ""front_engine_front_delta"": 0.0, ""front_firewall_center_delta"": null, ""front_firewall_left_delta"": 0.0, ""front_firewall_right_delta"": 0.0, ""front_left_right_asym_delta"": 0.0, ""front_left_right_bumper_asymmetry"": 0.0, ""front_structural_delta"": 0.0, ""front_structural_delta_median"": 0.0, ""front_total_length_shortening"": 0.0, ""rear_total_length_shortening"": 0.0, ""total_length_shortening"": 0.0}",0.0,0.0,0.0,0.0,79.75,closingSpeed,22.15277777777778,344503.3854166667,1404.0,,4685.0,1715.0,2610.0,0.0,79.75,0.0,180.0,0.0,0.0,0.0,0.0,0.0,UNKNOWN,UNKNOWN,UNKNOWN,ITV
561,8676,673,1,rear,subject_vehicle,X_Exclude,VOLKSWAGEN,BEETLE,1998,THREE DOOR HATCHBACK,,0,0.0,0.0,0.0,382.0,0.0,0.0,0.0,0.0,0.0,0.0,0.0,0.0,0.0,,,,,0.0,0.0,0.09374233128834356,,0.0,"{""a_pillar_base_asym_delta"": 0.0, ""delta_1"": 0.0, ""delta_10"": 0.0, ""delta_11"": 0.0, ""delta_12"": 0.0, ""delta_13"": 0.0, ""delta_14"": 0.0, ""delta_15"": 0.0, ""delta_16"": 0.0, ""delta_17"": 0.0, ""delta_18"": 0.0, ""delta_19"": 0.0, ""delta_2"": 0.0, ""delta_20"": 0.0, ""delta_21"": 0.0, ""delta_3"": null, ""delta_4"": 0.0, ""delta_5"": 0.0, ""delta_6"": 0.0, ""delta_7"": 0.0, ""delta_8"": 0.0, ""delta_9"": 0.0, ""door_leading_lower_asym_delta"": 0.0, ""door_leading_upper_asym_delta"": 0.0, ""door_trailing_lower_asym_delta"": 0.0, ""door_trailing_upper_asym_delta"": 0.0, ""firewall_side_asym_delta"": 0.0, ""front_bumper_left_delta"": 0.0, ""front_bumper_right_delta"": 0.0, ""front_engine_block_delta"": 0.0, ""front_engine_front_delta"": 0.0, ""front_firewall_center_delta"": null, ""front_firewall_left_delta"": 0.0, ""front_firewall_right_delta"": 0.0, ""front_left_right_asym_delta"": 0.0, ""front_left_right_bumper_asymmetry"": 0.0, ""front_structural_delta"": 0.0, ""front_structural_delta_median"": 0.0, ""front_total_length_shortening"": 0.0, ""rear_total_length_shortening"": 0.0, ""total_length_shortening"": 0.0}",0.0,0.0,0.0,0.0,79.58,closingSpeed,22.105555555555554,380418.37402777775,1557.0,,4075.0,1730.0,2518.0,0.0,79.58,0.0,180.0,0.0,0.0,0.0,0.0,0.0,UNKNOWN,UNKNOWN,UNKNOWN,ITV
3538,14448,4231,2,rear,subject_vehicle,X_Exclude,MAZDA,CX-50,2023,NOT APPLICABLE,,0,,0.0,,,0.0,,,,,0.0,0.0,,,,,,,,,,,,"{""a_pillar_base_asym_delta"": null, ""delta_1"": null, ""delta_10"": null, ""delta_11"": null, ""delta_12"": null, ""delta_13"": null, ""delta_14"": null, ""delta_15"": null, ""delta_16"": null, ""delta_17"": null, ""delta_18"": null, ""delta_19"": null, ""delta_2"": null, ""delta_20"": null, ""delta_21"": null, ""delta_3"": null, ""delta_4"": null, ""delta_5"": null, ""delta_6"": null, ""delta_7"": null, ""delta_8"": null, ""delta_9"": null, ""door_leading_lower_asym_delta"": null, ""door_leading_upper_asym_delta"": null, ""door_trailing_lower_asym_delta"": null, ""door_trailing_upper_asym_delta"": null, ""firewall_side_asym_delta"": null, ""front_bumper_left_delta"": null, ""front_bumper_right_delta"": null, ""front_engine_block_delta"": null, ""front_engine_front_delta"": null, ""front_firewall_center_delta"": null, ""front_firewall_left_delta"": null, ""front_firewall_right_delta"": null, ""front_left_right_asym_delta"": null, ""front_left_right_bumper_asymmetry"": null, ""front_structural_delta"": null, ""front_structural_delta_median"": null, ""front_total_length_shortening"": null, ""rear_total_length_shortening"": null, ""total_length_shortening"": null}",,,,,0.0,closingSpeed,0.0,,,,,,,,0.0,0.0,180.0,0.0,0.0,0.0,,0.0,NOT APPLICABLE,DIRECT ENGAGEMENT,DIRECT ENGAGEMENT,ITV
628,8675,751,1,rear,subject_vehicle,X_Exclude,DODGE,AVENGER,1998,TWO DOOR SEDAN,,0,0.0,0.0,0.0,207.0,0.0,0.0,0.0,0.0,0.0,0.0,0.0,0.0,0.0,,,,,0.0,0.0,0.04254881808838643,,0.0,"{""a_pillar_base_asym_delta"": 0.0, ""delta_1"": 0.0, ""delta_10"": 0.0, ""delta_11"": 0.0, ""delta_12"": 0.0, ""delta_13"": 0.0, ""delta_14"": 0.0, ""delta_15"": 0.0, ""delta_16"": 0.0, ""delta_17"": 0.0, ""delta_18"": 0.0, ""delta_19"": 0.0, ""delta_2"": 0.0, ""delta_20"": 0.0, ""delta_21"": 0.0, ""delta_3"": null, ""delta_4"": 0.0, ""delta_5"": 0.0, ""delta_6"": 0.0, ""delta_7"": 0.0, ""delta_8"": 0.0, ""delta_9"": 0.0, ""door_leading_lower_asym_delta"": 0.0, ""door_leading_upper_asym_delta"": 0.0, ""door_trailing_lower_asym_delta"": 0.0, ""door_trailing_upper_asym_delta"": 0.0, ""firewall_side_asym_delta"": 0.0, ""front_bumper_left_delta"": 0.0, ""front_bumper_right_delta"": 0.0, ""front_engine_block_delta"": 0.0, ""front_engine_front_delta"": 0.0, ""front_firewall_center_delta"": null, ""front_firewall_left_delta"": 0.0, ""front_firewall_right_delta"": 0.0, ""front_left_right_asym_delta"": 0.0, ""front_left_right_bumper_asymmetry"": 0.0, ""front_structural_delta"": 0.0, ""front_structural_delta_median"": 0.0, ""front_total_length_shortening"": 0.0, ""rear_total_length_shortening"": 0.0, ""total_length_shortening"": 0.0}",0.0,0.0,0.0,0.0,78.92,closingSpeed,21.92222222222222,396001.0735802468,1648.0,,4865.0,1745.0,2635.0,0.0,78.92,0.0,180.0,0.0,0.0,0.0,0.0,0.0,NOT APPLICABLE,NOT APPLICABLE,NOT APPLICABLE,ITV
596,8677,714,1,rear,subject_vehicle,X_Exclude,BUICK,LESABRE,1999,FOUR DOOR SEDAN,,0,0.0,0.0,0.0,0.0,0.0,0.0,0.0,0.0,0.0,0.0,0.0,0.0,0.0,,,,,0.0,0.0,0.0,,0.0,"{""a_pillar_base_asym_delta"": 0.0, ""delta_1"": 0.0, ""delta_10"": 0.0, ""delta_11"": 0.0, ""delta_12"": 0.0, ""delta_13"": 0.0, ""delta_14"": 0.0, ""delta_15"": 0.0, ""delta_16"": 0.0, ""delta_17"": 0.0, ""delta_18"": 0.0, ""delta_19"": 0.0, ""delta_2"": 0.0, ""delta_20"": 0.0, ""delta_21"": 0.0, ""delta_3"": null, ""delta_4"": 0.0, ""delta_5"": 0.0, ""delta_6"": 0.0, ""delta_7"": 0.0, ""delta_8"": 0.0, ""delta_9"": 0.0, ""door_leading_lower_asym_delta"": 0.0, ""door_leading_upper_asym_delta"": 0.0, ""door_trailing_lower_asym_delta"": 0.0, ""door_trailing_upper_asym_delta"": 0.0, ""firewall_side_asym_delta"": 0.0, ""front_bumper_left_delta"": 0.0, ""front_bumper_right_delta"": 0.0, ""front_engine_block_delta"": 0.0, ""front_engine_front_delta"": 0.0, ""front_firewall_center_delta"": null, ""front_firewall_left_delta"": 0.0, ""front_firewall_right_delta"": 0.0, ""front_left_right_asym_delta"": 0.0, ""front_left_right_bumper_asymmetry"": 0.0, ""front_structural_delta"": 0.0, ""front_structural_delta_median"": 0.0, ""front_total_length_shortening"": 0.0, ""rear_total_length_shortening"": 0.0, ""total_length_shortening"": 0.0}",0.0,0.0,0.0,0.0,78.69,closingSpeed,21.85833333333333,434308.14312499994,1818.0,,5080.0,1838.0,2815.0,0.0,78.69,0.0,180.0,0.0,0.0,0.0,0.0,0.0,UNKNOWN,UNKNOWN,UNKNOWN,ITV
1157,8547,1367,2,rear,subject_vehicle,X_Exclude,JEEP,LIBERTY,2004,UTILITY VEHICLE,,0,0.0,0.0,0.0,0.0,0.0,0.0,0.0,0.0,0.0,0.0,0.0,0.0,0.0,,,,,0.0,0.0,0.0,,0.0,"{""a_pillar_base_asym_delta"": 0.0, ""delta_1"": 0.0, ""delta_10"": 0.0, ""delta_11"": 0.0, ""delta_12"": 0.0, ""delta_13"": 0.0, ""delta_14"": 0.0, ""delta_15"": 0.0, ""delta_16"": 0.0, ""delta_17"": 0.0, ""delta_18"": 0.0, ""delta_19"": 0.0, ""delta_2"": 0.0, ""delta_20"": 0.0, ""delta_21"": 0.0, ""delta_3"": null, ""delta_4"": 0.0, ""delta_5"": 0.0, ""delta_6"": 0.0, ""delta_7"": 0.0, ""delta_8"": 0.0, ""delta_9"": 0.0, ""door_leading_lower_asym_delta"": 0.0, ""door_leading_upper_asym_delta"": 0.0, ""door_trailing_lower_asym_delta"": 0.0, ""door_trailing_upper_asym_delta"": 0.0, ""firewall_side_asym_delta"": 0.0, ""front_bumper_left_delta"": 0.0, ""front_bumper_right_delta"": 0.0, ""front_engine_block_delta"": 0.0, ""front_engine_front_delta"": 0.0, ""front_firewall_center_delta"": null, ""front_firewall_left_delta"": 0.0, ""front_firewall_right_delta"": 0.0, ""front_left_right_asym_delta"": 0.0, ""front_left_right_bumper_asymmetry"": 0.0, ""front_structural_delta"": 0.0, ""front_structural_delta_median"": 0.0, ""front_total_length_shortening"": 0.0, ""rear_total_length_shortening"": 0.0, ""total_length_shortening"": 0.0}",0.0,0.0,0.0,0.0,64.51,closingSpeed,17.919444444444444,311954.9542554013,1943.0,,4210.0,1815.0,2640.0,0.0,64.51,0.0,180.0,0.0,0.0,0.0,0.0,0.0,NOT APPLICABLE,NO DIRECT ENGAGEMENT,DIRECT ENGAGEMENT,VTV
656,8671,786,1,rear,subject_vehicle,X_Exclude,NISSAN,KING CAB PICKUP,1997,PICKUP TRUCK,,0,0.0,0.0,0.0,269.0,0.0,0.0,0.0,0.0,0.0,0.0,0.0,0.0,0.0,,,,,0.0,0.0,0.054288597376387485,,0.0,"{""a_pillar_base_asym_delta"": 0.0, ""delta_1"": 0.0, ""delta_10"": 0.0, ""delta_11"": 0.0, ""delta_12"": 0.0, ""delta_13"": 0.0, ""delta_14"": 0.0, ""delta_15"": 0.0, ""delta_16"": 0.0, ""delta_17"": 0.0, ""delta_18"": 0.0, ""delta_19"": 0.0, ""delta_2"": 0.0, ""delta_20"": 0.0, ""delta_21"": 0.0, ""delta_3"": null, ""delta_4"": 0.0, ""delta_5"": 0.0, ""delta_6"": 0.0, ""delta_7"": 0.0, ""delta_8"": 0.0, ""delta_9"": 0.0, ""door_leading_lower_asym_delta"": 0.0, ""door_leading_upper_asym_delta"": 0.0, ""door_trailing_lower_asym_delta"": 0.0, ""door_trailing_upper_asym_delta"": 0.0, ""firewall_side_asym_delta"": 0.0, ""front_bumper_left_delta"": 0.0, ""front_bumper_right_delta"": 0.0, ""front_engine_block_delta"": 0.0, ""front_engine_front_delta"": 0.0, ""front_firewall_center_delta"": null, ""front_firewall_left_delta"": 0.0, ""front_firewall_right_delta"": 0.0, ""front_left_right_asym_delta"": 0.0, ""front_left_right_bumper_asymmetry"": 0.0, ""front_structural_delta"": 0.0, ""front_structural_delta_median"": 0.0, ""front_total_length_shortening"": 0.0, ""rear_total_length_shortening"": 0.0, ""total_length_shortening"": 0.0}",0.0,0.0,0.0,0.0,79.86,closingSpeed,22.183333333333334,425912.79041666666,1731.0,,4955.0,1665.0,5945.0,0.0,79.86,79.86,180.0,0.0,0.0,0.0,0.0,0.0,UNKNOWN,UNKNOWN,UNKNOWN,ITV
1221,8554,1452,1,rear,subject_vehicle,B_ProfilePartial,CADILLAC,DE VILLE,1993,FOUR DOOR SEDAN,12FDEW2,1,0.0,1524.0,0.0,225.0,-36.0,33.0,97.0,160.0,213.0,225.0,225.0,119.5,146.57933005714006,182118.0,1.8828451882845187,0.598744769874477,0.34433472803347276,0.8193548387096774,0.02300288739172281,0.04331087584215592,0.018847527088701917,0.0,"{""a_pillar_base_asym_delta"": -10.0, ""delta_1"": 152.0, ""delta_10"": 5.0, ""delta_11"": -3.0, ""delta_12"": 10.0, ""delta_13"": 0.0, ""delta_14"": 49.0, ""delta_15"": -11.0, ""delta_16"": 4.0, ""delta_17"": -5.0, ""delta_18"": -5.0, ""delta_19"": 225.0, ""delta_2"": 47.0, ""delta_20"": -36.0, ""delta_21"": 0.0, ""delta_3"": null, ""delta_4"": 2.0, ""delta_5"": 0.0, ""delta_6"": 1.0, ""delta_7"": -5.0, ""delta_8"": 0.0, ""delta_9"": 0.0, ""door_leading_lower_asym_delta"": -6.0, ""door_leading_upper_asym_delta"": -2.0, ""door_trailing_lower_asym_delta"": -8.0, ""door_trailing_upper_asym_delta"": 0.0, ""firewall_side_asym_delta"": -60.0, ""front_bumper_left_delta"": -36.0, ""front_bumper_right_delta"": 225.0, ""front_engine_block_delta"": 0.0, ""front_engine_front_delta"": 47.0, ""front_firewall_center_delta"": null, ""front_firewall_left_delta"": -11.0, ""front_firewall_right_delta"": 49.0, ""front_left_right_asym_delta"": -261.0, ""front_left_right_bumper_asymmetry"": -261.0, ""front_structural_delta"": 47.0, ""front_structural_delta_median"": 47.0, ""front_total_length_shortening"": 152.0, ""rear_total_length_shortening"": 152.0, ""total_length_shortening"": 152.0}",152.0,47.0,-261.0,152.0,55.67,closingSpeed,15.463888888888889,208283.84968364195,1742.0,,5195.0,1860.0,2885.0,1134.0,55.67,56.67,180.0,0.0,0.0,0.0,0.0,0.0,DIRECT ENGAGEMENT,NO DIRECT ENGAGEMENT,NO DIRECT ENGAGEMENT,VTV
652,8674,782,1,rear,subject_vehicle,X_Exclude,FORD,RANGER,1998,TRUCK,,0,0.0,0.0,0.0,0.0,0.0,0.0,0.0,0.0,0.0,0.0,0.0,0.0,0.0,,,,,0.0,0.0,0.0,,0.0,"{""a_pillar_base_asym_delta"": 0.0, ""delta_1"": 0.0, ""delta_10"": 0.0, ""delta_11"": 0.0, ""delta_12"": 0.0, ""delta_13"": 0.0, ""delta_14"": 0.0, ""delta_15"": 0.0, ""delta_16"": 0.0, ""delta_17"": 0.0, ""delta_18"": 0.0, ""delta_19"": 0.0, ""delta_2"": 0.0, ""delta_20"": 0.0, ""delta_21"": 0.0, ""delta_3"": null, ""delta_4"": 0.0, ""delta_5"": 0.0, ""delta_6"": 0.0, ""delta_7"": 0.0, ""delta_8"": 0.0, ""delta_9"": 0.0, ""door_leading_lower_asym_delta"": 0.0, ""door_leading_upper_asym_delta"": 0.0, ""door_trailing_lower_asym_delta"": 0.0, ""door_trailing_upper_asym_delta"": 0.0, ""firewall_side_asym_delta"": 0.0, ""front_bumper_left_delta"": 0.0, ""front_bumper_right_delta"": 0.0, ""front_engine_block_delta"": 0.0, ""front_engine_front_delta"": 0.0, ""front_firewall_center_delta"": null, ""front_firewall_left_delta"": 0.0, ""front_firewall_right_delta"": 0.0, ""front_left_right_asym_delta"": 0.0, ""front_left_right_bumper_asymmetry"": 0.0, ""front_structural_delta"": 0.0, ""front_structural_delta_median"": 0.0, ""front_total_length_shortening"": 0.0, ""rear_total_length_shortening"": 0.0, ""total_length_shortening"": 0.0}",0.0,0.0,0.0,0.0,79.66,closingSpeed,22.127777777777776,410806.74293209874,1678.0,,4735.0,1790.0,2833.0,0.0,79.66,0.0,180.0,0.0,0.0,0.0,0.0,0.0,UNKNOWN,UNKNOWN,UNKNOWN,ITV
1171,8549,1386,2,rear,subject_vehicle,B_ProfilePartial,JEEP,CHEROKEE LAREDO,1998,UTILITY VEHICLE,06RDEW3,1,0.0,1524.0,0.0,425.0,385.0,425.0,386.0,340.0,270.0,193.0,425.0,342.0,349.53054229923885,521208.0,1.2426900584795322,-0.16695906432748542,-0.09802519617578909,0.8457269700332963,0.08238978559383281,0.10238496747771621,0.06967926373196515,0.0,"{""a_pillar_base_asym_delta"": -20.0, ""delta_1"": 376.0, ""delta_10"": 20.0, ""delta_11"": -2.0, ""delta_12"": 0.0, ""delta_13"": -20.0, ""delta_14"": 0.0, ""delta_15"": -9.0, ""delta_16"": 10.0, ""delta_17"": 11.0, ""delta_18"": -20.0, ""delta_19"": 193.0, ""delta_2"": -10.0, ""delta_20"": 385.0, ""delta_21"": 0.0, ""delta_3"": null, ""delta_4"": -5.0, ""delta_5"": -10.0, ""delta_6"": 17.0, ""delta_7"": -6.0, ""delta_8"": -5.0, ""delta_9"": -10.0, ""door_leading_lower_asym_delta"": -23.0, ""door_leading_upper_asym_delta"": -5.0, ""door_trailing_lower_asym_delta"": -22.0, ""door_trailing_upper_asym_delta"": -5.0, ""firewall_side_asym_delta"": -9.0, ""front_bumper_left_delta"": 385.0, ""front_bumper_right_delta"": 193.0, ""front_engine_block_delta"": 0.0, ""front_engine_front_delta"": -10.0, ""front_firewall_center_delta"": null, ""front_firewall_left_delta"": -9.0, ""front_firewall_right_delta"": 0.0, ""front_left_right_asym_delta"": 192.0, ""front_left_right_bumper_asymmetry"": 192.0, ""front_structural_delta"": 0.0, ""front_structural_delta_median"": 0.0, ""front_total_length_shortening"": 376.0, ""rear_total_length_shortening"": 376.0, ""total_length_shortening"": 376.0}",376.0,0.0,192.0,376.0,56.58,closingSpeed,15.716666666666665,229722.65833333327,1860.0,,4151.0,1802.0,2685.0,0.0,56.58,0.0,180.0,0.0,0.0,0.0,0.0,0.0,DIRECT ENGAGEMENT,NO DIRECT ENGAGEMENT,NO DIRECT ENGAGEMENT,VTV
2917,14453,3468,1,rear,subject_vehicle,X_Exclude,NHTSA,,,NOT APPLICABLE,,0,,0.0,,,,,,,,,,,,,,,,,,,,,"{""a_pillar_base_asym_delta"": null, ""delta_1"": null, ""delta_10"": null, ""delta_11"": null, ""delta_12"": null, ""delta_13"": null, ""delta_14"": null, ""delta_15"": null, ""delta_16"": null, ""delta_17"": null, ""delta_18"": null, ""delta_19"": null, ""delta_2"": null, ""delta_20"": null, ""delta_21"": null, ""delta_3"": null, ""delta_4"": null, ""delta_5"": null, ""delta_6"": null, ""delta_7"": null, ""delta_8"": null, ""delta_9"": null, ""door_leading_lower_asym_delta"": null, ""door_leading_upper_asym_delta"": null, ""door_trailing_lower_asym_delta"": null, ""door_trailing_upper_asym_delta"": null, ""firewall_side_asym_delta"": null, ""front_bumper_left_delta"": null, ""front_bumper_right_delta"": null, ""front_engine_block_delta"": null, ""front_engine_front_delta"": null, ""front_firewall_center_delta"": null, ""front_firewall_left_delta"": null, ""front_firewall_right_delta"": null, ""front_left_right_asym_delta"": null, ""front_left_right_bumper_asymmetry"": null, ""front_structural_delta"": null, ""front_structural_delta_median"": null, ""front_total_length_shortening"": null, ""rear_total_length_shortening"": null, ""total_length_shortening"": null}",,,,,0.0,closingSpeed,0.0,,,,,,,,0.0,0.0,180.0,0.0,0.0,,,0.0,NOT APPLICABLE,NOT APPLICABLE,NOT APPLICABLE,ITV
1218,8552,1449,2,rear,subject_vehicle,A_ProfileValid,JEEP,CHEROKEE LAREDO,1996,UTILITY VEHICLE,06BDEW3,1,180.0,1524.0,0.0,295.0,120.0,195.0,227.0,255.0,295.0,290.0,295.0,235.39999999999998,241.1862350964499,358749.6,1.2531860662701786,0.17502124044180126,0.10773452498861702,0.8419889502762431,0.15446194225721782,0.19356955380577429,0.13005524861878454,0.0,"{""a_pillar_base_asym_delta"": -8.0, ""delta_1"": 250.0, ""delta_10"": 12.0, ""delta_11"": 19.0, ""delta_12"": -20.0, ""delta_13"": -28.0, ""delta_14"": 12.0, ""delta_15"": 10.0, ""delta_16"": 840.0, ""delta_17"": -2.0, ""delta_18"": -5.0, ""delta_19"": 290.0, ""delta_2"": -2.0, ""delta_20"": 120.0, ""delta_21"": 0.0, ""delta_3"": null, ""delta_4"": -2.0, ""delta_5"": -1000.0, ""delta_6"": 10.0, ""delta_7"": 18.0, ""delta_8"": -1.0, ""delta_9"": -3.0, ""door_leading_lower_asym_delta"": 8.0, ""door_leading_upper_asym_delta"": -998.0, ""door_trailing_lower_asym_delta"": 7.0, ""door_trailing_upper_asym_delta"": -2.0, ""firewall_side_asym_delta"": -2.0, ""front_bumper_left_delta"": 120.0, ""front_bumper_right_delta"": 290.0, ""front_engine_block_delta"": 0.0, ""front_engine_front_delta"": -2.0, ""front_firewall_center_delta"": null, ""front_firewall_left_delta"": 10.0, ""front_firewall_right_delta"": 12.0, ""front_left_right_asym_delta"": -170.0, ""front_left_right_bumper_asymmetry"": -170.0, ""front_structural_delta"": 12.0, ""front_structural_delta_median"": 12.0, ""front_total_length_shortening"": 250.0, ""rear_total_length_shortening"": 250.0, ""total_length_shortening"": 250.0}",250.0,12.0,-170.0,250.0,56.39,closingSpeed,15.663888888888888,227200.96640432096,1852.0,,1524.0,1810.0,2690.0,0.0,56.39,0.0,180.0,0.0,0.0,0.0,0.0,0.0,DIRECT ENGAGEMENT,NO DIRECT ENGAGEMENT,NO DIRECT ENGAGEMENT,VTV
1234,8555,1471,1,rear,subject_vehicle,B_ProfilePartial,FORD,F150 PICKUP,2008,PICKUP TRUCK,12FDEW2,1,0.0,1524.0,0.0,502.0,152.0,299.0,404.0,502.0,249.0,284.0,502.0,334.4,351.71067655105384,509625.6,1.5011961722488039,0.05352870813397125,0.024964763004690416,0.7507389162561576,0.05736833075999313,0.086121118545205,0.043068638462182035,0.0,"{""a_pillar_base_asym_delta"": 0.0, ""delta_1"": 448.0, ""delta_10"": 1.0, ""delta_11"": -3.0, ""delta_12"": 6.0, ""delta_13"": 6.0, ""delta_14"": -1.0, ""delta_15"": -11.0, ""delta_16"": 25.0, ""delta_17"": 18.0, ""delta_18"": -20.0, ""delta_19"": 284.0, ""delta_2"": 43.0, ""delta_20"": 152.0, ""delta_21"": 0.0, ""delta_3"": null, ""delta_4"": 10.0, ""delta_5"": 6.0, ""delta_6"": 95.0, ""delta_7"": -9.0, ""delta_8"": 14.0, ""delta_9"": 8.0, ""door_leading_lower_asym_delta"": -104.0, ""door_leading_upper_asym_delta"": -4.0, ""door_trailing_lower_asym_delta"": -4.0, ""door_trailing_upper_asym_delta"": -6.0, ""firewall_side_asym_delta"": -10.0, ""front_bumper_left_delta"": 152.0, ""front_bumper_right_delta"": 284.0, ""front_engine_block_delta"": 0.0, ""front_engine_front_delta"": 43.0, ""front_firewall_center_delta"": null, ""front_firewall_left_delta"": -11.0, ""front_firewall_right_delta"": -1.0, ""front_left_right_asym_delta"": -132.0, ""front_left_right_bumper_asymmetry"": -132.0, ""front_structural_delta"": 43.0, ""front_structural_delta_median"": 43.0, ""front_total_length_shortening"": 448.0, ""rear_total_length_shortening"": 448.0, ""total_length_shortening"": 448.0}",448.0,43.0,-132.0,448.0,69.13,closingSpeed,19.202777777777776,493014.3036496912,2674.0,,5829.0,2030.0,3680.0,1618.0,69.13,69.13,180.0,0.0,0.0,0.0,0.0,0.0,DIRECT ENGAGEMENT,NO DIRECT ENGAGEMENT,NO DIRECT ENGAGEMENT,VTV
496,7939,597,1,rear,subject_vehicle,A_ProfileValid,OTHER,HYDROGEN FCV PROTOTYPE,0,UTILITY VEHICLE,06BDEW2,1,180.0,1403.0,0.0,273.0,212.0,268.0,271.0,273.0,272.0,212.0,273.0,259.2,260.27754417160156,363657.6,1.0532407407407407,0.0042438271604938755,,,0.06012526096033403,0.06332637439109255,,,"{""a_pillar_base_asym_delta"": -11.0, ""delta_1"": 272.0, ""delta_10"": 5.0, ""delta_11"": -4.0, ""delta_12"": 8.0, ""delta_13"": -3.0, ""delta_14"": 0.0, ""delta_15"": 0.0, ""delta_16"": 3.0, ""delta_17"": 6.0, ""delta_18"": 4.0, ""delta_19"": 0.0, ""delta_2"": 0.0, ""delta_20"": 0.0, ""delta_21"": 0.0, ""delta_3"": null, ""delta_4"": 10.0, ""delta_5"": 0.0, ""delta_6"": 2.0, ""delta_7"": -3.0, ""delta_8"": 10.0, ""delta_9"": 2.0, ""door_leading_lower_asym_delta"": -5.0, ""door_leading_upper_asym_delta"": -10.0, ""door_trailing_lower_asym_delta"": -9.0, ""door_trailing_upper_asym_delta"": -8.0, ""firewall_side_asym_delta"": 0.0, ""front_bumper_left_delta"": 0.0, ""front_bumper_right_delta"": 0.0, ""front_engine_block_delta"": 0.0, ""front_engine_front_delta"": 0.0, ""front_firewall_center_delta"": null, ""front_firewall_left_delta"": 0.0, ""front_firewall_right_delta"": 0.0, ""front_left_right_asym_delta"": 0.0, ""front_left_right_bumper_asymmetry"": 0.0, ""front_structural_delta"": 0.0, ""front_structural_delta_median"": 0.0, ""front_total_length_shortening"": 272.0, ""rear_total_length_shortening"": 272.0, ""total_length_shortening"": 272.0}",272.0,0.0,0.0,272.0,48.0,closingSpeed,13.333333333333332,183555.55555555553,2065.0,,4311.0,0.0,0.0,0.0,48.0,0.0,180.0,0.0,0.0,0.0,0.0,0.0,NOT APPLICABLE,NOT APPLICABLE,NOT APPLICABLE,ITV
3349,11662,3997,1,side,subject_vehicle,A_ProfileValid,ACURA,MDX,2022,UTILITY VEHICLE,09LPAN3,1,285.0,1096.0,185.0,296.0,53.0,187.0,296.0,181.0,57.0,20.0,296.0,151.5,178.99692734792964,166044.0,1.953795379537954,-0.30726072607260724,-0.03404217073689748,0.2194633560272327,0.07544820717131474,0.14741035856573706,0.016558116752054656,0.07408890668802563,"{""a_pillar_base_asym_delta"": null, ""delta_1"": 42.0, ""delta_10"": null, ""delta_11"": null, ""delta_12"": null, ""delta_13"": null, ""delta_14"": null, ""delta_15"": null, ""delta_16"": null, ""delta_17"": null, ""delta_18"": null, ""delta_19"": -8.0, ""delta_2"": null, ""delta_20"": 67.0, ""delta_21"": null, ""delta_3"": null, ""delta_4"": null, ""delta_5"": null, ""delta_6"": null, ""delta_7"": null, ""delta_8"": null, ""delta_9"": null, ""door_leading_lower_asym_delta"": null, ""door_leading_upper_asym_delta"": null, ""door_trailing_lower_asym_delta"": null, ""door_trailing_upper_asym_delta"": null, ""firewall_side_asym_delta"": null, ""front_bumper_left_delta"": 67.0, ""front_bumper_right_delta"": -8.0, ""front_engine_block_delta"": null, ""front_engine_front_delta"": null, ""front_firewall_center_delta"": null, ""front_firewall_left_delta"": null, ""front_firewall_right_delta"": null, ""front_left_right_asym_delta"": 75.0, ""front_left_right_bumper_asymmetry"": 75.0, ""front_structural_delta"": 29.5, ""front_structural_delta_median"": 29.5, ""front_total_length_shortening"": 42.0, ""rear_total_length_shortening"": null, ""total_length_shortening"": 42.0}",42.0,29.5,75.0,,32.21,closingSpeed,8.947222222222223,81293.6036689815,2031.0,1930.0,4994.0,2008.0,2890.0,1227.0,32.21,32.21,270.0,0.0,,285.0,,,NOT APPLICABLE,DIRECT ENGAGEMENT,NOT APPLICABLE,VTP
1708,9297,2050,1,side,subject_vehicle,A_ProfileValid,HONDA,HR-V,2016,UTILITY VEHICLE,09LPAN3,1,285.0,1125.0,42.0,314.0,45.0,184.0,314.0,192.0,85.0,6.0,314.0,160.1,188.45238125319617,180112.5,1.961274203622736,-0.2623360399750156,-0.03387978779307274,0.26254375729288215,0.09045197740112994,0.17740112994350282,0.02374760200146352,0.019603267211201866,"{""a_pillar_base_asym_delta"": 0.0, ""delta_1"": 24.0, ""delta_10"": 0.0, ""delta_11"": 0.0, ""delta_12"": 0.0, ""delta_13"": 0.0, ""delta_14"": 0.0, ""delta_15"": 0.0, ""delta_16"": 0.0, ""delta_17"": 0.0, ""delta_18"": 0.0, ""delta_19"": -8.0, ""delta_2"": 0.0, ""delta_20"": 63.0, ""delta_21"": 0.0, ""delta_3"": null, ""delta_4"": 0.0, ""delta_5"": 0.0, ""delta_6"": 0.0, ""delta_7"": 0.0, ""delta_8"": 0.0, ""delta_9"": 0.0, ""door_leading_lower_asym_delta"": 0.0, ""door_leading_upper_asym_delta"": 0.0, ""door_trailing_lower_asym_delta"": 0.0, ""door_trailing_upper_asym_delta"": 0.0, ""firewall_side_asym_delta"": 0.0, ""front_bumper_left_delta"": 63.0, ""front_bumper_right_delta"": -8.0, ""front_engine_block_delta"": 0.0, ""front_engine_front_delta"": 0.0, ""front_firewall_center_delta"": null, ""front_firewall_left_delta"": 0.0, ""front_firewall_right_delta"": 0.0, ""front_left_right_asym_delta"": 71.0, ""front_left_right_bumper_asymmetry"": 71.0, ""front_structural_delta"": 0.0, ""front_structural_delta_median"": 0.0, ""front_total_length_shortening"": 24.0, ""rear_total_length_shortening"": null, ""total_length_shortening"": 24.0}",24.0,0.0,71.0,,32.18,closingSpeed,8.938888888888888,55812.758595679006,1397.0,1306.0,4285.0,1770.0,2614.0,1058.0,32.18,32.18,270.0,0.0,0.0,285.0,0.0,0.0,NOT APPLICABLE,DIRECT ENGAGEMENT,NOT APPLICABLE,VTP
1075,8295,1268,1,side,subject_vehicle,C_MaxOnly,KIA,FORTE,2014,FOUR DOOR SEDAN,09LPAN3,1,285.0,3300.0,-6.0,355.0,0.0,0.0,0.0,0.0,0.0,0.0,0.0,0.0,0.0,0.0,,,,0.7221006564551422,0.0,0.20056497175141244,0.0,-0.00262582056892779,"{""a_pillar_base_asym_delta"": 0.0, ""delta_1"": 35.0, ""delta_10"": 0.0, ""delta_11"": 0.0, ""delta_12"": 0.0, ""delta_13"": 0.0, ""delta_14"": 0.0, ""delta_15"": 0.0, ""delta_16"": 0.0, ""delta_17"": 0.0, ""delta_18"": 0.0, ""delta_19"": -16.0, ""delta_2"": 0.0, ""delta_20"": 99.0, ""delta_21"": 0.0, ""delta_3"": null, ""delta_4"": 0.0, ""delta_5"": 0.0, ""delta_6"": 0.0, ""delta_7"": 0.0, ""delta_8"": 0.0, ""delta_9"": 0.0, ""door_leading_lower_asym_delta"": 0.0, ""door_leading_upper_asym_delta"": 0.0, ""door_trailing_lower_asym_delta"": 0.0, ""door_trailing_upper_asym_delta"": 0.0, ""firewall_side_asym_delta"": 0.0, ""front_bumper_left_delta"": 99.0, ""front_bumper_right_delta"": -16.0, ""front_engine_block_delta"": 0.0, ""front_engine_front_delta"": 0.0, ""front_firewall_center_delta"": null, ""front_firewall_left_delta"": 0.0, ""front_firewall_right_delta"": 0.0, ""front_left_right_asym_delta"": 115.0, ""front_left_right_bumper_asymmetry"": 115.0, ""front_structural_delta"": 0.0, ""front_structural_delta_median"": 0.0, ""front_total_length_shortening"": 35.0, ""rear_total_length_shortening"": null, ""total_length_shortening"": 35.0}",35.0,0.0,115.0,,32.08,closingSpeed,8.91111111111111,54394.412345679,1370.0,1280.0,4570.0,1770.0,2700.0,1099.0,32.08,32.08,270.0,0.0,0.0,285.0,0.0,0.0,NOT APPLICABLE,DIRECT ENGAGEMENT,NOT APPLICABLE,VTP
3634,15378,4358,1,side,subject_vehicle,B_ProfilePartial,CHEVROLET,TRAX,2024,UTILITY VEHICLE,,0,0.0,2400.0,-325.0,276.0,-28.0,63.0,276.0,111.0,16.0,4.0,276.0,90.8,136.47124239194133,217920.0,3.039647577092511,-0.3408590308370044,-0.05256109354983129,0.5279366476022878,0.051097355092853125,0.15531795160382666,0.02697616634906456,-0.14298284205895292,"{""a_pillar_base_asym_delta"": 4.0, ""delta_1"": 50.0, ""delta_10"": -15.0, ""delta_11"": -6.0, ""delta_12"": -4.0, ""delta_13"": 0.0, ""delta_14"": 14.0, ""delta_15"": -2.0, ""delta_16"": 68.0, ""delta_17"": 77.0, ""delta_18"": 16.0, ""delta_19"": 9.0, ""delta_2"": -25.0, ""delta_20"": 47.0, ""delta_21"": 146.0, ""delta_3"": 1.0, ""delta_4"": 26.0, ""delta_5"": 0.0, ""delta_6"": -12.0, ""delta_7"": 1.0, ""delta_8"": 3.0, ""delta_9"": 26.0, ""door_leading_lower_asym_delta"": 13.0, ""door_leading_upper_asym_delta"": -26.0, ""door_trailing_lower_asym_delta"": 9.0, ""door_trailing_upper_asym_delta"": 23.0, ""firewall_side_asym_delta"": -16.0, ""front_bumper_left_delta"": 47.0, ""front_bumper_right_delta"": 9.0, ""front_engine_block_delta"": 146.0, ""front_engine_front_delta"": -25.0, ""front_firewall_center_delta"": 1.0, ""front_firewall_left_delta"": -2.0, ""front_firewall_right_delta"": 14.0, ""front_left_right_asym_delta"": 38.0, ""front_left_right_bumper_asymmetry"": 38.0, ""front_structural_delta"": 5.0, ""front_structural_delta_median"": 5.0, ""front_total_length_shortening"": 50.0, ""rear_total_length_shortening"": null, ""total_length_shortening"": 50.0}",50.0,5.0,38.0,,31.04,closingSpeed,8.622222222222222,56872.177777777775,1530.0,1368.0,4546.0,1777.0,2703.0,1138.0,31.04,31.04,270.0,0.0,-170.0,285.0,0.0,0.0,NOT APPLICABLE,DIRECT ENGAGEMENT,NOT APPLICABLE,VTP
2543,10166,3027,1,side,subject_vehicle,A_ProfileValid,HYUNDAI,SANTA FE,2018,UTILITY VEHICLE,09LPAN3,1,285.0,2037.0,-251.0,377.0,-10.0,63.0,108.0,299.0,257.0,-4.0,299.0,144.0,185.00864844649828,293328.0,2.6180555555555554,0.4725694444444444,0.09086543033761292,0.41512125534950073,0.07792207792207792,0.204004329004329,0.0323471108064546,-0.10230283268799674,"{""a_pillar_base_asym_delta"": 0.0, ""delta_1"": 55.0, ""delta_10"": 0.0, ""delta_11"": 0.0, ""delta_12"": 0.0, ""delta_13"": 0.0, ""delta_14"": 0.0, ""delta_15"": 0.0, ""delta_16"": 0.0, ""delta_17"": 0.0, ""delta_18"": 0.0, ""delta_19"": -17.0, ""delta_2"": 0.0, ""delta_20"": 132.0, ""delta_21"": 0.0, ""delta_3"": null, ""delta_4"": 0.0, ""delta_5"": 0.0, ""delta_6"": 0.0, ""delta_7"": 0.0, ""delta_8"": 0.0, ""delta_9"": 0.0, ""door_leading_lower_asym_delta"": 0.0, ""door_leading_upper_asym_delta"": 0.0, ""door_trailing_lower_asym_delta"": 0.0, ""door_trailing_upper_asym_delta"": 0.0, ""firewall_side_asym_delta"": 0.0, ""front_bumper_left_delta"": 132.0, ""front_bumper_right_delta"": -17.0, ""front_engine_block_delta"": 0.0, ""front_engine_front_delta"": 0.0, ""front_firewall_center_delta"": null, ""front_firewall_left_delta"": 0.0, ""front_firewall_right_delta"": 0.0, ""front_left_right_asym_delta"": 149.0, ""front_left_right_bumper_asymmetry"": 149.0, ""front_structural_delta"": 0.0, ""front_structural_delta_median"": 0.0, ""front_total_length_shortening"": 55.0, ""rear_total_length_shortening"": null, ""total_length_shortening"": 55.0}",55.0,0.0,149.0,,32.38,closingSpeed,8.994444444444445,80495.53070987655,1990.0,1833.0,4907.0,1848.0,2800.0,1316.0,32.38,32.38,270.0,0.0,0.0,285.0,0.0,0.0,NOT APPLICABLE,DIRECT ENGAGEMENT,NOT APPLICABLE,VTP
2975,10960,3545,1,side,subject_vehicle,A_ProfileValid,NISSAN,MAXIMA,2020,FOUR DOOR SEDAN,09LPAN3,1,285.0,2005.0,-226.0,433.0,-37.0,53.0,125.0,421.0,220.0,-17.0,421.0,158.4,221.31606358328355,317592.0,2.7335858585858586,0.5037878787878788,0.08744845477614646,0.4088499184339315,0.08520710059171598,0.23292092522861754,0.03483691612691487,-0.09216965742251224,"{""a_pillar_base_asym_delta"": 0.0, ""delta_1"": 62.0, ""delta_10"": 0.0, ""delta_11"": 0.0, ""delta_12"": 0.0, ""delta_13"": 0.0, ""delta_14"": 0.0, ""delta_15"": 0.0, ""delta_16"": 0.0, ""delta_17"": 0.0, ""delta_18"": 0.0, ""delta_19"": -17.0, ""delta_2"": 0.0, ""delta_20"": 144.0, ""delta_21"": 0.0, ""delta_3"": null, ""delta_4"": 0.0, ""delta_5"": 0.0, ""delta_6"": 0.0, ""delta_7"": 0.0, ""delta_8"": 0.0, ""delta_9"": 0.0, ""door_leading_lower_asym_delta"": 0.0, ""door_leading_upper_asym_delta"": 0.0, ""door_trailing_lower_asym_delta"": 0.0, ""door_trailing_upper_asym_delta"": 0.0, ""firewall_side_asym_delta"": 0.0, ""front_bumper_left_delta"": 144.0, ""front_bumper_right_delta"": -17.0, ""front_engine_block_delta"": 0.0, ""front_engine_front_delta"": 0.0, ""front_firewall_center_delta"": null, ""front_firewall_left_delta"": 0.0, ""front_firewall_right_delta"": 0.0, ""front_left_right_asym_delta"": 161.0, ""front_left_right_bumper_asymmetry"": 161.0, ""front_structural_delta"": 0.0, ""front_structural_delta_median"": 0.0, ""front_total_length_shortening"": 62.0, ""rear_total_length_shortening"": null, ""total_length_shortening"": 62.0}",62.0,0.0,161.0,,32.5,closingSpeed,9.027777777777777,70416.66666666666,1728.0,1614.0,4904.0,1859.0,2772.0,1164.0,32.5,32.5,270.0,0.0,0.0,285.0,0.0,0.0,NOT APPLICABLE,DIRECT ENGAGEMENT,NOT APPLICABLE,VTP
2180,9971,2619,1,side,subject_vehicle,A_ProfileValid,CHRYSLER,PACIFICA,2017,MINIVAN,09LPAN3,1,285.0,1124.0,303.0,324.0,48.0,184.0,326.0,221.0,84.0,-22.0,326.0,165.59999999999997,198.70732246195658,186134.39999999997,1.9565217391304353,-0.25815217391304346,-0.030452252762292874,0.21736608006188357,0.08189910979228485,0.16023738872403562,0.01780208845610678,0.1171920324888803,"{""a_pillar_base_asym_delta"": 0.0, ""delta_1"": 22.0, ""delta_10"": 0.0, ""delta_11"": 0.0, ""delta_12"": 0.0, ""delta_13"": 0.0, ""delta_14"": 0.0, ""delta_15"": 0.0, ""delta_16"": 0.0, ""delta_17"": 0.0, ""delta_18"": 0.0, ""delta_19"": -19.0, ""delta_2"": 0.0, ""delta_20"": 83.0, ""delta_21"": 0.0, ""delta_3"": null, ""delta_4"": 0.0, ""delta_5"": 0.0, ""delta_6"": 0.0, ""delta_7"": 0.0, ""delta_8"": 0.0, ""delta_9"": 0.0, ""door_leading_lower_asym_delta"": 0.0, ""door_leading_upper_asym_delta"": 0.0, ""door_trailing_lower_asym_delta"": 0.0, ""door_trailing_upper_asym_delta"": 0.0, ""firewall_side_asym_delta"": 0.0, ""front_bumper_left_delta"": 83.0, ""front_bumper_right_delta"": -19.0, ""front_engine_block_delta"": 0.0, ""front_engine_front_delta"": 0.0, ""front_firewall_center_delta"": null, ""front_firewall_left_delta"": 0.0, ""front_firewall_right_delta"": 0.0, ""front_left_right_asym_delta"": 102.0, ""front_left_right_bumper_asymmetry"": 102.0, ""front_structural_delta"": 0.0, ""front_structural_delta_median"": 0.0, ""front_total_length_shortening"": 22.0, ""rear_total_length_shortening"": null, ""total_length_shortening"": 22.0}",22.0,0.0,102.0,,32.29,closingSpeed,8.969444444444443,82301.30511574072,2046.0,1956.0,5171.0,2022.0,3096.0,1371.0,32.29,32.29,270.0,0.0,0.0,285.0,0.0,0.0,NOT APPLICABLE,DIRECT ENGAGEMENT,NOT APPLICABLE,VTP
3684,15390,4418,1,side,subject_vehicle,B_ProfilePartial,MERCEDES,C-CLASS,2024,FOUR DOOR SEDAN,,0,0.0,2250.0,-292.0,228.0,-36.0,47.0,228.0,118.0,38.0,-40.0,228.0,78.6,119.1713052710257,176850.0,2.9007633587786263,-0.23791348600508905,-0.035851035290100725,0.4792332268370607,0.043497509684560044,0.1261759822910902,0.020845451925508008,-0.12438764643237486,"{""a_pillar_base_asym_delta"": -4.0, ""delta_1"": 63.0, ""delta_10"": -27.0, ""delta_11"": -13.0, ""delta_12"": 4.0, ""delta_13"": 0.0, ""delta_14"": 14.0, ""delta_15"": -391.0, ""delta_16"": 59.0, ""delta_17"": 74.0, ""delta_18"": -17.0, ""delta_19"": 5.0, ""delta_2"": -37.0, ""delta_20"": 46.0, ""delta_21"": 138.0, ""delta_3"": 6.0, ""delta_4"": 31.0, ""delta_5"": 0.0, ""delta_6"": -11.0, ""delta_7"": -3.0, ""delta_8"": -4.0, ""delta_9"": 27.0, ""door_leading_lower_asym_delta"": 8.0, ""door_leading_upper_asym_delta"": -31.0, ""door_trailing_lower_asym_delta"": 14.0, ""door_trailing_upper_asym_delta"": 31.0, ""firewall_side_asym_delta"": -405.0, ""front_bumper_left_delta"": 46.0, ""front_bumper_right_delta"": 5.0, ""front_engine_block_delta"": 138.0, ""front_engine_front_delta"": -37.0, ""front_firewall_center_delta"": 6.0, ""front_firewall_left_delta"": -391.0, ""front_firewall_right_delta"": 14.0, ""front_left_right_asym_delta"": 41.0, ""front_left_right_bumper_asymmetry"": 41.0, ""front_structural_delta"": 5.5, ""front_structural_delta_median"": 5.5, ""front_total_length_shortening"": 63.0, ""rear_total_length_shortening"": null, ""total_length_shortening"": 63.0}",63.0,5.5,41.0,,30.96,closingSpeed,8.6,65565.54,1773.0,1638.0,4695.0,1807.0,2728.0,1166.0,30.96,30.96,270.0,0.0,-216.0,285.0,0.0,0.0,NOT APPLICABLE,DIRECT ENGAGEMENT,NOT APPLICABLE,VTP
19,7349,26,1,side,subject_vehicle,C_MaxOnly,FORD,F150 SUPERCREW,2011,4 DOOR PICKUP,09LPEW2,1,285.0,3300.0,481.0,594.0,0.0,0.0,0.0,0.0,0.0,0.0,0.0,0.0,0.0,0.0,,,,0.5616065350578625,0.0,0.29924433249370275,0.0,0.16371681415929204,"{""a_pillar_base_asym_delta"": 0.0, ""delta_1"": 0.0, ""delta_10"": 0.0, ""delta_11"": 0.0, ""delta_12"": 0.0, ""delta_13"": 0.0, ""delta_14"": 0.0, ""delta_15"": 0.0, ""delta_16"": 0.0, ""delta_17"": 0.0, ""delta_18"": 0.0, ""delta_19"": 0.0, ""delta_2"": 0.0, ""delta_20"": 0.0, ""delta_21"": 0.0, ""delta_3"": null, ""delta_4"": 0.0, ""delta_5"": 0.0, ""delta_6"": 0.0, ""delta_7"": 0.0, ""delta_8"": 0.0, ""delta_9"": 0.0, ""door_leading_lower_asym_delta"": 0.0, ""door_leading_upper_asym_delta"": 0.0, ""door_trailing_lower_asym_delta"": 0.0, ""door_trailing_upper_asym_delta"": 0.0, ""firewall_side_asym_delta"": 0.0, ""front_bumper_left_delta"": 0.0, ""front_bumper_right_delta"": 0.0, ""front_engine_block_delta"": 0.0, ""front_engine_front_delta"": 0.0, ""front_firewall_center_delta"": null, ""front_firewall_left_delta"": 0.0, ""front_firewall_right_delta"": 0.0, ""front_left_right_asym_delta"": 0.0, ""front_left_right_bumper_asymmetry"": 0.0, ""front_structural_delta"": 0.0, ""front_structural_delta_median"": 0.0, ""front_total_length_shortening"": 0.0, ""rear_total_length_shortening"": null, ""total_length_shortening"": 0.0}",0.0,0.0,0.0,,32.77,closingSpeed,9.102777777777778,108133.03506944445,2610.0,2433.0,5876.0,1985.0,3676.0,1757.0,32.77,32.77,270.0,0.0,481.0,285.0,0.0,0.0,NOT APPLICABLE,DIRECT ENGAGEMENT,DIRECT ENGAGEMENT,VTP
289,7523,347,1,side,subject_vehicle,C_MaxOnly,TOYOTA,CAMRY,2012,FOUR DOOR SEDAN,09LPAN3,1,285.0,2700.0,64.0,394.0,0.0,0.0,0.0,0.0,0.0,0.0,0.0,0.0,0.0,0.0,,,,0.561447286338116,0.0,0.21636463481603516,0.0,0.02661676024121439,"{""a_pillar_base_asym_delta"": 0.0, ""delta_1"": 128.0, ""delta_10"": 0.0, ""delta_11"": 0.0, ""delta_12"": 0.0, ""delta_13"": 0.0, ""delta_14"": 0.0, ""delta_15"": 0.0, ""delta_16"": 0.0, ""delta_17"": 0.0, ""delta_18"": 0.0, ""delta_19"": -7.0, ""delta_2"": 0.0, ""delta_20"": 135.0, ""delta_21"": 0.0, ""delta_3"": null, ""delta_4"": 0.0, ""delta_5"": 0.0, ""delta_6"": 0.0, ""delta_7"": 0.0, ""delta_8"": 0.0, ""delta_9"": 0.0, ""door_leading_lower_asym_delta"": 0.0, ""door_leading_upper_asym_delta"": 0.0, ""door_trailing_lower_asym_delta"": 0.0, ""door_trailing_upper_asym_delta"": 0.0, ""firewall_side_asym_delta"": 0.0, ""front_bumper_left_delta"": 135.0, ""front_bumper_right_delta"": -7.0, ""front_engine_block_delta"": 0.0, ""front_engine_front_delta"": 0.0, ""front_firewall_center_delta"": null, ""front_firewall_left_delta"": 0.0, ""front_firewall_right_delta"": 0.0, ""front_left_right_asym_delta"": 142.0, ""front_left_right_bumper_asymmetry"": 142.0, ""front_structural_delta"": 0.0, ""front_structural_delta_median"": 0.0, ""front_total_length_shortening"": 128.0, ""rear_total_length_shortening"": null, ""total_length_shortening"": 128.0}",128.0,0.0,142.0,,32.1,closingSpeed,8.916666666666666,62253.937499999985,1566.0,1455.0,4809.0,1821.0,2774.0,1165.0,32.1,32.1,270.0,0.0,0.0,285.0,0.0,0.0,NOT APPLICABLE,DIRECT ENGAGEMENT,NOT APPLICABLE,VTP
2625,10324,3122,1,side,subject_vehicle,B_ProfilePartial,DODGE,GRAND CARAVAN,2018,MINIVAN,09LPAN3,1,0.0,2550.0,34.0,394.0,-40.0,60.0,394.0,148.0,57.0,2.0,394.0,128.0,192.2451559857881,326400.0,3.078125,-0.26015625,-0.023191938300349244,0.4947613504074505,0.0652395514780836,0.20081549439347604,0.03227800858927302,0.013193636010865347,"{""a_pillar_base_asym_delta"": 20.0, ""delta_1"": 76.0, ""delta_10"": -29.0, ""delta_11"": -22.0, ""delta_12"": -20.0, ""delta_13"": 0.0, ""delta_14"": 4.0, ""delta_15"": -32.0, ""delta_16"": 123.0, ""delta_17"": 79.0, ""delta_18"": 2.0, ""delta_19"": -1.0, ""delta_2"": -35.0, ""delta_20"": 65.0, ""delta_21"": 106.0, ""delta_3"": null, ""delta_4"": 42.0, ""delta_5"": 0.0, ""delta_6"": -33.0, ""delta_7"": -9.0, ""delta_8"": 2.0, ""delta_9"": -15.0, ""door_leading_lower_asym_delta"": 24.0, ""door_leading_upper_asym_delta"": -42.0, ""door_trailing_lower_asym_delta"": 7.0, ""door_trailing_upper_asym_delta"": -17.0, ""firewall_side_asym_delta"": -36.0, ""front_bumper_left_delta"": 65.0, ""front_bumper_right_delta"": -1.0, ""front_engine_block_delta"": 106.0, ""front_engine_front_delta"": -35.0, ""front_firewall_center_delta"": null, ""front_firewall_left_delta"": -32.0, ""front_firewall_right_delta"": 4.0, ""front_left_right_asym_delta"": 66.0, ""front_left_right_bumper_asymmetry"": 66.0, ""front_structural_delta"": -1.0, ""front_structural_delta_median"": -1.0, ""front_total_length_shortening"": 76.0, ""rear_total_length_shortening"": null, ""total_length_shortening"": 76.0}",76.0,-1.0,66.0,,32.68,closingSpeed,9.077777777777778,86732.36697530864,2105.0,2015.0,5154.0,1962.0,3074.0,1364.0,32.68,32.68,270.0,0.0,267.0,285.0,0.0,0.0,NOT APPLICABLE,DIRECT ENGAGEMENT,NOT APPLICABLE,VTP
307,7540,369,1,side,subject_vehicle,C_MaxOnly,CHEVROLET,SONIC,2012,FOUR DOOR SEDAN,09LPAN3,1,285.0,3150.0,14.0,351.0,0.0,0.0,0.0,0.0,0.0,0.0,0.0,0.0,0.0,0.0,,,,0.7125084822438362,0.0,0.20756948551153165,0.0,0.006333408731056322,"{""a_pillar_base_asym_delta"": 0.0, ""delta_1"": 23.0, ""delta_10"": 0.0, ""delta_11"": 0.0, ""delta_12"": 0.0, ""delta_13"": 0.0, ""delta_14"": 0.0, ""delta_15"": 0.0, ""delta_16"": 0.0, ""delta_17"": 0.0, ""delta_18"": 0.0, ""delta_19"": -5.0, ""delta_2"": 0.0, ""delta_20"": 61.0, ""delta_21"": 0.0, ""delta_3"": null, ""delta_4"": 0.0, ""delta_5"": 0.0, ""delta_6"": 0.0, ""delta_7"": 0.0, ""delta_8"": 0.0, ""delta_9"": 0.0, ""door_leading_lower_asym_delta"": 0.0, ""door_leading_upper_asym_delta"": 0.0, ""door_trailing_lower_asym_delta"": 0.0, ""door_trailing_upper_asym_delta"": 0.0, ""firewall_side_asym_delta"": 0.0, ""front_bumper_left_delta"": 61.0, ""front_bumper_right_delta"": -5.0, ""front_engine_block_delta"": 0.0, ""front_engine_front_delta"": 0.0, ""front_firewall_center_delta"": null, ""front_firewall_left_delta"": 0.0, ""front_firewall_right_delta"": 0.0, ""front_left_right_asym_delta"": 66.0, ""front_left_right_bumper_asymmetry"": 66.0, ""front_structural_delta"": 0.0, ""front_structural_delta_median"": 0.0, ""front_total_length_shortening"": 23.0, ""rear_total_length_shortening"": null, ""total_length_shortening"": 23.0}",23.0,0.0,66.0,,32.1,closingSpeed,8.916666666666666,54183.98263888888,1363.0,1252.0,4421.0,1691.0,2530.0,1070.0,32.1,32.1,270.0,0.0,0.0,285.0,0.0,0.0,NOT APPLICABLE,DIRECT ENGAGEMENT,NOT APPLICABLE,VTP
3639,15395,4364,1,side,subject_vehicle,B_ProfilePartial,MAZDA,CX-90 MHEV,2024,UTILITY VEHICLE,,0,0.0,2700.0,-147.0,230.0,-25.0,14.0,230.0,95.0,27.0,5.0,230.0,71.2,112.4055158788927,192240.0,3.230337078651685,-0.20575842696629212,-0.006245869134170522,0.5294117647058824,0.03721902770517512,0.12023000522739154,0.019704191138033886,-0.05764705882352941,"{""a_pillar_base_asym_delta"": 10.0, ""delta_1"": 39.0, ""delta_10"": -13.0, ""delta_11"": -19.0, ""delta_12"": -10.0, ""delta_13"": 0.0, ""delta_14"": 11.0, ""delta_15"": -10.0, ""delta_16"": 48.0, ""delta_17"": 72.0, ""delta_18"": 31.0, ""delta_19"": 6.0, ""delta_2"": -23.0, ""delta_20"": 29.0, ""delta_21"": 129.0, ""delta_3"": 5.0, ""delta_4"": 22.0, ""delta_5"": 0.0, ""delta_6"": -12.0, ""delta_7"": 3.0, ""delta_8"": 0.0, ""delta_9"": 7.0, ""door_leading_lower_asym_delta"": 15.0, ""door_leading_upper_asym_delta"": -22.0, ""door_trailing_lower_asym_delta"": -6.0, ""door_trailing_upper_asym_delta"": 7.0, ""firewall_side_asym_delta"": -21.0, ""front_bumper_left_delta"": 29.0, ""front_bumper_right_delta"": 6.0, ""front_engine_block_delta"": 129.0, ""front_engine_front_delta"": -23.0, ""front_firewall_center_delta"": 5.0, ""front_firewall_left_delta"": -10.0, ""front_firewall_right_delta"": 11.0, ""front_left_right_asym_delta"": 23.0, ""front_left_right_bumper_asymmetry"": 23.0, ""front_structural_delta"": 5.5, ""front_structural_delta_median"": 5.5, ""front_total_length_shortening"": 39.0, ""rear_total_length_shortening"": null, ""total_length_shortening"": 39.0}",39.0,5.5,23.0,,31.01,closingSpeed,8.613888888888889,84957.94864969136,2290.0,,5100.0,1913.0,3117.0,1544.0,31.01,31.01,270.0,,2.0,285.0,0.0,0.0,NOT APPLICABLE,DIRECT ENGAGEMENT,NOT APPLICABLE,VTP
2883,10773,3426,1,side,subject_vehicle,A_ProfileValid,HONDA,CR-V,2019,UTILITY VEHICLE,10LPAS3,1,285.0,2850.0,71.0,308.0,1.0,5.0,37.0,203.0,150.0,-32.0,203.0,75.9,114.55609979394376,216315.0,4.057971014492753,0.6666666666666666,0.17052215974541543,0.6240420407269542,0.04120521172638437,0.16720955483170466,0.025713784414319124,0.031092620976571055,"{""a_pillar_base_asym_delta"": 0.0, ""delta_1"": 0.0, ""delta_10"": 0.0, ""delta_11"": 0.0, ""delta_12"": 0.0, ""delta_13"": 0.0, ""delta_14"": 0.0, ""delta_15"": 0.0, ""delta_16"": 0.0, ""delta_17"": 0.0, ""delta_18"": 0.0, ""delta_19"": 0.0, ""delta_2"": 0.0, ""delta_20"": 0.0, ""delta_21"": 0.0, ""delta_3"": null, ""delta_4"": 0.0, ""delta_5"": 0.0, ""delta_6"": 0.0, ""delta_7"": 0.0, ""delta_8"": 0.0, ""delta_9"": 0.0, ""door_leading_lower_asym_delta"": 0.0, ""door_leading_upper_asym_delta"": 0.0, ""door_trailing_lower_asym_delta"": 0.0, ""door_trailing_upper_asym_delta"": 0.0, ""firewall_side_asym_delta"": 0.0, ""front_bumper_left_delta"": 0.0, ""front_bumper_right_delta"": 0.0, ""front_engine_block_delta"": 0.0, ""front_engine_front_delta"": 0.0, ""front_firewall_center_delta"": null, ""front_firewall_left_delta"": 0.0, ""front_firewall_right_delta"": 0.0, ""front_left_right_asym_delta"": 0.0, ""front_left_right_bumper_asymmetry"": 0.0, ""front_structural_delta"": 0.0, ""front_structural_delta_median"": 0.0, ""front_total_length_shortening"": 0.0, ""rear_total_length_shortening"": null, ""total_length_shortening"": 0.0}",0.0,0.0,0.0,,32.25,closingSpeed,8.958333333333334,63679.75260416668,1587.0,1501.0,4567.0,1842.0,2660.0,1146.0,32.25,32.25,270.0,0.0,46.0,285.0,0.0,0.0,NOT APPLICABLE,DIRECT ENGAGEMENT,DIRECT ENGAGEMENT,VTP
1940,9559,2322,1,side,subject_vehicle,A_ProfileValid,VOLVO,XC90 T6,2016,UTILITY VEHICLE,09LPAN3,1,285.0,1200.0,224.0,303.0,39.0,231.0,285.0,140.0,20.0,-9.0,285.0,138.2,176.28783281894414,165840.0,2.1924746743849495,-0.49746743849493485,-0.06300925316844275,0.24242424242424243,0.07205422314911365,0.15797705943691345,0.01746769046039119,0.0905050505050505,"{""a_pillar_base_asym_delta"": 0.0, ""delta_1"": 18.0, ""delta_10"": 0.0, ""delta_11"": 0.0, ""delta_12"": 0.0, ""delta_13"": 0.0, ""delta_14"": 0.0, ""delta_15"": 0.0, ""delta_16"": 0.0, ""delta_17"": 0.0, ""delta_18"": 0.0, ""delta_19"": -13.0, ""delta_2"": 0.0, ""delta_20"": 91.0, ""delta_21"": 0.0, ""delta_3"": null, ""delta_4"": 0.0, ""delta_5"": 0.0, ""delta_6"": 0.0, ""delta_7"": 0.0, ""delta_8"": 0.0, ""delta_9"": 0.0, ""door_leading_lower_asym_delta"": 0.0, ""door_leading_upper_asym_delta"": 0.0, ""door_trailing_lower_asym_delta"": 0.0, ""door_trailing_upper_asym_delta"": 0.0, ""firewall_side_asym_delta"": 0.0, ""front_bumper_left_delta"": 91.0, ""front_bumper_right_delta"": -13.0, ""front_engine_block_delta"": 0.0, ""front_engine_front_delta"": 0.0, ""front_firewall_center_delta"": null, ""front_firewall_left_delta"": 0.0, ""front_firewall_right_delta"": 0.0, ""front_left_right_asym_delta"": 104.0, ""front_left_right_bumper_asymmetry"": 104.0, ""front_structural_delta"": 0.0, ""front_structural_delta_median"": 0.0, ""front_total_length_shortening"": 18.0, ""rear_total_length_shortening"": null, ""total_length_shortening"": 18.0}",18.0,0.0,104.0,,32.17,closingSpeed,8.936111111111112,87959.271091821,2203.0,2083.0,4950.0,1918.0,2985.0,1463.0,32.17,32.17,270.0,0.0,0.0,285.0,0.0,0.0,NOT APPLICABLE,DIRECT ENGAGEMENT,NOT APPLICABLE,VTP
1209,8450,1435,1,side,subject_vehicle,C_MaxOnly,JEEP,COMPASS,2014,UTILITY VEHICLE,,0,345.0,0.0,-394.0,460.0,0.0,0.0,0.0,0.0,0.0,0.0,0.0,0.0,0.0,,,,,0.0,0.0,0.26062322946175637,,-0.19989852866565194,"{""a_pillar_base_asym_delta"": 0.0, ""delta_1"": 37.0, ""delta_10"": 0.0, ""delta_11"": 0.0, ""delta_12"": 0.0, ""delta_13"": 0.0, ""delta_14"": 0.0, ""delta_15"": 0.0, ""delta_16"": 0.0, ""delta_17"": 0.0, ""delta_18"": 0.0, ""delta_19"": -14.0, ""delta_2"": 0.0, ""delta_20"": 119.0, ""delta_21"": 0.0, ""delta_3"": null, ""delta_4"": 0.0, ""delta_5"": 0.0, ""delta_6"": 0.0, ""delta_7"": 0.0, ""delta_8"": 0.0, ""delta_9"": 0.0, ""door_leading_lower_asym_delta"": 0.0, ""door_leading_upper_asym_delta"": 0.0, ""door_trailing_lower_asym_delta"": 0.0, ""door_trailing_upper_asym_delta"": 0.0, ""firewall_side_asym_delta"": 0.0, ""front_bumper_left_delta"": 119.0, ""front_bumper_right_delta"": -14.0, ""front_engine_block_delta"": 0.0, ""front_engine_front_delta"": 0.0, ""front_firewall_center_delta"": null, ""front_firewall_left_delta"": 0.0, ""front_firewall_right_delta"": 0.0, ""front_left_right_asym_delta"": 133.0, ""front_left_right_bumper_asymmetry"": 133.0, ""front_structural_delta"": 0.0, ""front_structural_delta_median"": 0.0, ""front_total_length_shortening"": 37.0, ""rear_total_length_shortening"": null, ""total_length_shortening"": 37.0}",37.0,0.0,133.0,,31.93,closingSpeed,8.869444444444444,60101.62219135801,1528.0,1412.0,3942.0,1765.0,2635.0,1191.0,31.93,31.93,270.0,0.0,228.0,285.0,0.0,0.0,NOT APPLICABLE,DIRECT ENGAGEMENT,NO DIRECT ENGAGEMENT,VTP
3482,15367,4156,1,side,subject_vehicle,B_ProfilePartial,NISSAN,ROGUE,2023,UTILITY VEHICLE,,0,0.0,2550.0,-309.0,318.0,33.0,-77.0,-318.0,-97.0,-18.0,-5.0,33.0,-99.2,153.19464742607687,-252960.0,-3.2056451612903225,-0.41481854838709675,-0.0669285541041544,0.547798066595059,-0.05423728813559322,0.17386550027337344,-0.0297110815780371,-0.13276047261009666,"{""a_pillar_base_asym_delta"": 12.0, ""delta_1"": -5.0, ""delta_10"": 17.0, ""delta_11"": -57.0, ""delta_12"": -12.0, ""delta_13"": 0.0, ""delta_14"": 7.0, ""delta_15"": -6.0, ""delta_16"": -70.0, ""delta_17"": 223.0, ""delta_18"": 4.0, ""delta_19"": 48.0, ""delta_2"": 33.0, ""delta_20"": 2.0, ""delta_21"": 125.0, ""delta_3"": -2.0, ""delta_4"": 27.0, ""delta_5"": 0.0, ""delta_6"": -16.0, ""delta_7"": -13.0, ""delta_8"": -11.0, ""delta_9"": -17.0, ""door_leading_lower_asym_delta"": 3.0, ""door_leading_upper_asym_delta"": -27.0, ""door_trailing_lower_asym_delta"": -74.0, ""door_trailing_upper_asym_delta"": -6.0, ""firewall_side_asym_delta"": -13.0, ""front_bumper_left_delta"": 2.0, ""front_bumper_right_delta"": 48.0, ""front_engine_block_delta"": 125.0, ""front_engine_front_delta"": 33.0, ""front_firewall_center_delta"": -2.0, ""front_firewall_left_delta"": -6.0, ""front_firewall_right_delta"": 7.0, ""front_left_right_asym_delta"": -46.0, ""front_left_right_bumper_asymmetry"": -46.0, ""front_structural_delta"": 4.5, ""front_structural_delta_median"": 4.5, ""front_total_length_shortening"": -5.0, ""rear_total_length_shortening"": null, ""total_length_shortening"": -5.0}",-5.0,4.5,-46.0,,31.0,closingSpeed,8.61111111111111,65660.91820987655,1771.0,1628.0,4655.0,1829.0,2704.0,1154.0,31.0,31.0,270.0,0.0,-93.0,285.0,0.0,0.0,NOT APPLICABLE,DIRECT ENGAGEMENT,NOT APPLICABLE,VTP
1507,8985,1805,1,side,subject_vehicle,A_ProfileValid,CHRYSLER,200,2015,FOUR DOOR SEDAN,09LPAN3,1,285.0,1150.0,46.0,349.0,129.0,314.0,409.0,275.0,153.0,64.0,409.0,249.5,273.96331871256046,286925.0,1.3987975951903808,-0.23567134268537074,-0.029401683891514614,0.23527004909983634,0.13327991452991453,0.18643162393162394,0.03135677203547498,0.018821603927986905,"{""a_pillar_base_asym_delta"": 0.0, ""delta_1"": 35.0, ""delta_10"": 0.0, ""delta_11"": 0.0, ""delta_12"": 0.0, ""delta_13"": 0.0, ""delta_14"": 0.0, ""delta_15"": 0.0, ""delta_16"": 0.0, ""delta_17"": 0.0, ""delta_18"": 0.0, ""delta_19"": -7.0, ""delta_2"": 0.0, ""delta_20"": 100.0, ""delta_21"": 0.0, ""delta_3"": null, ""delta_4"": 0.0, ""delta_5"": 0.0, ""delta_6"": 0.0, ""delta_7"": 0.0, ""delta_8"": 0.0, ""delta_9"": 0.0, ""door_leading_lower_asym_delta"": 0.0, ""door_leading_upper_asym_delta"": 0.0, ""door_trailing_lower_asym_delta"": 0.0, ""door_trailing_upper_asym_delta"": 0.0, ""firewall_side_asym_delta"": 0.0, ""front_bumper_left_delta"": 100.0, ""front_bumper_right_delta"": -7.0, ""front_engine_block_delta"": 0.0, ""front_engine_front_delta"": 0.0, ""front_firewall_center_delta"": null, ""front_firewall_left_delta"": 0.0, ""front_firewall_right_delta"": 0.0, ""front_left_right_asym_delta"": 107.0, ""front_left_right_bumper_asymmetry"": 107.0, ""front_structural_delta"": 0.0, ""front_structural_delta_median"": 0.0, ""front_total_length_shortening"": 35.0, ""rear_total_length_shortening"": null, ""total_length_shortening"": 35.0}",35.0,0.0,107.0,,32.12,closingSpeed,8.92222222222222,66869.08148148145,1680.0,0.0,4888.0,1872.0,2730.0,1175.0,32.12,32.12,270.0,0.0,0.0,285.0,0.0,0.0,NOT APPLICABLE,DIRECT ENGAGEMENT,NOT APPLICABLE,VTP
1318,8556,1583,1,side,subject_vehicle,A_ProfileValid,HYUNDAI,VELOSTER,2014,THREE DOOR COUPE,09LPAN3,1,285.0,1300.0,-13.0,290.0,88.0,169.0,304.0,298.0,146.0,-42.0,304.0,188.0,217.18701618651147,244400.0,1.5425531914893618,-0.09840425531914894,-0.026254935422956913,0.30849549121974373,0.10693970420932879,0.16496018202502843,0.032990416580950976,-0.006169909824394874,"{""a_pillar_base_asym_delta"": 0.0, ""delta_1"": 17.0, ""delta_10"": 0.0, ""delta_11"": 0.0, ""delta_12"": 0.0, ""delta_13"": 0.0, ""delta_14"": 0.0, ""delta_15"": 0.0, ""delta_16"": 0.0, ""delta_17"": 0.0, ""delta_18"": 0.0, ""delta_19"": -3.0, ""delta_2"": 0.0, ""delta_20"": 78.0, ""delta_21"": 0.0, ""delta_3"": null, ""delta_4"": 0.0, ""delta_5"": 0.0, ""delta_6"": 0.0, ""delta_7"": 0.0, ""delta_8"": 0.0, ""delta_9"": 0.0, ""door_leading_lower_asym_delta"": 0.0, ""door_leading_upper_asym_delta"": 0.0, ""door_trailing_lower_asym_delta"": 0.0, ""door_trailing_upper_asym_delta"": 0.0, ""firewall_side_asym_delta"": 0.0, ""front_bumper_left_delta"": 78.0, ""front_bumper_right_delta"": -3.0, ""front_engine_block_delta"": 0.0, ""front_engine_front_delta"": 0.0, ""front_firewall_center_delta"": null, ""front_firewall_left_delta"": 0.0, ""front_firewall_right_delta"": 0.0, ""front_left_right_asym_delta"": 81.0, ""front_left_right_bumper_asymmetry"": 81.0, ""front_structural_delta"": 0.0, ""front_structural_delta_median"": 0.0, ""front_total_length_shortening"": 17.0, ""rear_total_length_shortening"": null, ""total_length_shortening"": 17.0}",17.0,0.0,81.0,,31.97,closingSpeed,8.880555555555555,52957.35527391974,1343.0,1252.0,4214.0,1758.0,2650.0,1082.0,31.97,31.97,270.0,0.0,0.0,285.0,0.0,0.0,NOT APPLICABLE,DIRECT ENGAGEMENT,NOT APPLICABLE,VTP
1201,8444,1425,1,side,subject_vehicle,C_MaxOnly,JEEP,PATRIOT,2014,UTILITY VEHICLE,,0,345.0,0.0,-321.0,478.0,0.0,0.0,0.0,0.0,0.0,0.0,0.0,0.0,0.0,,,,,0.0,0.0,0.2708215297450425,,-0.14541336353340883,"{""a_pillar_base_asym_delta"": 0.0, ""delta_1"": 53.0, ""delta_10"": 0.0, ""delta_11"": 0.0, ""delta_12"": 0.0, ""delta_13"": 0.0, ""delta_14"": 0.0, ""delta_15"": 0.0, ""delta_16"": 0.0, ""delta_17"": 0.0, ""delta_18"": 0.0, ""delta_19"": 0.0, ""delta_2"": 0.0, ""delta_20"": 119.0, ""delta_21"": 0.0, ""delta_3"": null, ""delta_4"": 0.0, ""delta_5"": 0.0, ""delta_6"": 0.0, ""delta_7"": 0.0, ""delta_8"": 0.0, ""delta_9"": 0.0, ""door_leading_lower_asym_delta"": 0.0, ""door_leading_upper_asym_delta"": 0.0, ""door_trailing_lower_asym_delta"": 0.0, ""door_trailing_upper_asym_delta"": 0.0, ""firewall_side_asym_delta"": 0.0, ""front_bumper_left_delta"": 119.0, ""front_bumper_right_delta"": 0.0, ""front_engine_block_delta"": 0.0, ""front_engine_front_delta"": 0.0, ""front_firewall_center_delta"": null, ""front_firewall_left_delta"": 0.0, ""front_firewall_right_delta"": 0.0, ""front_left_right_asym_delta"": 119.0, ""front_left_right_bumper_asymmetry"": 119.0, ""front_structural_delta"": 0.0, ""front_structural_delta_median"": 0.0, ""front_total_length_shortening"": 53.0, ""rear_total_length_shortening"": null, ""total_length_shortening"": 53.0}",53.0,0.0,119.0,,31.83,closingSpeed,8.841666666666667,59491.227847222224,1522.0,1460.0,4415.0,1765.0,2635.0,1215.0,31.83,31.83,270.0,0.0,39.0,285.0,0.0,0.0,NOT APPLICABLE,DIRECT ENGAGEMENT,NO DIRECT ENGAGEMENT,VTP
2793,10639,3310,1,side,subject_vehicle,A_ProfileValid,DODGE,GRAND CARAVAN,2019,MINIVAN,10LPAS3,1,285.0,2700.0,339.0,443.0,42.0,50.0,128.0,429.0,148.0,58.0,429.0,161.0,213.25712180370436,434700.0,2.751552795031056,0.412111801242236,0.08298514181166076,0.5260081823495032,0.0822267620020429,0.22625127681307455,0.043251949621179786,0.13208649912331968,"{""a_pillar_base_asym_delta"": 0.0, ""delta_1"": 0.0, ""delta_10"": 0.0, ""delta_11"": 0.0, ""delta_12"": 0.0, ""delta_13"": 0.0, ""delta_14"": 0.0, ""delta_15"": 0.0, ""delta_16"": 0.0, ""delta_17"": 0.0, ""delta_18"": 0.0, ""delta_19"": 0.0, ""delta_2"": 0.0, ""delta_20"": 0.0, ""delta_21"": 0.0, ""delta_3"": null, ""delta_4"": 0.0, ""delta_5"": 0.0, ""delta_6"": 0.0, ""delta_7"": 0.0, ""delta_8"": 0.0, ""delta_9"": 0.0, ""door_leading_lower_asym_delta"": 0.0, ""door_leading_upper_asym_delta"": 0.0, ""door_trailing_lower_asym_delta"": 0.0, ""door_trailing_upper_asym_delta"": 0.0, ""firewall_side_asym_delta"": 0.0, ""front_bumper_left_delta"": 0.0, ""front_bumper_right_delta"": 0.0, ""front_engine_block_delta"": 0.0, ""front_engine_front_delta"": 0.0, ""front_firewall_center_delta"": null, ""front_firewall_left_delta"": 0.0, ""front_firewall_right_delta"": 0.0, ""front_left_right_asym_delta"": 0.0, ""front_left_right_bumper_asymmetry"": 0.0, ""front_structural_delta"": 0.0, ""front_structural_delta_median"": 0.0, ""front_total_length_shortening"": 0.0, ""rear_total_length_shortening"": null, ""total_length_shortening"": 0.0}",0.0,0.0,0.0,,32.1,closingSpeed,8.916666666666666,82965.49652777777,2087.0,2002.0,5133.0,1958.0,3076.0,1388.0,32.1,32.1,270.0,0.0,331.0,285.0,0.0,0.0,NOT APPLICABLE,DIRECT ENGAGEMENT,DIRECT ENGAGEMENT,VTP
3805,15307,4577,1,side,subject_vehicle,A_ProfileValid,SUBARU,FORESTER,2025,UTILITY VEHICLE,10LPAS3,1,285.0,2400.0,133.0,352.0,3.0,32.0,100.0,352.0,29.0,-90.0,352.0,93.9,167.22649311637196,225360.0,3.7486687965921193,0.2971246006389776,0.0023055894074635224,0.5154639175257731,0.05133952979770367,0.19245489338436303,0.026463675153455497,0.05713058419243986,"{""a_pillar_base_asym_delta"": null, ""delta_1"": null, ""delta_10"": null, ""delta_11"": null, ""delta_12"": null, ""delta_13"": null, ""delta_14"": null, ""delta_15"": null, ""delta_16"": null, ""delta_17"": null, ""delta_18"": null, ""delta_19"": null, ""delta_2"": null, ""delta_20"": null, ""delta_21"": null, ""delta_3"": null, ""delta_4"": null, ""delta_5"": null, ""delta_6"": null, ""delta_7"": null, ""delta_8"": null, ""delta_9"": null, ""door_leading_lower_asym_delta"": null, ""door_leading_upper_asym_delta"": null, ""door_trailing_lower_asym_delta"": null, ""door_trailing_upper_asym_delta"": null, ""firewall_side_asym_delta"": null, ""front_bumper_left_delta"": null, ""front_bumper_right_delta"": null, ""front_engine_block_delta"": null, ""front_engine_front_delta"": null, ""front_firewall_center_delta"": null, ""front_firewall_left_delta"": null, ""front_firewall_right_delta"": null, ""front_left_right_asym_delta"": null, ""front_left_right_bumper_asymmetry"": null, ""front_structural_delta"": null, ""front_structural_delta_median"": null, ""front_total_length_shortening"": null, ""rear_total_length_shortening"": null, ""total_length_shortening"": null}",,,,,32.28,closingSpeed,8.966666666666667,68381.145,1701.0,1590.0,4656.0,1829.0,2666.0,1202.0,32.28,32.28,270.0,0.0,137.0,285.0,,,NOT APPLICABLE,DIRECT ENGAGEMENT,DIRECT ENGAGEMENT,VTP
1225,8461,1459,1,side,subject_vehicle,A_ProfileValid,KIA,SOUL,2014,UTILITY VEHICLE,09LPAN3,1,285.0,1125.0,-76.0,344.0,136.0,283.0,414.0,277.0,134.0,52.0,414.0,240.4,267.1216951129204,270450.0,1.4309484193011648,-0.24438435940099834,-0.035926344658829434,0.2719361856417694,0.13713633770678837,0.19623502567027953,0.03729233258886558,-0.03674160019337684,"{""a_pillar_base_asym_delta"": 0.0, ""delta_1"": 23.0, ""delta_10"": 0.0, ""delta_11"": 0.0, ""delta_12"": 0.0, ""delta_13"": 0.0, ""delta_14"": 0.0, ""delta_15"": 0.0, ""delta_16"": 0.0, ""delta_17"": 0.0, ""delta_18"": 0.0, ""delta_19"": -8.0, ""delta_2"": 0.0, ""delta_20"": 93.0, ""delta_21"": 0.0, ""delta_3"": null, ""delta_4"": 0.0, ""delta_5"": 0.0, ""delta_6"": 0.0, ""delta_7"": 0.0, ""delta_8"": 0.0, ""delta_9"": 0.0, ""door_leading_lower_asym_delta"": 0.0, ""door_leading_upper_asym_delta"": 0.0, ""door_trailing_lower_asym_delta"": 0.0, ""door_trailing_upper_asym_delta"": 0.0, ""firewall_side_asym_delta"": 0.0, ""front_bumper_left_delta"": 93.0, ""front_bumper_right_delta"": -8.0, ""front_engine_block_delta"": 0.0, ""front_engine_front_delta"": 0.0, ""front_firewall_center_delta"": null, ""front_firewall_left_delta"": 0.0, ""front_firewall_right_delta"": 0.0, ""front_left_right_asym_delta"": 101.0, ""front_left_right_bumper_asymmetry"": 101.0, ""front_structural_delta"": 0.0, ""front_structural_delta_median"": 0.0, ""front_total_length_shortening"": 23.0, ""rear_total_length_shortening"": null, ""total_length_shortening"": 23.0}",23.0,0.0,101.0,,31.95,closingSpeed,8.875,52930.5,1344.0,1264.0,4137.0,1753.0,2572.0,1107.0,31.95,31.95,270.0,0.0,0.0,285.0,0.0,0.0,NOT APPLICABLE,DIRECT ENGAGEMENT,NOT APPLICABLE,VTP
2228,10053,2672,1,side,subject_vehicle,A_ProfileValid,FORD,EXPEDITION,2016,UTILITY VEHICLE,10LPAN3,1,285.0,3000.0,-530.0,423.0,1.0,4.0,9.0,201.0,344.0,0.0,344.0,111.7,178.23271304673563,335100.0,3.78692927484333,0.8657117278424351,0.24868388926250679,0.5741626794258373,0.05502463054187192,0.20837438423645321,0.031593089306337946,-0.20287081339712917,"{""a_pillar_base_asym_delta"": 0.0, ""delta_1"": 0.0, ""delta_10"": 0.0, ""delta_11"": 0.0, ""delta_12"": 0.0, ""delta_13"": 0.0, ""delta_14"": 0.0, ""delta_15"": 0.0, ""delta_16"": 0.0, ""delta_17"": 0.0, ""delta_18"": 0.0, ""delta_19"": 0.0, ""delta_2"": 0.0, ""delta_20"": 0.0, ""delta_21"": 0.0, ""delta_3"": null, ""delta_4"": 0.0, ""delta_5"": 0.0, ""delta_6"": 0.0, ""delta_7"": 0.0, ""delta_8"": 0.0, ""delta_9"": 0.0, ""door_leading_lower_asym_delta"": 0.0, ""door_leading_upper_asym_delta"": 0.0, ""door_trailing_lower_asym_delta"": 0.0, ""door_trailing_upper_asym_delta"": 0.0, ""firewall_side_asym_delta"": 0.0, ""front_bumper_left_delta"": 0.0, ""front_bumper_right_delta"": 0.0, ""front_engine_block_delta"": 0.0, ""front_engine_front_delta"": 0.0, ""front_firewall_center_delta"": null, ""front_firewall_left_delta"": 0.0, ""front_firewall_right_delta"": 0.0, ""front_left_right_asym_delta"": 0.0, ""front_left_right_bumper_asymmetry"": 0.0, ""front_structural_delta"": 0.0, ""front_structural_delta_median"": 0.0, ""front_total_length_shortening"": 0.0, ""rear_total_length_shortening"": null, ""total_length_shortening"": 0.0}",0.0,0.0,0.0,,32.23,closingSpeed,8.952777777777778,110930.6862345679,2768.0,,5225.0,2030.0,3020.0,1619.0,32.23,32.23,285.0,0.0,222.0,0.0,0.0,15.0,NOT APPLICABLE,DIRECT ENGAGEMENT,NOT APPLICABLE,VTP
464,7756,562,1,side,subject_vehicle,C_MaxOnly,TOYOTA,4RUNNER,2012,UTILITY VEHICLE,09LPEW2,1,285.0,3000.0,238.0,500.0,0.0,0.0,0.0,0.0,0.0,0.0,0.0,0.0,0.0,0.0,,,,0.6268282490597576,0.0,0.2724795640326976,0.0,0.09945674885081487,"{""a_pillar_base_asym_delta"": 0.0, ""delta_1"": 0.0, ""delta_10"": 0.0, ""delta_11"": 0.0, ""delta_12"": 0.0, ""delta_13"": 0.0, ""delta_14"": 0.0, ""delta_15"": 0.0, ""delta_16"": 0.0, ""delta_17"": 0.0, ""delta_18"": 0.0, ""delta_19"": 0.0, ""delta_2"": 0.0, ""delta_20"": 0.0, ""delta_21"": 0.0, ""delta_3"": null, ""delta_4"": 0.0, ""delta_5"": 0.0, ""delta_6"": 0.0, ""delta_7"": 0.0, ""delta_8"": 0.0, ""delta_9"": 0.0, ""door_leading_lower_asym_delta"": 0.0, ""door_leading_upper_asym_delta"": 0.0, ""door_trailing_lower_asym_delta"": 0.0, ""door_trailing_upper_asym_delta"": 0.0, ""firewall_side_asym_delta"": 0.0, ""front_bumper_left_delta"": 0.0, ""front_bumper_right_delta"": 0.0, ""front_engine_block_delta"": 0.0, ""front_engine_front_delta"": 0.0, ""front_firewall_center_delta"": null, ""front_firewall_left_delta"": 0.0, ""front_firewall_right_delta"": 0.0, ""front_left_right_asym_delta"": 0.0, ""front_left_right_bumper_asymmetry"": 0.0, ""front_structural_delta"": 0.0, ""front_structural_delta_median"": 0.0, ""front_total_length_shortening"": 0.0, ""rear_total_length_shortening"": null, ""total_length_shortening"": 0.0}",0.0,0.0,0.0,,32.64,closingSpeed,9.066666666666666,88164.26666666666,2145.0,2058.0,4786.0,1835.0,2793.0,1417.0,32.64,32.64,270.0,0.0,238.0,285.0,0.0,0.0,NOT APPLICABLE,DIRECT ENGAGEMENT,DIRECT ENGAGEMENT,VTP
2673,10354,3175,1,side,subject_vehicle,B_ProfilePartial,FORD,FIESTA,2018,FOUR DOOR SEDAN,09LPAN3,1,0.0,2400.0,-303.0,293.0,-13.0,107.0,293.0,87.0,10.0,2.0,293.0,98.3,144.95068126780225,235920.0,2.980671414038657,-0.49643947100712105,-0.1019188572297303,0.5450828980240745,0.0583729216152019,0.17399049881235154,0.03181808128014639,-0.1376334317510788,"{""a_pillar_base_asym_delta"": 23.0, ""delta_1"": 24.0, ""delta_10"": -25.0, ""delta_11"": -40.0, ""delta_12"": -23.0, ""delta_13"": 0.0, ""delta_14"": 3.0, ""delta_15"": -15.0, ""delta_16"": 63.0, ""delta_17"": 69.0, ""delta_18"": 2.0, ""delta_19"": 2.0, ""delta_2"": -14.0, ""delta_20"": 38.0, ""delta_21"": 107.0, ""delta_3"": null, ""delta_4"": 27.0, ""delta_5"": 0.0, ""delta_6"": -26.0, ""delta_7"": -7.0, ""delta_8"": -2.0, ""delta_9"": -26.0, ""door_leading_lower_asym_delta"": 19.0, ""door_leading_upper_asym_delta"": -27.0, ""door_trailing_lower_asym_delta"": -15.0, ""door_trailing_upper_asym_delta"": -24.0, ""firewall_side_asym_delta"": -18.0, ""front_bumper_left_delta"": 38.0, ""front_bumper_right_delta"": 2.0, ""front_engine_block_delta"": 107.0, ""front_engine_front_delta"": -14.0, ""front_firewall_center_delta"": null, ""front_firewall_left_delta"": -15.0, ""front_firewall_right_delta"": 3.0, ""front_left_right_asym_delta"": 36.0, ""front_left_right_bumper_asymmetry"": 36.0, ""front_structural_delta"": 2.0, ""front_structural_delta_median"": 2.0, ""front_total_length_shortening"": 24.0, ""rear_total_length_shortening"": null, ""total_length_shortening"": 24.0}",24.0,2.0,36.0,,32.54,closingSpeed,9.038888888888888,50573.23614197529,1238.0,1161.0,4403.0,1684.0,2494.0,1082.0,32.54,32.54,270.0,0.0,-12.0,285.0,0.0,0.0,NOT APPLICABLE,DIRECT ENGAGEMENT,NOT APPLICABLE,VTP
3693,15394,4429,1,side,subject_vehicle,B_ProfilePartial,HONDA,CR-V,2024,UTILITY VEHICLE,,0,0.0,2550.0,-327.0,269.0,-17.0,50.0,269.0,70.0,18.0,2.0,269.0,79.9,126.67399101630926,203745.0,3.3667083854818523,-0.42991239048811014,-0.06746902558370929,0.5445227418321589,0.04272727272727273,0.14385026737967915,0.02326597169646497,-0.13965406790518897,"{""a_pillar_base_asym_delta"": 4.0, ""delta_1"": 27.0, ""delta_10"": -16.0, ""delta_11"": -13.0, ""delta_12"": -4.0, ""delta_13"": 0.0, ""delta_14"": 10.0, ""delta_15"": -16.0, ""delta_16"": 40.0, ""delta_17"": 63.0, ""delta_18"": 5.0, ""delta_19"": 1.0, ""delta_2"": -13.0, ""delta_20"": 21.0, ""delta_21"": 93.0, ""delta_3"": -1.0, ""delta_4"": 13.0, ""delta_5"": 0.0, ""delta_6"": -11.0, ""delta_7"": -3.0, ""delta_8"": -3.0, ""delta_9"": -32.0, ""door_leading_lower_asym_delta"": 8.0, ""door_leading_upper_asym_delta"": -13.0, ""door_trailing_lower_asym_delta"": 3.0, ""door_trailing_upper_asym_delta"": -29.0, ""firewall_side_asym_delta"": -26.0, ""front_bumper_left_delta"": 21.0, ""front_bumper_right_delta"": 1.0, ""front_engine_block_delta"": 93.0, ""front_engine_front_delta"": -13.0, ""front_firewall_center_delta"": -1.0, ""front_firewall_left_delta"": -16.0, ""front_firewall_right_delta"": 10.0, ""front_left_right_asym_delta"": 20.0, ""front_left_right_bumper_asymmetry"": 20.0, ""front_structural_delta"": 0.0, ""front_structural_delta_median"": 0.0, ""front_total_length_shortening"": 27.0, ""rear_total_length_shortening"": null, ""total_length_shortening"": 27.0}",27.0,0.0,20.0,,31.06,closingSpeed,8.627777777777776,64724.31868827158,1739.0,,4683.0,1870.0,2700.0,1172.0,31.06,31.06,270.0,,-98.0,285.0,0.0,0.0,NOT APPLICABLE,DIRECT ENGAGEMENT,NOT APPLICABLE,VTP
2521,11825,3001,1,side,subject_vehicle,A_ProfileValid,AUDI,Q7,2018,UTILITY VEHICLE,09LPAN3,1,285.0,1097.0,338.0,367.0,109.0,287.0,353.0,205.0,86.0,-17.0,353.0,195.39999999999998,229.12180166889402,214353.8,1.8781985670419654,-0.38382804503582396,-0.04763906160090032,0.21830845771144278,0.09989775051124743,0.18762781186094069,0.021808523842952923,0.1345273631840796,"{""a_pillar_base_asym_delta"": 0.0, ""delta_1"": 11.0, ""delta_10"": 0.0, ""delta_11"": 0.0, ""delta_12"": 0.0, ""delta_13"": 0.0, ""delta_14"": 0.0, ""delta_15"": 0.0, ""delta_16"": 0.0, ""delta_17"": 0.0, ""delta_18"": 0.0, ""delta_19"": -8.0, ""delta_2"": 0.0, ""delta_20"": 38.0, ""delta_21"": 0.0, ""delta_3"": null, ""delta_4"": 0.0, ""delta_5"": 0.0, ""delta_6"": 0.0, ""delta_7"": 0.0, ""delta_8"": 0.0, ""delta_9"": 0.0, ""door_leading_lower_asym_delta"": 0.0, ""door_leading_upper_asym_delta"": 0.0, ""door_trailing_lower_asym_delta"": 0.0, ""door_trailing_upper_asym_delta"": 0.0, ""firewall_side_asym_delta"": 0.0, ""front_bumper_left_delta"": 38.0, ""front_bumper_right_delta"": -8.0, ""front_engine_block_delta"": 0.0, ""front_engine_front_delta"": 0.0, ""front_firewall_center_delta"": null, ""front_firewall_left_delta"": 0.0, ""front_firewall_right_delta"": 0.0, ""front_left_right_asym_delta"": 46.0, ""front_left_right_bumper_asymmetry"": 46.0, ""front_structural_delta"": 0.0, ""front_structural_delta_median"": 0.0, ""front_total_length_shortening"": 11.0, ""rear_total_length_shortening"": null, ""total_length_shortening"": 11.0}",11.0,0.0,46.0,,32.29,closingSpeed,8.969444444444443,94208.04329475306,2342.0,2173.0,5025.0,1956.0,2992.0,1494.0,32.29,32.29,270.0,0.0,0.0,285.0,0.0,0.0,NOT APPLICABLE,DIRECT ENGAGEMENT,NOT APPLICABLE,VTP
3497,14265,4176,1,side,subject_vehicle,B_ProfilePartial,KIA,EV6,2022,UTILITY VEHICLE,09LPAN3,1,0.0,2250.0,57.0,214.0,-13.0,90.0,214.0,24.0,7.0,-10.0,214.0,64.7,104.55190098702175,145575.0,3.3075734157650696,-0.6924265842349304,-0.12841930664486828,0.4813863928112965,0.03476625470177324,0.11499193981730252,0.016736001942445396,0.024390243902439025,"{""a_pillar_base_asym_delta"": 1.0, ""delta_1"": 3.0, ""delta_10"": -12.0, ""delta_11"": -6.0, ""delta_12"": -1.0, ""delta_13"": 0.0, ""delta_14"": -2.0, ""delta_15"": -5.0, ""delta_16"": 44.0, ""delta_17"": 38.0, ""delta_18"": 13.0, ""delta_19"": 1.0, ""delta_2"": 4.0, ""delta_20"": 15.0, ""delta_21"": 25.0, ""delta_3"": 3.0, ""delta_4"": 10.0, ""delta_5"": 0.0, ""delta_6"": -5.0, ""delta_7"": -3.0, ""delta_8"": 8.0, ""delta_9"": 3.0, ""door_leading_lower_asym_delta"": 2.0, ""door_leading_upper_asym_delta"": -10.0, ""door_trailing_lower_asym_delta"": 6.0, ""door_trailing_upper_asym_delta"": -5.0, ""firewall_side_asym_delta"": -3.0, ""front_bumper_left_delta"": 15.0, ""front_bumper_right_delta"": 1.0, ""front_engine_block_delta"": 25.0, ""front_engine_front_delta"": 4.0, ""front_firewall_center_delta"": 3.0, ""front_firewall_left_delta"": -5.0, ""front_firewall_right_delta"": -2.0, ""front_left_right_asym_delta"": 14.0, ""front_left_right_bumper_asymmetry"": 14.0, ""front_structural_delta"": 2.0, ""front_structural_delta_median"": 2.0, ""front_total_length_shortening"": 3.0, ""rear_total_length_shortening"": null, ""total_length_shortening"": 3.0}",3.0,2.0,14.0,,32.43,closingSpeed,9.008333333333333,82367.3204861111,2030.0,,4674.0,1861.0,2904.0,1551.0,32.43,32.43,270.0,0.0,434.0,285.0,0.0,0.0,NOT APPLICABLE,DIRECT ENGAGEMENT,NOT APPLICABLE,VTP
1839,9507,2213,1,side,subject_vehicle,A_ProfileValid,NISSAN,VERSA,2016,FOUR DOOR SEDAN,09LPEW2,1,285.0,2850.0,117.0,436.0,40.0,52.0,125.0,317.0,262.0,51.0,317.0,160.3,194.71132478620754,456855.0,2.7199001871490953,0.44853399875233935,0.13434200467186067,0.6337558372248165,0.09468399291199056,0.2575310100413467,0.060006533199727166,0.05203468979319546,"{""a_pillar_base_asym_delta"": 0.0, ""delta_1"": 0.0, ""delta_10"": 0.0, ""delta_11"": 0.0, ""delta_12"": 0.0, ""delta_13"": 0.0, ""delta_14"": 0.0, ""delta_15"": 0.0, ""delta_16"": 0.0, ""delta_17"": 0.0, ""delta_18"": 0.0, ""delta_19"": 0.0, ""delta_2"": 0.0, ""delta_20"": 0.0, ""delta_21"": 0.0, ""delta_3"": null, ""delta_4"": 0.0, ""delta_5"": 0.0, ""delta_6"": 0.0, ""delta_7"": 0.0, ""delta_8"": 0.0, ""delta_9"": 0.0, ""door_leading_lower_asym_delta"": 0.0, ""door_leading_upper_asym_delta"": 0.0, ""door_trailing_lower_asym_delta"": 0.0, ""door_trailing_upper_asym_delta"": 0.0, ""firewall_side_asym_delta"": 0.0, ""front_bumper_left_delta"": 0.0, ""front_bumper_right_delta"": 0.0, ""front_engine_block_delta"": 0.0, ""front_engine_front_delta"": 0.0, ""front_firewall_center_delta"": null, ""front_firewall_left_delta"": 0.0, ""front_firewall_right_delta"": 0.0, ""front_left_right_asym_delta"": 0.0, ""front_left_right_bumper_asymmetry"": 0.0, ""front_structural_delta"": 0.0, ""front_structural_delta_median"": 0.0, ""front_total_length_shortening"": 0.0, ""rear_total_length_shortening"": null, ""total_length_shortening"": 0.0}",0.0,0.0,0.0,,32.18,closingSpeed,8.938888888888888,47382.91459876543,1186.0,1099.0,4497.0,1693.0,2600.0,1142.0,32.18,32.18,270.0,0.0,108.0,285.0,0.0,0.0,NOT APPLICABLE,DIRECT ENGAGEMENT,DIRECT ENGAGEMENT,VTP
105,7413,123,1,side,subject_vehicle,C_MaxOnly,DODGE,CHARGER,2011,FOUR DOOR SEDAN,09LPAN3,1,285.0,3900.0,0.0,373.0,0.0,0.0,0.0,0.0,0.0,0.0,0.0,0.0,0.0,0.0,,,,0.7677165354330708,0.0,0.19683377308707123,0.0,0.0,"{""a_pillar_base_asym_delta"": 0.0, ""delta_1"": 110.0, ""delta_10"": 0.0, ""delta_11"": 0.0, ""delta_12"": 0.0, ""delta_13"": 0.0, ""delta_14"": 0.0, ""delta_15"": 0.0, ""delta_16"": 0.0, ""delta_17"": 0.0, ""delta_18"": 0.0, ""delta_19"": -7.0, ""delta_2"": 0.0, ""delta_20"": 125.0, ""delta_21"": 0.0, ""delta_3"": null, ""delta_4"": 0.0, ""delta_5"": 0.0, ""delta_6"": 0.0, ""delta_7"": 0.0, ""delta_8"": 0.0, ""delta_9"": 0.0, ""door_leading_lower_asym_delta"": 0.0, ""door_leading_upper_asym_delta"": 0.0, ""door_trailing_lower_asym_delta"": 0.0, ""door_trailing_upper_asym_delta"": 0.0, ""firewall_side_asym_delta"": 0.0, ""front_bumper_left_delta"": 125.0, ""front_bumper_right_delta"": -7.0, ""front_engine_block_delta"": 0.0, ""front_engine_front_delta"": 0.0, ""front_firewall_center_delta"": null, ""front_firewall_left_delta"": 0.0, ""front_firewall_right_delta"": 0.0, ""front_left_right_asym_delta"": 132.0, ""front_left_right_bumper_asymmetry"": 132.0, ""front_structural_delta"": 0.0, ""front_structural_delta_median"": 0.0, ""front_total_length_shortening"": 110.0, ""rear_total_length_shortening"": null, ""total_length_shortening"": 110.0}",110.0,0.0,132.0,,31.5,closingSpeed,8.75,73423.4375,1918.0,,5080.0,1895.0,3050.0,1509.0,31.5,31.5,270.0,0.0,0.0,285.0,0.0,0.0,NOT APPLICABLE,DIRECT ENGAGEMENT,NOT APPLICABLE,VTP
537,7870,646,1,side,subject_vehicle,C_MaxOnly,MITSUBISHI,IMiEV,2012,FIVE DOOR HATCHBACK,09LPAN3,1,285.0,1650.0,383.0,316.0,0.0,0.0,0.0,0.0,0.0,0.0,0.0,0.0,0.0,0.0,,,,0.4521786790901617,0.0,0.19936908517350158,0.0,0.20992052617155385,"{""a_pillar_base_asym_delta"": 0.0, ""delta_1"": 42.0, ""delta_10"": 0.0, ""delta_11"": 0.0, ""delta_12"": 0.0, ""delta_13"": 0.0, ""delta_14"": 0.0, ""delta_15"": 0.0, ""delta_16"": 0.0, ""delta_17"": 0.0, ""delta_18"": 0.0, ""delta_19"": -30.0, ""delta_2"": 0.0, ""delta_20"": 110.0, ""delta_21"": 0.0, ""delta_3"": null, ""delta_4"": 0.0, ""delta_5"": 0.0, ""delta_6"": 0.0, ""delta_7"": 0.0, ""delta_8"": 0.0, ""delta_9"": 0.0, ""door_leading_lower_asym_delta"": 0.0, ""door_leading_upper_asym_delta"": 0.0, ""door_trailing_lower_asym_delta"": 0.0, ""door_trailing_upper_asym_delta"": 0.0, ""firewall_side_asym_delta"": 0.0, ""front_bumper_left_delta"": 110.0, ""front_bumper_right_delta"": -30.0, ""front_engine_block_delta"": 0.0, ""front_engine_front_delta"": 0.0, ""front_firewall_center_delta"": null, ""front_firewall_left_delta"": 0.0, ""front_firewall_right_delta"": 0.0, ""front_left_right_asym_delta"": 140.0, ""front_left_right_bumper_asymmetry"": 140.0, ""front_structural_delta"": 0.0, ""front_structural_delta_median"": 0.0, ""front_total_length_shortening"": 42.0, ""rear_total_length_shortening"": null, ""total_length_shortening"": 42.0}",42.0,0.0,140.0,,32.2,closingSpeed,8.944444444444445,49841.92283950617,1246.0,1171.0,3649.0,1585.0,2552.0,1365.0,32.2,32.2,270.0,0.0,0.0,285.0,0.0,0.0,NOT APPLICABLE,DIRECT ENGAGEMENT,NOT APPLICABLE,VTP
572,7932,685,1,side,subject_vehicle,C_MaxOnly,MAZDA,CX-5,2013,UTILITY VEHICLE,09LPAN3,1,285.0,3150.0,74.0,381.0,0.0,0.0,0.0,0.0,0.0,0.0,0.0,0.0,0.0,0.0,,,,0.693069306930693,0.0,0.20706521739130435,0.0,0.03256325632563256,"{""a_pillar_base_asym_delta"": 0.0, ""delta_1"": 93.0, ""delta_10"": 0.0, ""delta_11"": 0.0, ""delta_12"": 0.0, ""delta_13"": 0.0, ""delta_14"": 0.0, ""delta_15"": 0.0, ""delta_16"": 0.0, ""delta_17"": 0.0, ""delta_18"": 0.0, ""delta_19"": -1.0, ""delta_2"": 0.0, ""delta_20"": 119.0, ""delta_21"": 0.0, ""delta_3"": null, ""delta_4"": 0.0, ""delta_5"": 0.0, ""delta_6"": 0.0, ""delta_7"": 0.0, ""delta_8"": 0.0, ""delta_9"": 0.0, ""door_leading_lower_asym_delta"": 0.0, ""door_leading_upper_asym_delta"": 0.0, ""door_trailing_lower_asym_delta"": 0.0, ""door_trailing_upper_asym_delta"": 0.0, ""firewall_side_asym_delta"": 0.0, ""front_bumper_left_delta"": 119.0, ""front_bumper_right_delta"": -1.0, ""front_engine_block_delta"": 0.0, ""front_engine_front_delta"": 0.0, ""front_firewall_center_delta"": null, ""front_firewall_left_delta"": 0.0, ""front_firewall_right_delta"": 0.0, ""front_left_right_asym_delta"": 120.0, ""front_left_right_bumper_asymmetry"": 120.0, ""front_structural_delta"": 0.0, ""front_structural_delta_median"": 0.0, ""front_total_length_shortening"": 93.0, ""rear_total_length_shortening"": null, ""total_length_shortening"": 93.0}",93.0,0.0,120.0,,32.25,closingSpeed,8.958333333333334,62074.71788194445,1547.0,1457.0,4545.0,1840.0,2698.0,1161.0,32.25,32.25,270.0,0.0,0.0,285.0,0.0,0.0,NOT APPLICABLE,DIRECT ENGAGEMENT,NOT APPLICABLE,VTP
953,8218,1142,1,side,subject_vehicle,C_MaxOnly,FORD,FUSION ENERGI,2013,FOUR DOOR SEDAN,09LPAN3,1,285.0,2700.0,185.0,440.0,0.0,0.0,0.0,0.0,0.0,0.0,0.0,0.0,0.0,0.0,,,,0.5531653349723418,0.0,0.24017467248908297,0.0,0.07580413849620979,"{""a_pillar_base_asym_delta"": 0.0, ""delta_1"": 170.0, ""delta_10"": 0.0, ""delta_11"": 0.0, ""delta_12"": 0.0, ""delta_13"": 0.0, ""delta_14"": 0.0, ""delta_15"": 0.0, ""delta_16"": 0.0, ""delta_17"": 0.0, ""delta_18"": 0.0, ""delta_19"": -23.0, ""delta_2"": 0.0, ""delta_20"": 212.0, ""delta_21"": 0.0, ""delta_3"": null, ""delta_4"": 0.0, ""delta_5"": 0.0, ""delta_6"": 0.0, ""delta_7"": 0.0, ""delta_8"": 0.0, ""delta_9"": 0.0, ""door_leading_lower_asym_delta"": 0.0, ""door_leading_upper_asym_delta"": 0.0, ""door_trailing_lower_asym_delta"": 0.0, ""door_trailing_upper_asym_delta"": 0.0, ""firewall_side_asym_delta"": 0.0, ""front_bumper_left_delta"": 212.0, ""front_bumper_right_delta"": -23.0, ""front_engine_block_delta"": 0.0, ""front_engine_front_delta"": 0.0, ""front_firewall_center_delta"": null, ""front_firewall_left_delta"": 0.0, ""front_firewall_right_delta"": 0.0, ""front_left_right_asym_delta"": 235.0, ""front_left_right_bumper_asymmetry"": 235.0, ""front_structural_delta"": 0.0, ""front_structural_delta_median"": 0.0, ""front_total_length_shortening"": 170.0, ""rear_total_length_shortening"": null, ""total_length_shortening"": 170.0}",170.0,0.0,235.0,,32.32,closingSpeed,8.977777777777778,75925.6651851852,1884.0,1796.0,4881.0,1832.0,2838.0,1348.0,32.32,32.32,270.0,0.0,0.0,285.0,0.0,0.0,NOT APPLICABLE,DIRECT ENGAGEMENT,NOT APPLICABLE,VTP
1529,8994,1835,1,side,subject_vehicle,A_ProfileValid,TOYOTA,TACOMA,2015,EXTENDED CAB PICKUP,09LPEW2,1,285.0,3150.0,364.0,516.0,26.0,10.0,128.0,376.0,331.0,86.0,376.0,180.2,233.00515015767357,567630.0,2.863485016648169,0.5960044395116537,0.1802353445666431,0.5965909090909091,0.10016675931072817,0.2868260144524736,0.05975857799787761,0.13787878787878788,"{""a_pillar_base_asym_delta"": 0.0, ""delta_1"": 0.0, ""delta_10"": 0.0, ""delta_11"": 0.0, ""delta_12"": 0.0, ""delta_13"": 0.0, ""delta_14"": 0.0, ""delta_15"": 0.0, ""delta_16"": 0.0, ""delta_17"": 0.0, ""delta_18"": 0.0, ""delta_19"": 0.0, ""delta_2"": 0.0, ""delta_20"": 0.0, ""delta_21"": 0.0, ""delta_3"": null, ""delta_4"": 0.0, ""delta_5"": 0.0, ""delta_6"": 0.0, ""delta_7"": 0.0, ""delta_8"": 0.0, ""delta_9"": 0.0, ""door_leading_lower_asym_delta"": 0.0, ""door_leading_upper_asym_delta"": 0.0, ""door_trailing_lower_asym_delta"": 0.0, ""door_trailing_upper_asym_delta"": 0.0, ""firewall_side_asym_delta"": 0.0, ""front_bumper_left_delta"": 0.0, ""front_bumper_right_delta"": 0.0, ""front_engine_block_delta"": 0.0, ""front_engine_front_delta"": 0.0, ""front_firewall_center_delta"": null, ""front_firewall_left_delta"": 0.0, ""front_firewall_right_delta"": 0.0, ""front_left_right_asym_delta"": 0.0, ""front_left_right_bumper_asymmetry"": 0.0, ""front_structural_delta"": 0.0, ""front_structural_delta_median"": 0.0, ""front_total_length_shortening"": 0.0, ""rear_total_length_shortening"": null, ""total_length_shortening"": 0.0}",0.0,0.0,0.0,,32.07,closingSpeed,8.908333333333333,71819.35451388889,1810.0,1634.0,5280.0,1799.0,3231.0,1568.0,32.07,32.07,270.0,0.0,355.0,285.0,0.0,0.0,NOT APPLICABLE,DIRECT ENGAGEMENT,DIRECT ENGAGEMENT,VTP
766,8349,924,2,side,subject_vehicle,C_MaxOnly,SUZUKI,SX4,2011,FOUR DOOR SEDAN,,0,297.0,0.0,0.0,216.0,0.0,0.0,0.0,0.0,0.0,0.0,0.0,0.0,0.0,,,,,0.0,0.0,0.1244956772334294,,0.0,"{""a_pillar_base_asym_delta"": 0.0, ""delta_1"": 0.0, ""delta_10"": 0.0, ""delta_11"": 0.0, ""delta_12"": 0.0, ""delta_13"": 0.0, ""delta_14"": 0.0, ""delta_15"": 0.0, ""delta_16"": 0.0, ""delta_17"": 0.0, ""delta_18"": 0.0, ""delta_19"": 0.0, ""delta_2"": 0.0, ""delta_20"": 0.0, ""delta_21"": 0.0, ""delta_3"": null, ""delta_4"": 0.0, ""delta_5"": 0.0, ""delta_6"": 0.0, ""delta_7"": 0.0, ""delta_8"": 0.0, ""delta_9"": 0.0, ""door_leading_lower_asym_delta"": 0.0, ""door_leading_upper_asym_delta"": 0.0, ""door_trailing_lower_asym_delta"": 0.0, ""door_trailing_upper_asym_delta"": 0.0, ""firewall_side_asym_delta"": 0.0, ""front_bumper_left_delta"": 0.0, ""front_bumper_right_delta"": 0.0, ""front_engine_block_delta"": 0.0, ""front_engine_front_delta"": 0.0, ""front_firewall_center_delta"": null, ""front_firewall_left_delta"": 0.0, ""front_firewall_right_delta"": 0.0, ""front_left_right_asym_delta"": 0.0, ""front_left_right_bumper_asymmetry"": 0.0, ""front_structural_delta"": 0.0, ""front_structural_delta_median"": 0.0, ""front_total_length_shortening"": 0.0, ""rear_total_length_shortening"": null, ""total_length_shortening"": 0.0}",0.0,0.0,0.0,,61.64,closingSpeed,17.122222222222224,206978.36864197534,1412.0,,4475.0,1735.0,2510.0,1081.0,61.64,0.0,270.0,0.0,70.0,0.0,0.0,0.0,NOT APPLICABLE,NOT APPLICABLE,NOT APPLICABLE,ITV
3464,14247,4131,1,side,subject_vehicle,A_ProfileValid,FORD,F150 SUPERCREW,2022,PICKUP TRUCK,09LPAN3,1,285.0,1200.0,767.0,343.0,6.0,169.0,342.0,240.0,53.0,-39.0,342.0,157.5,203.32855185634898,189000.0,2.1777777777777776,-0.273015873015873,-0.02906554279901177,0.2034587995930824,0.07743362831858407,0.16863323500491642,0.015754553065836025,0.26008816547982366,"{""a_pillar_base_asym_delta"": null, ""delta_1"": 25.0, ""delta_10"": null, ""delta_11"": null, ""delta_12"": null, ""delta_13"": null, ""delta_14"": null, ""delta_15"": null, ""delta_16"": null, ""delta_17"": null, ""delta_18"": null, ""delta_19"": -45.0, ""delta_2"": null, ""delta_20"": 128.0, ""delta_21"": null, ""delta_3"": null, ""delta_4"": null, ""delta_5"": null, ""delta_6"": null, ""delta_7"": null, ""delta_8"": null, ""delta_9"": null, ""door_leading_lower_asym_delta"": null, ""door_leading_upper_asym_delta"": null, ""door_trailing_lower_asym_delta"": null, ""door_trailing_upper_asym_delta"": null, ""firewall_side_asym_delta"": null, ""front_bumper_left_delta"": 128.0, ""front_bumper_right_delta"": -45.0, ""front_engine_block_delta"": null, ""front_engine_front_delta"": null, ""front_firewall_center_delta"": null, ""front_firewall_left_delta"": null, ""front_firewall_right_delta"": null, ""front_left_right_asym_delta"": 173.0, ""front_left_right_bumper_asymmetry"": 173.0, ""front_structural_delta"": 41.5, ""front_structural_delta_median"": 41.5, ""front_total_length_shortening"": 25.0, ""rear_total_length_shortening"": null, ""total_length_shortening"": 25.0}",25.0,41.5,173.0,,32.27,closingSpeed,8.96388888888889,105661.9647762346,2630.0,2102.0,5898.0,2034.0,4026.0,1921.0,32.27,32.27,270.0,0.0,0.0,285.0,,,NOT APPLICABLE,DIRECT ENGAGEMENT,NOT APPLICABLE,VTP
3812,15313,4586,1,side,subject_vehicle,A_ProfileValid,TESLA,CYBERTRUCK,2024,4 DOOR PICKUP,10LPAS2,1,285.0,2700.0,732.0,188.0,1.0,8.0,22.0,114.0,83.0,-11.0,114.0,44.4,64.02187126287392,119880.0,4.2342342342342345,0.6216216216216216,0.12329708726741577,0.47686329918756626,0.022839506172839506,0.09670781893004116,0.01089132226539503,0.2585658777817026,"{""a_pillar_base_asym_delta"": null, ""delta_1"": null, ""delta_10"": null, ""delta_11"": null, ""delta_12"": null, ""delta_13"": null, ""delta_14"": null, ""delta_15"": null, ""delta_16"": null, ""delta_17"": null, ""delta_18"": null, ""delta_19"": null, ""delta_2"": null, ""delta_20"": null, ""delta_21"": null, ""delta_3"": null, ""delta_4"": null, ""delta_5"": null, ""delta_6"": null, ""delta_7"": null, ""delta_8"": null, ""delta_9"": null, ""door_leading_lower_asym_delta"": null, ""door_leading_upper_asym_delta"": null, ""door_trailing_lower_asym_delta"": null, ""door_trailing_upper_asym_delta"": null, ""firewall_side_asym_delta"": null, ""front_bumper_left_delta"": null, ""front_bumper_right_delta"": null, ""front_engine_block_delta"": null, ""front_engine_front_delta"": null, ""front_firewall_center_delta"": null, ""front_firewall_left_delta"": null, ""front_firewall_right_delta"": null, ""front_left_right_asym_delta"": null, ""front_left_right_bumper_asymmetry"": null, ""front_structural_delta"": null, ""front_structural_delta_median"": null, ""front_total_length_shortening"": null, ""rear_total_length_shortening"": null, ""total_length_shortening"": null}",,,,,32.05,closingSpeed,8.902777777777777,131214.0230516975,3311.0,3134.0,5662.0,1944.0,3641.0,1964.0,32.05,32.05,270.0,0.0,724.0,285.0,,,NOT APPLICABLE,DIRECT ENGAGEMENT,DIRECT ENGAGEMENT,VTP
346,7600,419,1,side,subject_vehicle,C_MaxOnly,TOYOTA,YARIS,2012,FIVE DOOR HATCHBACK,09LPEW2,1,285.0,2400.0,843.0,349.0,0.0,0.0,0.0,0.0,0.0,0.0,0.0,0.0,0.0,0.0,,,,0.6418828563787109,0.0,0.20614294152392204,0.0,0.4509227066060444,"{""a_pillar_base_asym_delta"": 0.0, ""delta_1"": 0.0, ""delta_10"": 0.0, ""delta_11"": 0.0, ""delta_12"": 0.0, ""delta_13"": 0.0, ""delta_14"": 0.0, ""delta_15"": 0.0, ""delta_16"": 0.0, ""delta_17"": 0.0, ""delta_18"": 0.0, ""delta_19"": 0.0, ""delta_2"": 0.0, ""delta_20"": 0.0, ""delta_21"": 0.0, ""delta_3"": null, ""delta_4"": 0.0, ""delta_5"": 0.0, ""delta_6"": 0.0, ""delta_7"": 0.0, ""delta_8"": 0.0, ""delta_9"": 0.0, ""door_leading_lower_asym_delta"": 0.0, ""door_leading_upper_asym_delta"": 0.0, ""door_trailing_lower_asym_delta"": 0.0, ""door_trailing_upper_asym_delta"": 0.0, ""firewall_side_asym_delta"": 0.0, ""front_bumper_left_delta"": 0.0, ""front_bumper_right_delta"": 0.0, ""front_engine_block_delta"": 0.0, ""front_engine_front_delta"": 0.0, ""front_firewall_center_delta"": null, ""front_firewall_left_delta"": 0.0, ""front_firewall_right_delta"": 0.0, ""front_left_right_asym_delta"": 0.0, ""front_left_right_bumper_asymmetry"": 0.0, ""front_structural_delta"": 0.0, ""front_structural_delta_median"": 0.0, ""front_total_length_shortening"": 0.0, ""rear_total_length_shortening"": null, ""total_length_shortening"": 0.0}",0.0,0.0,0.0,,32.83,closingSpeed,9.119444444444444,48651.09618055554,1170.0,1094.0,3739.0,1693.0,2512.0,985.0,32.83,32.83,270.0,0.0,843.0,285.0,0.0,0.0,NOT APPLICABLE,DIRECT ENGAGEMENT,DIRECT ENGAGEMENT,VTP
2941,10849,3500,1,side,subject_vehicle,B_ProfilePartial,GMC,OTHER,2020,UTILITY VEHICLE,,0,0.0,2700.0,-350.0,252.0,-19.0,50.0,252.0,106.0,7.0,0.0,252.0,81.1,124.47449537957564,218970.0,3.1072749691738597,-0.3526510480887793,-0.06541984657621493,0.5830274238825308,0.04417211328976035,0.13725490196078433,0.025753553418776276,-0.1511552580436191,"{""a_pillar_base_asym_delta"": 1.0, ""delta_1"": 34.0, ""delta_10"": -14.0, ""delta_11"": -3.0, ""delta_12"": -1.0, ""delta_13"": 0.0, ""delta_14"": 6.0, ""delta_15"": -3.0, ""delta_16"": 51.0, ""delta_17"": 53.0, ""delta_18"": -5.0, ""delta_19"": 1.0, ""delta_2"": -18.0, ""delta_20"": 34.0, ""delta_21"": 246.0, ""delta_3"": -5.0, ""delta_4"": 12.0, ""delta_5"": 0.0, ""delta_6"": -11.0, ""delta_7"": -7.0, ""delta_8"": -5.0, ""delta_9"": 22.0, ""door_leading_lower_asym_delta"": 4.0, ""door_leading_upper_asym_delta"": -12.0, ""door_trailing_lower_asym_delta"": 11.0, ""door_trailing_upper_asym_delta"": 27.0, ""firewall_side_asym_delta"": -9.0, ""front_bumper_left_delta"": 34.0, ""front_bumper_right_delta"": 1.0, ""front_engine_block_delta"": 246.0, ""front_engine_front_delta"": -18.0, ""front_firewall_center_delta"": -5.0, ""front_firewall_left_delta"": -3.0, ""front_firewall_right_delta"": 6.0, ""front_left_right_asym_delta"": 33.0, ""front_left_right_bumper_asymmetry"": 33.0, ""front_structural_delta"": -1.0, ""front_structural_delta_median"": -1.0, ""front_total_length_shortening"": 34.0, ""rear_total_length_shortening"": null, ""total_length_shortening"": 34.0}",34.0,-1.0,33.0,,31.13,closingSpeed,8.647222222222222,64754.67557098765,1732.0,1543.0,4631.0,1836.0,2724.0,1132.0,31.13,31.13,270.0,0.0,-189.0,285.0,0.0,0.0,NOT APPLICABLE,DIRECT ENGAGEMENT,NOT APPLICABLE,VTP
2113,9776,2535,1,side,subject_vehicle,A_ProfileValid,FORD,FUSION,2017,FOUR DOOR SEDAN,09LPAN3,1,285.0,1475.0,99.0,399.0,61.0,262.0,380.0,170.0,10.0,15.0,380.0,172.0,220.91491574812235,253700.0,2.3197674418604652,-0.502906976744186,-0.07650260770267871,0.3043119455333196,0.09368191721132897,0.2173202614379085,0.028508526487870896,0.04085001031565917,"{""a_pillar_base_asym_delta"": 0.0, ""delta_1"": 31.0, ""delta_10"": 0.0, ""delta_11"": 0.0, ""delta_12"": 0.0, ""delta_13"": 0.0, ""delta_14"": 0.0, ""delta_15"": 0.0, ""delta_16"": 0.0, ""delta_17"": 0.0, ""delta_18"": 0.0, ""delta_19"": -18.0, ""delta_2"": 0.0, ""delta_20"": 162.0, ""delta_21"": 0.0, ""delta_3"": null, ""delta_4"": 0.0, ""delta_5"": 0.0, ""delta_6"": 0.0, ""delta_7"": 0.0, ""delta_8"": 0.0, ""delta_9"": 0.0, ""door_leading_lower_asym_delta"": 0.0, ""door_leading_upper_asym_delta"": 0.0, ""door_trailing_lower_asym_delta"": 0.0, ""door_trailing_upper_asym_delta"": 0.0, ""firewall_side_asym_delta"": 0.0, ""front_bumper_left_delta"": 162.0, ""front_bumper_right_delta"": -18.0, ""front_engine_block_delta"": 0.0, ""front_engine_front_delta"": 0.0, ""front_firewall_center_delta"": null, ""front_firewall_left_delta"": 0.0, ""front_firewall_right_delta"": 0.0, ""front_left_right_asym_delta"": 180.0, ""front_left_right_bumper_asymmetry"": 180.0, ""front_structural_delta"": 0.0, ""front_structural_delta_median"": 0.0, ""front_total_length_shortening"": 31.0, ""rear_total_length_shortening"": null, ""total_length_shortening"": 31.0}",31.0,0.0,180.0,,32.33,closingSpeed,8.980555555555554,67101.11456790121,1664.0,1585.0,4847.0,1836.0,2847.0,1229.0,32.33,32.33,270.0,0.0,0.0,285.0,0.0,0.0,NOT APPLICABLE,DIRECT ENGAGEMENT,NOT APPLICABLE,VTP
2301,10061,2760,1,side,subject_vehicle,A_ProfileValid,HONDA,CR-V,2017,UTILITY VEHICLE,09LPAN3,1,285.0,1125.0,57.0,337.0,55.0,200.0,338.0,227.0,115.0,13.0,338.0,182.8,210.04523322370352,205650.0,1.8435448577680524,-0.20705689277899345,-0.02532686533349011,0.24574049803407602,0.09913232104121476,0.18275488069414317,0.024360825943942024,0.02490170380078637,"{""a_pillar_base_asym_delta"": 0.0, ""delta_1"": 7.0, ""delta_10"": 0.0, ""delta_11"": 0.0, ""delta_12"": 0.0, ""delta_13"": 0.0, ""delta_14"": 0.0, ""delta_15"": 0.0, ""delta_16"": 0.0, ""delta_17"": 0.0, ""delta_18"": 0.0, ""delta_19"": -7.0, ""delta_2"": 0.0, ""delta_20"": 62.0, ""delta_21"": 0.0, ""delta_3"": null, ""delta_4"": 0.0, ""delta_5"": 0.0, ""delta_6"": 0.0, ""delta_7"": 0.0, ""delta_8"": 0.0, ""delta_9"": 0.0, ""door_leading_lower_asym_delta"": 0.0, ""door_leading_upper_asym_delta"": 0.0, ""door_trailing_lower_asym_delta"": 0.0, ""door_trailing_upper_asym_delta"": 0.0, ""firewall_side_asym_delta"": 0.0, ""front_bumper_left_delta"": 62.0, ""front_bumper_right_delta"": -7.0, ""front_engine_block_delta"": 0.0, ""front_engine_front_delta"": 0.0, ""front_firewall_center_delta"": null, ""front_firewall_left_delta"": 0.0, ""front_firewall_right_delta"": 0.0, ""front_left_right_asym_delta"": 69.0, ""front_left_right_bumper_asymmetry"": 69.0, ""front_structural_delta"": 0.0, ""front_structural_delta_median"": 0.0, ""front_total_length_shortening"": 7.0, ""rear_total_length_shortening"": null, ""total_length_shortening"": 7.0}",7.0,0.0,69.0,,32.24,closingSpeed,8.955555555555556,63600.166419753084,1586.0,1495.0,4578.0,1844.0,2660.0,1127.0,32.24,32.24,270.0,0.0,0.0,285.0,0.0,0.0,NOT APPLICABLE,DIRECT ENGAGEMENT,NOT APPLICABLE,VTP
3262,11381,3884,1,side,subject_vehicle,B_ProfilePartial,MERCEDES,C-CLASS,2021,FOUR DOOR SEDAN,09LPAN3,1,0.0,2400.0,-231.0,300.0,-21.0,87.0,300.0,62.0,2.0,3.0,300.0,88.4,142.5776981157993,212160.0,3.3936651583710407,-0.5690045248868778,-0.1002614593483777,0.511727078891258,0.049193099610461886,0.1669449081803005,0.02517344116526834,-0.09850746268656717,"{""a_pillar_base_asym_delta"": 6.0, ""delta_1"": 34.0, ""delta_10"": 4.0, ""delta_11"": -11.0, ""delta_12"": -6.0, ""delta_13"": 0.0, ""delta_14"": 2.0, ""delta_15"": -1.0, ""delta_16"": 72.0, ""delta_17"": 60.0, ""delta_18"": -8.0, ""delta_19"": 2.0, ""delta_2"": -17.0, ""delta_20"": 33.0, ""delta_21"": 78.0, ""delta_3"": 0.0, ""delta_4"": 17.0, ""delta_5"": 0.0, ""delta_6"": 13.0, ""delta_7"": -5.0, ""delta_8"": 10.0, ""delta_9"": 21.0, ""door_leading_lower_asym_delta"": -18.0, ""door_leading_upper_asym_delta"": -17.0, ""door_trailing_lower_asym_delta"": -15.0, ""door_trailing_upper_asym_delta"": 11.0, ""firewall_side_asym_delta"": -3.0, ""front_bumper_left_delta"": 33.0, ""front_bumper_right_delta"": 2.0, ""front_engine_block_delta"": 78.0, ""front_engine_front_delta"": -17.0, ""front_firewall_center_delta"": 0.0, ""front_firewall_left_delta"": -1.0, ""front_firewall_right_delta"": 2.0, ""front_left_right_asym_delta"": 31.0, ""front_left_right_bumper_asymmetry"": 31.0, ""front_structural_delta"": 1.0, ""front_structural_delta_median"": 1.0, ""front_total_length_shortening"": 34.0, ""rear_total_length_shortening"": null, ""total_length_shortening"": 34.0}",34.0,1.0,31.0,,32.21,closingSpeed,8.947222222222223,69565.87059413582,1738.0,1592.0,4690.0,1797.0,2838.0,1419.0,32.21,32.21,270.0,,71.0,285.0,0.0,0.0,NOT APPLICABLE,DIRECT ENGAGEMENT,NOT APPLICABLE,VTP
1583,9034,1899,1,side,subject_vehicle,B_ProfilePartial,HONDA,FIT,2015,FIVE DOOR HATCHBACK,09LPAN0,1,0.0,2700.0,-222.0,250.0,1.0,18.0,82.0,194.0,7.0,-29.0,194.0,57.4,95.03052141285977,154980.0,4.355400696864112,0.20209059233449478,0.0018500817119422774,0.6637168141592921,0.033884297520661154,0.14757969303423848,0.022489578000438822,-0.10914454277286136,"{""a_pillar_base_asym_delta"": -17.0, ""delta_1"": 20.0, ""delta_10"": 10.0, ""delta_11"": 6.0, ""delta_12"": 17.0, ""delta_13"": 0.0, ""delta_14"": 14.0, ""delta_15"": 0.0, ""delta_16"": 55.0, ""delta_17"": 51.0, ""delta_18"": -2.0, ""delta_19"": 0.0, ""delta_2"": -2.0, ""delta_20"": 29.0, ""delta_21"": 42.0, ""delta_3"": null, ""delta_4"": 20.0, ""delta_5"": 0.0, ""delta_6"": -8.0, ""delta_7"": 7.0, ""delta_8"": 3.0, ""delta_9"": 18.0, ""door_leading_lower_asym_delta"": 15.0, ""door_leading_upper_asym_delta"": -20.0, ""door_trailing_lower_asym_delta"": -4.0, ""door_trailing_upper_asym_delta"": 15.0, ""firewall_side_asym_delta"": -14.0, ""front_bumper_left_delta"": 29.0, ""front_bumper_right_delta"": 0.0, ""front_engine_block_delta"": 42.0, ""front_engine_front_delta"": -2.0, ""front_firewall_center_delta"": null, ""front_firewall_left_delta"": 0.0, ""front_firewall_right_delta"": 14.0, ""front_left_right_asym_delta"": 29.0, ""front_left_right_bumper_asymmetry"": 29.0, ""front_structural_delta"": 0.0, ""front_structural_delta_median"": 0.0, ""front_total_length_shortening"": 20.0, ""rear_total_length_shortening"": null, ""total_length_shortening"": 20.0}",20.0,0.0,29.0,,32.14,closingSpeed,8.927777777777777,48660.03439814814,1221.0,1138.0,4068.0,1694.0,2530.0,1005.0,32.14,32.14,270.0,0.0,0.0,285.0,0.0,0.0,NOT APPLICABLE,DIRECT ENGAGEMENT,NOT APPLICABLE,VTP
1248,8481,1491,1,side,subject_vehicle,C_MaxOnly,TOYOTA,SCION FR-S,2014,TWO DOOR COUPE,,0,345.0,0.0,-50.0,441.0,0.0,0.0,0.0,0.0,0.0,0.0,0.0,0.0,0.0,,,,,0.0,0.0,0.2538860103626943,,-0.023573785950023574,"{""a_pillar_base_asym_delta"": 0.0, ""delta_1"": 31.0, ""delta_10"": 0.0, ""delta_11"": 0.0, ""delta_12"": 0.0, ""delta_13"": 0.0, ""delta_14"": 0.0, ""delta_15"": 0.0, ""delta_16"": 0.0, ""delta_17"": 0.0, ""delta_18"": 0.0, ""delta_19"": -11.0, ""delta_2"": 0.0, ""delta_20"": 88.0, ""delta_21"": 0.0, ""delta_3"": null, ""delta_4"": 0.0, ""delta_5"": 0.0, ""delta_6"": 0.0, ""delta_7"": 0.0, ""delta_8"": 0.0, ""delta_9"": 0.0, ""door_leading_lower_asym_delta"": 0.0, ""door_leading_upper_asym_delta"": 0.0, ""door_trailing_lower_asym_delta"": 0.0, ""door_trailing_upper_asym_delta"": 0.0, ""firewall_side_asym_delta"": 0.0, ""front_bumper_left_delta"": 88.0, ""front_bumper_right_delta"": -11.0, ""front_engine_block_delta"": 0.0, ""front_engine_front_delta"": 0.0, ""front_firewall_center_delta"": null, ""front_firewall_left_delta"": 0.0, ""front_firewall_right_delta"": 0.0, ""front_left_right_asym_delta"": 99.0, ""front_left_right_bumper_asymmetry"": 99.0, ""front_structural_delta"": 0.0, ""front_structural_delta_median"": 0.0, ""front_total_length_shortening"": 31.0, ""rear_total_length_shortening"": null, ""total_length_shortening"": 31.0}",31.0,0.0,99.0,,31.89,closingSpeed,8.858333333333333,52104.1261111111,1328.0,1246.0,4242.0,1737.0,2575.0,1226.0,31.89,31.89,270.0,0.0,-78.0,285.0,0.0,0.0,NOT APPLICABLE,DIRECT ENGAGEMENT,NO DIRECT ENGAGEMENT,VTP
3637,15023,4362,1,side,subject_vehicle,A_ProfileValid,TOYOTA,CROWN HYBRID,2023,FOUR DOOR SEDAN,09LPAN3,1,285.0,1100.0,298.0,339.0,83.0,208.0,330.0,200.0,60.0,9.0,330.0,168.8,199.62414683599778,185680.0,2.008293838862559,-0.3347156398104265,-0.0396957467688071,0.22070626003210272,0.0991774383078731,0.1991774383078731,0.021889081488495266,0.11958266452648475,"{""a_pillar_base_asym_delta"": null, ""delta_1"": null, ""delta_10"": null, ""delta_11"": null, ""delta_12"": null, ""delta_13"": null, ""delta_14"": null, ""delta_15"": null, ""delta_16"": null, ""delta_17"": null, ""delta_18"": null, ""delta_19"": null, ""delta_2"": null, ""delta_20"": null, ""delta_21"": null, ""delta_3"": null, ""delta_4"": null, ""delta_5"": null, ""delta_6"": null, ""delta_7"": null, ""delta_8"": null, ""delta_9"": null, ""door_leading_lower_asym_delta"": null, ""door_leading_upper_asym_delta"": null, ""door_trailing_lower_asym_delta"": null, ""door_trailing_upper_asym_delta"": null, ""firewall_side_asym_delta"": null, ""front_bumper_left_delta"": null, ""front_bumper_right_delta"": null, ""front_engine_block_delta"": null, ""front_engine_front_delta"": null, ""front_firewall_center_delta"": null, ""front_firewall_left_delta"": null, ""front_firewall_right_delta"": null, ""front_left_right_asym_delta"": null, ""front_left_right_bumper_asymmetry"": null, ""front_structural_delta"": null, ""front_structural_delta_median"": null, ""front_total_length_shortening"": null, ""rear_total_length_shortening"": null, ""total_length_shortening"": null}",,,,,32.28,closingSpeed,8.966666666666667,77305.66833333333,1923.0,1814.0,4984.0,1702.0,2859.0,1318.0,32.28,32.28,270.0,0.0,0.0,285.0,,,NOT APPLICABLE,DIRECT ENGAGEMENT,NOT APPLICABLE,VTP
1271,8499,1526,1,side,subject_vehicle,A_ProfileValid,JEEP,CHEROKEE,2014,UTILITY VEHICLE,10LPAN3,1,285.0,2400.0,-642.0,352.0,0.0,6.0,26.0,74.0,352.0,0.0,352.0,91.6,161.3022008529332,219840.0,3.8427947598253276,0.834061135371179,0.24635626382351272,0.5194805194805194,0.049782608695652174,0.19130434782608696,0.02586109542631282,-0.2779220779220779,"{""a_pillar_base_asym_delta"": 0.0, ""delta_1"": 0.0, ""delta_10"": 0.0, ""delta_11"": 0.0, ""delta_12"": 0.0, ""delta_13"": 0.0, ""delta_14"": 0.0, ""delta_15"": 0.0, ""delta_16"": 0.0, ""delta_17"": 0.0, ""delta_18"": 0.0, ""delta_19"": 0.0, ""delta_2"": 0.0, ""delta_20"": 0.0, ""delta_21"": 0.0, ""delta_3"": null, ""delta_4"": 0.0, ""delta_5"": 0.0, ""delta_6"": 0.0, ""delta_7"": 0.0, ""delta_8"": 0.0, ""delta_9"": 0.0, ""door_leading_lower_asym_delta"": 0.0, ""door_leading_upper_asym_delta"": 0.0, ""door_trailing_lower_asym_delta"": 0.0, ""door_trailing_upper_asym_delta"": 0.0, ""firewall_side_asym_delta"": 0.0, ""front_bumper_left_delta"": 0.0, ""front_bumper_right_delta"": 0.0, ""front_engine_block_delta"": 0.0, ""front_engine_front_delta"": 0.0, ""front_firewall_center_delta"": null, ""front_firewall_left_delta"": 0.0, ""front_firewall_right_delta"": 0.0, ""front_left_right_asym_delta"": 0.0, ""front_left_right_bumper_asymmetry"": 0.0, ""front_structural_delta"": 0.0, ""front_structural_delta_median"": 0.0, ""front_total_length_shortening"": 0.0, ""rear_total_length_shortening"": null, ""total_length_shortening"": 0.0}",0.0,0.0,0.0,,32.26,closingSpeed,8.96111111111111,75242.51706790122,1874.0,1721.0,4620.0,1840.0,2700.0,1139.0,32.26,32.26,270.0,0.0,-42.0,285.0,0.0,0.0,NOT APPLICABLE,DIRECT ENGAGEMENT,NO DIRECT ENGAGEMENT,VTP
3012,10984,3589,1,side,subject_vehicle,B_ProfilePartial,MAZDA,CX-30 ,2020,UTILITY VEHICLE,09LPAN3,1,0.0,2250.0,-460.0,263.0,-23.0,146.0,263.0,66.0,15.0,5.0,263.0,96.2,138.08910166990006,216450.0,2.733887733887734,-0.5504158004158004,-0.11059024471163595,0.5114798817913162,0.05435028248587571,0.14858757062146893,0.02779907606120035,-0.2091384405546715,"{""a_pillar_base_asym_delta"": 10.0, ""delta_1"": 39.0, ""delta_10"": -11.0, ""delta_11"": -12.0, ""delta_12"": -10.0, ""delta_13"": 0.0, ""delta_14"": -9.0, ""delta_15"": -18.0, ""delta_16"": -21.0, ""delta_17"": 54.0, ""delta_18"": 20.0, ""delta_19"": 9.0, ""delta_2"": -20.0, ""delta_20"": 53.0, ""delta_21"": 97.0, ""delta_3"": null, ""delta_4"": 26.0, ""delta_5"": 0.0, ""delta_6"": -10.0, ""delta_7"": 10.0, ""delta_8"": 0.0, ""delta_9"": -31.0, ""door_leading_lower_asym_delta"": 20.0, ""door_leading_upper_asym_delta"": -26.0, ""door_trailing_lower_asym_delta"": -1.0, ""door_trailing_upper_asym_delta"": -31.0, ""firewall_side_asym_delta"": -9.0, ""front_bumper_left_delta"": 53.0, ""front_bumper_right_delta"": 9.0, ""front_engine_block_delta"": 97.0, ""front_engine_front_delta"": -20.0, ""front_firewall_center_delta"": null, ""front_firewall_left_delta"": -18.0, ""front_firewall_right_delta"": -9.0, ""front_left_right_asym_delta"": 44.0, ""front_left_right_bumper_asymmetry"": 44.0, ""front_structural_delta"": -9.0, ""front_structural_delta_median"": -9.0, ""front_total_length_shortening"": 39.0, ""rear_total_length_shortening"": null, ""total_length_shortening"": 39.0}",39.0,-9.0,44.0,,32.28,closingSpeed,8.966666666666667,60582.23722222222,1507.0,1420.0,4399.0,1770.0,2648.0,1047.0,32.28,32.28,270.0,0.0,-79.0,285.0,0.0,0.0,NOT APPLICABLE,DIRECT ENGAGEMENT,NOT APPLICABLE,VTP
109,7866,127,1,side,subject_vehicle,C_MaxOnly,MITSUBISHI,OTHER,2012,FIVE DOOR HATCHBACK,09LPAN3,1,285.0,1725.0,0.0,314.0,0.0,0.0,0.0,0.0,0.0,0.0,0.0,0.0,0.0,0.0,,,,0.47273225541244174,0.0,0.19810725552050473,0.0,0.0,"{""a_pillar_base_asym_delta"": 0.0, ""delta_1"": 32.0, ""delta_10"": 0.0, ""delta_11"": 0.0, ""delta_12"": 0.0, ""delta_13"": 0.0, ""delta_14"": 0.0, ""delta_15"": 0.0, ""delta_16"": 0.0, ""delta_17"": 0.0, ""delta_18"": 0.0, ""delta_19"": -28.0, ""delta_2"": 0.0, ""delta_20"": 105.0, ""delta_21"": 0.0, ""delta_3"": null, ""delta_4"": 0.0, ""delta_5"": 0.0, ""delta_6"": 0.0, ""delta_7"": 0.0, ""delta_8"": 0.0, ""delta_9"": 0.0, ""door_leading_lower_asym_delta"": 0.0, ""door_leading_upper_asym_delta"": 0.0, ""door_trailing_lower_asym_delta"": 0.0, ""door_trailing_upper_asym_delta"": 0.0, ""firewall_side_asym_delta"": 0.0, ""front_bumper_left_delta"": 105.0, ""front_bumper_right_delta"": -28.0, ""front_engine_block_delta"": 0.0, ""front_engine_front_delta"": 0.0, ""front_firewall_center_delta"": null, ""front_firewall_left_delta"": 0.0, ""front_firewall_right_delta"": 0.0, ""front_left_right_asym_delta"": 133.0, ""front_left_right_bumper_asymmetry"": 133.0, ""front_structural_delta"": 0.0, ""front_structural_delta_median"": 0.0, ""front_total_length_shortening"": 32.0, ""rear_total_length_shortening"": null, ""total_length_shortening"": 32.0}",32.0,0.0,133.0,,31.2,closingSpeed,8.666666666666666,47845.77777777777,1274.0,,3649.0,1585.0,2552.0,1381.0,31.2,31.2,270.0,0.0,0.0,285.0,0.0,0.0,NOT APPLICABLE,DIRECT ENGAGEMENT,NOT APPLICABLE,VTP
3574,14426,4282,1,side,subject_vehicle,A_ProfileValid,LEXUS,RX 350,2023,UTILITY VEHICLE,09LPAN3,1,285.0,1175.0,335.0,382.0,103.0,223.0,382.0,266.0,129.0,15.0,382.0,211.8,240.1945045166521,248865.0,1.8035882908404155,-0.21246458923512748,-0.02802182472380472,0.24008990600735594,0.10811638591117918,0.19499744767738642,0.02595765293127003,0.13690232938291785,"{""a_pillar_base_asym_delta"": null, ""delta_1"": null, ""delta_10"": null, ""delta_11"": null, ""delta_12"": null, ""delta_13"": null, ""delta_14"": null, ""delta_15"": null, ""delta_16"": null, ""delta_17"": null, ""delta_18"": null, ""delta_19"": null, ""delta_2"": null, ""delta_20"": null, ""delta_21"": null, ""delta_3"": null, ""delta_4"": null, ""delta_5"": null, ""delta_6"": null, ""delta_7"": null, ""delta_8"": null, ""delta_9"": null, ""door_leading_lower_asym_delta"": null, ""door_leading_upper_asym_delta"": null, ""door_trailing_lower_asym_delta"": null, ""door_trailing_upper_asym_delta"": null, ""firewall_side_asym_delta"": null, ""front_bumper_left_delta"": null, ""front_bumper_right_delta"": null, ""front_engine_block_delta"": null, ""front_engine_front_delta"": null, ""front_firewall_center_delta"": null, ""front_firewall_left_delta"": null, ""front_firewall_right_delta"": null, ""front_left_right_asym_delta"": null, ""front_left_right_bumper_asymmetry"": null, ""front_structural_delta"": null, ""front_structural_delta_median"": null, ""front_total_length_shortening"": null, ""rear_total_length_shortening"": null, ""total_length_shortening"": null}",,,,,32.2,closingSpeed,8.944444444444445,83123.20679012345,2078.0,1896.0,4894.0,1959.0,2848.0,1293.0,32.2,32.2,270.0,0.0,0.0,285.0,,,NOT APPLICABLE,DIRECT ENGAGEMENT,NOT APPLICABLE,VTP
1540,9004,1847,1,side,subject_vehicle,A_ProfileValid,TOYOTA,CAMRY,2015,FOUR DOOR SEDAN,09LPAN3,1,285.0,1350.0,25.0,378.0,-4.0,48.0,180.0,359.0,152.0,63.0,359.0,153.7,194.25833315459084,207495.0,2.4593363695510737,0.35361093038386465,0.04770170837553407,0.27835051546391754,0.08463656387665197,0.20814977973568283,0.023558631182160863,0.010309278350515464,"{""a_pillar_base_asym_delta"": 0.0, ""delta_1"": 114.0, ""delta_10"": 0.0, ""delta_11"": 0.0, ""delta_12"": 0.0, ""delta_13"": 0.0, ""delta_14"": 0.0, ""delta_15"": 0.0, ""delta_16"": 0.0, ""delta_17"": 0.0, ""delta_18"": 0.0, ""delta_19"": -11.0, ""delta_2"": 0.0, ""delta_20"": 138.0, ""delta_21"": 0.0, ""delta_3"": null, ""delta_4"": 0.0, ""delta_5"": 0.0, ""delta_6"": 0.0, ""delta_7"": 0.0, ""delta_8"": 0.0, ""delta_9"": 0.0, ""door_leading_lower_asym_delta"": 0.0, ""door_leading_upper_asym_delta"": 0.0, ""door_trailing_lower_asym_delta"": 0.0, ""door_trailing_upper_asym_delta"": 0.0, ""firewall_side_asym_delta"": 0.0, ""front_bumper_left_delta"": 138.0, ""front_bumper_right_delta"": -11.0, ""front_engine_block_delta"": 0.0, ""front_engine_front_delta"": 0.0, ""front_firewall_center_delta"": null, ""front_firewall_left_delta"": 0.0, ""front_firewall_right_delta"": 0.0, ""front_left_right_asym_delta"": 149.0, ""front_left_right_bumper_asymmetry"": 149.0, ""front_structural_delta"": 0.0, ""front_structural_delta_median"": 0.0, ""front_total_length_shortening"": 114.0, ""rear_total_length_shortening"": null, ""total_length_shortening"": 114.0}",114.0,0.0,149.0,,32.23,closingSpeed,8.952777777777778,63841.25114583333,1593.0,1481.0,4850.0,1816.0,2773.0,1152.0,32.23,32.23,270.0,0.0,0.0,285.0,0.0,0.0,NOT APPLICABLE,DIRECT ENGAGEMENT,NOT APPLICABLE,VTP
3020,10987,3599,1,side,subject_vehicle,A_ProfileValid,KIA,SOUL,2020,UTILITY VEHICLE,10LPAN3,1,285.0,2400.0,-534.0,321.0,0.0,11.0,54.0,268.0,142.0,0.0,268.0,95.0,137.85862323409444,228000.0,3.3789473684210525,0.6136842105263158,0.1460451127819549,0.5714285714285714,0.05277777777777778,0.17833333333333334,0.03015873015873016,-0.2542857142857143,"{""a_pillar_base_asym_delta"": 0.0, ""delta_1"": 0.0, ""delta_10"": 0.0, ""delta_11"": 0.0, ""delta_12"": 0.0, ""delta_13"": 0.0, ""delta_14"": 0.0, ""delta_15"": 0.0, ""delta_16"": 0.0, ""delta_17"": 0.0, ""delta_18"": 0.0, ""delta_19"": 0.0, ""delta_2"": 0.0, ""delta_20"": 0.0, ""delta_21"": 0.0, ""delta_3"": null, ""delta_4"": 0.0, ""delta_5"": 0.0, ""delta_6"": 0.0, ""delta_7"": 0.0, ""delta_8"": 0.0, ""delta_9"": 0.0, ""door_leading_lower_asym_delta"": 0.0, ""door_leading_upper_asym_delta"": 0.0, ""door_trailing_lower_asym_delta"": 0.0, ""door_trailing_upper_asym_delta"": 0.0, ""firewall_side_asym_delta"": 0.0, ""front_bumper_left_delta"": 0.0, ""front_bumper_right_delta"": 0.0, ""front_engine_block_delta"": 0.0, ""front_engine_front_delta"": 0.0, ""front_firewall_center_delta"": null, ""front_firewall_left_delta"": 0.0, ""front_firewall_right_delta"": 0.0, ""front_left_right_asym_delta"": 0.0, ""front_left_right_bumper_asymmetry"": 0.0, ""front_structural_delta"": 0.0, ""front_structural_delta_median"": 0.0, ""front_total_length_shortening"": 0.0, ""rear_total_length_shortening"": null, ""total_length_shortening"": 0.0}",0.0,0.0,0.0,,32.23,closingSpeed,8.952777777777778,56146.63707175926,1401.0,1310.0,4200.0,1800.0,2604.0,1072.0,32.23,32.23,270.0,0.0,-82.0,285.0,0.0,0.0,NOT APPLICABLE,DIRECT ENGAGEMENT,NO DIRECT ENGAGEMENT,VTP
2174,9967,2611,1,side,subject_vehicle,A_ProfileValid,CHEVROLET,CAMARO,2017,TWO DOOR COUPE,10LPAN3,1,285.0,2550.0,-81.0,283.0,0.0,22.0,108.0,268.0,64.0,0.0,268.0,92.4,132.71623864471144,235620.0,3.0627705627705626,0.35064935064935066,0.06613202465737028,0.53414327607876,0.048734177215189876,0.14926160337552744,0.026031033074724378,-0.03393380812735652,"{""a_pillar_base_asym_delta"": 0.0, ""delta_1"": 0.0, ""delta_10"": 0.0, ""delta_11"": 0.0, ""delta_12"": 0.0, ""delta_13"": 0.0, ""delta_14"": 0.0, ""delta_15"": 0.0, ""delta_16"": 0.0, ""delta_17"": 0.0, ""delta_18"": 0.0, ""delta_19"": 0.0, ""delta_2"": 0.0, ""delta_20"": 0.0, ""delta_21"": 0.0, ""delta_3"": null, ""delta_4"": 0.0, ""delta_5"": 0.0, ""delta_6"": 0.0, ""delta_7"": 0.0, ""delta_8"": 0.0, ""delta_9"": 0.0, ""door_leading_lower_asym_delta"": 0.0, ""door_leading_upper_asym_delta"": 0.0, ""door_trailing_lower_asym_delta"": 0.0, ""door_trailing_upper_asym_delta"": 0.0, ""firewall_side_asym_delta"": 0.0, ""front_bumper_left_delta"": 0.0, ""front_bumper_right_delta"": 0.0, ""front_engine_block_delta"": 0.0, ""front_engine_front_delta"": 0.0, ""front_firewall_center_delta"": null, ""front_firewall_left_delta"": 0.0, ""front_firewall_right_delta"": 0.0, ""front_left_right_asym_delta"": 0.0, ""front_left_right_bumper_asymmetry"": 0.0, ""front_structural_delta"": 0.0, ""front_structural_delta_median"": 0.0, ""front_total_length_shortening"": 0.0, ""rear_total_length_shortening"": null, ""total_length_shortening"": 0.0}",0.0,0.0,0.0,,32.19,closingSpeed,8.941666666666666,64122.62902777777,1604.0,1508.0,4774.0,1896.0,2821.0,1394.0,32.19,32.19,270.0,0.0,-10.0,285.0,0.0,0.0,NOT APPLICABLE,DIRECT ENGAGEMENT,NO DIRECT ENGAGEMENT,VTP
3841,15350,4627,1,side,subject_vehicle,B_ProfilePartial,TOYOTA,LAND CRUISER,2025,UTILITY VEHICLE,09LPAN3,1,0.0,2700.0,92.0,319.0,-79.0,7.0,319.0,146.0,45.0,1.0,319.0,95.6,160.16990978332979,258120.0,3.3368200836820088,-0.10826359832635983,0.031979261780540114,0.5420598273439069,0.050662427133015366,0.169051404345522,0.027462066504545572,0.03694037341899217,"{""a_pillar_base_asym_delta"": 34.0, ""delta_1"": 37.0, ""delta_10"": -34.0, ""delta_11"": -29.0, ""delta_12"": -34.0, ""delta_13"": 0.0, ""delta_14"": -18.0, ""delta_15"": 0.0, ""delta_16"": 100.0, ""delta_17"": 102.0, ""delta_18"": -8.0, ""delta_19"": 13.0, ""delta_2"": -47.0, ""delta_20"": 62.0, ""delta_21"": 124.0, ""delta_3"": 57.0, ""delta_4"": 46.0, ""delta_5"": 0.0, ""delta_6"": -19.0, ""delta_7"": -13.0, ""delta_8"": -16.0, ""delta_9"": -10.0, ""door_leading_lower_asym_delta"": 6.0, ""door_leading_upper_asym_delta"": -46.0, ""door_trailing_lower_asym_delta"": 5.0, ""door_trailing_upper_asym_delta"": 6.0, ""firewall_side_asym_delta"": 18.0, ""front_bumper_left_delta"": 62.0, ""front_bumper_right_delta"": 13.0, ""front_engine_block_delta"": 124.0, ""front_engine_front_delta"": -47.0, ""front_firewall_center_delta"": 57.0, ""front_firewall_left_delta"": 0.0, ""front_firewall_right_delta"": -18.0, ""front_left_right_asym_delta"": 49.0, ""front_left_right_bumper_asymmetry"": 49.0, ""front_structural_delta"": 6.5, ""front_structural_delta_median"": 6.5, ""front_total_length_shortening"": 37.0, ""rear_total_length_shortening"": null, ""total_length_shortening"": 37.0}",37.0,6.5,49.0,,31.9,closingSpeed,8.86111111111111,102585.45254629629,2613.0,2434.0,4981.0,1887.0,2856.0,1489.0,31.9,31.9,270.0,0.0,244.0,285.0,0.0,0.0,NOT APPLICABLE,DIRECT ENGAGEMENT,NOT APPLICABLE,VTP
333,7584,403,1,side,subject_vehicle,C_MaxOnly,CHEVROLET,SILVERADO2500,2012,4 DOOR PICKUP,09LPAN3,1,285.0,2250.0,634.0,447.0,0.0,0.0,0.0,0.0,0.0,0.0,0.0,0.0,0.0,0.0,,,,0.36855036855036855,0.0,0.22305389221556887,0.0,0.2076986076986077,"{""a_pillar_base_asym_delta"": 0.0, ""delta_1"": 60.0, ""delta_10"": 0.0, ""delta_11"": 0.0, ""delta_12"": 0.0, ""delta_13"": 0.0, ""delta_14"": 0.0, ""delta_15"": 0.0, ""delta_16"": 0.0, ""delta_17"": 0.0, ""delta_18"": 0.0, ""delta_19"": -34.0, ""delta_2"": 0.0, ""delta_20"": 245.0, ""delta_21"": 0.0, ""delta_3"": null, ""delta_4"": 0.0, ""delta_5"": 0.0, ""delta_6"": 0.0, ""delta_7"": 0.0, ""delta_8"": 0.0, ""delta_9"": 0.0, ""door_leading_lower_asym_delta"": 0.0, ""door_leading_upper_asym_delta"": 0.0, ""door_trailing_lower_asym_delta"": 0.0, ""door_trailing_upper_asym_delta"": 0.0, ""firewall_side_asym_delta"": 0.0, ""front_bumper_left_delta"": 245.0, ""front_bumper_right_delta"": -34.0, ""front_engine_block_delta"": 0.0, ""front_engine_front_delta"": 0.0, ""front_firewall_center_delta"": null, ""front_firewall_left_delta"": 0.0, ""front_firewall_right_delta"": 0.0, ""front_left_right_asym_delta"": 279.0, ""front_left_right_bumper_asymmetry"": 279.0, ""front_structural_delta"": 0.0, ""front_structural_delta_median"": 0.0, ""front_total_length_shortening"": 60.0, ""rear_total_length_shortening"": null, ""total_length_shortening"": 60.0}",60.0,0.0,279.0,,32.0,closingSpeed,8.88888888888889,121204.93827160496,3068.0,2887.0,6105.0,2004.0,3915.0,1843.0,32.0,32.0,270.0,0.0,0.0,285.0,0.0,0.0,NOT APPLICABLE,DIRECT ENGAGEMENT,NOT APPLICABLE,VTP
1925,9556,2305,1,side,subject_vehicle,B_ProfilePartial,HONDA,CIVIC,2016,FOUR DOOR SEDAN,09LPAN3,1,0.0,2400.0,-271.0,287.0,-35.0,92.0,287.0,75.0,20.0,3.0,287.0,91.6,139.6244964180713,219840.0,3.1331877729257642,-0.462882096069869,-0.07545851528384279,0.518918918918919,0.051173184357541895,0.16033519553072625,0.026554733504454173,-0.11718918918918919,"{""a_pillar_base_asym_delta"": -11.0, ""delta_1"": 58.0, ""delta_10"": -14.0, ""delta_11"": -11.0, ""delta_12"": 11.0, ""delta_13"": 0.0, ""delta_14"": 27.0, ""delta_15"": -9.0, ""delta_16"": 64.0, ""delta_17"": 57.0, ""delta_18"": 9.0, ""delta_19"": -12.0, ""delta_2"": -63.0, ""delta_20"": 6.0, ""delta_21"": 54.0, ""delta_3"": null, ""delta_4"": -3.0, ""delta_5"": 0.0, ""delta_6"": -17.0, ""delta_7"": 3.0, ""delta_8"": 1.0, ""delta_9"": -11.0, ""door_leading_lower_asym_delta"": 20.0, ""door_leading_upper_asym_delta"": 3.0, ""door_trailing_lower_asym_delta"": 3.0, ""door_trailing_upper_asym_delta"": -12.0, ""firewall_side_asym_delta"": -36.0, ""front_bumper_left_delta"": 6.0, ""front_bumper_right_delta"": -12.0, ""front_engine_block_delta"": 54.0, ""front_engine_front_delta"": -63.0, ""front_firewall_center_delta"": null, ""front_firewall_left_delta"": -9.0, ""front_firewall_right_delta"": 27.0, ""front_left_right_asym_delta"": 18.0, ""front_left_right_bumper_asymmetry"": 18.0, ""front_structural_delta"": -9.0, ""front_structural_delta_median"": -9.0, ""front_total_length_shortening"": 58.0, ""rear_total_length_shortening"": null, ""total_length_shortening"": 58.0}",58.0,-9.0,18.0,,32.2,closingSpeed,8.944444444444445,53562.06635802469,1339.0,1250.0,4625.0,1790.0,2699.0,1091.0,32.2,32.2,270.0,0.0,32.0,285.0,0.0,0.0,NOT APPLICABLE,DIRECT ENGAGEMENT,NOT APPLICABLE,VTP
1592,9044,1909,1,side,subject_vehicle,A_ProfileValid,BMW,X3,2015,UTILITY VEHICLE,09LPEW2,1,285.0,2850.0,152.0,404.0,33.0,44.0,111.0,283.0,227.0,63.0,283.0,142.6,172.28116554051982,406410.0,2.833099579242637,0.4586255259467041,0.1372930822405897,0.6148867313915858,0.07737384698860553,0.21920781334780248,0.04757615187001635,0.06558791801510248,"{""a_pillar_base_asym_delta"": 0.0, ""delta_1"": 0.0, ""delta_10"": 0.0, ""delta_11"": 0.0, ""delta_12"": 0.0, ""delta_13"": 0.0, ""delta_14"": 0.0, ""delta_15"": 0.0, ""delta_16"": 0.0, ""delta_17"": 0.0, ""delta_18"": 0.0, ""delta_19"": 0.0, ""delta_2"": 0.0, ""delta_20"": 0.0, ""delta_21"": 0.0, ""delta_3"": null, ""delta_4"": 0.0, ""delta_5"": 0.0, ""delta_6"": 0.0, ""delta_7"": 0.0, ""delta_8"": 0.0, ""delta_9"": 0.0, ""door_leading_lower_asym_delta"": 0.0, ""door_leading_upper_asym_delta"": 0.0, ""door_trailing_lower_asym_delta"": 0.0, ""door_trailing_upper_asym_delta"": 0.0, ""firewall_side_asym_delta"": 0.0, ""front_bumper_left_delta"": 0.0, ""front_bumper_right_delta"": 0.0, ""front_engine_block_delta"": 0.0, ""front_engine_front_delta"": 0.0, ""front_firewall_center_delta"": null, ""front_firewall_left_delta"": 0.0, ""front_firewall_right_delta"": 0.0, ""front_left_right_asym_delta"": 0.0, ""front_left_right_bumper_asymmetry"": 0.0, ""front_structural_delta"": 0.0, ""front_structural_delta_median"": 0.0, ""front_total_length_shortening"": 0.0, ""rear_total_length_shortening"": null, ""total_length_shortening"": 0.0}",0.0,0.0,0.0,,31.68,closingSpeed,8.799999999999999,75697.59999999998,1955.0,1843.0,4635.0,1843.0,2806.0,1435.0,31.68,31.68,270.0,0.0,175.0,285.0,0.0,0.0,NOT APPLICABLE,DIRECT ENGAGEMENT,DIRECT ENGAGEMENT,VTP
522,7859,631,1,side,subject_vehicle,C_MaxOnly,BMW,328 I,2012,FOUR DOOR SEDAN,09LPEW2,1,285.0,3000.0,133.0,427.0,0.0,0.0,0.0,0.0,0.0,0.0,0.0,0.0,0.0,0.0,,,,0.6589062156819679,0.0,0.2363032650802435,0.0,0.058423017790467824,"{""a_pillar_base_asym_delta"": 0.0, ""delta_1"": 0.0, ""delta_10"": 0.0, ""delta_11"": 0.0, ""delta_12"": 0.0, ""delta_13"": 0.0, ""delta_14"": 0.0, ""delta_15"": 0.0, ""delta_16"": 0.0, ""delta_17"": 0.0, ""delta_18"": 0.0, ""delta_19"": 0.0, ""delta_2"": 0.0, ""delta_20"": 0.0, ""delta_21"": 0.0, ""delta_3"": null, ""delta_4"": 0.0, ""delta_5"": 0.0, ""delta_6"": 0.0, ""delta_7"": 0.0, ""delta_8"": 0.0, ""delta_9"": 0.0, ""door_leading_lower_asym_delta"": 0.0, ""door_leading_upper_asym_delta"": 0.0, ""door_trailing_lower_asym_delta"": 0.0, ""door_trailing_upper_asym_delta"": 0.0, ""firewall_side_asym_delta"": 0.0, ""front_bumper_left_delta"": 0.0, ""front_bumper_right_delta"": 0.0, ""front_engine_block_delta"": 0.0, ""front_engine_front_delta"": 0.0, ""front_firewall_center_delta"": null, ""front_firewall_left_delta"": 0.0, ""front_firewall_right_delta"": 0.0, ""front_left_right_asym_delta"": 0.0, ""front_left_right_bumper_asymmetry"": 0.0, ""front_structural_delta"": 0.0, ""front_structural_delta_median"": 0.0, ""front_total_length_shortening"": 0.0, ""rear_total_length_shortening"": null, ""total_length_shortening"": 0.0}",0.0,0.0,0.0,,31.91,closingSpeed,8.863888888888889,64111.91740740741,1632.0,1520.0,4553.0,1807.0,2813.0,1451.0,31.91,31.91,270.0,0.0,153.0,285.0,0.0,0.0,NOT APPLICABLE,DIRECT ENGAGEMENT,DIRECT ENGAGEMENT,VTP
3651,14989,4379,1,side,subject_vehicle,B_ProfilePartial,HYUNDAI,TUCSON,2024,UTILITY VEHICLE,09LPAN3,1,0.0,2250.0,-274.0,331.0,-17.0,150.0,331.0,56.0,20.0,4.0,331.0,110.1,164.77226708399687,247725.0,3.0063578564940965,-0.5917347865576749,-0.1081852201620747,0.48617113223854796,0.06059438635112823,0.182168409466153,0.02945924141962803,-0.11840968020743302,"{""a_pillar_base_asym_delta"": 6.0, ""delta_1"": 67.0, ""delta_10"": -29.0, ""delta_11"": -26.0, ""delta_12"": -6.0, ""delta_13"": 0.0, ""delta_14"": 11.0, ""delta_15"": -3.0, ""delta_16"": 80.0, ""delta_17"": 64.0, ""delta_18"": 3.0, ""delta_19"": 4.0, ""delta_2"": -30.0, ""delta_20"": 55.0, ""delta_21"": 75.0, ""delta_3"": -5.0, ""delta_4"": 32.0, ""delta_5"": 0.0, ""delta_6"": -22.0, ""delta_7"": 14.0, ""delta_8"": 9.0, ""delta_9"": -16.0, ""door_leading_lower_asym_delta"": 36.0, ""door_leading_upper_asym_delta"": -32.0, ""door_trailing_lower_asym_delta"": 3.0, ""door_trailing_upper_asym_delta"": -25.0, ""firewall_side_asym_delta"": -14.0, ""front_bumper_left_delta"": 55.0, ""front_bumper_right_delta"": 4.0, ""front_engine_block_delta"": 75.0, ""front_engine_front_delta"": -30.0, ""front_firewall_center_delta"": -5.0, ""front_firewall_left_delta"": -3.0, ""front_firewall_right_delta"": 11.0, ""front_left_right_asym_delta"": 51.0, ""front_left_right_bumper_asymmetry"": 51.0, ""front_structural_delta"": 0.5, ""front_structural_delta_median"": 0.5, ""front_total_length_shortening"": 67.0, ""rear_total_length_shortening"": null, ""total_length_shortening"": 67.0}",67.0,0.5,51.0,,32.27,closingSpeed,8.96388888888889,68419.13536651236,1703.0,1580.0,4628.0,1817.0,2756.0,1212.0,32.27,32.27,270.0,0.0,104.0,285.0,0.0,0.0,NOT APPLICABLE,DIRECT ENGAGEMENT,NOT APPLICABLE,VTP
2263,10006,2715,1,side,subject_vehicle,A_ProfileValid,FORD,F250 SUPERCAB,2017,EXTENDED CAB PICKUP,10LPAN3,1,285.0,3000.0,147.0,465.0,74.0,102.0,124.0,465.0,133.0,52.0,465.0,177.4,229.68848469176683,532200.0,2.62119503945885,0.3108793686583991,0.04220773556055548,0.4939084622983207,0.08738916256157636,0.229064039408867,0.04316224690232615,0.04840302930523543,"{""a_pillar_base_asym_delta"": 0.0, ""delta_1"": 0.0, ""delta_10"": 0.0, ""delta_11"": 0.0, ""delta_12"": 0.0, ""delta_13"": 0.0, ""delta_14"": 0.0, ""delta_15"": 0.0, ""delta_16"": 0.0, ""delta_17"": 0.0, ""delta_18"": 0.0, ""delta_19"": 0.0, ""delta_2"": 0.0, ""delta_20"": 0.0, ""delta_21"": 0.0, ""delta_3"": null, ""delta_4"": 0.0, ""delta_5"": 0.0, ""delta_6"": 0.0, ""delta_7"": 0.0, ""delta_8"": 0.0, ""delta_9"": 0.0, ""door_leading_lower_asym_delta"": 0.0, ""door_leading_upper_asym_delta"": 0.0, ""door_trailing_lower_asym_delta"": 0.0, ""door_trailing_upper_asym_delta"": 0.0, ""firewall_side_asym_delta"": 0.0, ""front_bumper_left_delta"": 0.0, ""front_bumper_right_delta"": 0.0, ""front_engine_block_delta"": 0.0, ""front_engine_front_delta"": 0.0, ""front_firewall_center_delta"": null, ""front_firewall_left_delta"": 0.0, ""front_firewall_right_delta"": 0.0, ""front_left_right_asym_delta"": 0.0, ""front_left_right_bumper_asymmetry"": 0.0, ""front_structural_delta"": 0.0, ""front_structural_delta_median"": 0.0, ""front_total_length_shortening"": 0.0, ""rear_total_length_shortening"": null, ""total_length_shortening"": 0.0}",0.0,0.0,0.0,,32.09,closingSpeed,8.91388888888889,114537.86390046298,2883.0,2705.0,6074.0,2030.0,3765.0,1717.0,32.09,32.09,270.0,0.0,444.0,285.0,0.0,0.0,NOT APPLICABLE,DIRECT ENGAGEMENT,NO DIRECT ENGAGEMENT,VTP
3892,15517,4718,1,side,subject_vehicle,B_ProfilePartial,HYUNDAI,IONIQ 9,2026,UTILITY VEHICLE,10LPAN2,1,0.0,2400.0,355.0,184.0,-22.0,18.0,184.0,21.0,10.0,0.0,184.0,44.4,83.62176750105202,106560.0,4.1441441441441444,-0.5371621621621622,-0.0564265332948607,0.4744958481613286,0.022792607802874742,0.0944558521560575,0.010814997771233568,0.14037168841439304,"{""a_pillar_base_asym_delta"": -1.0, ""delta_1"": 17.0, ""delta_10"": -10.0, ""delta_11"": -12.0, ""delta_12"": 1.0, ""delta_13"": 0.0, ""delta_14"": 7.0, ""delta_15"": -3.0, ""delta_16"": 16.0, ""delta_17"": 18.0, ""delta_18"": 7.0, ""delta_19"": -17.0, ""delta_2"": -25.0, ""delta_20"": 6.0, ""delta_21"": 16.0, ""delta_3"": 4.0, ""delta_4"": -5.0, ""delta_5"": 0.0, ""delta_6"": 8.0, ""delta_7"": -18.0, ""delta_8"": -27.0, ""delta_9"": -11.0, ""door_leading_lower_asym_delta"": -26.0, ""door_leading_upper_asym_delta"": 5.0, ""door_trailing_lower_asym_delta"": -2.0, ""door_trailing_upper_asym_delta"": 16.0, ""firewall_side_asym_delta"": -10.0, ""front_bumper_left_delta"": 6.0, ""front_bumper_right_delta"": -17.0, ""front_engine_block_delta"": 16.0, ""front_engine_front_delta"": -25.0, ""front_firewall_center_delta"": 4.0, ""front_firewall_left_delta"": -3.0, ""front_firewall_right_delta"": 7.0, ""front_left_right_asym_delta"": 23.0, ""front_left_right_bumper_asymmetry"": 23.0, ""front_structural_delta"": 0.5, ""front_structural_delta_median"": 0.5, ""front_total_length_shortening"": 17.0, ""rear_total_length_shortening"": null, ""total_length_shortening"": 17.0}",17.0,0.5,23.0,,32.26,closingSpeed,8.96111111111111,106961.61444444442,2664.0,2538.0,5058.0,1948.0,3137.0,1775.0,32.26,32.26,270.0,0.0,660.0,285.0,0.0,0.0,NOT APPLICABLE,DIRECT ENGAGEMENT,NOT APPLICABLE,VTP
3896,15531,4723,1,side,subject_vehicle,A_ProfileValid,TESLA,MODEL Y,2026,UTILITY VEHICLE,10LPAS2,1,285.0,2550.0,160.0,189.0,-1.0,8.0,17.0,158.0,88.0,-28.0,158.0,51.3,81.7966991999066,130815.0,3.68421052631579,0.6715399610136452,0.13015939305352545,0.5324702443098768,0.02671875,0.0984375,0.01422693934015452,0.0668197953643767,"{""a_pillar_base_asym_delta"": null, ""delta_1"": null, ""delta_10"": null, ""delta_11"": null, ""delta_12"": null, ""delta_13"": null, ""delta_14"": null, ""delta_15"": null, ""delta_16"": null, ""delta_17"": null, ""delta_18"": null, ""delta_19"": null, ""delta_2"": null, ""delta_20"": null, ""delta_21"": null, ""delta_3"": null, ""delta_4"": null, ""delta_5"": null, ""delta_6"": null, ""delta_7"": null, ""delta_8"": null, ""delta_9"": null, ""door_leading_lower_asym_delta"": null, ""door_leading_upper_asym_delta"": null, ""door_trailing_lower_asym_delta"": null, ""door_trailing_upper_asym_delta"": null, ""firewall_side_asym_delta"": null, ""front_bumper_left_delta"": null, ""front_bumper_right_delta"": null, ""front_engine_block_delta"": null, ""front_engine_front_delta"": null, ""front_firewall_center_delta"": null, ""front_firewall_left_delta"": null, ""front_firewall_right_delta"": null, ""front_left_right_asym_delta"": null, ""front_left_right_bumper_asymmetry"": null, ""front_structural_delta"": null, ""front_structural_delta_median"": null, ""front_total_length_shortening"": null, ""rear_total_length_shortening"": null, ""total_length_shortening"": null}",,,,,32.28,closingSpeed,8.966666666666667,83375.95222222223,2074.0,1895.0,4789.0,1920.0,2899.0,1634.0,32.28,32.28,270.0,0.0,146.0,285.0,,,NOT APPLICABLE,DIRECT ENGAGEMENT,DIRECT ENGAGEMENT,VTP
581,7935,695,1,side,subject_vehicle,C_MaxOnly,FORD,ESCAPE,2013,UTILITY VEHICLE,09LPEW2,1,285.0,2850.0,11.0,446.0,0.0,0.0,0.0,0.0,0.0,0.0,0.0,0.0,0.0,0.0,,,,0.6343200534164255,0.0,0.24819143016138007,0.0,0.004896505675495215,"{""a_pillar_base_asym_delta"": 0.0, ""delta_1"": 0.0, ""delta_10"": 0.0, ""delta_11"": 0.0, ""delta_12"": 0.0, ""delta_13"": 0.0, ""delta_14"": 0.0, ""delta_15"": 0.0, ""delta_16"": 0.0, ""delta_17"": 0.0, ""delta_18"": 0.0, ""delta_19"": 0.0, ""delta_2"": 0.0, ""delta_20"": 0.0, ""delta_21"": 0.0, ""delta_3"": null, ""delta_4"": 0.0, ""delta_5"": 0.0, ""delta_6"": 0.0, ""delta_7"": 0.0, ""delta_8"": 0.0, ""delta_9"": 0.0, ""door_leading_lower_asym_delta"": 0.0, ""door_leading_upper_asym_delta"": 0.0, ""door_trailing_lower_asym_delta"": 0.0, ""door_trailing_upper_asym_delta"": 0.0, ""firewall_side_asym_delta"": 0.0, ""front_bumper_left_delta"": 0.0, ""front_bumper_right_delta"": 0.0, ""front_engine_block_delta"": 0.0, ""front_engine_front_delta"": 0.0, ""front_firewall_center_delta"": null, ""front_firewall_left_delta"": 0.0, ""front_firewall_right_delta"": 0.0, ""front_left_right_asym_delta"": 0.0, ""front_left_right_bumper_asymmetry"": 0.0, ""front_structural_delta"": 0.0, ""front_structural_delta_median"": 0.0, ""front_total_length_shortening"": 0.0, ""rear_total_length_shortening"": null, ""total_length_shortening"": 0.0}",0.0,0.0,0.0,,32.54,closingSpeed,9.038888888888888,68098.21054012344,1667.0,1589.0,4493.0,1797.0,2691.0,1129.0,32.54,32.54,270.0,0.0,21.0,285.0,0.0,0.0,NOT APPLICABLE,DIRECT ENGAGEMENT,DIRECT ENGAGEMENT,VTP
3418,14064,4073,1,side,subject_vehicle,A_ProfileValid,JEEP,COMPASS,2022,UTILITY VEHICLE,10LPAN3,1,285.0,1950.0,-381.0,294.0,2.0,14.0,41.0,184.0,284.0,0.0,284.0,104.8,152.57195023987862,204360.0,2.8053435114503817,0.7180343511450382,0.16053982231717168,0.44368600682593856,0.05907553551296505,0.1657271702367531,0.02621098845285139,-0.17337883959044367,"{""a_pillar_base_asym_delta"": null, ""delta_1"": null, ""delta_10"": null, ""delta_11"": null, ""delta_12"": null, ""delta_13"": null, ""delta_14"": null, ""delta_15"": null, ""delta_16"": null, ""delta_17"": null, ""delta_18"": null, ""delta_19"": null, ""delta_2"": null, ""delta_20"": null, ""delta_21"": null, ""delta_3"": null, ""delta_4"": null, ""delta_5"": null, ""delta_6"": null, ""delta_7"": null, ""delta_8"": null, ""delta_9"": null, ""door_leading_lower_asym_delta"": null, ""door_leading_upper_asym_delta"": null, ""door_trailing_lower_asym_delta"": null, ""door_trailing_upper_asym_delta"": null, ""firewall_side_asym_delta"": null, ""front_bumper_left_delta"": null, ""front_bumper_right_delta"": null, ""front_engine_block_delta"": null, ""front_engine_front_delta"": null, ""front_firewall_center_delta"": null, ""front_firewall_left_delta"": null, ""front_firewall_right_delta"": null, ""front_left_right_asym_delta"": null, ""front_left_right_bumper_asymmetry"": null, ""front_structural_delta"": null, ""front_structural_delta_median"": null, ""front_total_length_shortening"": null, ""rear_total_length_shortening"": null, ""total_length_shortening"": null}",,,,,32.19,closingSpeed,8.941666666666666,63363.071701388886,1585.0,1507.0,4395.0,1774.0,2630.0,1072.0,32.19,32.19,270.0,0.0,-88.0,285.0,,,NOT APPLICABLE,DIRECT ENGAGEMENT,NO DIRECT ENGAGEMENT,VTP
918,8353,1098,1,side,subject_vehicle,C_MaxOnly,OTHER,OTHER,0,NOT APPLICABLE,,0,0.0,0.0,0.0,372.0,0.0,0.0,0.0,0.0,0.0,0.0,0.0,0.0,0.0,,,,,,0.0,0.19787234042553192,,,"{""a_pillar_base_asym_delta"": 0.0, ""delta_1"": 0.0, ""delta_10"": 0.0, ""delta_11"": 0.0, ""delta_12"": 0.0, ""delta_13"": 0.0, ""delta_14"": 0.0, ""delta_15"": 0.0, ""delta_16"": 0.0, ""delta_17"": 0.0, ""delta_18"": 0.0, ""delta_19"": 0.0, ""delta_2"": 0.0, ""delta_20"": 0.0, ""delta_21"": 0.0, ""delta_3"": null, ""delta_4"": 0.0, ""delta_5"": 0.0, ""delta_6"": 0.0, ""delta_7"": 0.0, ""delta_8"": 0.0, ""delta_9"": 0.0, ""door_leading_lower_asym_delta"": 0.0, ""door_leading_upper_asym_delta"": 0.0, ""door_trailing_lower_asym_delta"": 0.0, ""door_trailing_upper_asym_delta"": 0.0, ""firewall_side_asym_delta"": 0.0, ""front_bumper_left_delta"": 0.0, ""front_bumper_right_delta"": 0.0, ""front_engine_block_delta"": 0.0, ""front_engine_front_delta"": 0.0, ""front_firewall_center_delta"": null, ""front_firewall_left_delta"": 0.0, ""front_firewall_right_delta"": 0.0, ""front_left_right_asym_delta"": 0.0, ""front_left_right_bumper_asymmetry"": 0.0, ""front_structural_delta"": 0.0, ""front_structural_delta_median"": 0.0, ""front_total_length_shortening"": 0.0, ""rear_total_length_shortening"": null, ""total_length_shortening"": 0.0}",0.0,0.0,0.0,,61.86,closingSpeed,17.183333333333334,201814.9565277778,1367.0,,0.0,1880.0,2591.0,1124.0,61.86,61.86,270.0,0.0,-30.0,27.0,0.0,0.0,NOT APPLICABLE,NOT APPLICABLE,NOT APPLICABLE,ITV
794,8350,960,1,side,subject_vehicle,C_MaxOnly,OTHER,OTHER,0,NOT APPLICABLE,,0,0.0,0.0,0.0,371.0,0.0,0.0,0.0,0.0,0.0,0.0,0.0,0.0,0.0,,,,,,0.0,0.1973404255319149,,,"{""a_pillar_base_asym_delta"": 0.0, ""delta_1"": 0.0, ""delta_10"": 0.0, ""delta_11"": 0.0, ""delta_12"": 0.0, ""delta_13"": 0.0, ""delta_14"": 0.0, ""delta_15"": 0.0, ""delta_16"": 0.0, ""delta_17"": 0.0, ""delta_18"": 0.0, ""delta_19"": 0.0, ""delta_2"": 0.0, ""delta_20"": 0.0, ""delta_21"": 0.0, ""delta_3"": null, ""delta_4"": 0.0, ""delta_5"": 0.0, ""delta_6"": 0.0, ""delta_7"": 0.0, ""delta_8"": 0.0, ""delta_9"": 0.0, ""door_leading_lower_asym_delta"": 0.0, ""door_leading_upper_asym_delta"": 0.0, ""door_trailing_lower_asym_delta"": 0.0, ""door_trailing_upper_asym_delta"": 0.0, ""firewall_side_asym_delta"": 0.0, ""front_bumper_left_delta"": 0.0, ""front_bumper_right_delta"": 0.0, ""front_engine_block_delta"": 0.0, ""front_engine_front_delta"": 0.0, ""front_firewall_center_delta"": null, ""front_firewall_left_delta"": 0.0, ""front_firewall_right_delta"": 0.0, ""front_left_right_asym_delta"": 0.0, ""front_left_right_bumper_asymmetry"": 0.0, ""front_structural_delta"": 0.0, ""front_structural_delta_median"": 0.0, ""front_total_length_shortening"": 0.0, ""rear_total_length_shortening"": null, ""total_length_shortening"": 0.0}",0.0,0.0,0.0,,62.15,closingSpeed,17.26388888888889,203860.63194444444,1368.0,,0.0,1880.0,2591.0,1119.0,62.15,62.15,270.0,0.0,-94.0,27.0,0.0,0.0,NOT APPLICABLE,NOT APPLICABLE,NOT APPLICABLE,ITV
3876,15466,4672,1,side,subject_vehicle,A_ProfileValid,ACURA,ADX,2025,UTILITY VEHICLE,09LPAN3,1,285.0,1200.0,44.0,314.0,55.0,107.0,296.0,218.0,104.0,0.0,296.0,150.5,178.27927529581223,180600.0,2.086378737541528,-0.11827242524916944,-0.015234325298649891,0.2553191489361702,0.08292011019283746,0.17300275482093663,0.021171091964128714,0.01872340425531915,"{""a_pillar_base_asym_delta"": 0.0, ""delta_1"": 0.0, ""delta_10"": 0.0, ""delta_11"": 0.0, ""delta_12"": 0.0, ""delta_13"": 0.0, ""delta_14"": 0.0, ""delta_15"": 0.0, ""delta_16"": 0.0, ""delta_17"": 0.0, ""delta_18"": 0.0, ""delta_19"": 0.0, ""delta_2"": 0.0, ""delta_20"": 0.0, ""delta_21"": 0.0, ""delta_3"": 0.0, ""delta_4"": 0.0, ""delta_5"": 0.0, ""delta_6"": 0.0, ""delta_7"": 0.0, ""delta_8"": 0.0, ""delta_9"": 0.0, ""door_leading_lower_asym_delta"": 0.0, ""door_leading_upper_asym_delta"": 0.0, ""door_trailing_lower_asym_delta"": 0.0, ""door_trailing_upper_asym_delta"": 0.0, ""firewall_side_asym_delta"": 0.0, ""front_bumper_left_delta"": 0.0, ""front_bumper_right_delta"": 0.0, ""front_engine_block_delta"": 0.0, ""front_engine_front_delta"": 0.0, ""front_firewall_center_delta"": 0.0, ""front_firewall_left_delta"": 0.0, ""front_firewall_right_delta"": 0.0, ""front_left_right_asym_delta"": 0.0, ""front_left_right_bumper_asymmetry"": 0.0, ""front_structural_delta"": 0.0, ""front_structural_delta_median"": 0.0, ""front_total_length_shortening"": 0.0, ""rear_total_length_shortening"": null, ""total_length_shortening"": 0.0}",0.0,0.0,0.0,,32.08,closingSpeed,8.91111111111111,64240.99209876541,1618.0,,4700.0,1815.0,2652.0,1128.0,32.08,32.08,270.0,0.0,,285.0,0.0,0.0,NOT APPLICABLE,DIRECT ENGAGEMENT,NOT APPLICABLE,VTP
2232,9979,2676,1,side,subject_vehicle,A_ProfileValid,FORD,F250 CREW CAB,2017,4 DOOR PICKUP,10LPAN3,1,285.0,1650.0,319.0,326.0,0.0,316.0,239.0,18.0,10.0,3.0,316.0,116.9,177.42914078583595,192885.0,2.7887082976903335,-0.8045337895637297,-0.10066625562076513,0.26000630318310747,0.057814045499505445,0.16122650840751732,0.01503201624238638,0.10053577056413489,"{""a_pillar_base_asym_delta"": 0.0, ""delta_1"": 0.0, ""delta_10"": 0.0, ""delta_11"": 0.0, ""delta_12"": 0.0, ""delta_13"": 0.0, ""delta_14"": 0.0, ""delta_15"": 0.0, ""delta_16"": 0.0, ""delta_17"": 0.0, ""delta_18"": 0.0, ""delta_19"": 0.0, ""delta_2"": 0.0, ""delta_20"": 0.0, ""delta_21"": 0.0, ""delta_3"": null, ""delta_4"": 0.0, ""delta_5"": 0.0, ""delta_6"": 0.0, ""delta_7"": 0.0, ""delta_8"": 0.0, ""delta_9"": 0.0, ""door_leading_lower_asym_delta"": 0.0, ""door_leading_upper_asym_delta"": 0.0, ""door_trailing_lower_asym_delta"": 0.0, ""door_trailing_upper_asym_delta"": 0.0, ""firewall_side_asym_delta"": 0.0, ""front_bumper_left_delta"": 0.0, ""front_bumper_right_delta"": 0.0, ""front_engine_block_delta"": 0.0, ""front_engine_front_delta"": 0.0, ""front_firewall_center_delta"": null, ""front_firewall_left_delta"": 0.0, ""front_firewall_right_delta"": 0.0, ""front_left_right_asym_delta"": 0.0, ""front_left_right_bumper_asymmetry"": 0.0, ""front_structural_delta"": 0.0, ""front_structural_delta_median"": 0.0, ""front_total_length_shortening"": 0.0, ""rear_total_length_shortening"": null, ""total_length_shortening"": 0.0}",0.0,0.0,0.0,,31.97,closingSpeed,8.880555555555555,115615.01538580244,2932.0,2753.0,6346.0,2022.0,4058.0,1844.0,31.97,31.97,270.0,0.0,540.0,285.0,0.0,0.0,NOT APPLICABLE,DIRECT ENGAGEMENT,NO DIRECT ENGAGEMENT,VTP
2787,10627,3301,1,side,subject_vehicle,A_ProfileValid,SUBARU,FORESTER,2019,UTILITY VEHICLE,10LPAS3,1,285.0,3000.0,-5.0,409.0,12.0,33.0,89.0,266.0,328.0,39.0,328.0,148.3,194.00128865551383,444900.0,2.757923128792987,0.5950775455158462,0.1976980732970639,0.6489292667099286,0.08170798898071625,0.22534435261707988,0.05302270537359913,-0.002163097555699762,"{""a_pillar_base_asym_delta"": 0.0, ""delta_1"": 0.0, ""delta_10"": 0.0, ""delta_11"": 0.0, ""delta_12"": 0.0, ""delta_13"": 0.0, ""delta_14"": 0.0, ""delta_15"": 0.0, ""delta_16"": 0.0, ""delta_17"": 0.0, ""delta_18"": 0.0, ""delta_19"": 0.0, ""delta_2"": 0.0, ""delta_20"": 0.0, ""delta_21"": 0.0, ""delta_3"": null, ""delta_4"": 0.0, ""delta_5"": 0.0, ""delta_6"": 0.0, ""delta_7"": 0.0, ""delta_8"": 0.0, ""delta_9"": 0.0, ""door_leading_lower_asym_delta"": 0.0, ""door_leading_upper_asym_delta"": 0.0, ""door_trailing_lower_asym_delta"": 0.0, ""door_trailing_upper_asym_delta"": 0.0, ""firewall_side_asym_delta"": 0.0, ""front_bumper_left_delta"": 0.0, ""front_bumper_right_delta"": 0.0, ""front_engine_block_delta"": 0.0, ""front_engine_front_delta"": 0.0, ""front_firewall_center_delta"": null, ""front_firewall_left_delta"": 0.0, ""front_firewall_right_delta"": 0.0, ""front_left_right_asym_delta"": 0.0, ""front_left_right_bumper_asymmetry"": 0.0, ""front_structural_delta"": 0.0, ""front_structural_delta_median"": 0.0, ""front_total_length_shortening"": 0.0, ""rear_total_length_shortening"": null, ""total_length_shortening"": 0.0}",0.0,0.0,0.0,,32.1,closingSpeed,8.916666666666666,67262.87499999999,1692.0,1582.0,4623.0,1815.0,2674.0,1234.0,32.1,32.1,270.0,0.0,-14.0,285.0,0.0,0.0,NOT APPLICABLE,DIRECT ENGAGEMENT,DIRECT ENGAGEMENT,VTP
3712,15382,4452,1,side,subject_vehicle,B_ProfilePartial,ALFA ROMEO,TONALE,2024,UTILITY VEHICLE,,0,0.0,2550.0,-242.0,330.0,-20.0,110.0,330.0,113.0,29.0,8.0,330.0,115.2,164.22058336274415,293760.0,2.8645833333333335,-0.3988715277777778,-0.07634589873977449,0.563785098386027,0.06340121078701155,0.18161805173362686,0.03574465786134855,-0.10700862259562237,"{""a_pillar_base_asym_delta"": 10.0, ""delta_1"": 37.0, ""delta_10"": -33.0, ""delta_11"": -8.0, ""delta_12"": -10.0, ""delta_13"": 0.0, ""delta_14"": -2.0, ""delta_15"": -7.0, ""delta_16"": 60.0, ""delta_17"": 73.0, ""delta_18"": 4.0, ""delta_19"": 3.0, ""delta_2"": -24.0, ""delta_20"": 35.0, ""delta_21"": 155.0, ""delta_3"": 9.0, ""delta_4"": 22.0, ""delta_5"": 0.0, ""delta_6"": -16.0, ""delta_7"": 0.0, ""delta_8"": -20.0, ""delta_9"": -18.0, ""door_leading_lower_asym_delta"": 16.0, ""door_leading_upper_asym_delta"": -22.0, ""door_trailing_lower_asym_delta"": 25.0, ""door_trailing_upper_asym_delta"": 2.0, ""firewall_side_asym_delta"": -5.0, ""front_bumper_left_delta"": 35.0, ""front_bumper_right_delta"": 3.0, ""front_engine_block_delta"": 155.0, ""front_engine_front_delta"": -24.0, ""front_firewall_center_delta"": 9.0, ""front_firewall_left_delta"": -7.0, ""front_firewall_right_delta"": -2.0, ""front_left_right_asym_delta"": 32.0, ""front_left_right_bumper_asymmetry"": 32.0, ""front_structural_delta"": 0.5, ""front_structural_delta_median"": 0.5, ""front_total_length_shortening"": 37.0, ""rear_total_length_shortening"": null, ""total_length_shortening"": 37.0}",37.0,0.5,32.0,,31.01,closingSpeed,8.613888888888889,78168.73266589506,2107.0,,4523.0,1817.0,2630.0,1253.0,31.01,31.01,270.0,0.0,-14.0,285.0,0.0,0.0,NOT APPLICABLE,DIRECT ENGAGEMENT,NOT APPLICABLE,VTP
3516,14280,4202,1,side,subject_vehicle,A_ProfileValid,NISSAN,ARMADA,2023,UTILITY VEHICLE,10LPAN3,1,285.0,2400.0,50.0,413.0,0.0,26.0,97.0,413.0,187.0,0.0,413.0,144.6,207.66463348389394,347040.0,2.856154910096819,0.5504840940525588,0.10054140097332634,0.45489006823351025,0.0724812030075188,0.20701754385964913,0.03297097938173713,0.018953752843062926,"{""a_pillar_base_asym_delta"": null, ""delta_1"": null, ""delta_10"": null, ""delta_11"": null, ""delta_12"": null, ""delta_13"": null, ""delta_14"": null, ""delta_15"": null, ""delta_16"": null, ""delta_17"": null, ""delta_18"": null, ""delta_19"": null, ""delta_2"": null, ""delta_20"": null, ""delta_21"": null, ""delta_3"": null, ""delta_4"": null, ""delta_5"": null, ""delta_6"": null, ""delta_7"": null, ""delta_8"": null, ""delta_9"": null, ""door_leading_lower_asym_delta"": null, ""door_leading_upper_asym_delta"": null, ""door_trailing_lower_asym_delta"": null, ""door_trailing_upper_asym_delta"": null, ""firewall_side_asym_delta"": null, ""front_bumper_left_delta"": null, ""front_bumper_right_delta"": null, ""front_engine_block_delta"": null, ""front_engine_front_delta"": null, ""front_firewall_center_delta"": null, ""front_firewall_left_delta"": null, ""front_firewall_right_delta"": null, ""front_left_right_asym_delta"": null, ""front_left_right_bumper_asymmetry"": null, ""front_structural_delta"": null, ""front_structural_delta_median"": null, ""front_total_length_shortening"": null, ""rear_total_length_shortening"": null, ""total_length_shortening"": null}",,,,,32.13,closingSpeed,8.925,108889.239375,2734.0,2556.0,5276.0,1995.0,3075.0,1620.0,32.13,32.13,270.0,0.0,435.0,285.0,,,NOT APPLICABLE,DIRECT ENGAGEMENT,NO DIRECT ENGAGEMENT,VTP
2492,10145,2967,1,side,subject_vehicle,A_ProfileValid,TOYOTA,CAMRY HYBRID,2018,FOUR DOOR SEDAN,09LPAN3,1,285.0,1197.0,91.0,347.0,80.0,236.0,331.0,203.0,113.0,-6.0,331.0,184.00000000000003,210.92794978380653,220248.00000000003,1.885869565217391,-0.28478260869565214,-0.03808320300281513,0.2460431654676259,0.10016330974414808,0.18889493739793142,0.02464449779316449,0.03741007194244604,"{""a_pillar_base_asym_delta"": 0.0, ""delta_1"": 19.0, ""delta_10"": 0.0, ""delta_11"": 0.0, ""delta_12"": 0.0, ""delta_13"": 0.0, ""delta_14"": 0.0, ""delta_15"": 0.0, ""delta_16"": 0.0, ""delta_17"": 0.0, ""delta_18"": 0.0, ""delta_19"": -14.0, ""delta_2"": 0.0, ""delta_20"": 83.0, ""delta_21"": 0.0, ""delta_3"": null, ""delta_4"": 0.0, ""delta_5"": 0.0, ""delta_6"": 0.0, ""delta_7"": 0.0, ""delta_8"": 0.0, ""delta_9"": 0.0, ""door_leading_lower_asym_delta"": 0.0, ""door_leading_upper_asym_delta"": 0.0, ""door_trailing_lower_asym_delta"": 0.0, ""door_trailing_upper_asym_delta"": 0.0, ""firewall_side_asym_delta"": 0.0, ""front_bumper_left_delta"": 83.0, ""front_bumper_right_delta"": -14.0, ""front_engine_block_delta"": 0.0, ""front_engine_front_delta"": 0.0, ""front_firewall_center_delta"": null, ""front_firewall_left_delta"": 0.0, ""front_firewall_right_delta"": 0.0, ""front_left_right_asym_delta"": 97.0, ""front_left_right_bumper_asymmetry"": 97.0, ""front_structural_delta"": 0.0, ""front_structural_delta_median"": 0.0, ""front_total_length_shortening"": 19.0, ""rear_total_length_shortening"": null, ""total_length_shortening"": 19.0}",19.0,0.0,97.0,,31.94,closingSpeed,8.872222222222222,67263.10155864197,1709.0,1591.0,4865.0,1837.0,2824.0,1268.0,31.94,31.94,270.0,0.0,0.0,285.0,0.0,0.0,NOT APPLICABLE,DIRECT ENGAGEMENT,NOT APPLICABLE,VTP
342,7611,414,1,side,subject_vehicle,C_MaxOnly,CHEVROLET,VOLT,2012,FIVE DOOR HATCHBACK,09LPAN3,1,285.0,3300.0,0.0,350.0,0.0,0.0,0.0,0.0,0.0,0.0,0.0,0.0,0.0,0.0,,,,0.7341490545050056,0.0,0.19662921348314608,0.0,0.0,"{""a_pillar_base_asym_delta"": 0.0, ""delta_1"": 92.0, ""delta_10"": 0.0, ""delta_11"": 0.0, ""delta_12"": 0.0, ""delta_13"": 0.0, ""delta_14"": 0.0, ""delta_15"": 0.0, ""delta_16"": 0.0, ""delta_17"": 0.0, ""delta_18"": 0.0, ""delta_19"": -10.0, ""delta_2"": 0.0, ""delta_20"": 86.0, ""delta_21"": 0.0, ""delta_3"": null, ""delta_4"": 0.0, ""delta_5"": 0.0, ""delta_6"": 0.0, ""delta_7"": 0.0, ""delta_8"": 0.0, ""delta_9"": 0.0, ""door_leading_lower_asym_delta"": 0.0, ""door_leading_upper_asym_delta"": 0.0, ""door_trailing_lower_asym_delta"": 0.0, ""door_trailing_upper_asym_delta"": 0.0, ""firewall_side_asym_delta"": 0.0, ""front_bumper_left_delta"": 86.0, ""front_bumper_right_delta"": -10.0, ""front_engine_block_delta"": 0.0, ""front_engine_front_delta"": 0.0, ""front_firewall_center_delta"": null, ""front_firewall_left_delta"": 0.0, ""front_firewall_right_delta"": 0.0, ""front_left_right_asym_delta"": 96.0, ""front_left_right_bumper_asymmetry"": 96.0, ""front_structural_delta"": 0.0, ""front_structural_delta_median"": 0.0, ""front_total_length_shortening"": 92.0, ""rear_total_length_shortening"": null, ""total_length_shortening"": 92.0}",92.0,0.0,96.0,,32.0,closingSpeed,8.88888888888889,71506.17283950618,1810.0,1714.0,4495.0,1780.0,2688.0,1108.0,32.0,32.0,270.0,0.0,0.0,285.0,0.0,0.0,NOT APPLICABLE,DIRECT ENGAGEMENT,NOT APPLICABLE,VTP
1486,8908,1779,1,side,subject_vehicle,A_ProfileValid,KIA,FORTE,2015,FOUR DOOR SEDAN,09LPAN3,1,285.0,1200.0,-10.0,279.0,64.0,153.0,284.0,169.0,72.0,0.0,284.0,142.0,167.2471225462489,170400.0,1.9647887323943662,-0.2806338028169014,-0.038980096070635746,0.26714158504007124,0.08031674208144797,0.1578054298642534,0.021455941784892598,-0.004452359750667854,"{""a_pillar_base_asym_delta"": 0.0, ""delta_1"": 22.0, ""delta_10"": 0.0, ""delta_11"": 0.0, ""delta_12"": 0.0, ""delta_13"": 0.0, ""delta_14"": 0.0, ""delta_15"": 0.0, ""delta_16"": 0.0, ""delta_17"": 0.0, ""delta_18"": 0.0, ""delta_19"": -2.0, ""delta_2"": 0.0, ""delta_20"": 62.0, ""delta_21"": 0.0, ""delta_3"": null, ""delta_4"": 0.0, ""delta_5"": 0.0, ""delta_6"": 0.0, ""delta_7"": 0.0, ""delta_8"": 0.0, ""delta_9"": 0.0, ""door_leading_lower_asym_delta"": 0.0, ""door_leading_upper_asym_delta"": 0.0, ""door_trailing_lower_asym_delta"": 0.0, ""door_trailing_upper_asym_delta"": 0.0, ""firewall_side_asym_delta"": 0.0, ""front_bumper_left_delta"": 62.0, ""front_bumper_right_delta"": -2.0, ""front_engine_block_delta"": 0.0, ""front_engine_front_delta"": 0.0, ""front_firewall_center_delta"": null, ""front_firewall_left_delta"": 0.0, ""front_firewall_right_delta"": 0.0, ""front_left_right_asym_delta"": 64.0, ""front_left_right_bumper_asymmetry"": 64.0, ""front_structural_delta"": 0.0, ""front_structural_delta_median"": 0.0, ""front_total_length_shortening"": 22.0, ""rear_total_length_shortening"": null, ""total_length_shortening"": 22.0}",22.0,0.0,64.0,,32.24,closingSpeed,8.955555555555556,55620.06987654321,1387.0,1296.0,4492.0,1768.0,2698.0,1096.0,32.24,32.24,270.0,0.0,0.0,285.0,0.0,0.0,NOT APPLICABLE,DIRECT ENGAGEMENT,NOT APPLICABLE,VTP
1630,9075,1958,1,side,subject_vehicle,A_ProfileValid,VOLKSWAGEN,GOLF,2015,TWO DOOR SEDAN,09LPAN3,1,285.0,1375.0,45.0,333.0,61.0,146.0,304.0,241.0,78.0,-6.0,304.0,159.3,189.6183008045373,219037.5,2.0903954802259888,-0.18675455116133083,-0.0350422082830557,0.32118663863583274,0.09015280135823431,0.18845500848896435,0.02895587523185521,0.02102312543798178,"{""a_pillar_base_asym_delta"": 0.0, ""delta_1"": 33.0, ""delta_10"": 0.0, ""delta_11"": 0.0, ""delta_12"": 0.0, ""delta_13"": 0.0, ""delta_14"": 0.0, ""delta_15"": 0.0, ""delta_16"": 0.0, ""delta_17"": 0.0, ""delta_18"": 0.0, ""delta_19"": -2.0, ""delta_2"": 0.0, ""delta_20"": 84.0, ""delta_21"": 0.0, ""delta_3"": null, ""delta_4"": 0.0, ""delta_5"": 0.0, ""delta_6"": 0.0, ""delta_7"": 0.0, ""delta_8"": 0.0, ""delta_9"": 0.0, ""door_leading_lower_asym_delta"": 0.0, ""door_leading_upper_asym_delta"": 0.0, ""door_trailing_lower_asym_delta"": 0.0, ""door_trailing_upper_asym_delta"": 0.0, ""firewall_side_asym_delta"": 0.0, ""front_bumper_left_delta"": 84.0, ""front_bumper_right_delta"": -2.0, ""front_engine_block_delta"": 0.0, ""front_engine_front_delta"": 0.0, ""front_firewall_center_delta"": null, ""front_firewall_left_delta"": 0.0, ""front_firewall_right_delta"": 0.0, ""front_left_right_asym_delta"": 86.0, ""front_left_right_bumper_asymmetry"": 86.0, ""front_structural_delta"": 0.0, ""front_structural_delta_median"": 0.0, ""front_total_length_shortening"": 33.0, ""rear_total_length_shortening"": null, ""total_length_shortening"": 33.0}",33.0,0.0,86.0,,32.23,closingSpeed,8.952777777777778,58951.96511959876,1471.0,1310.0,4281.0,1767.0,2628.0,1177.0,32.23,32.23,270.0,0.0,0.0,285.0,0.0,0.0,NOT APPLICABLE,DIRECT ENGAGEMENT,NOT APPLICABLE,VTP
773,8090,933,1,side,subject_vehicle,C_MaxOnly,MERCEDES,ML350,2013,UTILITY VEHICLE,09LPAN3,1,285.0,3300.0,255.0,392.0,0.0,0.0,0.0,0.0,0.0,0.0,0.0,0.0,0.0,0.0,,,,0.6864988558352403,0.0,0.2045929018789144,0.0,0.10609527771999168,"{""a_pillar_base_asym_delta"": 0.0, ""delta_1"": 108.0, ""delta_10"": 0.0, ""delta_11"": 0.0, ""delta_12"": 0.0, ""delta_13"": 0.0, ""delta_14"": 0.0, ""delta_15"": 0.0, ""delta_16"": 0.0, ""delta_17"": 0.0, ""delta_18"": 0.0, ""delta_19"": -11.0, ""delta_2"": 0.0, ""delta_20"": 129.0, ""delta_21"": 0.0, ""delta_3"": null, ""delta_4"": 0.0, ""delta_5"": 0.0, ""delta_6"": 0.0, ""delta_7"": 0.0, ""delta_8"": 0.0, ""delta_9"": 0.0, ""door_leading_lower_asym_delta"": 0.0, ""door_leading_upper_asym_delta"": 0.0, ""door_trailing_lower_asym_delta"": 0.0, ""door_trailing_upper_asym_delta"": 0.0, ""firewall_side_asym_delta"": 0.0, ""front_bumper_left_delta"": 129.0, ""front_bumper_right_delta"": -11.0, ""front_engine_block_delta"": 0.0, ""front_engine_front_delta"": 0.0, ""front_firewall_center_delta"": null, ""front_firewall_left_delta"": 0.0, ""front_firewall_right_delta"": 0.0, ""front_left_right_asym_delta"": 140.0, ""front_left_right_bumper_asymmetry"": 140.0, ""front_structural_delta"": 0.0, ""front_structural_delta_median"": 0.0, ""front_total_length_shortening"": 108.0, ""rear_total_length_shortening"": null, ""total_length_shortening"": 108.0}",108.0,0.0,140.0,,32.05,closingSpeed,8.902777777777777,91386.14834104937,2306.0,2124.0,4807.0,1916.0,2915.0,1522.0,32.05,32.05,270.0,0.0,0.0,285.0,0.0,0.0,NOT APPLICABLE,DIRECT ENGAGEMENT,NOT APPLICABLE,VTP
2315,10067,2775,1,side,subject_vehicle,A_ProfileValid,FORD,FOCUS RS,2017,FIVE DOOR HATCHBACK,10LPAN3,1,285.0,1950.0,-375.0,398.0,8.0,47.0,102.0,247.0,398.0,0.0,398.0,159.6,215.43351642676214,311220.0,2.493734335839599,0.5711152882205514,0.13132168925964546,0.4447992700729927,0.08817679558011049,0.21988950276243094,0.03922097431140864,-0.17107664233576642,"{""a_pillar_base_asym_delta"": 0.0, ""delta_1"": 0.0, ""delta_10"": 0.0, ""delta_11"": 0.0, ""delta_12"": 0.0, ""delta_13"": 0.0, ""delta_14"": 0.0, ""delta_15"": 0.0, ""delta_16"": 0.0, ""delta_17"": 0.0, ""delta_18"": 0.0, ""delta_19"": 0.0, ""delta_2"": 0.0, ""delta_20"": 0.0, ""delta_21"": 0.0, ""delta_3"": null, ""delta_4"": 0.0, ""delta_5"": 0.0, ""delta_6"": 0.0, ""delta_7"": 0.0, ""delta_8"": 0.0, ""delta_9"": 0.0, ""door_leading_lower_asym_delta"": 0.0, ""door_leading_upper_asym_delta"": 0.0, ""door_trailing_lower_asym_delta"": 0.0, ""door_trailing_upper_asym_delta"": 0.0, ""firewall_side_asym_delta"": 0.0, ""front_bumper_left_delta"": 0.0, ""front_bumper_right_delta"": 0.0, ""front_engine_block_delta"": 0.0, ""front_engine_front_delta"": 0.0, ""front_firewall_center_delta"": null, ""front_firewall_left_delta"": 0.0, ""front_firewall_right_delta"": 0.0, ""front_left_right_asym_delta"": 0.0, ""front_left_right_bumper_asymmetry"": 0.0, ""front_structural_delta"": 0.0, ""front_structural_delta_median"": 0.0, ""front_total_length_shortening"": 0.0, ""rear_total_length_shortening"": null, ""total_length_shortening"": 0.0}",0.0,0.0,0.0,,32.05,closingSpeed,8.902777777777777,65904.2344714506,1663.0,1587.0,4384.0,1810.0,2649.0,1107.0,32.05,32.05,270.0,0.0,-7.0,285.0,0.0,0.0,NOT APPLICABLE,DIRECT ENGAGEMENT,NO DIRECT ENGAGEMENT,VTP
1581,9031,1896,1,side,subject_vehicle,A_ProfileValid,MITSUBISHI,MIRAGE,2015,FIVE DOOR HATCHBACK,09LPAN3,1,285.0,1100.0,55.0,326.0,83.0,221.0,325.0,217.0,84.0,-19.0,325.0,175.8,206.02718267257842,193380.0,1.8543799772468714,-0.30602957906712175,-0.05321981772493718,0.3021978021978022,0.10680437424058324,0.19805589307411908,0.032276047160615814,0.03021978021978022,"{""a_pillar_base_asym_delta"": 0.0, ""delta_1"": 17.0, ""delta_10"": 0.0, ""delta_11"": 0.0, ""delta_12"": 0.0, ""delta_13"": 0.0, ""delta_14"": 0.0, ""delta_15"": 0.0, ""delta_16"": 0.0, ""delta_17"": 0.0, ""delta_18"": 0.0, ""delta_19"": -2.0, ""delta_2"": 0.0, ""delta_20"": 111.0, ""delta_21"": 0.0, ""delta_3"": null, ""delta_4"": 0.0, ""delta_5"": 0.0, ""delta_6"": 0.0, ""delta_7"": 0.0, ""delta_8"": 0.0, ""delta_9"": 0.0, ""door_leading_lower_asym_delta"": 0.0, ""door_leading_upper_asym_delta"": 0.0, ""door_trailing_lower_asym_delta"": 0.0, ""door_trailing_upper_asym_delta"": 0.0, ""firewall_side_asym_delta"": 0.0, ""front_bumper_left_delta"": 111.0, ""front_bumper_right_delta"": -2.0, ""front_engine_block_delta"": 0.0, ""front_engine_front_delta"": 0.0, ""front_firewall_center_delta"": null, ""front_firewall_left_delta"": 0.0, ""front_firewall_right_delta"": 0.0, ""front_left_right_asym_delta"": 113.0, ""front_left_right_bumper_asymmetry"": 113.0, ""front_structural_delta"": 0.0, ""front_structural_delta_median"": 0.0, ""front_total_length_shortening"": 17.0, ""rear_total_length_shortening"": null, ""total_length_shortening"": 17.0}",17.0,0.0,113.0,,32.3,closingSpeed,8.972222222222221,39968.63310185185,993.0,913.0,3640.0,1646.0,2450.0,1058.0,32.3,32.3,270.0,0.0,0.0,285.0,0.0,0.0,NOT APPLICABLE,DIRECT ENGAGEMENT,NOT APPLICABLE,VTP
3469,14249,4137,1,side,subject_vehicle,A_ProfileValid,JEEP,GRAND CHEROKEE L,2022,UTILITY VEHICLE,10LPAN3,1,285.0,2100.0,205.0,372.0,15.0,54.0,105.0,372.0,238.0,0.0,372.0,155.3,204.4903420702308,326130.0,2.395363811976819,0.4851899549259498,0.08113329040566646,0.40307101727447214,0.08182297154899895,0.19599578503688092,0.0329804683786752,0.07869481765834933,"{""a_pillar_base_asym_delta"": null, ""delta_1"": null, ""delta_10"": null, ""delta_11"": null, ""delta_12"": null, ""delta_13"": null, ""delta_14"": null, ""delta_15"": null, ""delta_16"": null, ""delta_17"": null, ""delta_18"": null, ""delta_19"": null, ""delta_2"": null, ""delta_20"": null, ""delta_21"": null, ""delta_3"": null, ""delta_4"": null, ""delta_5"": null, ""delta_6"": null, ""delta_7"": null, ""delta_8"": null, ""delta_9"": null, ""door_leading_lower_asym_delta"": null, ""door_leading_upper_asym_delta"": null, ""door_trailing_lower_asym_delta"": null, ""door_trailing_upper_asym_delta"": null, ""firewall_side_asym_delta"": null, ""front_bumper_left_delta"": null, ""front_bumper_right_delta"": null, ""front_engine_block_delta"": null, ""front_engine_front_delta"": null, ""front_firewall_center_delta"": null, ""front_firewall_left_delta"": null, ""front_firewall_right_delta"": null, ""front_left_right_asym_delta"": null, ""front_left_right_bumper_asymmetry"": null, ""front_structural_delta"": null, ""front_structural_delta_median"": null, ""front_total_length_shortening"": null, ""rear_total_length_shortening"": null, ""total_length_shortening"": null}",,,,,32.03,closingSpeed,8.897222222222222,90243.04212962964,2280.0,2102.0,5210.0,1898.0,3100.0,1690.0,32.03,32.03,270.0,0.0,352.0,285.0,,,NOT APPLICABLE,DIRECT ENGAGEMENT,NO DIRECT ENGAGEMENT,VTP
764,8076,920,1,side,subject_vehicle,C_MaxOnly,RAM,1500 QUAD,2013,EXTENDED CAB PICKUP,,0,345.0,0.0,334.0,603.0,0.0,0.0,0.0,0.0,0.0,0.0,0.0,0.0,0.0,,,,,0.0,0.0,0.2989588497768964,,0.1147963567623303,"{""a_pillar_base_asym_delta"": 0.0, ""delta_1"": 46.0, ""delta_10"": 0.0, ""delta_11"": 0.0, ""delta_12"": 0.0, ""delta_13"": 0.0, ""delta_14"": 0.0, ""delta_15"": 0.0, ""delta_16"": 0.0, ""delta_17"": 0.0, ""delta_18"": 0.0, ""delta_19"": -10.0, ""delta_2"": 0.0, ""delta_20"": 79.0, ""delta_21"": 0.0, ""delta_3"": null, ""delta_4"": 0.0, ""delta_5"": 0.0, ""delta_6"": 0.0, ""delta_7"": 0.0, ""delta_8"": 0.0, ""delta_9"": 0.0, ""door_leading_lower_asym_delta"": 0.0, ""door_leading_upper_asym_delta"": 0.0, ""door_trailing_lower_asym_delta"": 0.0, ""door_trailing_upper_asym_delta"": 0.0, ""firewall_side_asym_delta"": 0.0, ""front_bumper_left_delta"": 79.0, ""front_bumper_right_delta"": -10.0, ""front_engine_block_delta"": 0.0, ""front_engine_front_delta"": 0.0, ""front_firewall_center_delta"": null, ""front_firewall_left_delta"": 0.0, ""front_firewall_right_delta"": 0.0, ""front_left_right_asym_delta"": 89.0, ""front_left_right_bumper_asymmetry"": 89.0, ""front_structural_delta"": 0.0, ""front_structural_delta_median"": 0.0, ""front_total_length_shortening"": 46.0, ""rear_total_length_shortening"": null, ""total_length_shortening"": 46.0}",46.0,0.0,89.0,,31.93,closingSpeed,8.869444444444444,99002.47582175923,2517.0,2324.0,5819.0,2017.0,3570.0,1653.0,31.93,31.93,270.0,0.0,329.0,285.0,0.0,0.0,NOT APPLICABLE,DIRECT ENGAGEMENT,NO DIRECT ENGAGEMENT,VTP
95,7411,113,1,side,subject_vehicle,C_MaxOnly,LEXUS,RX 350,2011,UTILITY VEHICLE,09LPAN3,1,285.0,3300.0,0.0,356.0,0.0,0.0,0.0,0.0,0.0,0.0,0.0,0.0,0.0,0.0,,,,0.6931316950220542,0.0,0.18936170212765957,0.0,0.0,"{""a_pillar_base_asym_delta"": 0.0, ""delta_1"": 71.0, ""delta_10"": 0.0, ""delta_11"": 0.0, ""delta_12"": 0.0, ""delta_13"": 0.0, ""delta_14"": 0.0, ""delta_15"": 0.0, ""delta_16"": 0.0, ""delta_17"": 0.0, ""delta_18"": 0.0, ""delta_19"": -14.0, ""delta_2"": 0.0, ""delta_20"": 73.0, ""delta_21"": 0.0, ""delta_3"": null, ""delta_4"": 0.0, ""delta_5"": 0.0, ""delta_6"": 0.0, ""delta_7"": 0.0, ""delta_8"": 0.0, ""delta_9"": 0.0, ""door_leading_lower_asym_delta"": 0.0, ""door_leading_upper_asym_delta"": 0.0, ""door_trailing_lower_asym_delta"": 0.0, ""door_trailing_upper_asym_delta"": 0.0, ""firewall_side_asym_delta"": 0.0, ""front_bumper_left_delta"": 73.0, ""front_bumper_right_delta"": -14.0, ""front_engine_block_delta"": 0.0, ""front_engine_front_delta"": 0.0, ""front_firewall_center_delta"": null, ""front_firewall_left_delta"": 0.0, ""front_firewall_right_delta"": 0.0, ""front_left_right_asym_delta"": 87.0, ""front_left_right_bumper_asymmetry"": 87.0, ""front_structural_delta"": 0.0, ""front_structural_delta_median"": 0.0, ""front_total_length_shortening"": 71.0, ""rear_total_length_shortening"": null, ""total_length_shortening"": 71.0}",71.0,0.0,87.0,,31.4,closingSpeed,8.722222222222221,76723.81635802468,2017.0,,4761.0,1880.0,2741.0,1208.0,31.4,31.4,270.0,0.0,0.0,285.0,0.0,0.0,NOT APPLICABLE,DIRECT ENGAGEMENT,NOT APPLICABLE,VTP
1320,8561,1586,1,side,subject_vehicle,A_ProfileValid,TOYOTA,TUNDRA,2014,4 DOOR PICKUP,10LPAN3,1,285.0,1650.0,840.0,396.0,0.0,301.0,348.0,157.0,50.0,0.0,348.0,171.2,218.56532204354835,282480.0,2.3130841121495327,-0.46057242990654207,-0.06274572993876894,0.28448275862068967,0.08433497536945812,0.19507389162561575,0.023991846441311363,0.2896551724137931,"{""a_pillar_base_asym_delta"": 0.0, ""delta_1"": 0.0, ""delta_10"": 0.0, ""delta_11"": 0.0, ""delta_12"": 0.0, ""delta_13"": 0.0, ""delta_14"": 0.0, ""delta_15"": 0.0, ""delta_16"": 0.0, ""delta_17"": 0.0, ""delta_18"": 0.0, ""delta_19"": 0.0, ""delta_2"": 0.0, ""delta_20"": 0.0, ""delta_21"": 0.0, ""delta_3"": null, ""delta_4"": 0.0, ""delta_5"": 0.0, ""delta_6"": 0.0, ""delta_7"": 0.0, ""delta_8"": 0.0, ""delta_9"": 0.0, ""door_leading_lower_asym_delta"": 0.0, ""door_leading_upper_asym_delta"": 0.0, ""door_trailing_lower_asym_delta"": 0.0, ""door_trailing_upper_asym_delta"": 0.0, ""firewall_side_asym_delta"": 0.0, ""front_bumper_left_delta"": 0.0, ""front_bumper_right_delta"": 0.0, ""front_engine_block_delta"": 0.0, ""front_engine_front_delta"": 0.0, ""front_firewall_center_delta"": null, ""front_firewall_left_delta"": 0.0, ""front_firewall_right_delta"": 0.0, ""front_left_right_asym_delta"": 0.0, ""front_left_right_bumper_asymmetry"": 0.0, ""front_structural_delta"": 0.0, ""front_structural_delta_median"": 0.0, ""front_total_length_shortening"": 0.0, ""rear_total_length_shortening"": null, ""total_length_shortening"": 0.0}",0.0,0.0,0.0,,32.28,closingSpeed,8.966666666666667,104802.84833333333,2607.0,0.0,5800.0,2030.0,3700.0,1722.0,32.28,32.28,270.0,0.0,540.0,285.0,0.0,0.0,NOT APPLICABLE,DIRECT ENGAGEMENT,NO DIRECT ENGAGEMENT,VTP
63,7385,80,1,side,subject_vehicle,C_MaxOnly,CHEVROLET,VOLT,2011,FIVE DOOR HATCHBACK,09LPAN3,1,285.0,3300.0,0.0,297.0,0.0,0.0,0.0,0.0,0.0,0.0,0.0,0.0,0.0,0.0,,,,0.7333333333333333,0.0,0.16638655462184873,0.0,0.0,"{""a_pillar_base_asym_delta"": 0.0, ""delta_1"": 60.0, ""delta_10"": 0.0, ""delta_11"": 0.0, ""delta_12"": 0.0, ""delta_13"": 0.0, ""delta_14"": 0.0, ""delta_15"": 0.0, ""delta_16"": 0.0, ""delta_17"": 0.0, ""delta_18"": 0.0, ""delta_19"": -15.0, ""delta_2"": 0.0, ""delta_20"": 70.0, ""delta_21"": 0.0, ""delta_3"": null, ""delta_4"": 0.0, ""delta_5"": 0.0, ""delta_6"": 0.0, ""delta_7"": 0.0, ""delta_8"": 0.0, ""delta_9"": 0.0, ""door_leading_lower_asym_delta"": 0.0, ""door_leading_upper_asym_delta"": 0.0, ""door_trailing_lower_asym_delta"": 0.0, ""door_trailing_upper_asym_delta"": 0.0, ""firewall_side_asym_delta"": 0.0, ""front_bumper_left_delta"": 70.0, ""front_bumper_right_delta"": -15.0, ""front_engine_block_delta"": 0.0, ""front_engine_front_delta"": 0.0, ""front_firewall_center_delta"": null, ""front_firewall_left_delta"": 0.0, ""front_firewall_right_delta"": 0.0, ""front_left_right_asym_delta"": 85.0, ""front_left_right_bumper_asymmetry"": 85.0, ""front_structural_delta"": 0.0, ""front_structural_delta_median"": 0.0, ""front_total_length_shortening"": 60.0, ""rear_total_length_shortening"": null, ""total_length_shortening"": 60.0}",60.0,0.0,85.0,,31.5,closingSpeed,8.75,70743.75,1848.0,,4500.0,1785.0,2685.0,1094.0,31.5,31.5,270.0,0.0,0.0,285.0,0.0,0.0,NOT APPLICABLE,DIRECT ENGAGEMENT,NOT APPLICABLE,VTP
3820,15323,4597,1,side,subject_vehicle,A_ProfileValid,TOYOTA,COROLLA HYBRID,2025,FOUR DOOR SEDAN,09LPAN3,1,285.0,600.0,-4.0,320.0,169.0,256.0,320.0,278.0,221.0,158.0,320.0,247.7,253.3075206147658,148620.0,1.2918853451756158,-0.05813484053290271,-0.0036525274260068847,0.12961762799740764,0.1390791690061763,0.17967434025828186,0.01802711199043115,-0.0017282350399654353,"{""a_pillar_base_asym_delta"": null, ""delta_1"": null, ""delta_10"": null, ""delta_11"": null, ""delta_12"": null, ""delta_13"": null, ""delta_14"": null, ""delta_15"": null, ""delta_16"": null, ""delta_17"": null, ""delta_18"": null, ""delta_19"": null, ""delta_2"": null, ""delta_20"": null, ""delta_21"": null, ""delta_3"": null, ""delta_4"": null, ""delta_5"": null, ""delta_6"": null, ""delta_7"": null, ""delta_8"": null, ""delta_9"": null, ""door_leading_lower_asym_delta"": null, ""door_leading_upper_asym_delta"": null, ""door_trailing_lower_asym_delta"": null, ""door_trailing_upper_asym_delta"": null, ""firewall_side_asym_delta"": null, ""front_bumper_left_delta"": null, ""front_bumper_right_delta"": null, ""front_engine_block_delta"": null, ""front_engine_front_delta"": null, ""front_firewall_center_delta"": null, ""front_firewall_left_delta"": null, ""front_firewall_right_delta"": null, ""front_left_right_asym_delta"": null, ""front_left_right_bumper_asymmetry"": null, ""front_structural_delta"": null, ""front_structural_delta_median"": null, ""front_total_length_shortening"": null, ""rear_total_length_shortening"": null, ""total_length_shortening"": null}",,,,,32.04,closingSpeed,8.9,57150.01500000001,1443.0,1348.0,4629.0,1781.0,2700.0,1087.0,32.04,32.04,270.0,0.0,0.0,285.0,,,NOT APPLICABLE,DIRECT ENGAGEMENT,NOT APPLICABLE,VTP
1995,9780,2389,1,side,subject_vehicle,A_ProfileValid,NISSAN,ROGUE,2016,UTILITY VEHICLE,10LPAN3,1,285.0,2400.0,-544.0,390.0,0.0,8.0,66.0,292.0,254.0,0.0,292.0,124.0,175.61321134812152,297600.0,3.1451612903225805,0.6701612903225806,0.16049947970863684,0.5161290322580645,0.06735469853340575,0.2118413905486149,0.03476371537208039,-0.2339784946236559,"{""a_pillar_base_asym_delta"": null, ""delta_1"": null, ""delta_10"": null, ""delta_11"": null, ""delta_12"": null, ""delta_13"": null, ""delta_14"": null, ""delta_15"": null, ""delta_16"": null, ""delta_17"": null, ""delta_18"": null, ""delta_19"": null, ""delta_2"": null, ""delta_20"": null, ""delta_21"": null, ""delta_3"": null, ""delta_4"": null, ""delta_5"": null, ""delta_6"": null, ""delta_7"": null, ""delta_8"": null, ""delta_9"": null, ""door_leading_lower_asym_delta"": null, ""door_leading_upper_asym_delta"": null, ""door_trailing_lower_asym_delta"": null, ""door_trailing_upper_asym_delta"": null, ""firewall_side_asym_delta"": null, ""front_bumper_left_delta"": null, ""front_bumper_right_delta"": null, ""front_engine_block_delta"": null, ""front_engine_front_delta"": null, ""front_firewall_center_delta"": null, ""front_firewall_left_delta"": null, ""front_firewall_right_delta"": null, ""front_left_right_asym_delta"": null, ""front_left_right_bumper_asymmetry"": null, ""front_structural_delta"": null, ""front_structural_delta_median"": null, ""front_total_length_shortening"": null, ""rear_total_length_shortening"": null, ""total_length_shortening"": null}",,,,,32.25,closingSpeed,8.958333333333334,69819.01041666669,1740.0,,4650.0,1841.0,2706.0,1189.0,32.25,32.25,285.0,0.0,-86.0,0.0,0.0,15.0,NOT APPLICABLE,DIRECT ENGAGEMENT,NOT APPLICABLE,VTP
2849,10715,3383,1,side,subject_vehicle,B_ProfilePartial,FORD,F250 CREW CAB,2019,4 DOOR PICKUP,09LPAN3,1,0.0,2850.0,440.0,283.0,-69.0,18.0,283.0,268.0,102.0,49.0,283.0,132.2,182.3304692035865,376770.0,2.140695915279879,0.19931921331316188,0.07227973142754854,0.4490310382858043,0.06544554455445543,0.1400990099009901,0.029387080822466997,0.1386481802426343,"{""a_pillar_base_asym_delta"": 29.0, ""delta_1"": 64.0, ""delta_10"": -22.0, ""delta_11"": -14.0, ""delta_12"": -29.0, ""delta_13"": 0.0, ""delta_14"": -24.0, ""delta_15"": -2.0, ""delta_16"": 135.0, ""delta_17"": 96.0, ""delta_18"": -16.0, ""delta_19"": 21.0, ""delta_2"": -41.0, ""delta_20"": 42.0, ""delta_21"": 51.0, ""delta_3"": null, ""delta_4"": 29.0, ""delta_5"": 0.0, ""delta_6"": -15.0, ""delta_7"": 4.0, ""delta_8"": 6.0, ""delta_9"": 12.0, ""door_leading_lower_asym_delta"": 19.0, ""door_leading_upper_asym_delta"": -29.0, ""door_trailing_lower_asym_delta"": 8.0, ""door_trailing_upper_asym_delta"": 6.0, ""firewall_side_asym_delta"": 22.0, ""front_bumper_left_delta"": 42.0, ""front_bumper_right_delta"": 21.0, ""front_engine_block_delta"": 51.0, ""front_engine_front_delta"": -41.0, ""front_firewall_center_delta"": null, ""front_firewall_left_delta"": -2.0, ""front_firewall_right_delta"": -24.0, ""front_left_right_asym_delta"": 21.0, ""front_left_right_bumper_asymmetry"": 21.0, ""front_structural_delta"": -2.0, ""front_structural_delta_median"": -2.0, ""front_total_length_shortening"": 64.0, ""rear_total_length_shortening"": null, ""total_length_shortening"": 64.0}",64.0,-2.0,21.0,,32.28,closingSpeed,8.966666666666667,117667.02611111112,2927.0,2748.0,6347.0,2020.0,4061.0,1831.0,32.28,32.28,270.0,0.0,520.0,285.0,0.0,0.0,NOT APPLICABLE,DIRECT ENGAGEMENT,NOT APPLICABLE,VTP
1122,8320,1326,1,side,subject_vehicle,A_ProfileValid,LEXUS,IS250,2014,FOUR DOOR SEDAN,09LPAN3,1,285.0,3750.0,89.0,375.0,126.0,175.0,350.0,296.0,192.0,63.0,350.0,221.5,239.80304418418044,830625.0,1.693002257336343,-0.04966139954853273,-0.023284221276990837,0.8033419023136247,0.12443820224719102,0.21067415730337077,0.099966422113746,0.038131962296486716,"{""a_pillar_base_asym_delta"": 0.0, ""delta_1"": 106.0, ""delta_10"": 0.0, ""delta_11"": 0.0, ""delta_12"": 0.0, ""delta_13"": 0.0, ""delta_14"": 0.0, ""delta_15"": 0.0, ""delta_16"": 0.0, ""delta_17"": 0.0, ""delta_18"": 0.0, ""delta_19"": 4.0, ""delta_2"": 0.0, ""delta_20"": 116.0, ""delta_21"": 0.0, ""delta_3"": null, ""delta_4"": 0.0, ""delta_5"": 0.0, ""delta_6"": 0.0, ""delta_7"": 0.0, ""delta_8"": 0.0, ""delta_9"": 0.0, ""door_leading_lower_asym_delta"": 0.0, ""door_leading_upper_asym_delta"": 0.0, ""door_trailing_lower_asym_delta"": 0.0, ""door_trailing_upper_asym_delta"": 0.0, ""firewall_side_asym_delta"": 0.0, ""front_bumper_left_delta"": 116.0, ""front_bumper_right_delta"": 4.0, ""front_engine_block_delta"": 0.0, ""front_engine_front_delta"": 0.0, ""front_firewall_center_delta"": null, ""front_firewall_left_delta"": 0.0, ""front_firewall_right_delta"": 0.0, ""front_left_right_asym_delta"": 112.0, ""front_left_right_bumper_asymmetry"": 112.0, ""front_structural_delta"": 0.0, ""front_structural_delta_median"": 0.0, ""front_total_length_shortening"": 106.0, ""rear_total_length_shortening"": null, ""total_length_shortening"": 106.0}",106.0,0.0,112.0,,32.01,closingSpeed,8.891666666666666,67558.25350694443,1709.0,1633.0,4668.0,1780.0,2796.0,1352.0,32.01,32.01,270.0,0.0,0.0,285.0,0.0,0.0,NOT APPLICABLE,DIRECT ENGAGEMENT,NOT APPLICABLE,VTP
22,7351,30,1,side,subject_vehicle,C_MaxOnly,FORD,F150 SUPERCAB,2011,EXTENDED CAB PICKUP,09LPEW2,1,285.0,3450.0,522.0,572.0,0.0,0.0,0.0,0.0,0.0,0.0,0.0,0.0,0.0,0.0,,,,0.5876341338783853,0.0,0.2875816993464052,0.0,0.17782319877363312,"{""a_pillar_base_asym_delta"": 0.0, ""delta_1"": 0.0, ""delta_10"": 0.0, ""delta_11"": 0.0, ""delta_12"": 0.0, ""delta_13"": 0.0, ""delta_14"": 0.0, ""delta_15"": 0.0, ""delta_16"": 0.0, ""delta_17"": 0.0, ""delta_18"": 0.0, ""delta_19"": 0.0, ""delta_2"": 0.0, ""delta_20"": 0.0, ""delta_21"": 0.0, ""delta_3"": null, ""delta_4"": 0.0, ""delta_5"": 0.0, ""delta_6"": 0.0, ""delta_7"": 0.0, ""delta_8"": 0.0, ""delta_9"": 0.0, ""door_leading_lower_asym_delta"": 0.0, ""door_leading_upper_asym_delta"": 0.0, ""door_trailing_lower_asym_delta"": 0.0, ""door_trailing_upper_asym_delta"": 0.0, ""firewall_side_asym_delta"": 0.0, ""front_bumper_left_delta"": 0.0, ""front_bumper_right_delta"": 0.0, ""front_engine_block_delta"": 0.0, ""front_engine_front_delta"": 0.0, ""front_firewall_center_delta"": null, ""front_firewall_left_delta"": 0.0, ""front_firewall_right_delta"": 0.0, ""front_left_right_asym_delta"": 0.0, ""front_left_right_bumper_asymmetry"": 0.0, ""front_structural_delta"": 0.0, ""front_structural_delta_median"": 0.0, ""front_total_length_shortening"": 0.0, ""rear_total_length_shortening"": null, ""total_length_shortening"": 0.0}",0.0,0.0,0.0,,32.67,closingSpeed,9.075000000000001,104015.15437500003,2526.0,2348.0,5871.0,1989.0,3673.0,1711.0,32.67,32.67,270.0,0.0,522.0,285.0,0.0,0.0,NOT APPLICABLE,DIRECT ENGAGEMENT,DIRECT ENGAGEMENT,VTP
2856,10717,3391,1,side,subject_vehicle,A_ProfileValid,INFINITI,QX50,2019,UTILITY VEHICLE,10LPAN3,1,285.0,2100.0,-239.0,384.0,0.0,33.0,93.0,193.0,321.0,0.0,321.0,128.0,173.2212458100911,268800.0,3.0,0.5671875,0.13488805970149254,0.44776119402985076,0.06736842105263158,0.20210526315789473,0.03016496465043205,-0.10191897654584221,"{""a_pillar_base_asym_delta"": 0.0, ""delta_1"": 0.0, ""delta_10"": 0.0, ""delta_11"": 0.0, ""delta_12"": 0.0, ""delta_13"": 0.0, ""delta_14"": 0.0, ""delta_15"": 0.0, ""delta_16"": 0.0, ""delta_17"": 0.0, ""delta_18"": 0.0, ""delta_19"": 0.0, ""delta_2"": 0.0, ""delta_20"": 0.0, ""delta_21"": 0.0, ""delta_3"": null, ""delta_4"": 0.0, ""delta_5"": 0.0, ""delta_6"": 0.0, ""delta_7"": 0.0, ""delta_8"": 0.0, ""delta_9"": 0.0, ""door_leading_lower_asym_delta"": 0.0, ""door_leading_upper_asym_delta"": 0.0, ""door_trailing_lower_asym_delta"": 0.0, ""door_trailing_upper_asym_delta"": 0.0, ""firewall_side_asym_delta"": 0.0, ""front_bumper_left_delta"": 0.0, ""front_bumper_right_delta"": 0.0, ""front_engine_block_delta"": 0.0, ""front_engine_front_delta"": 0.0, ""front_firewall_center_delta"": null, ""front_firewall_left_delta"": 0.0, ""front_firewall_right_delta"": 0.0, ""front_left_right_asym_delta"": 0.0, ""front_left_right_bumper_asymmetry"": 0.0, ""front_structural_delta"": 0.0, ""front_structural_delta_median"": 0.0, ""front_total_length_shortening"": 0.0, ""rear_total_length_shortening"": null, ""total_length_shortening"": 0.0}",0.0,0.0,0.0,,32.72,closingSpeed,9.088888888888889,75834.05333333333,1836.0,1744.0,4690.0,1900.0,2790.0,1176.0,32.72,32.72,270.0,0.0,57.0,285.0,0.0,0.0,NOT APPLICABLE,DIRECT ENGAGEMENT,NO DIRECT ENGAGEMENT,VTP
1794,9485,2154,1,side,subject_vehicle,B_ProfilePartial,FORD,EXPLORER,2016,UTILITY VEHICLE,LPAN03,0,0.0,2400.0,-144.0,421.0,4.0,57.0,121.0,421.0,109.0,-38.0,421.0,138.2,203.8342463866168,331680.0,3.0463096960926195,0.3704775687409551,0.048348314480991694,0.4759071980963712,0.07015228426395939,0.21370558375634519,0.033385977044121065,-0.057108863771564544,"{""a_pillar_base_asym_delta"": 1.0, ""delta_1"": 120.0, ""delta_10"": -13.0, ""delta_11"": -12.0, ""delta_12"": -1.0, ""delta_13"": 0.0, ""delta_14"": 7.0, ""delta_15"": -2.0, ""delta_16"": 130.0, ""delta_17"": 118.0, ""delta_18"": 10.0, ""delta_19"": 17.0, ""delta_2"": -64.0, ""delta_20"": 106.0, ""delta_21"": 79.0, ""delta_3"": null, ""delta_4"": 66.0, ""delta_5"": 0.0, ""delta_6"": -29.0, ""delta_7"": 19.0, ""delta_8"": 25.0, ""delta_9"": 3.0, ""door_leading_lower_asym_delta"": 48.0, ""door_leading_upper_asym_delta"": -66.0, ""door_trailing_lower_asym_delta"": 1.0, ""door_trailing_upper_asym_delta"": -22.0, ""firewall_side_asym_delta"": -9.0, ""front_bumper_left_delta"": 106.0, ""front_bumper_right_delta"": 17.0, ""front_engine_block_delta"": 79.0, ""front_engine_front_delta"": -64.0, ""front_firewall_center_delta"": null, ""front_firewall_left_delta"": -2.0, ""front_firewall_right_delta"": 7.0, ""front_left_right_asym_delta"": 89.0, ""front_left_right_bumper_asymmetry"": 89.0, ""front_structural_delta"": 7.0, ""front_structural_delta_median"": 7.0, ""front_total_length_shortening"": 120.0, ""rear_total_length_shortening"": null, ""total_length_shortening"": 120.0}",120.0,7.0,89.0,,32.75,closingSpeed,9.097222222222221,90497.46093749999,2187.0,2015.0,5043.0,1970.0,2865.0,1411.0,32.75,32.75,270.0,0.0,153.0,285.0,0.0,0.0,NOT APPLICABLE,DIRECT ENGAGEMENT,NOT APPLICABLE,VTP
2860,10720,3398,1,side,subject_vehicle,A_ProfileValid,LEXUS,UX 200,2019,FIVE DOOR HATCHBACK,09LPAN3,1,285.0,1085.0,127.0,316.0,67.0,198.0,316.0,201.0,101.0,3.0,316.0,170.2,195.91375653587983,184667.0,1.8566392479435958,-0.2529377203290247,-0.03212971382470783,0.24154051647373107,0.09460811561978877,0.17565314063368537,0.022851693109410244,0.05654496883348174,"{""a_pillar_base_asym_delta"": 0.0, ""delta_1"": 29.0, ""delta_10"": 0.0, ""delta_11"": 0.0, ""delta_12"": 0.0, ""delta_13"": 0.0, ""delta_14"": 0.0, ""delta_15"": 0.0, ""delta_16"": 0.0, ""delta_17"": 0.0, ""delta_18"": 0.0, ""delta_19"": -12.0, ""delta_2"": 0.0, ""delta_20"": 58.0, ""delta_21"": 0.0, ""delta_3"": null, ""delta_4"": 0.0, ""delta_5"": 0.0, ""delta_6"": 0.0, ""delta_7"": 0.0, ""delta_8"": 0.0, ""delta_9"": 0.0, ""door_leading_lower_asym_delta"": 0.0, ""door_leading_upper_asym_delta"": 0.0, ""door_trailing_lower_asym_delta"": 0.0, ""door_trailing_upper_asym_delta"": 0.0, ""firewall_side_asym_delta"": 0.0, ""front_bumper_left_delta"": 58.0, ""front_bumper_right_delta"": -12.0, ""front_engine_block_delta"": 0.0, ""front_engine_front_delta"": 0.0, ""front_firewall_center_delta"": null, ""front_firewall_left_delta"": 0.0, ""front_firewall_right_delta"": 0.0, ""front_left_right_asym_delta"": 70.0, ""front_left_right_bumper_asymmetry"": 70.0, ""front_structural_delta"": 0.0, ""front_structural_delta_median"": 0.0, ""front_total_length_shortening"": 29.0, ""rear_total_length_shortening"": null, ""total_length_shortening"": 29.0}",29.0,0.0,70.0,,32.4,closingSpeed,9.0,65083.5,1607.0,1506.0,4492.0,1799.0,2644.0,1122.0,32.4,32.4,270.0,0.0,0.0,285.0,0.0,0.0,NOT APPLICABLE,DIRECT ENGAGEMENT,NOT APPLICABLE,VTP
1474,8880,1765,1,side,subject_vehicle,A_ProfileValid,HYUNDAI,SONATA,2015,FOUR DOOR SEDAN,09LPAN3,1,285.0,1175.0,52.0,348.0,58.0,175.0,292.0,191.0,98.0,30.0,292.0,160.0,181.16622201724027,188000.0,2.175,-0.2084375,-0.02424794661190965,0.24127310061601642,0.08791208791208792,0.1912087912087912,0.02121082203217727,0.02135523613963039,"{""a_pillar_base_asym_delta"": 0.0, ""delta_1"": 20.0, ""delta_10"": 0.0, ""delta_11"": 0.0, ""delta_12"": 0.0, ""delta_13"": 0.0, ""delta_14"": 0.0, ""delta_15"": 0.0, ""delta_16"": 0.0, ""delta_17"": 0.0, ""delta_18"": 0.0, ""delta_19"": -4.0, ""delta_2"": 0.0, ""delta_20"": 58.0, ""delta_21"": 0.0, ""delta_3"": null, ""delta_4"": 0.0, ""delta_5"": 0.0, ""delta_6"": 0.0, ""delta_7"": 0.0, ""delta_8"": 0.0, ""delta_9"": 0.0, ""door_leading_lower_asym_delta"": 0.0, ""door_leading_upper_asym_delta"": 0.0, ""door_trailing_lower_asym_delta"": 0.0, ""door_trailing_upper_asym_delta"": 0.0, ""firewall_side_asym_delta"": 0.0, ""front_bumper_left_delta"": 58.0, ""front_bumper_right_delta"": -4.0, ""front_engine_block_delta"": 0.0, ""front_engine_front_delta"": 0.0, ""front_firewall_center_delta"": null, ""front_firewall_left_delta"": 0.0, ""front_firewall_right_delta"": 0.0, ""front_left_right_asym_delta"": 62.0, ""front_left_right_bumper_asymmetry"": 62.0, ""front_structural_delta"": 0.0, ""front_structural_delta_median"": 0.0, ""front_total_length_shortening"": 20.0, ""rear_total_length_shortening"": null, ""total_length_shortening"": 20.0}",20.0,0.0,62.0,,32.26,closingSpeed,8.96111111111111,65004.074243827155,1619.0,1503.0,4870.0,1820.0,2810.0,1193.0,32.26,32.26,270.0,0.0,0.0,285.0,0.0,0.0,NOT APPLICABLE,DIRECT ENGAGEMENT,NOT APPLICABLE,VTP
3691,15399,4426,1,side,subject_vehicle,B_ProfilePartial,VOLKSWAGEN,TIGUAN,2024,UTILITY VEHICLE,,0,0.0,2550.0,-171.0,302.0,-14.0,65.0,302.0,99.0,26.0,14.0,302.0,98.4,145.67223482874147,250920.0,3.0691056910569103,-0.36026422764227645,-0.05482258122771623,0.5394541992807277,0.053420195439739415,0.16395222584147665,0.028817748756364607,-0.0723503279035329,"{""a_pillar_base_asym_delta"": -16.0, ""delta_1"": 7.0, ""delta_10"": 6.0, ""delta_11"": 1.0, ""delta_12"": 17.0, ""delta_13"": 1.0, ""delta_14"": 8.0, ""delta_15"": -3.0, ""delta_16"": 58.0, ""delta_17"": 55.0, ""delta_18"": 6.0, ""delta_19"": 2.0, ""delta_2"": 5.0, ""delta_20"": 31.0, ""delta_21"": 130.0, ""delta_3"": -1.0, ""delta_4"": 10.0, ""delta_5"": -1.0, ""delta_6"": -19.0, ""delta_7"": 1.0, ""delta_8"": 1.0, ""delta_9"": -8.0, ""door_leading_lower_asym_delta"": 20.0, ""door_leading_upper_asym_delta"": -11.0, ""door_trailing_lower_asym_delta"": -5.0, ""door_trailing_upper_asym_delta"": -9.0, ""firewall_side_asym_delta"": -11.0, ""front_bumper_left_delta"": 31.0, ""front_bumper_right_delta"": 2.0, ""front_engine_block_delta"": 130.0, ""front_engine_front_delta"": 5.0, ""front_firewall_center_delta"": -1.0, ""front_firewall_left_delta"": -3.0, ""front_firewall_right_delta"": 8.0, ""front_left_right_asym_delta"": 29.0, ""front_left_right_bumper_asymmetry"": 29.0, ""front_structural_delta"": 3.5, ""front_structural_delta_median"": 3.5, ""front_total_length_shortening"": 7.0, ""rear_total_length_shortening"": null, ""total_length_shortening"": 7.0}",7.0,3.5,29.0,,30.82,closingSpeed,8.561111111111112,69444.76072530865,1895.0,,4727.0,1842.0,2789.0,1307.0,30.82,30.82,270.0,,53.0,285.0,0.0,0.0,NOT APPLICABLE,DIRECT ENGAGEMENT,NOT APPLICABLE,VTP
2884,10766,3427,1,side,subject_vehicle,B_ProfilePartial,CHEVROLET,CRUZE,2019,FOUR DOOR SEDAN,09LPAN3,1,0.0,2550.0,-245.0,309.0,-33.0,64.0,309.0,111.0,34.0,-9.0,309.0,99.4,150.75742104453764,253470.0,3.1086519114688125,-0.335010060362173,-0.0502175966293576,0.5473277527366388,0.05562395075545608,0.17291550083939564,0.030444531965317233,-0.10517278385919725,"{""a_pillar_base_asym_delta"": 20.0, ""delta_1"": 46.0, ""delta_10"": -7.0, ""delta_11"": -27.0, ""delta_12"": -20.0, ""delta_13"": 0.0, ""delta_14"": 10.0, ""delta_15"": -3.0, ""delta_16"": 63.0, ""delta_17"": 74.0, ""delta_18"": 8.0, ""delta_19"": 2.0, ""delta_2"": -24.0, ""delta_20"": 49.0, ""delta_21"": 126.0, ""delta_3"": null, ""delta_4"": 27.0, ""delta_5"": 0.0, ""delta_6"": -35.0, ""delta_7"": -2.0, ""delta_8"": 1.0, ""delta_9"": -19.0, ""door_leading_lower_asym_delta"": 33.0, ""door_leading_upper_asym_delta"": -27.0, ""door_trailing_lower_asym_delta"": -20.0, ""door_trailing_upper_asym_delta"": -20.0, ""firewall_side_asym_delta"": -13.0, ""front_bumper_left_delta"": 49.0, ""front_bumper_right_delta"": 2.0, ""front_engine_block_delta"": 126.0, ""front_engine_front_delta"": -24.0, ""front_firewall_center_delta"": null, ""front_firewall_left_delta"": -3.0, ""front_firewall_right_delta"": 10.0, ""front_left_right_asym_delta"": 47.0, ""front_left_right_bumper_asymmetry"": 47.0, ""front_structural_delta"": 2.0, ""front_structural_delta_median"": 2.0, ""front_total_length_shortening"": 46.0, ""rear_total_length_shortening"": null, ""total_length_shortening"": 46.0}",46.0,2.0,47.0,,32.36,closingSpeed,8.988888888888889,55994.485555555555,1386.0,1289.0,4659.0,1787.0,2701.0,1084.0,32.36,32.36,270.0,0.0,-14.0,285.0,0.0,0.0,NOT APPLICABLE,DIRECT ENGAGEMENT,NOT APPLICABLE,VTP
585,7943,700,1,side,subject_vehicle,C_MaxOnly,CHEVROLET,SILVERADO2500,2012,4 DOOR PICKUP,09LPAN3,1,285.0,2850.0,613.0,447.0,0.0,0.0,0.0,0.0,0.0,0.0,0.0,0.0,0.0,0.0,,,,0.4671365349942632,0.0,0.22305389221556887,0.0,0.20095066382560237,"{""a_pillar_base_asym_delta"": 0.0, ""delta_1"": 50.0, ""delta_10"": 0.0, ""delta_11"": 0.0, ""delta_12"": 0.0, ""delta_13"": 0.0, ""delta_14"": 0.0, ""delta_15"": 0.0, ""delta_16"": 0.0, ""delta_17"": 0.0, ""delta_18"": 0.0, ""delta_19"": -35.0, ""delta_2"": 0.0, ""delta_20"": 238.0, ""delta_21"": 0.0, ""delta_3"": null, ""delta_4"": 0.0, ""delta_5"": 0.0, ""delta_6"": 0.0, ""delta_7"": 0.0, ""delta_8"": 0.0, ""delta_9"": 0.0, ""door_leading_lower_asym_delta"": 0.0, ""door_leading_upper_asym_delta"": 0.0, ""door_trailing_lower_asym_delta"": 0.0, ""door_trailing_upper_asym_delta"": 0.0, ""firewall_side_asym_delta"": 0.0, ""front_bumper_left_delta"": 238.0, ""front_bumper_right_delta"": -35.0, ""front_engine_block_delta"": 0.0, ""front_engine_front_delta"": 0.0, ""front_firewall_center_delta"": null, ""front_firewall_left_delta"": 0.0, ""front_firewall_right_delta"": 0.0, ""front_left_right_asym_delta"": 273.0, ""front_left_right_bumper_asymmetry"": 273.0, ""front_structural_delta"": 0.0, ""front_structural_delta_median"": 0.0, ""front_total_length_shortening"": 50.0, ""rear_total_length_shortening"": null, ""total_length_shortening"": 50.0}",50.0,0.0,273.0,,32.11,closingSpeed,8.919444444444444,122795.44107638889,3087.0,2906.0,6101.0,2004.0,3910.0,1828.0,32.11,32.11,270.0,0.0,0.0,285.0,0.0,0.0,NOT APPLICABLE,DIRECT ENGAGEMENT,NOT APPLICABLE,VTP
2794,10637,3311,1,side,subject_vehicle,A_ProfileValid,MITSUBISHI,OUTLANDER PHEV,2018,UTILITY VEHICLE,09LPAN3,1,285.0,1584.0,-100.0,360.0,-7.0,-5.0,95.0,340.0,232.0,-24.0,340.0,129.3,189.09600736134013,204811.2,2.784222737819025,0.6376643464810517,0.09544481767496624,0.33773987206823025,0.0732163080407701,0.20385050962627407,0.024728066510997834,-0.042643923240938165,"{""a_pillar_base_asym_delta"": 0.0, ""delta_1"": 43.0, ""delta_10"": 0.0, ""delta_11"": 0.0, ""delta_12"": 0.0, ""delta_13"": 0.0, ""delta_14"": 0.0, ""delta_15"": 0.0, ""delta_16"": 0.0, ""delta_17"": 0.0, ""delta_18"": 0.0, ""delta_19"": -15.0, ""delta_2"": 0.0, ""delta_20"": 127.0, ""delta_21"": 0.0, ""delta_3"": null, ""delta_4"": 0.0, ""delta_5"": 0.0, ""delta_6"": 0.0, ""delta_7"": 0.0, ""delta_8"": 0.0, ""delta_9"": 0.0, ""door_leading_lower_asym_delta"": 0.0, ""door_leading_upper_asym_delta"": 0.0, ""door_trailing_lower_asym_delta"": 0.0, ""door_trailing_upper_asym_delta"": 0.0, ""firewall_side_asym_delta"": 0.0, ""front_bumper_left_delta"": 127.0, ""front_bumper_right_delta"": -15.0, ""front_engine_block_delta"": 0.0, ""front_engine_front_delta"": 0.0, ""front_firewall_center_delta"": null, ""front_firewall_left_delta"": 0.0, ""front_firewall_right_delta"": 0.0, ""front_left_right_asym_delta"": 142.0, ""front_left_right_bumper_asymmetry"": 142.0, ""front_structural_delta"": 0.0, ""front_structural_delta_median"": 0.0, ""front_total_length_shortening"": 43.0, ""rear_total_length_shortening"": null, ""total_length_shortening"": 43.0}",43.0,0.0,142.0,,32.28,closingSpeed,8.966666666666667,80843.31722222222,2011.0,1929.0,4690.0,1766.0,2670.0,1268.0,32.28,32.28,270.0,0.0,0.0,285.0,0.0,0.0,NOT APPLICABLE,DIRECT ENGAGEMENT,NOT APPLICABLE,VTP
3740,15062,4488,1,side,subject_vehicle,A_ProfileValid,VOLVO,XC60 RECHARGE,2024,UTILITY VEHICLE,09LPAN3,1,285.0,1125.0,240.0,357.0,97.0,299.0,346.0,162.0,33.0,1.0,346.0,177.8,219.61557321829434,200025.0,2.0078740157480315,-0.5084364454443194,-0.06579027653451423,0.2393107849393746,0.09452418926103137,0.189792663476874,0.02262065792781542,0.1021059349074665,"{""a_pillar_base_asym_delta"": 0.0, ""delta_1"": 0.0, ""delta_10"": 0.0, ""delta_11"": 0.0, ""delta_12"": 0.0, ""delta_13"": 0.0, ""delta_14"": 0.0, ""delta_15"": 0.0, ""delta_16"": 0.0, ""delta_17"": 0.0, ""delta_18"": 0.0, ""delta_19"": 0.0, ""delta_2"": 0.0, ""delta_20"": 0.0, ""delta_21"": 0.0, ""delta_3"": 0.0, ""delta_4"": 0.0, ""delta_5"": 0.0, ""delta_6"": 0.0, ""delta_7"": 0.0, ""delta_8"": 0.0, ""delta_9"": 0.0, ""door_leading_lower_asym_delta"": 0.0, ""door_leading_upper_asym_delta"": 0.0, ""door_trailing_lower_asym_delta"": 0.0, ""door_trailing_upper_asym_delta"": 0.0, ""firewall_side_asym_delta"": 0.0, ""front_bumper_left_delta"": 0.0, ""front_bumper_right_delta"": 0.0, ""front_engine_block_delta"": 0.0, ""front_engine_front_delta"": 0.0, ""front_firewall_center_delta"": 0.0, ""front_firewall_left_delta"": 0.0, ""front_firewall_right_delta"": 0.0, ""front_left_right_asym_delta"": 0.0, ""front_left_right_bumper_asymmetry"": 0.0, ""front_structural_delta"": 0.0, ""front_structural_delta_median"": 0.0, ""front_total_length_shortening"": 0.0, ""rear_total_length_shortening"": null, ""total_length_shortening"": 0.0}",0.0,0.0,0.0,,32.14,closingSpeed,8.927777777777777,90784.24108024691,2278.0,,4701.0,1881.0,2867.0,1379.0,32.14,32.14,270.0,0.0,,285.0,0.0,0.0,NOT APPLICABLE,DIRECT ENGAGEMENT,NOT APPLICABLE,VTP
3782,15252,4546,1,side,subject_vehicle,B_ProfilePartial,CHEVROLET,TRAVERSE,2024,UTILITY VEHICLE,10LPAN3,1,0.0,2400.0,24.0,335.0,-36.0,92.0,335.0,63.0,21.0,-21.0,335.0,96.5,158.72460426789542,231600.0,3.471502590673575,-0.5544041450777202,-0.08580982019087491,0.4626060138781804,0.049034552845528455,0.17022357723577236,0.02268367903416891,0.009252120277563608,"{""a_pillar_base_asym_delta"": 11.0, ""delta_1"": 54.0, ""delta_10"": -20.0, ""delta_11"": -18.0, ""delta_12"": -11.0, ""delta_13"": 0.0, ""delta_14"": 6.0, ""delta_15"": -3.0, ""delta_16"": 74.0, ""delta_17"": 73.0, ""delta_18"": 4.0, ""delta_19"": 7.0, ""delta_2"": -35.0, ""delta_20"": 51.0, ""delta_21"": 48.0, ""delta_3"": 8.0, ""delta_4"": 27.0, ""delta_5"": 0.0, ""delta_6"": -32.0, ""delta_7"": -1.0, ""delta_8"": -1.0, ""delta_9"": -5.0, ""door_leading_lower_asym_delta"": 31.0, ""door_leading_upper_asym_delta"": -27.0, ""door_trailing_lower_asym_delta"": 2.0, ""door_trailing_upper_asym_delta"": -4.0, ""firewall_side_asym_delta"": -9.0, ""front_bumper_left_delta"": 51.0, ""front_bumper_right_delta"": 7.0, ""front_engine_block_delta"": 48.0, ""front_engine_front_delta"": -35.0, ""front_firewall_center_delta"": 8.0, ""front_firewall_left_delta"": -3.0, ""front_firewall_right_delta"": 6.0, ""front_left_right_asym_delta"": 44.0, ""front_left_right_bumper_asymmetry"": 44.0, ""front_structural_delta"": 6.5, ""front_structural_delta_median"": 6.5, ""front_total_length_shortening"": 54.0, ""rear_total_length_shortening"": null, ""total_length_shortening"": 54.0}",54.0,6.5,44.0,,32.17,closingSpeed,8.936111111111112,87560.00068287038,2193.0,2014.0,5188.0,1968.0,3066.0,1425.0,32.17,32.17,270.0,0.0,329.0,285.0,0.0,0.0,NOT APPLICABLE,DIRECT ENGAGEMENT,NOT APPLICABLE,VTP
2836,10685,3365,1,side,subject_vehicle,A_ProfileValid,CADILLAC,XT4,2019,UTILITY VEHICLE,10LPAN3,1,285.0,2550.0,-432.0,330.0,2.0,9.0,33.0,111.0,318.0,0.0,318.0,94.4,151.40475553958007,240720.0,3.4957627118644066,0.7764830508474576,0.23236741388737017,0.5483870967741935,0.050616621983914215,0.1769436997319035,0.027757502378275536,-0.18580645161290324,"{""a_pillar_base_asym_delta"": 0.0, ""delta_1"": 0.0, ""delta_10"": 0.0, ""delta_11"": 0.0, ""delta_12"": 0.0, ""delta_13"": 0.0, ""delta_14"": 0.0, ""delta_15"": 0.0, ""delta_16"": 0.0, ""delta_17"": 0.0, ""delta_18"": 0.0, ""delta_19"": 0.0, ""delta_2"": 0.0, ""delta_20"": 0.0, ""delta_21"": 0.0, ""delta_3"": null, ""delta_4"": 0.0, ""delta_5"": 0.0, ""delta_6"": 0.0, ""delta_7"": 0.0, ""delta_8"": 0.0, ""delta_9"": 0.0, ""door_leading_lower_asym_delta"": 0.0, ""door_leading_upper_asym_delta"": 0.0, ""door_trailing_lower_asym_delta"": 0.0, ""door_trailing_upper_asym_delta"": 0.0, ""firewall_side_asym_delta"": 0.0, ""front_bumper_left_delta"": 0.0, ""front_bumper_right_delta"": 0.0, ""front_engine_block_delta"": 0.0, ""front_engine_front_delta"": 0.0, ""front_firewall_center_delta"": null, ""front_firewall_left_delta"": 0.0, ""front_firewall_right_delta"": 0.0, ""front_left_right_asym_delta"": 0.0, ""front_left_right_bumper_asymmetry"": 0.0, ""front_structural_delta"": 0.0, ""front_structural_delta_median"": 0.0, ""front_total_length_shortening"": 0.0, ""rear_total_length_shortening"": null, ""total_length_shortening"": 0.0}",0.0,0.0,0.0,,32.32,closingSpeed,8.977777777777778,73830.05234567901,1832.0,1653.0,4650.0,1865.0,2775.0,1203.0,32.32,32.32,270.0,0.0,18.0,285.0,0.0,0.0,NOT APPLICABLE,DIRECT ENGAGEMENT,NO DIRECT ENGAGEMENT,VTP
2166,10051,2601,1,side,subject_vehicle,A_ProfileValid,TOYOTA,PRIUS,2016,FOUR DOOR SEDAN,10LPAN3,1,285.0,1500.0,-173.0,272.0,0.0,61.0,162.0,253.0,110.0,0.0,253.0,117.2,145.653012327243,175800.0,2.3208191126279862,0.20008532423208192,0.026932582540444137,0.33156498673740054,0.06662876634451392,0.15463331438317227,0.02209176602934812,-0.07648099027409372,"{""a_pillar_base_asym_delta"": 0.0, ""delta_1"": 0.0, ""delta_10"": 0.0, ""delta_11"": 0.0, ""delta_12"": 0.0, ""delta_13"": 0.0, ""delta_14"": 0.0, ""delta_15"": 0.0, ""delta_16"": 0.0, ""delta_17"": 0.0, ""delta_18"": 0.0, ""delta_19"": 0.0, ""delta_2"": 0.0, ""delta_20"": 0.0, ""delta_21"": 0.0, ""delta_3"": null, ""delta_4"": 0.0, ""delta_5"": 0.0, ""delta_6"": 0.0, ""delta_7"": 0.0, ""delta_8"": 0.0, ""delta_9"": 0.0, ""door_leading_lower_asym_delta"": 0.0, ""door_leading_upper_asym_delta"": 0.0, ""door_trailing_lower_asym_delta"": 0.0, ""door_trailing_upper_asym_delta"": 0.0, ""firewall_side_asym_delta"": 0.0, ""front_bumper_left_delta"": 0.0, ""front_bumper_right_delta"": 0.0, ""front_engine_block_delta"": 0.0, ""front_engine_front_delta"": 0.0, ""front_firewall_center_delta"": null, ""front_firewall_left_delta"": 0.0, ""front_firewall_right_delta"": 0.0, ""front_left_right_asym_delta"": 0.0, ""front_left_right_bumper_asymmetry"": 0.0, ""front_structural_delta"": 0.0, ""front_structural_delta_median"": 0.0, ""front_total_length_shortening"": 0.0, ""rear_total_length_shortening"": null, ""total_length_shortening"": 0.0}",0.0,0.0,0.0,,32.24,closingSpeed,8.955555555555556,60472.28938271605,1508.0,,4524.0,1759.0,2695.0,1101.0,32.24,32.24,285.0,0.0,-169.0,0.0,0.0,15.0,NOT APPLICABLE,DIRECT ENGAGEMENT,NOT APPLICABLE,VTP
3603,14435,4320,2,side_impactor,subject_vehicle,A_ProfileValid,GENESIS,GV70,2023,UTILITY VEHICLE,09LPEW2,1,297.0,3000.0,-212.0,191.0,-1.0,145.0,182.0,191.0,1.0,2.0,191.0,103.9,134.63543367182356,311700.0,1.8383060635226178,-0.2613089509143407,-0.10188630665203559,0.6369426751592356,0.05494447382337388,0.10100475938656796,0.034996480142276354,-0.0900212314225053,"{""a_pillar_base_asym_delta"": 2.0, ""delta_1"": -1.0, ""delta_10"": 0.0, ""delta_11"": 3.0, ""delta_12"": -2.0, ""delta_13"": 0.0, ""delta_14"": -4.0, ""delta_15"": 87.0, ""delta_16"": 7.0, ""delta_17"": 43.0, ""delta_18"": -13.0, ""delta_19"": -3.0, ""delta_2"": -1.0, ""delta_20"": 158.0, ""delta_21"": 15.0, ""delta_3"": 1.0, ""delta_4"": -1.0, ""delta_5"": 0.0, ""delta_6"": -9.0, ""delta_7"": 24.0, ""delta_8"": -3.0, ""delta_9"": -3.0, ""door_leading_lower_asym_delta"": 33.0, ""door_leading_upper_asym_delta"": 1.0, ""door_trailing_lower_asym_delta"": 3.0, ""door_trailing_upper_asym_delta"": 0.0, ""firewall_side_asym_delta"": 91.0, ""front_bumper_left_delta"": 158.0, ""front_bumper_right_delta"": -3.0, ""front_engine_block_delta"": 15.0, ""front_engine_front_delta"": -1.0, ""front_firewall_center_delta"": 1.0, ""front_firewall_left_delta"": 87.0, ""front_firewall_right_delta"": -4.0, ""front_left_right_asym_delta"": 161.0, ""front_left_right_bumper_asymmetry"": 161.0, ""front_structural_delta"": 0.0, ""front_structural_delta_median"": 0.0, ""front_total_length_shortening"": -1.0, ""rear_total_length_shortening"": null, ""total_length_shortening"": -1.0}",-1.0,0.0,161.0,,62.16,closingSpeed,17.266666666666666,328696.89999999997,2205.0,1962.0,4710.0,1891.0,2875.0,1485.0,62.16,0.0,270.0,0.0,150.0,0.0,27.0,0.0,NOT APPLICABLE,DIRECT ENGAGEMENT,DIRECT ENGAGEMENT,ITV
2105,9790,2525,2,side_impactor,subject_vehicle,A_ProfileValid,TOYOTA,SIENNA,2015,MINIVAN,09LPEW2,1,270.0,3150.0,-434.0,224.0,1.0,1.0,182.0,217.0,182.0,0.0,217.0,116.5,150.5579622603866,366975.0,1.9227467811158798,0.35493562231759657,0.1224049527137377,0.6194690265486725,0.0581627558662007,0.11183225162256615,0.03603002575782344,-0.17069813176007867,"{""a_pillar_base_asym_delta"": null, ""delta_1"": null, ""delta_10"": null, ""delta_11"": null, ""delta_12"": null, ""delta_13"": null, ""delta_14"": null, ""delta_15"": null, ""delta_16"": null, ""delta_17"": null, ""delta_18"": null, ""delta_19"": null, ""delta_2"": null, ""delta_20"": null, ""delta_21"": null, ""delta_3"": null, ""delta_4"": null, ""delta_5"": null, ""delta_6"": null, ""delta_7"": null, ""delta_8"": null, ""delta_9"": null, ""door_leading_lower_asym_delta"": null, ""door_leading_upper_asym_delta"": null, ""door_trailing_lower_asym_delta"": null, ""door_trailing_upper_asym_delta"": null, ""firewall_side_asym_delta"": null, ""front_bumper_left_delta"": null, ""front_bumper_right_delta"": null, ""front_engine_block_delta"": null, ""front_engine_front_delta"": null, ""front_firewall_center_delta"": null, ""front_firewall_left_delta"": null, ""front_firewall_right_delta"": null, ""front_left_right_asym_delta"": null, ""front_left_right_bumper_asymmetry"": null, ""front_structural_delta"": null, ""front_structural_delta_median"": null, ""front_total_length_shortening"": null, ""rear_total_length_shortening"": null, ""total_length_shortening"": null}",,,,,61.91,closingSpeed,17.19722222222222,325466.76960262336,2201.0,,5085.0,2003.0,3035.0,1349.0,61.91,0.0,270.0,0.0,18.0,,,,NOT APPLICABLE,DIRECT ENGAGEMENT,NO DIRECT ENGAGEMENT,ITV
2811,10654,3334,2,side_impactor,subject_vehicle,A_ProfileValid,TOYOTA,AVALON,2019,FOUR DOOR SEDAN,10LPEW2,1,297.0,2100.0,-253.0,168.0,15.0,168.0,103.0,117.0,113.0,-39.0,168.0,97.8,115.03390804454136,205380.0,1.7177914110429449,-0.14621676891615543,-0.04936579014854122,0.4220257234726688,0.05326797385620915,0.0915032679738562,0.022480455204589876,-0.10168810289389067,"{""a_pillar_base_asym_delta"": 0.0, ""delta_1"": -6.0, ""delta_10"": 0.0, ""delta_11"": 0.0, ""delta_12"": 0.0, ""delta_13"": 0.0, ""delta_14"": 0.0, ""delta_15"": 0.0, ""delta_16"": 0.0, ""delta_17"": 0.0, ""delta_18"": 0.0, ""delta_19"": 17.0, ""delta_2"": 0.0, ""delta_20"": 9.0, ""delta_21"": 0.0, ""delta_3"": null, ""delta_4"": 0.0, ""delta_5"": 0.0, ""delta_6"": 0.0, ""delta_7"": 0.0, ""delta_8"": 0.0, ""delta_9"": 0.0, ""door_leading_lower_asym_delta"": 0.0, ""door_leading_upper_asym_delta"": 0.0, ""door_trailing_lower_asym_delta"": 0.0, ""door_trailing_upper_asym_delta"": 0.0, ""firewall_side_asym_delta"": 0.0, ""front_bumper_left_delta"": 9.0, ""front_bumper_right_delta"": 17.0, ""front_engine_block_delta"": 0.0, ""front_engine_front_delta"": 0.0, ""front_firewall_center_delta"": null, ""front_firewall_left_delta"": 0.0, ""front_firewall_right_delta"": 0.0, ""front_left_right_asym_delta"": -8.0, ""front_left_right_bumper_asymmetry"": -8.0, ""front_structural_delta"": 0.0, ""front_structural_delta_median"": 0.0, ""front_total_length_shortening"": -6.0, ""rear_total_length_shortening"": null, ""total_length_shortening"": -6.0}",-6.0,0.0,-8.0,,62.05,closingSpeed,17.23611111111111,274505.17824074073,1848.0,1648.0,4976.0,1836.0,2874.0,1239.0,62.05,0.0,270.0,0.0,-90.0,0.0,27.0,0.0,NOT APPLICABLE,DIRECT ENGAGEMENT,NOT APPLICABLE,ITV
765,8079,922,2,side_impactor,subject_vehicle,A_ProfileValid,MERCEDES,C-CLASS,2013,FOUR DOOR SEDAN,10LPAW3,1,297.0,3000.0,-334.0,167.0,13.0,44.0,135.0,141.0,115.0,3.0,141.0,88.6,103.30150047312962,265800.0,1.8848758465011288,0.15914221218961624,0.056959451623368844,0.6503360069369174,0.05019830028328612,0.09461756373937677,0.032645762161252624,-0.14480815087795362,"{""a_pillar_base_asym_delta"": 0.0, ""delta_1"": 0.0, ""delta_10"": 0.0, ""delta_11"": 0.0, ""delta_12"": 0.0, ""delta_13"": 0.0, ""delta_14"": 0.0, ""delta_15"": 0.0, ""delta_16"": 0.0, ""delta_17"": 0.0, ""delta_18"": 0.0, ""delta_19"": 0.0, ""delta_2"": 0.0, ""delta_20"": 0.0, ""delta_21"": 0.0, ""delta_3"": null, ""delta_4"": 0.0, ""delta_5"": 0.0, ""delta_6"": 0.0, ""delta_7"": 0.0, ""delta_8"": 0.0, ""delta_9"": 0.0, ""door_leading_lower_asym_delta"": 0.0, ""door_leading_upper_asym_delta"": 0.0, ""door_trailing_lower_asym_delta"": 0.0, ""door_trailing_upper_asym_delta"": 0.0, ""firewall_side_asym_delta"": 0.0, ""front_bumper_left_delta"": 0.0, ""front_bumper_right_delta"": 0.0, ""front_engine_block_delta"": 0.0, ""front_engine_front_delta"": 0.0, ""front_firewall_center_delta"": null, ""front_firewall_left_delta"": 0.0, ""front_firewall_right_delta"": 0.0, ""front_left_right_asym_delta"": 0.0, ""front_left_right_bumper_asymmetry"": 0.0, ""front_structural_delta"": 0.0, ""front_structural_delta_median"": 0.0, ""front_total_length_shortening"": 0.0, ""rear_total_length_shortening"": null, ""total_length_shortening"": 0.0}",0.0,0.0,0.0,,62.03,closingSpeed,17.230555555555554,254584.9283757716,1715.0,1556.0,4613.0,1765.0,2765.0,1384.0,62.03,0.0,270.0,0.0,103.0,0.0,27.0,90.0,NOT APPLICABLE,DIRECT ENGAGEMENT,DIRECT ENGAGEMENT,ITV
300,7534,360,2,side_impactor,subject_vehicle,A_ProfileValid,CADILLAC,SRX,2012,UTILITY VEHICLE,10LPAW3,1,297.0,3000.0,-324.0,235.0,-3.0,102.0,216.0,205.0,116.0,-5.0,216.0,127.0,150.03866168424724,381000.0,1.8503937007874016,0.007480314960629921,0.005091591530333319,0.6217616580310881,0.06835306781485469,0.1264800861141012,0.04249931677607545,-0.13430051813471502,"{""a_pillar_base_asym_delta"": 0.0, ""delta_1"": 0.0, ""delta_10"": 0.0, ""delta_11"": 0.0, ""delta_12"": 0.0, ""delta_13"": 0.0, ""delta_14"": 0.0, ""delta_15"": 0.0, ""delta_16"": 0.0, ""delta_17"": 0.0, ""delta_18"": 0.0, ""delta_19"": 0.0, ""delta_2"": 0.0, ""delta_20"": 0.0, ""delta_21"": 0.0, ""delta_3"": null, ""delta_4"": 0.0, ""delta_5"": 0.0, ""delta_6"": 0.0, ""delta_7"": 0.0, ""delta_8"": 0.0, ""delta_9"": 0.0, ""door_leading_lower_asym_delta"": 0.0, ""door_leading_upper_asym_delta"": 0.0, ""door_trailing_lower_asym_delta"": 0.0, ""door_trailing_upper_asym_delta"": 0.0, ""firewall_side_asym_delta"": 0.0, ""front_bumper_left_delta"": 0.0, ""front_bumper_right_delta"": 0.0, ""front_engine_block_delta"": 0.0, ""front_engine_front_delta"": 0.0, ""front_firewall_center_delta"": null, ""front_firewall_left_delta"": 0.0, ""front_firewall_right_delta"": 0.0, ""front_left_right_asym_delta"": 0.0, ""front_left_right_bumper_asymmetry"": 0.0, ""front_structural_delta"": 0.0, ""front_structural_delta_median"": 0.0, ""front_total_length_shortening"": 0.0, ""rear_total_length_shortening"": null, ""total_length_shortening"": 0.0}",0.0,0.0,0.0,,62.03,closingSpeed,17.230555555555554,326284.3571836419,2198.0,2010.0,4825.0,1858.0,2818.0,1344.0,62.03,0.0,270.0,0.0,38.0,0.0,27.0,90.0,NOT APPLICABLE,DIRECT ENGAGEMENT,DIRECT ENGAGEMENT,ITV
719,8058,862,2,side_impactor,subject_vehicle,C_MaxOnly,INFINITI,JX,2013,UTILITY VEHICLE,03LPAW2,1,297.0,4050.0,0.0,269.0,0.0,0.0,0.0,0.0,0.0,0.0,0.0,0.0,0.0,0.0,,,,0.811623246492986,0.0,0.13830334190231364,0.0,0.0,"{""a_pillar_base_asym_delta"": 0.0, ""delta_1"": 19.0, ""delta_10"": 0.0, ""delta_11"": 0.0, ""delta_12"": 0.0, ""delta_13"": 0.0, ""delta_14"": 0.0, ""delta_15"": 0.0, ""delta_16"": 0.0, ""delta_17"": 0.0, ""delta_18"": 0.0, ""delta_19"": 0.0, ""delta_2"": 0.0, ""delta_20"": 26.0, ""delta_21"": 0.0, ""delta_3"": null, ""delta_4"": 0.0, ""delta_5"": 0.0, ""delta_6"": 0.0, ""delta_7"": 0.0, ""delta_8"": 0.0, ""delta_9"": 0.0, ""door_leading_lower_asym_delta"": 0.0, ""door_leading_upper_asym_delta"": 0.0, ""door_trailing_lower_asym_delta"": 0.0, ""door_trailing_upper_asym_delta"": 0.0, ""firewall_side_asym_delta"": 0.0, ""front_bumper_left_delta"": 26.0, ""front_bumper_right_delta"": 0.0, ""front_engine_block_delta"": 0.0, ""front_engine_front_delta"": 0.0, ""front_firewall_center_delta"": null, ""front_firewall_left_delta"": 0.0, ""front_firewall_right_delta"": 0.0, ""front_left_right_asym_delta"": 26.0, ""front_left_right_bumper_asymmetry"": 26.0, ""front_structural_delta"": 0.0, ""front_structural_delta_median"": 0.0, ""front_total_length_shortening"": 19.0, ""rear_total_length_shortening"": null, ""total_length_shortening"": 19.0}",19.0,0.0,26.0,,62.31,closingSpeed,17.308333333333334,317553.1069444444,2120.0,1953.0,4990.0,1945.0,2901.0,1318.0,62.31,0.0,270.0,0.0,-36.0,0.0,27.0,0.0,NOT APPLICABLE,DIRECT ENGAGEMENT,NOT APPLICABLE,ITV
3708,14496,4448,2,side_impactor,subject_vehicle,A_ProfileValid,HYUNDAI,SONATA,2024,FOUR DOOR SEDAN,10LPEW2,1,297.0,2250.0,-206.0,214.0,24.0,196.0,174.0,178.0,122.0,5.0,196.0,136.9,152.02664240191586,308025.0,1.5631848064280496,-0.11760409057706354,-0.03554856667643589,0.45824847250509165,0.07456427015250545,0.11655773420479303,0.03416896290084262,-0.08391038696537678,"{""a_pillar_base_asym_delta"": null, ""delta_1"": null, ""delta_10"": null, ""delta_11"": null, ""delta_12"": null, ""delta_13"": null, ""delta_14"": null, ""delta_15"": null, ""delta_16"": null, ""delta_17"": null, ""delta_18"": null, ""delta_19"": null, ""delta_2"": null, ""delta_20"": null, ""delta_21"": null, ""delta_3"": null, ""delta_4"": null, ""delta_5"": null, ""delta_6"": null, ""delta_7"": null, ""delta_8"": null, ""delta_9"": null, ""door_leading_lower_asym_delta"": null, ""door_leading_upper_asym_delta"": null, ""door_trailing_lower_asym_delta"": null, ""door_trailing_upper_asym_delta"": null, ""firewall_side_asym_delta"": null, ""front_bumper_left_delta"": null, ""front_bumper_right_delta"": null, ""front_engine_block_delta"": null, ""front_engine_front_delta"": null, ""front_firewall_center_delta"": null, ""front_firewall_left_delta"": null, ""front_firewall_right_delta"": null, ""front_left_right_asym_delta"": null, ""front_left_right_bumper_asymmetry"": null, ""front_structural_delta"": null, ""front_structural_delta_median"": null, ""front_total_length_shortening"": null, ""rear_total_length_shortening"": null, ""total_length_shortening"": null}",,,,,61.91,closingSpeed,17.19722222222222,256854.0567013888,1737.0,1545.0,4910.0,1836.0,2841.0,1249.0,61.91,0.0,270.0,0.0,-62.0,0.0,27.0,,NOT APPLICABLE,DIRECT ENGAGEMENT,NOT APPLICABLE,ITV
1213,8452,1443,2,side_impactor,subject_vehicle,A_ProfileValid,CHEVROLET,SILVERADO 1500,2014,EXTENDED CAB PICKUP,03LPAW2,1,297.0,2100.0,69.0,355.0,44.0,301.0,249.0,259.0,212.0,106.0,301.0,219.2,232.90040790002922,460320.0,1.6195255474452555,-0.04607664233576642,-0.006699964216811092,0.35995886184436066,0.10959999999999999,0.1775,0.03945149125814193,0.023654439492629412,"{""a_pillar_base_asym_delta"": 0.0, ""delta_1"": 6.0, ""delta_10"": 0.0, ""delta_11"": 0.0, ""delta_12"": 0.0, ""delta_13"": 0.0, ""delta_14"": 0.0, ""delta_15"": 0.0, ""delta_16"": 0.0, ""delta_17"": 0.0, ""delta_18"": 0.0, ""delta_19"": -60.0, ""delta_2"": 0.0, ""delta_20"": 119.0, ""delta_21"": 0.0, ""delta_3"": null, ""delta_4"": 0.0, ""delta_5"": 0.0, ""delta_6"": 0.0, ""delta_7"": 0.0, ""delta_8"": 0.0, ""delta_9"": 0.0, ""door_leading_lower_asym_delta"": 0.0, ""door_leading_upper_asym_delta"": 0.0, ""door_trailing_lower_asym_delta"": 0.0, ""door_trailing_upper_asym_delta"": 0.0, ""firewall_side_asym_delta"": 0.0, ""front_bumper_left_delta"": 119.0, ""front_bumper_right_delta"": -60.0, ""front_engine_block_delta"": 0.0, ""front_engine_front_delta"": 0.0, ""front_firewall_center_delta"": null, ""front_firewall_left_delta"": 0.0, ""front_firewall_right_delta"": 0.0, ""front_left_right_asym_delta"": 179.0, ""front_left_right_bumper_asymmetry"": 179.0, ""front_structural_delta"": 0.0, ""front_structural_delta_median"": 0.0, ""front_total_length_shortening"": 6.0, ""rear_total_length_shortening"": null, ""total_length_shortening"": 6.0}",6.0,0.0,179.0,,61.84,closingSpeed,17.177777777777777,372681.0503703703,2526.0,2268.0,5834.0,2000.0,3660.0,1630.0,61.84,0.0,270.0,0.0,281.0,0.0,27.0,0.0,NOT APPLICABLE,DIRECT ENGAGEMENT,NOT APPLICABLE,ITV
3824,15327,4603,2,side_impactor,subject_vehicle,A_ProfileValid,BMW,X3,2025,UTILITY VEHICLE,10LPAS2,1,297.0,3000.0,-327.0,199.0,12.0,105.0,120.0,156.0,138.0,24.0,156.0,107.4,117.61377470347595,322200.0,1.8528864059590315,0.12290502793296089,0.039783673262719324,0.6473888649115235,0.057433155080213905,0.10641711229946524,0.03718158507566718,-0.14113077255071213,"{""a_pillar_base_asym_delta"": null, ""delta_1"": null, ""delta_10"": null, ""delta_11"": null, ""delta_12"": null, ""delta_13"": null, ""delta_14"": null, ""delta_15"": null, ""delta_16"": null, ""delta_17"": null, ""delta_18"": null, ""delta_19"": null, ""delta_2"": null, ""delta_20"": null, ""delta_21"": null, ""delta_3"": null, ""delta_4"": null, ""delta_5"": null, ""delta_6"": null, ""delta_7"": null, ""delta_8"": null, ""delta_9"": null, ""door_leading_lower_asym_delta"": null, ""door_leading_upper_asym_delta"": null, ""door_trailing_lower_asym_delta"": null, ""door_trailing_upper_asym_delta"": null, ""firewall_side_asym_delta"": null, ""front_bumper_left_delta"": null, ""front_bumper_right_delta"": null, ""front_engine_block_delta"": null, ""front_engine_front_delta"": null, ""front_firewall_center_delta"": null, ""front_firewall_left_delta"": null, ""front_firewall_right_delta"": null, ""front_left_right_asym_delta"": null, ""front_left_right_bumper_asymmetry"": null, ""front_structural_delta"": null, ""front_structural_delta_median"": null, ""front_total_length_shortening"": null, ""rear_total_length_shortening"": null, ""total_length_shortening"": null}",,,,,61.66,closingSpeed,17.127777777777776,313602.66484567896,2138.0,1905.0,4634.0,1870.0,2862.0,1519.0,61.66,0.0,270.0,0.0,185.0,0.0,27.0,90.0,NOT APPLICABLE,DIRECT ENGAGEMENT,DIRECT ENGAGEMENT,ITV
2819,10663,3344,2,side_impactor,subject_vehicle,A_ProfileValid,AUDI,Q8,2019,UTILITY VEHICLE,10LPEW2,1,297.0,2145.0,628.0,164.0,-40.0,156.0,158.0,164.0,140.0,34.0,164.0,123.0,139.40875151869054,263835.0,1.3333333333333333,0.041463414634146344,0.02005049638436083,0.4311557788944724,0.06162324649298597,0.08216432865731463,0.026569218839689428,0.2524623115577889,"{""a_pillar_base_asym_delta"": 0.0, ""delta_1"": -22.0, ""delta_10"": 0.0, ""delta_11"": 0.0, ""delta_12"": 0.0, ""delta_13"": 0.0, ""delta_14"": 0.0, ""delta_15"": 0.0, ""delta_16"": 0.0, ""delta_17"": 0.0, ""delta_18"": 0.0, ""delta_19"": 2.0, ""delta_2"": 0.0, ""delta_20"": 2.0, ""delta_21"": 0.0, ""delta_3"": null, ""delta_4"": 0.0, ""delta_5"": 0.0, ""delta_6"": 0.0, ""delta_7"": 0.0, ""delta_8"": 0.0, ""delta_9"": 0.0, ""door_leading_lower_asym_delta"": 0.0, ""door_leading_upper_asym_delta"": 0.0, ""door_trailing_lower_asym_delta"": 0.0, ""door_trailing_upper_asym_delta"": 0.0, ""firewall_side_asym_delta"": 0.0, ""front_bumper_left_delta"": 2.0, ""front_bumper_right_delta"": 2.0, ""front_engine_block_delta"": 0.0, ""front_engine_front_delta"": 0.0, ""front_firewall_center_delta"": null, ""front_firewall_left_delta"": 0.0, ""front_firewall_right_delta"": 0.0, ""front_left_right_asym_delta"": 0.0, ""front_left_right_bumper_asymmetry"": 0.0, ""front_structural_delta"": 0.0, ""front_structural_delta_median"": 0.0, ""front_total_length_shortening"": -22.0, ""rear_total_length_shortening"": null, ""total_length_shortening"": -22.0}",-22.0,0.0,0.0,,62.38,closingSpeed,17.32777777777778,375314.85339506174,2500.0,2242.0,4975.0,1996.0,2996.0,1413.0,62.38,0.0,270.0,0.0,66.0,0.0,27.0,0.0,NOT APPLICABLE,DIRECT ENGAGEMENT,NOT APPLICABLE,ITV
217,7461,258,2,side_impactor,subject_vehicle,C_MaxOnly,CHRYSLER,TOWN AND COUNTRY,2012,MINIVAN,03LPAW2,1,297.0,4050.0,0.0,298.0,0.0,0.0,0.0,0.0,0.0,0.0,0.0,0.0,0.0,0.0,,,,0.781702374059062,0.0,0.15126903553299492,0.0,0.0,"{""a_pillar_base_asym_delta"": 0.0, ""delta_1"": -9.0, ""delta_10"": 0.0, ""delta_11"": 0.0, ""delta_12"": 0.0, ""delta_13"": 0.0, ""delta_14"": 0.0, ""delta_15"": 0.0, ""delta_16"": 0.0, ""delta_17"": 0.0, ""delta_18"": 0.0, ""delta_19"": -1.0, ""delta_2"": 0.0, ""delta_20"": 7.0, ""delta_21"": 0.0, ""delta_3"": null, ""delta_4"": 0.0, ""delta_5"": 0.0, ""delta_6"": 0.0, ""delta_7"": 0.0, ""delta_8"": 0.0, ""delta_9"": 0.0, ""door_leading_lower_asym_delta"": 0.0, ""door_leading_upper_asym_delta"": 0.0, ""door_trailing_lower_asym_delta"": 0.0, ""door_trailing_upper_asym_delta"": 0.0, ""firewall_side_asym_delta"": 0.0, ""front_bumper_left_delta"": 7.0, ""front_bumper_right_delta"": -1.0, ""front_engine_block_delta"": 0.0, ""front_engine_front_delta"": 0.0, ""front_firewall_center_delta"": null, ""front_firewall_left_delta"": 0.0, ""front_firewall_right_delta"": 0.0, ""front_left_right_asym_delta"": 8.0, ""front_left_right_bumper_asymmetry"": 8.0, ""front_structural_delta"": 0.0, ""front_structural_delta_median"": 0.0, ""front_total_length_shortening"": -9.0, ""rear_total_length_shortening"": null, ""total_length_shortening"": -9.0}",-9.0,0.0,8.0,,62.4,closingSpeed,17.333333333333332,339652.4444444444,2261.0,2093.0,5181.0,1970.0,3080.0,1417.0,62.4,0.0,270.0,0.0,-53.0,0.0,27.0,0.0,NOT APPLICABLE,DIRECT ENGAGEMENT,NOT APPLICABLE,ITV
3742,15066,4491,2,side_impactor,subject_vehicle,A_ProfileValid,MITSUBISHI,OUTLANDER,2024,UTILITY VEHICLE,10LPAS2,1,297.0,3000.0,-569.0,195.0,0.0,6.0,195.0,155.0,141.0,-1.0,195.0,99.3,128.0371039972398,297900.0,1.9637462235649548,0.2104733131923464,0.09318580413886356,0.6381620931716656,0.053908794788273616,0.10586319218241043,0.03440254932244647,-0.24207615400978516,"{""a_pillar_base_asym_delta"": null, ""delta_1"": null, ""delta_10"": null, ""delta_11"": null, ""delta_12"": null, ""delta_13"": null, ""delta_14"": null, ""delta_15"": null, ""delta_16"": null, ""delta_17"": null, ""delta_18"": null, ""delta_19"": null, ""delta_2"": null, ""delta_20"": null, ""delta_21"": null, ""delta_3"": null, ""delta_4"": null, ""delta_5"": null, ""delta_6"": null, ""delta_7"": null, ""delta_8"": null, ""delta_9"": null, ""door_leading_lower_asym_delta"": null, ""door_leading_upper_asym_delta"": null, ""door_trailing_lower_asym_delta"": null, ""door_trailing_upper_asym_delta"": null, ""firewall_side_asym_delta"": null, ""front_bumper_left_delta"": null, ""front_bumper_right_delta"": null, ""front_engine_block_delta"": null, ""front_engine_front_delta"": null, ""front_firewall_center_delta"": null, ""front_firewall_left_delta"": null, ""front_firewall_right_delta"": null, ""front_left_right_asym_delta"": null, ""front_left_right_bumper_asymmetry"": null, ""front_structural_delta"": null, ""front_structural_delta_median"": null, ""front_total_length_shortening"": null, ""rear_total_length_shortening"": null, ""total_length_shortening"": null}",,,,,61.79,closingSpeed,17.163888888888888,263076.9800385802,1786.0,1619.0,4701.0,1842.0,2701.0,1199.0,61.79,0.0,270.0,0.0,-56.0,0.0,27.0,90.0,NOT APPLICABLE,DIRECT ENGAGEMENT,DIRECT ENGAGEMENT,ITV
713,8051,853,2,side_impactor,subject_vehicle,A_ProfileValid,TOYOTA,TACOMA,2013,EXTENDED CAB PICKUP,09LPEW2,1,297.0,3600.0,-73.0,206.0,-186.0,-136.0,176.0,206.0,142.0,3.0,206.0,59.3,160.85676858621773,213480.0,3.473861720067454,1.3322091062394603,0.6139734664540717,0.681044267877412,0.032744340143567086,0.11374930977360574,0.022300345160204602,-0.027620128641695045,"{""a_pillar_base_asym_delta"": 19.0, ""delta_1"": 5.0, ""delta_10"": 12.0, ""delta_11"": 9.0, ""delta_12"": -19.0, ""delta_13"": 0.0, ""delta_14"": -5.0, ""delta_15"": 7.0, ""delta_16"": 21.0, ""delta_17"": 28.0, ""delta_18"": -9.0, ""delta_19"": 21.0, ""delta_2"": 11.0, ""delta_20"": 28.0, ""delta_21"": 182.0, ""delta_3"": null, ""delta_4"": 8.0, ""delta_5"": 0.0, ""delta_6"": -13.0, ""delta_7"": 8.0, ""delta_8"": 20.0, ""delta_9"": 24.0, ""door_leading_lower_asym_delta"": 21.0, ""door_leading_upper_asym_delta"": -8.0, ""door_trailing_lower_asym_delta"": -3.0, ""door_trailing_upper_asym_delta"": 4.0, ""firewall_side_asym_delta"": 12.0, ""front_bumper_left_delta"": 28.0, ""front_bumper_right_delta"": 21.0, ""front_engine_block_delta"": 182.0, ""front_engine_front_delta"": 11.0, ""front_firewall_center_delta"": null, ""front_firewall_left_delta"": 7.0, ""front_firewall_right_delta"": -5.0, ""front_left_right_asym_delta"": 7.0, ""front_left_right_bumper_asymmetry"": 7.0, ""front_structural_delta"": 11.0, ""front_structural_delta_median"": 11.0, ""front_total_length_shortening"": 5.0, ""rear_total_length_shortening"": null, ""total_length_shortening"": 5.0}",5.0,11.0,7.0,,62.49,closingSpeed,17.358333333333334,287451.39625000005,1908.0,1643.0,5286.0,1811.0,3233.0,1635.0,62.49,0.0,270.0,0.0,289.0,0.0,27.0,0.0,NOT APPLICABLE,DIRECT ENGAGEMENT,DIRECT ENGAGEMENT,ITV
1688,9249,2026,2,side_impactor,subject_vehicle,A_ProfileValid,FORD,EDGE,2015,UTILITY VEHICLE,10LPAW3,1,297.0,3000.0,-420.0,208.0,2.0,12.0,197.0,202.0,152.0,6.0,202.0,113.4,143.444065753868,340200.0,1.8342151675485008,0.2570546737213404,0.09622020491585709,0.6270903010033445,0.059031754294638215,0.10827693909422176,0.03701824056938015,-0.17558528428093645,"{""a_pillar_base_asym_delta"": 0.0, ""delta_1"": 0.0, ""delta_10"": 0.0, ""delta_11"": 0.0, ""delta_12"": 0.0, ""delta_13"": 0.0, ""delta_14"": 0.0, ""delta_15"": 0.0, ""delta_16"": 0.0, ""delta_17"": 0.0, ""delta_18"": 0.0, ""delta_19"": 0.0, ""delta_2"": 0.0, ""delta_20"": 0.0, ""delta_21"": 0.0, ""delta_3"": null, ""delta_4"": 0.0, ""delta_5"": 0.0, ""delta_6"": 0.0, ""delta_7"": 0.0, ""delta_8"": 0.0, ""delta_9"": 0.0, ""door_leading_lower_asym_delta"": 0.0, ""door_leading_upper_asym_delta"": 0.0, ""door_trailing_lower_asym_delta"": 0.0, ""door_trailing_upper_asym_delta"": 0.0, ""firewall_side_asym_delta"": 0.0, ""front_bumper_left_delta"": 0.0, ""front_bumper_right_delta"": 0.0, ""front_engine_block_delta"": 0.0, ""front_engine_front_delta"": 0.0, ""front_firewall_center_delta"": null, ""front_firewall_left_delta"": 0.0, ""front_firewall_right_delta"": 0.0, ""front_left_right_asym_delta"": 0.0, ""front_left_right_bumper_asymmetry"": 0.0, ""front_structural_delta"": 0.0, ""front_structural_delta_median"": 0.0, ""front_total_length_shortening"": 0.0, ""rear_total_length_shortening"": null, ""total_length_shortening"": 0.0}",0.0,0.0,0.0,,61.3,closingSpeed,17.027777777777775,290380.1338734567,2003.0,1693.0,4784.0,1921.0,2852.0,1264.0,61.3,0.0,270.0,0.0,-58.0,0.0,27.0,90.0,NOT APPLICABLE,DIRECT ENGAGEMENT,DIRECT ENGAGEMENT,ITV
3348,11661,3996,2,side_impactor,subject_vehicle,A_ProfileValid,ACURA,MDX,2022,UTILITY VEHICLE,10LPEW2,1,297.0,1990.0,-308.0,271.0,-116.0,151.0,157.0,132.0,153.0,10.0,157.0,108.0,137.88473447049896,214920.0,2.509259259259259,0.08564814814814815,0.04368501461012474,0.39847817380857026,0.053784860557768925,0.1349601593625498,0.02143209301360836,-0.12334801762114538,"{""a_pillar_base_asym_delta"": null, ""delta_1"": -3.0, ""delta_10"": null, ""delta_11"": null, ""delta_12"": null, ""delta_13"": null, ""delta_14"": null, ""delta_15"": null, ""delta_16"": null, ""delta_17"": null, ""delta_18"": null, ""delta_19"": -3.0, ""delta_2"": null, ""delta_20"": 5.0, ""delta_21"": null, ""delta_3"": null, ""delta_4"": null, ""delta_5"": null, ""delta_6"": null, ""delta_7"": null, ""delta_8"": null, ""delta_9"": null, ""door_leading_lower_asym_delta"": null, ""door_leading_upper_asym_delta"": null, ""door_trailing_lower_asym_delta"": null, ""door_trailing_upper_asym_delta"": null, ""firewall_side_asym_delta"": null, ""front_bumper_left_delta"": 5.0, ""front_bumper_right_delta"": -3.0, ""front_engine_block_delta"": null, ""front_engine_front_delta"": null, ""front_firewall_center_delta"": null, ""front_firewall_left_delta"": null, ""front_firewall_right_delta"": null, ""front_left_right_asym_delta"": 8.0, ""front_left_right_bumper_asymmetry"": 8.0, ""front_structural_delta"": 1.0, ""front_structural_delta_median"": 1.0, ""front_total_length_shortening"": -3.0, ""rear_total_length_shortening"": null, ""total_length_shortening"": -3.0}",-3.0,1.0,8.0,,61.99,closingSpeed,17.219444444444445,313706.80445987656,2116.0,1937.0,4994.0,2008.0,2890.0,1269.0,61.99,0.0,270.0,0.0,-76.0,0.0,27.0,,NOT APPLICABLE,DIRECT ENGAGEMENT,NOT APPLICABLE,ITV
3804,15306,4576,2,side_impactor,subject_vehicle,A_ProfileValid,HYUNDAI,SANTA FE,2024,UTILITY VEHICLE,09LPEW2,1,297.0,2850.0,-461.0,182.0,-4.0,143.0,118.0,182.0,-18.0,2.0,182.0,84.8,116.47403144048891,241680.0,2.1462264150943398,-0.25943396226415094,-0.11214396191351846,0.5884782159818295,0.04458464773922187,0.09568874868559411,0.02623709396175559,-0.1903778649597357,"{""a_pillar_base_asym_delta"": 5.0, ""delta_1"": 2.0, ""delta_10"": -1.0, ""delta_11"": -7.0, ""delta_12"": -5.0, ""delta_13"": 0.0, ""delta_14"": -14.0, ""delta_15"": 15.0, ""delta_16"": 6.0, ""delta_17"": 14.0, ""delta_18"": 3.0, ""delta_19"": 0.0, ""delta_2"": -4.0, ""delta_20"": 2.0, ""delta_21"": 119.0, ""delta_3"": 3.0, ""delta_4"": 1.0, ""delta_5"": 0.0, ""delta_6"": -1.0, ""delta_7"": -9.0, ""delta_8"": -10.0, ""delta_9"": -4.0, ""door_leading_lower_asym_delta"": -8.0, ""door_leading_upper_asym_delta"": -1.0, ""door_trailing_lower_asym_delta"": -6.0, ""door_trailing_upper_asym_delta"": 6.0, ""firewall_side_asym_delta"": 29.0, ""front_bumper_left_delta"": 2.0, ""front_bumper_right_delta"": 0.0, ""front_engine_block_delta"": 119.0, ""front_engine_front_delta"": -4.0, ""front_firewall_center_delta"": 3.0, ""front_firewall_left_delta"": 15.0, ""front_firewall_right_delta"": -14.0, ""front_left_right_asym_delta"": 2.0, ""front_left_right_bumper_asymmetry"": 2.0, ""front_structural_delta"": 1.0, ""front_structural_delta_median"": 1.0, ""front_total_length_shortening"": 2.0, ""rear_total_length_shortening"": null, ""total_length_shortening"": 2.0}",2.0,1.0,2.0,,62.16,closingSpeed,17.266666666666666,312150.25333333336,2094.0,1970.0,4843.0,1902.0,2816.0,1282.0,62.16,0.0,270.0,0.0,-30.0,0.0,27.0,0.0,NOT APPLICABLE,DIRECT ENGAGEMENT,DIRECT ENGAGEMENT,ITV
1417,8666,1691,2,side_impactor,subject_vehicle,A_ProfileValid,CHEVROLET,CAPTIVA,2014,UTILITY VEHICLE,03LPAW2,1,297.0,1950.0,-133.0,269.0,146.0,229.0,235.0,265.0,233.0,45.0,265.0,211.5,220.83953450412812,412425.0,1.2718676122931443,-0.02269503546099291,-0.01692417825894024,0.4251144538914323,0.11842105263157894,0.1506159014557671,0.050342501118722245,-0.05798997165903641,"{""a_pillar_base_asym_delta"": 0.0, ""delta_1"": 0.0, ""delta_10"": 0.0, ""delta_11"": 0.0, ""delta_12"": 0.0, ""delta_13"": 0.0, ""delta_14"": 0.0, ""delta_15"": 0.0, ""delta_16"": 0.0, ""delta_17"": 0.0, ""delta_18"": 0.0, ""delta_19"": 0.0, ""delta_2"": 0.0, ""delta_20"": 30.0, ""delta_21"": 0.0, ""delta_3"": null, ""delta_4"": 0.0, ""delta_5"": 0.0, ""delta_6"": 0.0, ""delta_7"": 0.0, ""delta_8"": 0.0, ""delta_9"": 0.0, ""door_leading_lower_asym_delta"": 0.0, ""door_leading_upper_asym_delta"": 0.0, ""door_trailing_lower_asym_delta"": 0.0, ""door_trailing_upper_asym_delta"": 0.0, ""firewall_side_asym_delta"": 0.0, ""front_bumper_left_delta"": 30.0, ""front_bumper_right_delta"": 0.0, ""front_engine_block_delta"": 0.0, ""front_engine_front_delta"": 0.0, ""front_firewall_center_delta"": null, ""front_firewall_left_delta"": 0.0, ""front_firewall_right_delta"": 0.0, ""front_left_right_asym_delta"": 30.0, ""front_left_right_bumper_asymmetry"": 30.0, ""front_structural_delta"": 0.0, ""front_structural_delta_median"": 0.0, ""front_total_length_shortening"": 0.0, ""rear_total_length_shortening"": null, ""total_length_shortening"": 0.0}",0.0,0.0,30.0,,61.85,closingSpeed,17.180555555555557,284545.31558641983,1928.0,1704.0,4587.0,1786.0,2705.0,1247.0,61.85,0.0,270.0,0.0,4.0,0.0,27.0,0.0,NOT APPLICABLE,DIRECT ENGAGEMENT,NOT APPLICABLE,ITV
2848,10708,3382,2,side_impactor,subject_vehicle,A_ProfileValid,TOYOTA,RAV4,2019,UTILITY VEHICLE,09LPEW2,1,297.0,2850.0,-469.0,217.0,5.0,154.0,161.0,217.0,2.0,2.0,217.0,107.5,139.10032350789123,306375.0,2.0186046511627906,-0.20744186046511628,-0.09418908781249367,0.6211857018308631,0.0589687328579265,0.11903455842018651,0.03663053370642775,-0.20444638186573671,"{""a_pillar_base_asym_delta"": 0.0, ""delta_1"": 20.0, ""delta_10"": 8.0, ""delta_11"": 0.0, ""delta_12"": -5.0, ""delta_13"": -5.0, ""delta_14"": -7.0, ""delta_15"": 39.0, ""delta_16"": 1.0, ""delta_17"": 49.0, ""delta_18"": -22.0, ""delta_19"": -6.0, ""delta_2"": -28.0, ""delta_20"": 2.0, ""delta_21"": 135.0, ""delta_3"": null, ""delta_4"": -2.0, ""delta_5"": 2.0, ""delta_6"": -8.0, ""delta_7"": 11.0, ""delta_8"": -31.0, ""delta_9"": -2.0, ""door_leading_lower_asym_delta"": 19.0, ""door_leading_upper_asym_delta"": 4.0, ""door_trailing_lower_asym_delta"": -8.0, ""door_trailing_upper_asym_delta"": 29.0, ""firewall_side_asym_delta"": 46.0, ""front_bumper_left_delta"": 2.0, ""front_bumper_right_delta"": -6.0, ""front_engine_block_delta"": 135.0, ""front_engine_front_delta"": -28.0, ""front_firewall_center_delta"": null, ""front_firewall_left_delta"": 39.0, ""front_firewall_right_delta"": -7.0, ""front_left_right_asym_delta"": 8.0, ""front_left_right_bumper_asymmetry"": 8.0, ""front_structural_delta"": -6.0, ""front_structural_delta_median"": -6.0, ""front_total_length_shortening"": 20.0, ""rear_total_length_shortening"": null, ""total_length_shortening"": 20.0}",20.0,-6.0,8.0,,61.86,closingSpeed,17.183333333333334,253781.93875000003,1719.0,1530.0,4588.0,1823.0,2687.0,1209.0,61.86,0.0,270.0,0.0,-28.0,0.0,27.0,0.0,NOT APPLICABLE,DIRECT ENGAGEMENT,DIRECT ENGAGEMENT,ITV
2019,9697,2420,2,side_impactor,subject_vehicle,A_ProfileValid,VOLVO,XC90 T8,2016,UTILITY VEHICLE,10LPEW2,1,297.0,2050.0,113.0,180.0,16.0,180.0,146.0,166.0,131.0,12.0,180.0,127.4,140.45141508721085,261170.0,1.41287284144427,-0.0565149136577708,-0.017849992690941216,0.4149797570850202,0.06631962519521083,0.09370119729307652,0.027521301953478176,0.045748987854251015,"{""a_pillar_base_asym_delta"": 0.0, ""delta_1"": -19.0, ""delta_10"": 0.0, ""delta_11"": 0.0, ""delta_12"": 0.0, ""delta_13"": 0.0, ""delta_14"": 0.0, ""delta_15"": 0.0, ""delta_16"": 0.0, ""delta_17"": 0.0, ""delta_18"": 0.0, ""delta_19"": -7.0, ""delta_2"": 0.0, ""delta_20"": 3.0, ""delta_21"": 0.0, ""delta_3"": null, ""delta_4"": 0.0, ""delta_5"": 0.0, ""delta_6"": 0.0, ""delta_7"": 0.0, ""delta_8"": 0.0, ""delta_9"": 0.0, ""door_leading_lower_asym_delta"": 0.0, ""door_leading_upper_asym_delta"": 0.0, ""door_trailing_lower_asym_delta"": 0.0, ""door_trailing_upper_asym_delta"": 0.0, ""firewall_side_asym_delta"": 0.0, ""front_bumper_left_delta"": 3.0, ""front_bumper_right_delta"": -7.0, ""front_engine_block_delta"": 0.0, ""front_engine_front_delta"": 0.0, ""front_firewall_center_delta"": null, ""front_firewall_left_delta"": 0.0, ""front_firewall_right_delta"": 0.0, ""front_left_right_asym_delta"": 10.0, ""front_left_right_bumper_asymmetry"": 10.0, ""front_structural_delta"": 0.0, ""front_structural_delta_median"": 0.0, ""front_total_length_shortening"": -19.0, ""rear_total_length_shortening"": null, ""total_length_shortening"": -19.0}",-19.0,0.0,10.0,,61.44,closingSpeed,17.066666666666666,365253.9733333333,2508.0,2313.0,4940.0,1921.0,2984.0,1470.0,61.44,0.0,270.0,0.0,117.0,0.0,27.0,0.0,NOT APPLICABLE,DIRECT ENGAGEMENT,NOT APPLICABLE,ITV
2792,10636,3309,2,side_impactor,subject_vehicle,A_ProfileValid,MITSUBISHI,OUTLANDER PHEV,2018,UTILITY VEHICLE,10LPEW2,1,297.0,2096.0,-44.0,226.0,4.0,178.0,218.0,193.0,226.0,184.0,226.0,181.79999999999998,192.07758848965173,381052.8,1.2431243124312432,0.13118811881188128,0.05594957790022073,0.44690831556503197,0.1029445073612684,0.12797281993204984,0.0460067563814965,-0.018763326226012792,"{""a_pillar_base_asym_delta"": 0.0, ""delta_1"": 9.0, ""delta_10"": 0.0, ""delta_11"": 0.0, ""delta_12"": 0.0, ""delta_13"": 0.0, ""delta_14"": 0.0, ""delta_15"": 0.0, ""delta_16"": 0.0, ""delta_17"": 0.0, ""delta_18"": 0.0, ""delta_19"": -3.0, ""delta_2"": 0.0, ""delta_20"": -14.0, ""delta_21"": 0.0, ""delta_3"": null, ""delta_4"": 0.0, ""delta_5"": 0.0, ""delta_6"": 0.0, ""delta_7"": 0.0, ""delta_8"": 0.0, ""delta_9"": 0.0, ""door_leading_lower_asym_delta"": 0.0, ""door_leading_upper_asym_delta"": 0.0, ""door_trailing_lower_asym_delta"": 0.0, ""door_trailing_upper_asym_delta"": 0.0, ""firewall_side_asym_delta"": 0.0, ""front_bumper_left_delta"": -14.0, ""front_bumper_right_delta"": -3.0, ""front_engine_block_delta"": 0.0, ""front_engine_front_delta"": 0.0, ""front_firewall_center_delta"": null, ""front_firewall_left_delta"": 0.0, ""front_firewall_right_delta"": 0.0, ""front_left_right_asym_delta"": -11.0, ""front_left_right_bumper_asymmetry"": -11.0, ""front_structural_delta"": 0.0, ""front_structural_delta_median"": 0.0, ""front_total_length_shortening"": 9.0, ""rear_total_length_shortening"": null, ""total_length_shortening"": 9.0}",9.0,0.0,-11.0,,62.35,closingSpeed,17.319444444444443,311961.68209876533,2080.0,1924.0,4690.0,1766.0,2670.0,1251.0,62.35,0.0,270.0,0.0,25.0,0.0,27.0,0.0,NOT APPLICABLE,DIRECT ENGAGEMENT,NOT APPLICABLE,ITV
1502,8980,1799,2,side_impactor,subject_vehicle,A_ProfileValid,CADILLAC,ATS,2015,FOUR DOOR SEDAN,03LPAW2,1,297.0,2025.0,-32.0,201.0,18.0,197.0,161.0,184.0,149.0,77.0,197.0,147.7,157.42522034286628,299092.5,1.3608666215301288,-0.0016926201760324984,0.003120643511147741,0.4348292892420013,0.08401592718998861,0.11433447098976109,0.03653258590503048,-0.0137427528451793,"{""a_pillar_base_asym_delta"": 0.0, ""delta_1"": -3.0, ""delta_10"": 0.0, ""delta_11"": 0.0, ""delta_12"": 0.0, ""delta_13"": 0.0, ""delta_14"": 0.0, ""delta_15"": 0.0, ""delta_16"": 0.0, ""delta_17"": 0.0, ""delta_18"": 0.0, ""delta_19"": 0.0, ""delta_2"": 0.0, ""delta_20"": 23.0, ""delta_21"": 0.0, ""delta_3"": null, ""delta_4"": 0.0, ""delta_5"": 0.0, ""delta_6"": 0.0, ""delta_7"": 0.0, ""delta_8"": 0.0, ""delta_9"": 0.0, ""door_leading_lower_asym_delta"": 0.0, ""door_leading_upper_asym_delta"": 0.0, ""door_trailing_lower_asym_delta"": 0.0, ""door_trailing_upper_asym_delta"": 0.0, ""firewall_side_asym_delta"": 0.0, ""front_bumper_left_delta"": 23.0, ""front_bumper_right_delta"": 0.0, ""front_engine_block_delta"": 0.0, ""front_engine_front_delta"": 0.0, ""front_firewall_center_delta"": null, ""front_firewall_left_delta"": 0.0, ""front_firewall_right_delta"": 0.0, ""front_left_right_asym_delta"": 23.0, ""front_left_right_bumper_asymmetry"": 23.0, ""front_structural_delta"": 0.0, ""front_structural_delta_median"": 0.0, ""front_total_length_shortening"": -3.0, ""rear_total_length_shortening"": null, ""total_length_shortening"": -3.0}",-3.0,0.0,23.0,,61.91,closingSpeed,17.19722222222222,254192.35663194436,1719.0,1540.0,4657.0,1758.0,2777.0,1428.0,61.91,0.0,270.0,0.0,142.0,0.0,27.0,0.0,NOT APPLICABLE,DIRECT ENGAGEMENT,NOT APPLICABLE,ITV
2805,10646,3326,2,side_impactor,subject_vehicle,A_ProfileValid,TOYOTA,COROLLA,2019,FIVE DOOR HATCHBACK,10LPEW2,1,297.0,1840.0,-275.0,169.0,94.0,140.0,155.0,145.0,169.0,60.0,169.0,137.2,141.0170202493302,252448.0,1.2317784256559767,0.006559766763848397,-0.0009813732425118622,0.4207637777269609,0.0775141242937853,0.09548022598870057,0.032615135765050304,-0.12577178138577635,"{""a_pillar_base_asym_delta"": 0.0, ""delta_1"": 6.0, ""delta_10"": 0.0, ""delta_11"": 0.0, ""delta_12"": 0.0, ""delta_13"": 0.0, ""delta_14"": 0.0, ""delta_15"": 0.0, ""delta_16"": 0.0, ""delta_17"": 0.0, ""delta_18"": 0.0, ""delta_19"": 1.0, ""delta_2"": 0.0, ""delta_20"": 20.0, ""delta_21"": 0.0, ""delta_3"": null, ""delta_4"": 0.0, ""delta_5"": 0.0, ""delta_6"": 0.0, ""delta_7"": 0.0, ""delta_8"": 0.0, ""delta_9"": 0.0, ""door_leading_lower_asym_delta"": 0.0, ""door_leading_upper_asym_delta"": 0.0, ""door_trailing_lower_asym_delta"": 0.0, ""door_trailing_upper_asym_delta"": 0.0, ""firewall_side_asym_delta"": 0.0, ""front_bumper_left_delta"": 20.0, ""front_bumper_right_delta"": 1.0, ""front_engine_block_delta"": 0.0, ""front_engine_front_delta"": 0.0, ""front_firewall_center_delta"": null, ""front_firewall_left_delta"": 0.0, ""front_firewall_right_delta"": 0.0, ""front_left_right_asym_delta"": 19.0, ""front_left_right_bumper_asymmetry"": 19.0, ""front_structural_delta"": 0.0, ""front_structural_delta_median"": 0.0, ""front_total_length_shortening"": 6.0, ""rear_total_length_shortening"": null, ""total_length_shortening"": 6.0}",6.0,0.0,19.0,,62.14,closingSpeed,17.26111111111111,228524.54885802462,1534.0,1370.0,4373.0,1770.0,2640.0,1115.0,62.14,0.0,270.0,0.0,-105.0,0.0,27.0,0.0,NOT APPLICABLE,DIRECT ENGAGEMENT,NOT APPLICABLE,ITV
6,7259,9,2,side_impactor,subject_vehicle,A_ProfileValid,TOYOTA,CAMRY,2011,FOUR DOOR SEDAN,,0,297.0,2700.0,680.0,230.0,0.0,13.0,212.0,217.0,176.0,0.0,217.0,123.6,156.95731903928532,333720.0,1.86084142394822,0.2698220064724919,0.08981491582124286,0.5617977528089888,0.0679494227597581,0.12644310060472788,0.03817383301110006,0.28297960882230544,"{""a_pillar_base_asym_delta"": 0.0, ""delta_1"": 0.0, ""delta_10"": 0.0, ""delta_11"": 0.0, ""delta_12"": 0.0, ""delta_13"": 0.0, ""delta_14"": 0.0, ""delta_15"": 0.0, ""delta_16"": 0.0, ""delta_17"": 0.0, ""delta_18"": 0.0, ""delta_19"": 0.0, ""delta_2"": 0.0, ""delta_20"": 0.0, ""delta_21"": 0.0, ""delta_3"": null, ""delta_4"": 0.0, ""delta_5"": 0.0, ""delta_6"": 0.0, ""delta_7"": 0.0, ""delta_8"": 0.0, ""delta_9"": 0.0, ""door_leading_lower_asym_delta"": 0.0, ""door_leading_upper_asym_delta"": 0.0, ""door_trailing_lower_asym_delta"": 0.0, ""door_trailing_upper_asym_delta"": 0.0, ""firewall_side_asym_delta"": 0.0, ""front_bumper_left_delta"": 0.0, ""front_bumper_right_delta"": 0.0, ""front_engine_block_delta"": 0.0, ""front_engine_front_delta"": 0.0, ""front_firewall_center_delta"": null, ""front_firewall_left_delta"": 0.0, ""front_firewall_right_delta"": 0.0, ""front_left_right_asym_delta"": 0.0, ""front_left_right_bumper_asymmetry"": 0.0, ""front_structural_delta"": 0.0, ""front_structural_delta_median"": 0.0, ""front_total_length_shortening"": 0.0, ""rear_total_length_shortening"": null, ""total_length_shortening"": 0.0}",0.0,0.0,0.0,,62.31,closingSpeed,17.308333333333334,250896.91232638888,1675.0,1477.0,4806.0,1819.0,2774.0,1240.0,62.31,0.0,270.0,0.0,447.0,0.0,27.0,0.0,NOT APPLICABLE,DIRECT ENGAGEMENT,DIRECT ENGAGEMENT,ITV
512,7855,619,2,side_impactor,subject_vehicle,C_MaxOnly,CHEVROLET,MALIBU ECO EASSIST,2013,FOUR DOOR SEDAN,03LPAW2,1,297.0,3600.0,0.0,239.0,0.0,0.0,0.0,0.0,0.0,0.0,0.0,0.0,0.0,0.0,,,,0.7361963190184049,0.0,0.13131868131868132,0.0,0.0,"{""a_pillar_base_asym_delta"": 0.0, ""delta_1"": 8.0, ""delta_10"": 0.0, ""delta_11"": 0.0, ""delta_12"": 0.0, ""delta_13"": 0.0, ""delta_14"": 0.0, ""delta_15"": 0.0, ""delta_16"": 0.0, ""delta_17"": 0.0, ""delta_18"": 0.0, ""delta_19"": 3.0, ""delta_2"": 0.0, ""delta_20"": 11.0, ""delta_21"": 0.0, ""delta_3"": null, ""delta_4"": 0.0, ""delta_5"": 0.0, ""delta_6"": 0.0, ""delta_7"": 0.0, ""delta_8"": 0.0, ""delta_9"": 0.0, ""door_leading_lower_asym_delta"": 0.0, ""door_leading_upper_asym_delta"": 0.0, ""door_trailing_lower_asym_delta"": 0.0, ""door_trailing_upper_asym_delta"": 0.0, ""firewall_side_asym_delta"": 0.0, ""front_bumper_left_delta"": 11.0, ""front_bumper_right_delta"": 3.0, ""front_engine_block_delta"": 0.0, ""front_engine_front_delta"": 0.0, ""front_firewall_center_delta"": null, ""front_firewall_left_delta"": 0.0, ""front_firewall_right_delta"": 0.0, ""front_left_right_asym_delta"": 8.0, ""front_left_right_bumper_asymmetry"": 8.0, ""front_structural_delta"": 0.0, ""front_structural_delta_median"": 0.0, ""front_total_length_shortening"": 8.0, ""rear_total_length_shortening"": null, ""total_length_shortening"": 8.0}",8.0,0.0,8.0,,62.2,closingSpeed,17.27777777777778,271953.18209876545,1822.0,1628.0,4890.0,1820.0,2740.0,1198.0,62.2,0.0,270.0,0.0,-76.0,0.0,27.0,0.0,NOT APPLICABLE,DIRECT ENGAGEMENT,NOT APPLICABLE,ITV
1795,9486,2156,2,side_impactor,subject_vehicle,A_ProfileValid,FORD,EXPLORER,2016,UTILITY VEHICLE,09LPEW2,1,297.0,2850.0,-365.0,238.0,27.0,19.0,238.0,195.0,168.0,-15.0,238.0,125.2,157.30924956912102,356820.0,1.900958466453674,0.1529552715654952,0.053986197931020066,0.5651397977394408,0.06342451874366768,0.12056737588652482,0.035843719694517724,-0.14475510608764625,"{""a_pillar_base_asym_delta"": 1.0, ""delta_1"": 2.0, ""delta_10"": 3.0, ""delta_11"": 2.0, ""delta_12"": -1.0, ""delta_13"": 0.0, ""delta_14"": -6.0, ""delta_15"": 69.0, ""delta_16"": 2.0, ""delta_17"": 20.0, ""delta_18"": 2.0, ""delta_19"": 4.0, ""delta_2"": -11.0, ""delta_20"": 1.0, ""delta_21"": 112.0, ""delta_3"": null, ""delta_4"": 4.0, ""delta_5"": 0.0, ""delta_6"": 15.0, ""delta_7"": -1.0, ""delta_8"": 2.0, ""delta_9"": -11.0, ""door_leading_lower_asym_delta"": -16.0, ""door_leading_upper_asym_delta"": -4.0, ""door_trailing_lower_asym_delta"": -1.0, ""door_trailing_upper_asym_delta"": -13.0, ""firewall_side_asym_delta"": 75.0, ""front_bumper_left_delta"": 1.0, ""front_bumper_right_delta"": 4.0, ""front_engine_block_delta"": 112.0, ""front_engine_front_delta"": -11.0, ""front_firewall_center_delta"": null, ""front_firewall_left_delta"": 69.0, ""front_firewall_right_delta"": -6.0, ""front_left_right_asym_delta"": -3.0, ""front_left_right_bumper_asymmetry"": -3.0, ""front_structural_delta"": 1.0, ""front_structural_delta_median"": 1.0, ""front_total_length_shortening"": 2.0, ""rear_total_length_shortening"": null, ""total_length_shortening"": 2.0}",2.0,1.0,-3.0,,61.56,closingSpeed,17.1,331885.35000000003,2270.0,2014.0,5043.0,1974.0,2864.0,2270.0,61.56,0.0,270.0,0.0,61.0,0.0,27.0,0.0,NOT APPLICABLE,DIRECT ENGAGEMENT,DIRECT ENGAGEMENT,ITV
1869,9513,2245,2,side_impactor,subject_vehicle,A_ProfileValid,JEEP,RENEGADE,2016,UTILITY VEHICLE,10LPEW2,1,297.0,1900.0,243.0,118.0,-47.0,118.0,26.0,80.0,65.0,-116.0,118.0,41.5,81.31113084934928,78850.0,2.8433734939759034,-0.22650602409638554,-0.1198285241887143,0.4480075453902381,0.02341986455981941,0.06659142212189616,0.010492276034816525,0.11459561424192408,"{""a_pillar_base_asym_delta"": 0.0, ""delta_1"": 31.0, ""delta_10"": 0.0, ""delta_11"": 0.0, ""delta_12"": 0.0, ""delta_13"": 0.0, ""delta_14"": 0.0, ""delta_15"": 0.0, ""delta_16"": 0.0, ""delta_17"": 0.0, ""delta_18"": 0.0, ""delta_19"": -18.0, ""delta_2"": 0.0, ""delta_20"": 0.0, ""delta_21"": 0.0, ""delta_3"": null, ""delta_4"": 0.0, ""delta_5"": 0.0, ""delta_6"": 0.0, ""delta_7"": 0.0, ""delta_8"": 0.0, ""delta_9"": 0.0, ""door_leading_lower_asym_delta"": 0.0, ""door_leading_upper_asym_delta"": 0.0, ""door_trailing_lower_asym_delta"": 0.0, ""door_trailing_upper_asym_delta"": 0.0, ""firewall_side_asym_delta"": 0.0, ""front_bumper_left_delta"": 0.0, ""front_bumper_right_delta"": -18.0, ""front_engine_block_delta"": 0.0, ""front_engine_front_delta"": 0.0, ""front_firewall_center_delta"": null, ""front_firewall_left_delta"": 0.0, ""front_firewall_right_delta"": 0.0, ""front_left_right_asym_delta"": 18.0, ""front_left_right_bumper_asymmetry"": 18.0, ""front_structural_delta"": 0.0, ""front_structural_delta_median"": 0.0, ""front_total_length_shortening"": 31.0, ""rear_total_length_shortening"": null, ""total_length_shortening"": 31.0}",31.0,0.0,18.0,,61.63,closingSpeed,17.119444444444444,234899.9155362654,1603.0,1387.0,4241.0,1772.0,2570.0,1152.0,61.63,0.0,270.0,0.0,-23.0,0.0,27.0,0.0,NOT APPLICABLE,DIRECT ENGAGEMENT,NOT APPLICABLE,ITV
2980,10964,3551,2,side_impactor,subject_vehicle,A_ProfileValid,NISSAN,MAXIMA,2020,FOUR DOOR SEDAN,10LPEW2,1,297.0,1854.0,-253.0,277.0,66.0,273.0,227.0,227.0,225.0,61.0,273.0,203.10000000000002,215.5228526166077,376547.4,1.3638601674052189,-0.04972919743968487,-0.011652622523801144,0.3780587275693312,0.10925228617536312,0.1490048413125336,0.04130378029549821,-0.10318107667210441,"{""a_pillar_base_asym_delta"": 0.0, ""delta_1"": 11.0, ""delta_10"": 0.0, ""delta_11"": 0.0, ""delta_12"": 0.0, ""delta_13"": 0.0, ""delta_14"": 0.0, ""delta_15"": 0.0, ""delta_16"": 0.0, ""delta_17"": 0.0, ""delta_18"": 0.0, ""delta_19"": -7.0, ""delta_2"": 0.0, ""delta_20"": 29.0, ""delta_21"": 0.0, ""delta_3"": null, ""delta_4"": 0.0, ""delta_5"": 0.0, ""delta_6"": 0.0, ""delta_7"": 0.0, ""delta_8"": 0.0, ""delta_9"": 0.0, ""door_leading_lower_asym_delta"": 0.0, ""door_leading_upper_asym_delta"": 0.0, ""door_trailing_lower_asym_delta"": 0.0, ""door_trailing_upper_asym_delta"": 0.0, ""firewall_side_asym_delta"": 0.0, ""front_bumper_left_delta"": 29.0, ""front_bumper_right_delta"": -7.0, ""front_engine_block_delta"": 0.0, ""front_engine_front_delta"": 0.0, ""front_firewall_center_delta"": null, ""front_firewall_left_delta"": 0.0, ""front_firewall_right_delta"": 0.0, ""front_left_right_asym_delta"": 36.0, ""front_left_right_bumper_asymmetry"": 36.0, ""front_structural_delta"": 0.0, ""front_structural_delta_median"": 0.0, ""front_total_length_shortening"": 11.0, ""rear_total_length_shortening"": null, ""total_length_shortening"": 11.0}",11.0,0.0,36.0,,61.76,closingSpeed,17.155555555555555,265764.717037037,1806.0,1615.0,4904.0,1859.0,2772.0,1206.0,61.76,0.0,270.0,0.0,1361.0,0.0,27.0,0.0,NOT APPLICABLE,DIRECT ENGAGEMENT,NOT APPLICABLE,ITV
2555,10170,3041,2,side_impactor,subject_vehicle,A_ProfileValid,AUDI,Q5,2018,UTILITY VEHICLE,10LPAS2,1,297.0,3300.0,-194.0,184.0,-1.0,6.0,178.0,167.0,85.0,8.0,178.0,87.9,115.64298508772592,290070.0,2.0932878270762227,0.17121729237770195,0.08011465466583235,0.7084585659081151,0.04643423137876387,0.09720021130480719,0.03289672897164465,-0.08329755259768142,"{""a_pillar_base_asym_delta"": 0.0, ""delta_1"": 0.0, ""delta_10"": 0.0, ""delta_11"": 0.0, ""delta_12"": 0.0, ""delta_13"": 0.0, ""delta_14"": 0.0, ""delta_15"": 0.0, ""delta_16"": 0.0, ""delta_17"": 0.0, ""delta_18"": 0.0, ""delta_19"": 0.0, ""delta_2"": 0.0, ""delta_20"": 0.0, ""delta_21"": 0.0, ""delta_3"": null, ""delta_4"": 0.0, ""delta_5"": 0.0, ""delta_6"": 0.0, ""delta_7"": 0.0, ""delta_8"": 0.0, ""delta_9"": 0.0, ""door_leading_lower_asym_delta"": 0.0, ""door_leading_upper_asym_delta"": 0.0, ""door_trailing_lower_asym_delta"": 0.0, ""door_trailing_upper_asym_delta"": 0.0, ""firewall_side_asym_delta"": 0.0, ""front_bumper_left_delta"": 0.0, ""front_bumper_right_delta"": 0.0, ""front_engine_block_delta"": 0.0, ""front_engine_front_delta"": 0.0, ""front_firewall_center_delta"": null, ""front_firewall_left_delta"": 0.0, ""front_firewall_right_delta"": 0.0, ""front_left_right_asym_delta"": 0.0, ""front_left_right_bumper_asymmetry"": 0.0, ""front_structural_delta"": 0.0, ""front_structural_delta_median"": 0.0, ""front_total_length_shortening"": 0.0, ""rear_total_length_shortening"": null, ""total_length_shortening"": 0.0}",0.0,0.0,0.0,,61.83,closingSpeed,17.175,314744.326875,2134.0,1879.0,4658.0,1893.0,2823.0,1477.0,61.83,0.0,270.0,0.0,168.0,0.0,27.0,90.0,NOT APPLICABLE,DIRECT ENGAGEMENT,DIRECT ENGAGEMENT,ITV
408,7650,492,2,side_impactor,subject_vehicle,A_ProfileValid,FORD,F250 PICKUP,2012,4 DOOR PICKUP,10LPAW3,1,297.0,3000.0,91.0,411.0,43.0,229.0,411.0,342.0,281.0,42.0,411.0,261.1,289.5145937599692,783300.0,1.5741095365760245,-0.00019149751053236308,0.006183043326852927,0.47763095048559145,0.128494094488189,0.20226377952755906,0.0613727564821791,0.028976277662792548,"{""a_pillar_base_asym_delta"": 0.0, ""delta_1"": 0.0, ""delta_10"": 0.0, ""delta_11"": 0.0, ""delta_12"": 0.0, ""delta_13"": 0.0, ""delta_14"": 0.0, ""delta_15"": 0.0, ""delta_16"": 0.0, ""delta_17"": 0.0, ""delta_18"": 0.0, ""delta_19"": 0.0, ""delta_2"": 0.0, ""delta_20"": 0.0, ""delta_21"": 0.0, ""delta_3"": null, ""delta_4"": 0.0, ""delta_5"": 0.0, ""delta_6"": 0.0, ""delta_7"": 0.0, ""delta_8"": 0.0, ""delta_9"": 0.0, ""door_leading_lower_asym_delta"": 0.0, ""door_leading_upper_asym_delta"": 0.0, ""door_trailing_lower_asym_delta"": 0.0, ""door_trailing_upper_asym_delta"": 0.0, ""firewall_side_asym_delta"": 0.0, ""front_bumper_left_delta"": 0.0, ""front_bumper_right_delta"": 0.0, ""front_engine_block_delta"": 0.0, ""front_engine_front_delta"": 0.0, ""front_firewall_center_delta"": null, ""front_firewall_left_delta"": 0.0, ""front_firewall_right_delta"": 0.0, ""front_left_right_asym_delta"": 0.0, ""front_left_right_bumper_asymmetry"": 0.0, ""front_structural_delta"": 0.0, ""front_structural_delta_median"": 0.0, ""front_total_length_shortening"": 0.0, ""rear_total_length_shortening"": null, ""total_length_shortening"": 0.0}",0.0,0.0,0.0,,62.06,closingSpeed,17.23888888888889,480093.14319444454,3231.0,2975.0,6281.0,2032.0,3985.0,1873.0,62.06,0.0,270.0,0.0,528.0,0.0,27.0,90.0,NOT APPLICABLE,DIRECT ENGAGEMENT,DIRECT ENGAGEMENT,ITV
3766,15384,4525,2,side_impactor,subject_vehicle,A_ProfileValid,BMW,i4,2024,FOUR DOOR SEDAN,,0,297.0,2700.0,-79.0,129.0,8.0,95.0,89.0,129.0,39.0,2.0,129.0,71.4,83.83555331719353,192780.0,1.80672268907563,-0.08123249299719888,-0.045175965122891265,0.5639097744360902,0.03882544861337684,0.0701468189233279,0.021894049969949342,-0.032999164578111945,"{""a_pillar_base_asym_delta"": 19.0, ""delta_1"": 3.0, ""delta_10"": -10.0, ""delta_11"": -16.0, ""delta_12"": -19.0, ""delta_13"": 0.0, ""delta_14"": -17.0, ""delta_15"": -4.0, ""delta_16"": 1.0, ""delta_17"": 48.0, ""delta_18"": -53.0, ""delta_19"": 1.0, ""delta_2"": -2.0, ""delta_20"": 4.0, ""delta_21"": 74.0, ""delta_3"": -2.0, ""delta_4"": 1.0, ""delta_5"": 0.0, ""delta_6"": -5.0, ""delta_7"": -16.0, ""delta_8"": -19.0, ""delta_9"": -7.0, ""door_leading_lower_asym_delta"": -11.0, ""door_leading_upper_asym_delta"": -1.0, ""door_trailing_lower_asym_delta"": -6.0, ""door_trailing_upper_asym_delta"": 12.0, ""firewall_side_asym_delta"": 13.0, ""front_bumper_left_delta"": 4.0, ""front_bumper_right_delta"": 1.0, ""front_engine_block_delta"": 74.0, ""front_engine_front_delta"": -2.0, ""front_firewall_center_delta"": -2.0, ""front_firewall_left_delta"": -4.0, ""front_firewall_right_delta"": -17.0, ""front_left_right_asym_delta"": 3.0, ""front_left_right_bumper_asymmetry"": 3.0, ""front_structural_delta"": -2.0, ""front_structural_delta_median"": -2.0, ""front_total_length_shortening"": 3.0, ""rear_total_length_shortening"": null, ""total_length_shortening"": 3.0}",3.0,-2.0,3.0,,53.23,closingSpeed,14.78611111111111,247378.80604552463,2263.0,2059.0,4788.0,1839.0,2858.0,1610.0,53.23,0.0,270.0,0.0,281.0,0.0,27.0,0.0,NOT APPLICABLE,DIRECT ENGAGEMENT,DIRECT ENGAGEMENT,ITV
2578,10181,3068,2,side_impactor,subject_vehicle,A_ProfileValid,NISSAN,ARMADA,2018,UTILITY VEHICLE,09LPEW2,1,297.0,3000.0,-91.0,180.0,-5.0,100.0,146.0,143.0,177.0,35.0,177.0,116.2,129.3978361488321,348600.0,1.549053356282272,0.16308089500860584,0.06387447367660887,0.5657175183858193,0.058216432865731464,0.09018036072144289,0.032934055930076256,-0.034320196115406376,"{""a_pillar_base_asym_delta"": -8.0, ""delta_1"": 12.0, ""delta_10"": -3.0, ""delta_11"": 0.0, ""delta_12"": 8.0, ""delta_13"": 0.0, ""delta_14"": 0.0, ""delta_15"": -17.0, ""delta_16"": 0.0, ""delta_17"": 25.0, ""delta_18"": 8.0, ""delta_19"": 4.0, ""delta_2"": -10.0, ""delta_20"": 17.0, ""delta_21"": 107.0, ""delta_3"": null, ""delta_4"": 12.0, ""delta_5"": 0.0, ""delta_6"": 4.0, ""delta_7"": 10.0, ""delta_8"": -1.0, ""delta_9"": 24.0, ""door_leading_lower_asym_delta"": 6.0, ""door_leading_upper_asym_delta"": -12.0, ""door_trailing_lower_asym_delta"": 3.0, ""door_trailing_upper_asym_delta"": 25.0, ""firewall_side_asym_delta"": -17.0, ""front_bumper_left_delta"": 17.0, ""front_bumper_right_delta"": 4.0, ""front_engine_block_delta"": 107.0, ""front_engine_front_delta"": -10.0, ""front_firewall_center_delta"": null, ""front_firewall_left_delta"": -17.0, ""front_firewall_right_delta"": 0.0, ""front_left_right_asym_delta"": 13.0, ""front_left_right_bumper_asymmetry"": 13.0, ""front_structural_delta"": 0.0, ""front_structural_delta_median"": 0.0, ""front_total_length_shortening"": 12.0, ""rear_total_length_shortening"": null, ""total_length_shortening"": 12.0}",12.0,0.0,13.0,,62.01,closingSpeed,17.224999999999998,411078.7159374999,2771.0,2517.0,5303.0,1996.0,3075.0,1617.0,62.01,0.0,270.0,0.0,269.0,0.0,27.0,0.0,NOT APPLICABLE,DIRECT ENGAGEMENT,DIRECT ENGAGEMENT,ITV
3581,14459,4291,2,side_impactor,subject_vehicle,A_ProfileValid,LEXUS,GX 460,2023,UTILITY VEHICLE,09LPEW2,1,297.0,2700.0,-239.0,191.0,7.0,145.0,163.0,191.0,64.0,-4.0,191.0,112.9,132.81829693231276,304830.0,1.691762621789194,-0.11603188662533215,-0.04750669655773261,0.5529387671513414,0.0616602949208083,0.10431458219552157,0.03409436745569986,-0.09789064099938562,"{""a_pillar_base_asym_delta"": 10.0, ""delta_1"": -3.0, ""delta_10"": 21.0, ""delta_11"": -38.0, ""delta_12"": -10.0, ""delta_13"": 0.0, ""delta_14"": -7.0, ""delta_15"": -11.0, ""delta_16"": 1.0, ""delta_17"": 34.0, ""delta_18"": -22.0, ""delta_19"": -3.0, ""delta_2"": -7.0, ""delta_20"": 15.0, ""delta_21"": 90.0, ""delta_3"": 10.0, ""delta_4"": -1.0, ""delta_5"": 0.0, ""delta_6"": 0.0, ""delta_7"": 27.0, ""delta_8"": 30.0, ""delta_9"": 23.0, ""door_leading_lower_asym_delta"": 27.0, ""door_leading_upper_asym_delta"": 1.0, ""door_trailing_lower_asym_delta"": -59.0, ""door_trailing_upper_asym_delta"": -7.0, ""firewall_side_asym_delta"": -4.0, ""front_bumper_left_delta"": 15.0, ""front_bumper_right_delta"": -3.0, ""front_engine_block_delta"": 90.0, ""front_engine_front_delta"": -7.0, ""front_firewall_center_delta"": 10.0, ""front_firewall_left_delta"": -11.0, ""front_firewall_right_delta"": -7.0, ""front_left_right_asym_delta"": 18.0, ""front_left_right_bumper_asymmetry"": 18.0, ""front_structural_delta"": -5.0, ""front_structural_delta_median"": -5.0, ""front_total_length_shortening"": -3.0, ""rear_total_length_shortening"": null, ""total_length_shortening"": -3.0}",-3.0,-5.0,18.0,,61.88,closingSpeed,17.18888888888889,382027.0662962963,2586.0,2355.0,4883.0,1831.0,2792.0,1417.0,61.88,0.0,270.0,0.0,120.0,0.0,27.0,0.0,NOT APPLICABLE,DIRECT ENGAGEMENT,DIRECT ENGAGEMENT,ITV
2896,10780,3445,2,side_impactor,subject_vehicle,A_ProfileValid,JEEP,GRAND CHEROKEE,2019,UTILITY VEHICLE,10LPAS2,1,297.0,3150.0,-199.0,155.0,-44.0,-22.0,122.0,152.0,126.0,-8.0,152.0,70.4,105.21216659683422,221760.0,2.2017045454545454,0.5355113636363636,0.20856029301277235,0.6508264462809917,0.03687794656888423,0.08119434258774227,0.024001142911567217,-0.08223140495867769,"{""a_pillar_base_asym_delta"": 0.0, ""delta_1"": 0.0, ""delta_10"": 0.0, ""delta_11"": 0.0, ""delta_12"": 0.0, ""delta_13"": 0.0, ""delta_14"": 0.0, ""delta_15"": 0.0, ""delta_16"": 0.0, ""delta_17"": 0.0, ""delta_18"": 0.0, ""delta_19"": 0.0, ""delta_2"": 0.0, ""delta_20"": 0.0, ""delta_21"": 0.0, ""delta_3"": null, ""delta_4"": 0.0, ""delta_5"": 0.0, ""delta_6"": 0.0, ""delta_7"": 0.0, ""delta_8"": 0.0, ""delta_9"": 0.0, ""door_leading_lower_asym_delta"": 0.0, ""door_leading_upper_asym_delta"": 0.0, ""door_trailing_lower_asym_delta"": 0.0, ""door_trailing_upper_asym_delta"": 0.0, ""firewall_side_asym_delta"": 0.0, ""front_bumper_left_delta"": 0.0, ""front_bumper_right_delta"": 0.0, ""front_engine_block_delta"": 0.0, ""front_engine_front_delta"": 0.0, ""front_firewall_center_delta"": null, ""front_firewall_left_delta"": 0.0, ""front_firewall_right_delta"": 0.0, ""front_left_right_asym_delta"": 0.0, ""front_left_right_bumper_asymmetry"": 0.0, ""front_structural_delta"": 0.0, ""front_structural_delta_median"": 0.0, ""front_total_length_shortening"": 0.0, ""rear_total_length_shortening"": null, ""total_length_shortening"": 0.0}",0.0,0.0,0.0,,62.07,closingSpeed,17.241666666666667,341866.3298611111,2300.0,2046.0,4840.0,1909.0,2920.0,1585.0,62.07,0.0,270.0,0.0,238.0,0.0,27.0,90.0,NOT APPLICABLE,DIRECT ENGAGEMENT,DIRECT ENGAGEMENT,ITV
3023,10995,3604,2,side_impactor,subject_vehicle,A_ProfileValid,NISSAN,KICKS,2020,UTILITY VEHICLE,10LPAS2,1,297.0,2400.0,-283.0,210.0,32.0,160.0,187.0,181.0,182.0,-28.0,187.0,142.4,159.59824560439253,341760.0,1.4747191011235954,-0.0175561797752809,-0.0141629685582098,0.5602240896358543,0.08298368298368299,0.12237762237762238,0.04648945825416414,-0.13211951447245565,"{""a_pillar_base_asym_delta"": 0.0, ""delta_1"": 0.0, ""delta_10"": 0.0, ""delta_11"": 0.0, ""delta_12"": 0.0, ""delta_13"": 0.0, ""delta_14"": 0.0, ""delta_15"": 0.0, ""delta_16"": 0.0, ""delta_17"": 0.0, ""delta_18"": 0.0, ""delta_19"": 0.0, ""delta_2"": 0.0, ""delta_20"": 0.0, ""delta_21"": 0.0, ""delta_3"": null, ""delta_4"": 0.0, ""delta_5"": 0.0, ""delta_6"": 0.0, ""delta_7"": 0.0, ""delta_8"": 0.0, ""delta_9"": 0.0, ""door_leading_lower_asym_delta"": 0.0, ""door_leading_upper_asym_delta"": 0.0, ""door_trailing_lower_asym_delta"": 0.0, ""door_trailing_upper_asym_delta"": 0.0, ""firewall_side_asym_delta"": 0.0, ""front_bumper_left_delta"": 0.0, ""front_bumper_right_delta"": 0.0, ""front_engine_block_delta"": 0.0, ""front_engine_front_delta"": 0.0, ""front_firewall_center_delta"": null, ""front_firewall_left_delta"": 0.0, ""front_firewall_right_delta"": 0.0, ""front_left_right_asym_delta"": 0.0, ""front_left_right_bumper_asymmetry"": 0.0, ""front_structural_delta"": 0.0, ""front_structural_delta_median"": 0.0, ""front_total_length_shortening"": 0.0, ""rear_total_length_shortening"": null, ""total_length_shortening"": 0.0}",0.0,0.0,0.0,,61.92,closingSpeed,17.2,204869.19999999998,1385.0,1223.0,4284.0,1716.0,2619.0,1134.0,61.92,0.0,270.0,0.0,-71.0,0.0,27.0,90.0,NOT APPLICABLE,DIRECT ENGAGEMENT,DIRECT ENGAGEMENT,ITV
3488,15376,4164,2,side_impactor,subject_vehicle,A_ProfileValid,AUDI,A3,2023,FOUR DOOR SEDAN,,0,297.0,1800.0,-162.0,149.0,32.0,148.0,149.0,130.0,148.0,111.0,149.0,129.3,133.8517837012268,232740.0,1.1523588553750965,0.03905645784996133,0.022097988381533838,0.4001778568252557,0.07223463687150838,0.08324022346368715,0.028906702171790814,-0.07203201422854602,"{""a_pillar_base_asym_delta"": 14.0, ""delta_1"": 2.0, ""delta_10"": -6.0, ""delta_11"": -2.0, ""delta_12"": -14.0, ""delta_13"": 0.0, ""delta_14"": -13.0, ""delta_15"": -22.0, ""delta_16"": 5.0, ""delta_17"": 43.0, ""delta_18"": 7.0, ""delta_19"": 6.0, ""delta_2"": 1.0, ""delta_20"": -2.0, ""delta_21"": 110.0, ""delta_3"": 0.0, ""delta_4"": 4.0, ""delta_5"": 0.0, ""delta_6"": 1.0, ""delta_7"": -8.0, ""delta_8"": -8.0, ""delta_9"": 4.0, ""door_leading_lower_asym_delta"": -9.0, ""door_leading_upper_asym_delta"": -4.0, ""door_trailing_lower_asym_delta"": 4.0, ""door_trailing_upper_asym_delta"": 12.0, ""firewall_side_asym_delta"": -9.0, ""front_bumper_left_delta"": -2.0, ""front_bumper_right_delta"": 6.0, ""front_engine_block_delta"": 110.0, ""front_engine_front_delta"": 1.0, ""front_firewall_center_delta"": 0.0, ""front_firewall_left_delta"": -22.0, ""front_firewall_right_delta"": -13.0, ""front_left_right_asym_delta"": -8.0, ""front_left_right_bumper_asymmetry"": -8.0, ""front_structural_delta"": -1.0, ""front_structural_delta_median"": -1.0, ""front_total_length_shortening"": 2.0, ""rear_total_length_shortening"": null, ""total_length_shortening"": 2.0}",2.0,-1.0,-8.0,,52.8,closingSpeed,14.666666666666666,181016.0,1683.0,1511.0,4498.0,1790.0,2630.0,1113.0,52.8,0.0,270.0,0.0,-84.0,0.0,27.0,0.0,NOT APPLICABLE,DIRECT ENGAGEMENT,DIRECT ENGAGEMENT,ITV
3628,15389,4351,2,side_impactor,subject_vehicle,A_ProfileValid,KIA,CARNIVAL,2024,MINIVAN,,0,297.0,2400.0,-176.0,178.0,4.0,172.0,178.0,176.0,177.0,3.0,178.0,141.3,157.21672938971858,339120.0,1.259731068648266,0.004246284501061571,0.0013838521749337418,0.4655674102812803,0.07089814350225791,0.08931259407927747,0.033007865064096795,-0.06828322017458778,"{""a_pillar_base_asym_delta"": 8.0, ""delta_1"": -4.0, ""delta_10"": -1.0, ""delta_11"": 1.0, ""delta_12"": -8.0, ""delta_13"": 0.0, ""delta_14"": -11.0, ""delta_15"": -22.0, ""delta_16"": 12.0, ""delta_17"": 21.0, ""delta_18"": -18.0, ""delta_19"": 1.0, ""delta_2"": 5.0, ""delta_20"": 1.0, ""delta_21"": 113.0, ""delta_3"": -1.0, ""delta_4"": 1.0, ""delta_5"": 0.0, ""delta_6"": 3.0, ""delta_7"": 9.0, ""delta_8"": 9.0, ""delta_9"": 11.0, ""door_leading_lower_asym_delta"": 6.0, ""door_leading_upper_asym_delta"": -1.0, ""door_trailing_lower_asym_delta"": 2.0, ""door_trailing_upper_asym_delta"": 2.0, ""firewall_side_asym_delta"": -11.0, ""front_bumper_left_delta"": 1.0, ""front_bumper_right_delta"": 1.0, ""front_engine_block_delta"": 113.0, ""front_engine_front_delta"": 5.0, ""front_firewall_center_delta"": -1.0, ""front_firewall_left_delta"": -22.0, ""front_firewall_right_delta"": -11.0, ""front_left_right_asym_delta"": 0.0, ""front_left_right_bumper_asymmetry"": 0.0, ""front_structural_delta"": 0.0, ""front_structural_delta_median"": 0.0, ""front_total_length_shortening"": -4.0, ""rear_total_length_shortening"": null, ""total_length_shortening"": -4.0}",-4.0,0.0,0.0,,53.12,closingSpeed,14.755555555555555,239499.06172839503,2200.0,2029.0,5155.0,1993.0,3089.0,1382.0,53.12,0.0,270.0,0.0,37.0,0.0,27.0,0.0,NOT APPLICABLE,DIRECT ENGAGEMENT,DIRECT ENGAGEMENT,ITV
3267,11386,3892,2,side_impactor,subject_vehicle,A_ProfileValid,LEXUS,IS300,2021,FOUR DOOR SEDAN,10LPEW2,1,297.0,1850.0,-190.0,251.0,27.0,251.0,228.0,209.0,206.0,99.0,251.0,191.4,203.1585587662996,354090.0,1.3113897596656217,-0.024294670846394983,0.002136502997655843,0.3931987247608927,0.10752808988764045,0.14101123595505619,0.04227990781979486,-0.08076514346439957,"{""a_pillar_base_asym_delta"": null, ""delta_1"": 7.0, ""delta_10"": null, ""delta_11"": null, ""delta_12"": null, ""delta_13"": null, ""delta_14"": null, ""delta_15"": null, ""delta_16"": null, ""delta_17"": null, ""delta_18"": null, ""delta_19"": -10.0, ""delta_2"": null, ""delta_20"": 40.0, ""delta_21"": null, ""delta_3"": null, ""delta_4"": null, ""delta_5"": null, ""delta_6"": null, ""delta_7"": null, ""delta_8"": null, ""delta_9"": null, ""door_leading_lower_asym_delta"": null, ""door_leading_upper_asym_delta"": null, ""door_trailing_lower_asym_delta"": null, ""door_trailing_upper_asym_delta"": null, ""firewall_side_asym_delta"": null, ""front_bumper_left_delta"": 40.0, ""front_bumper_right_delta"": -10.0, ""front_engine_block_delta"": null, ""front_engine_front_delta"": null, ""front_firewall_center_delta"": null, ""front_firewall_left_delta"": null, ""front_firewall_right_delta"": null, ""front_left_right_asym_delta"": 50.0, ""front_left_right_bumper_asymmetry"": 50.0, ""front_structural_delta"": 15.0, ""front_structural_delta_median"": 15.0, ""front_total_length_shortening"": 7.0, ""rear_total_length_shortening"": null, ""total_length_shortening"": 7.0}",7.0,15.0,50.0,,62.36,closingSpeed,17.322222222222223,280255.46345679014,1868.0,1716.0,4705.0,1780.0,2803.0,1356.0,62.36,0.0,270.0,0.0,51.0,0.0,27.0,,NOT APPLICABLE,DIRECT ENGAGEMENT,NOT APPLICABLE,ITV
1269,8498,1523,2,side_impactor,subject_vehicle,A_ProfileValid,MAZDA,MAZDA3,2014,FOUR DOOR SEDAN,09LPEW2,1,270.0,2700.0,-30.0,198.0,0.0,123.0,170.0,182.0,198.0,0.0,198.0,134.6,152.54966404420563,363420.0,1.4710252600297178,0.12481426448736999,0.041611257604182585,0.5908096280087527,0.07561797752808988,0.11123595505617978,0.04467582917414501,-0.01312910284463895,"{""a_pillar_base_asym_delta"": 0.0, ""delta_1"": 0.0, ""delta_10"": 0.0, ""delta_11"": 0.0, ""delta_12"": 0.0, ""delta_13"": 0.0, ""delta_14"": 0.0, ""delta_15"": 0.0, ""delta_16"": 0.0, ""delta_17"": 0.0, ""delta_18"": 0.0, ""delta_19"": 0.0, ""delta_2"": 0.0, ""delta_20"": 0.0, ""delta_21"": 0.0, ""delta_3"": null, ""delta_4"": 0.0, ""delta_5"": 0.0, ""delta_6"": 0.0, ""delta_7"": 0.0, ""delta_8"": 0.0, ""delta_9"": 0.0, ""door_leading_lower_asym_delta"": 0.0, ""door_leading_upper_asym_delta"": 0.0, ""door_trailing_lower_asym_delta"": 0.0, ""door_trailing_upper_asym_delta"": 0.0, ""firewall_side_asym_delta"": 0.0, ""front_bumper_left_delta"": 0.0, ""front_bumper_right_delta"": 0.0, ""front_engine_block_delta"": 0.0, ""front_engine_front_delta"": 0.0, ""front_firewall_center_delta"": null, ""front_firewall_left_delta"": 0.0, ""front_firewall_right_delta"": 0.0, ""front_left_right_asym_delta"": 0.0, ""front_left_right_bumper_asymmetry"": 0.0, ""front_structural_delta"": 0.0, ""front_structural_delta_median"": 0.0, ""front_total_length_shortening"": 0.0, ""rear_total_length_shortening"": null, ""total_length_shortening"": 0.0}",0.0,0.0,0.0,,62.14,closingSpeed,17.26111111111111,215712.87271604934,1448.0,1283.0,4570.0,1780.0,2700.0,1170.0,62.14,0.0,270.0,0.0,-86.0,0.0,0.0,0.0,NOT APPLICABLE,NO DIRECT ENGAGEMENT,DIRECT ENGAGEMENT,ITV
2953,10839,3516,2,side_impactor,subject_vehicle,A_ProfileValid,KIA,TELLURIDE,2020,UTILITY VEHICLE,10LPEW2,1,297.0,2055.0,-298.0,249.0,0.0,199.0,208.0,204.0,249.0,59.0,249.0,177.9,194.02190597971148,365584.5,1.399662731871838,0.08600337268128162,0.027155352021076218,0.4114937925510613,0.09127757824525398,0.12775782452539763,0.0375601568470158,-0.11934321185422507,"{""a_pillar_base_asym_delta"": 0.0, ""delta_1"": -2.0, ""delta_10"": 0.0, ""delta_11"": 0.0, ""delta_12"": 0.0, ""delta_13"": 0.0, ""delta_14"": 0.0, ""delta_15"": 0.0, ""delta_16"": 0.0, ""delta_17"": 0.0, ""delta_18"": 0.0, ""delta_19"": -1.0, ""delta_2"": 0.0, ""delta_20"": 2.0, ""delta_21"": 0.0, ""delta_3"": null, ""delta_4"": 0.0, ""delta_5"": 0.0, ""delta_6"": 0.0, ""delta_7"": 0.0, ""delta_8"": 0.0, ""delta_9"": 0.0, ""door_leading_lower_asym_delta"": 0.0, ""door_leading_upper_asym_delta"": 0.0, ""door_trailing_lower_asym_delta"": 0.0, ""door_trailing_upper_asym_delta"": 0.0, ""firewall_side_asym_delta"": 0.0, ""front_bumper_left_delta"": 2.0, ""front_bumper_right_delta"": -1.0, ""front_engine_block_delta"": 0.0, ""front_engine_front_delta"": 0.0, ""front_firewall_center_delta"": null, ""front_firewall_left_delta"": 0.0, ""front_firewall_right_delta"": 0.0, ""front_left_right_asym_delta"": 3.0, ""front_left_right_bumper_asymmetry"": 3.0, ""front_structural_delta"": 0.0, ""front_structural_delta_median"": 0.0, ""front_total_length_shortening"": -2.0, ""rear_total_length_shortening"": null, ""total_length_shortening"": -2.0}",-2.0,0.0,3.0,,62.14,closingSpeed,17.26111111111111,311502.497824074,2091.0,1912.0,4994.0,1949.0,2900.0,1335.0,62.14,0.0,270.0,0.0,1364.0,0.0,27.0,0.0,NOT APPLICABLE,DIRECT ENGAGEMENT,NOT APPLICABLE,ITV
772,8082,932,2,side_impactor,subject_vehicle,A_ProfileValid,FORD,FOCUS BEV,2013,FIVE DOOR HATCHBACK,10LPAW3,1,297.0,3000.0,-44.0,188.0,12.0,90.0,169.0,178.0,107.0,3.0,178.0,110.3,126.38868620252369,330900.0,1.7044424297370808,0.034904805077062555,0.009565726639166975,0.7033997655334114,0.06186203028603477,0.10544026920919798,0.04351373759861766,-0.02063305978898007,"{""a_pillar_base_asym_delta"": 0.0, ""delta_1"": 0.0, ""delta_10"": 0.0, ""delta_11"": 0.0, ""delta_12"": 0.0, ""delta_13"": 0.0, ""delta_14"": 0.0, ""delta_15"": 0.0, ""delta_16"": 0.0, ""delta_17"": 0.0, ""delta_18"": 0.0, ""delta_19"": 0.0, ""delta_2"": 0.0, ""delta_20"": 0.0, ""delta_21"": 0.0, ""delta_3"": null, ""delta_4"": 0.0, ""delta_5"": 0.0, ""delta_6"": 0.0, ""delta_7"": 0.0, ""delta_8"": 0.0, ""delta_9"": 0.0, ""door_leading_lower_asym_delta"": 0.0, ""door_leading_upper_asym_delta"": 0.0, ""door_trailing_lower_asym_delta"": 0.0, ""door_trailing_upper_asym_delta"": 0.0, ""firewall_side_asym_delta"": 0.0, ""front_bumper_left_delta"": 0.0, ""front_bumper_right_delta"": 0.0, ""front_engine_block_delta"": 0.0, ""front_engine_front_delta"": 0.0, ""front_firewall_center_delta"": null, ""front_firewall_left_delta"": 0.0, ""front_firewall_right_delta"": 0.0, ""front_left_right_asym_delta"": 0.0, ""front_left_right_bumper_asymmetry"": 0.0, ""front_structural_delta"": 0.0, ""front_structural_delta_median"": 0.0, ""front_total_length_shortening"": 0.0, ""rear_total_length_shortening"": null, ""total_length_shortening"": 0.0}",0.0,0.0,0.0,,61.65,closingSpeed,17.125,264525.59375,1804.0,1650.0,4265.0,1783.0,2652.0,1393.0,61.65,0.0,270.0,0.0,168.0,0.0,27.0,90.0,NOT APPLICABLE,DIRECT ENGAGEMENT,DIRECT ENGAGEMENT,ITV
1636,9083,1965,2,side_impactor,subject_vehicle,A_ProfileValid,CHEVROLET,COLORADO,2015,EXTENDED CAB PICKUP,09LPEW2,1,297.0,3600.0,-154.0,184.0,-16.0,1.0,184.0,116.0,40.0,-72.0,184.0,59.4,101.61987994482182,213840.0,3.0976430976430978,-0.13468013468013468,-0.040837849057027135,0.6664198445020363,0.03354037267080745,0.1038961038961039,0.02235196993981985,-0.05701592002961866,"{""a_pillar_base_asym_delta"": 24.0, ""delta_1"": 18.0, ""delta_10"": 4.0, ""delta_11"": 0.0, ""delta_12"": -24.0, ""delta_13"": 0.0, ""delta_14"": 2.0, ""delta_15"": 22.0, ""delta_16"": -61.0, ""delta_17"": 25.0, ""delta_18"": 2.0, ""delta_19"": 15.0, ""delta_2"": -43.0, ""delta_20"": 84.0, ""delta_21"": 89.0, ""delta_3"": null, ""delta_4"": 0.0, ""delta_5"": 0.0, ""delta_6"": 5.0, ""delta_7"": 2.0, ""delta_8"": -2.0, ""delta_9"": 13.0, ""door_leading_lower_asym_delta"": -3.0, ""door_leading_upper_asym_delta"": 0.0, ""door_trailing_lower_asym_delta"": -4.0, ""door_trailing_upper_asym_delta"": 15.0, ""firewall_side_asym_delta"": 20.0, ""front_bumper_left_delta"": 84.0, ""front_bumper_right_delta"": 15.0, ""front_engine_block_delta"": 89.0, ""front_engine_front_delta"": -43.0, ""front_firewall_center_delta"": null, ""front_firewall_left_delta"": 22.0, ""front_firewall_right_delta"": 2.0, ""front_left_right_asym_delta"": 69.0, ""front_left_right_bumper_asymmetry"": 69.0, ""front_structural_delta"": 15.0, ""front_structural_delta_median"": 15.0, ""front_total_length_shortening"": 18.0, ""rear_total_length_shortening"": null, ""total_length_shortening"": 18.0}",18.0,15.0,69.0,,62.07,closingSpeed,17.241666666666667,303666.4834375,2043.0,1786.0,5402.0,1771.0,3267.0,1556.0,62.07,0.0,270.0,0.0,220.0,0.0,27.0,0.0,NOT APPLICABLE,DIRECT ENGAGEMENT,DIRECT ENGAGEMENT,ITV
2149,9819,2580,2,side_impactor,subject_vehicle,A_ProfileValid,BUICK,CASCADA ,2016,CONVERTIBLE,10LPEW2,1,297.0,2094.0,5.0,144.0,-11.0,84.0,144.0,139.0,119.0,6.0,144.0,96.69999999999999,110.7722889535104,202489.8,1.489141675284385,0.08221302998965882,0.026034851425887885,0.44167897068129086,0.05426487093153759,0.08080808080808081,0.023967652337194625,0.002109259649862898,"{""a_pillar_base_asym_delta"": 0.0, ""delta_1"": -6.0, ""delta_10"": 0.0, ""delta_11"": 0.0, ""delta_12"": 0.0, ""delta_13"": 0.0, ""delta_14"": 0.0, ""delta_15"": 0.0, ""delta_16"": 0.0, ""delta_17"": 0.0, ""delta_18"": 0.0, ""delta_19"": 7.0, ""delta_2"": 0.0, ""delta_20"": 0.0, ""delta_21"": 0.0, ""delta_3"": null, ""delta_4"": 0.0, ""delta_5"": 0.0, ""delta_6"": 0.0, ""delta_7"": 0.0, ""delta_8"": 0.0, ""delta_9"": 0.0, ""door_leading_lower_asym_delta"": 0.0, ""door_leading_upper_asym_delta"": 0.0, ""door_trailing_lower_asym_delta"": 0.0, ""door_trailing_upper_asym_delta"": 0.0, ""firewall_side_asym_delta"": 0.0, ""front_bumper_left_delta"": 0.0, ""front_bumper_right_delta"": 7.0, ""front_engine_block_delta"": 0.0, ""front_engine_front_delta"": 0.0, ""front_firewall_center_delta"": null, ""front_firewall_left_delta"": 0.0, ""front_firewall_right_delta"": 0.0, ""front_left_right_asym_delta"": -7.0, ""front_left_right_bumper_asymmetry"": -7.0, ""front_structural_delta"": 0.0, ""front_structural_delta_median"": 0.0, ""front_total_length_shortening"": -6.0, ""rear_total_length_shortening"": null, ""total_length_shortening"": -6.0}",-6.0,0.0,-7.0,,61.55,closingSpeed,17.09722222222222,290122.645158179,1985.0,1799.0,4741.0,1782.0,2696.0,1212.0,61.55,0.0,270.0,0.0,-20.0,0.0,27.0,0.0,NOT APPLICABLE,DIRECT ENGAGEMENT,NOT APPLICABLE,ITV
1838,9506,2212,2,side_impactor,subject_vehicle,A_ProfileValid,CHEVROLET,COLORADO,2016,4 DOOR PICKUP,09LPEW2,1,297.0,3150.0,142.0,191.0,-117.0,-5.0,110.0,187.0,191.0,-1.0,191.0,84.8,134.47676379211393,267120.0,2.2523584905660377,0.7352594339622641,0.2631162338321164,0.5840904876692008,0.04826408651109846,0.1087080250426864,0.028190593827175998,0.05266085666604858,"{""a_pillar_base_asym_delta"": 31.0, ""delta_1"": 17.0, ""delta_10"": -3.0, ""delta_11"": 3.0, ""delta_12"": -31.0, ""delta_13"": 0.0, ""delta_14"": -3.0, ""delta_15"": -22.0, ""delta_16"": 0.0, ""delta_17"": 25.0, ""delta_18"": 2.0, ""delta_19"": 7.0, ""delta_2"": -67.0, ""delta_20"": 10.0, ""delta_21"": 71.0, ""delta_3"": null, ""delta_4"": 10.0, ""delta_5"": 0.0, ""delta_6"": 4.0, ""delta_7"": 9.0, ""delta_8"": 1.0, ""delta_9"": 4.0, ""door_leading_lower_asym_delta"": 5.0, ""door_leading_upper_asym_delta"": -10.0, ""door_trailing_lower_asym_delta"": 6.0, ""door_trailing_upper_asym_delta"": 3.0, ""firewall_side_asym_delta"": -19.0, ""front_bumper_left_delta"": 10.0, ""front_bumper_right_delta"": 7.0, ""front_engine_block_delta"": 71.0, ""front_engine_front_delta"": -67.0, ""front_firewall_center_delta"": null, ""front_firewall_left_delta"": -22.0, ""front_firewall_right_delta"": -3.0, ""front_left_right_asym_delta"": 3.0, ""front_left_right_bumper_asymmetry"": 3.0, ""front_structural_delta"": -3.0, ""front_structural_delta_median"": -3.0, ""front_total_length_shortening"": 17.0, ""rear_total_length_shortening"": null, ""total_length_shortening"": 17.0}",17.0,-3.0,3.0,,62.17,closingSpeed,17.269444444444446,311206.8778665124,2087.0,1829.0,5393.0,1757.0,3260.0,1625.0,62.17,0.0,270.0,0.0,264.0,0.0,27.0,0.0,NOT APPLICABLE,DIRECT ENGAGEMENT,DIRECT ENGAGEMENT,ITV
2176,9968,2615,2,side_impactor,subject_vehicle,A_ProfileValid,CHEVROLET,CAMARO,2017,TWO DOOR COUPE,09LPEW2,1,270.0,2550.0,-177.0,158.0,0.0,106.0,126.0,143.0,140.0,0.0,143.0,103.0,115.89736839117617,262650.0,1.5339805825242718,0.09077669902912622,0.024757281553398056,0.5357142857142857,0.054497354497354496,0.0835978835978836,0.02919501133786848,-0.07436974789915966,"{""a_pillar_base_asym_delta"": 0.0, ""delta_1"": 0.0, ""delta_10"": 0.0, ""delta_11"": 0.0, ""delta_12"": 0.0, ""delta_13"": 0.0, ""delta_14"": 0.0, ""delta_15"": 0.0, ""delta_16"": 0.0, ""delta_17"": 0.0, ""delta_18"": 0.0, ""delta_19"": 0.0, ""delta_2"": 0.0, ""delta_20"": 0.0, ""delta_21"": 0.0, ""delta_3"": null, ""delta_4"": 0.0, ""delta_5"": 0.0, ""delta_6"": 0.0, ""delta_7"": 0.0, ""delta_8"": 0.0, ""delta_9"": 0.0, ""door_leading_lower_asym_delta"": 0.0, ""door_leading_upper_asym_delta"": 0.0, ""door_trailing_lower_asym_delta"": 0.0, ""door_trailing_upper_asym_delta"": 0.0, ""firewall_side_asym_delta"": 0.0, ""front_bumper_left_delta"": 0.0, ""front_bumper_right_delta"": 0.0, ""front_engine_block_delta"": 0.0, ""front_engine_front_delta"": 0.0, ""front_firewall_center_delta"": null, ""front_firewall_left_delta"": 0.0, ""front_firewall_right_delta"": 0.0, ""front_left_right_asym_delta"": 0.0, ""front_left_right_bumper_asymmetry"": 0.0, ""front_structural_delta"": 0.0, ""front_structural_delta_median"": 0.0, ""front_total_length_shortening"": 0.0, ""rear_total_length_shortening"": null, ""total_length_shortening"": 0.0}",0.0,0.0,0.0,,61.46,closingSpeed,17.072222222222223,245264.23930555556,1683.0,1508.0,4760.0,1890.0,2817.0,1417.0,61.46,0.0,270.0,0.0,120.0,0.0,0.0,0.0,NOT APPLICABLE,DIRECT ENGAGEMENT,NO DIRECT ENGAGEMENT,ITV
1666,9159,2000,2,side_impactor,subject_vehicle,A_ProfileValid,KIA,SORENTO,2016,UTILITY VEHICLE,10LPEW2,1,297.0,2000.0,-108.0,171.0,27.0,158.0,150.0,118.0,90.0,19.0,158.0,107.8,118.34948246612657,215600.0,1.5862708719851577,-0.17810760667903525,-0.039895305989984094,0.41999160016799664,0.05789473684210526,0.09183673469387756,0.024315303167620858,-0.04535909281814364,"{""a_pillar_base_asym_delta"": 0.0, ""delta_1"": -12.0, ""delta_10"": 0.0, ""delta_11"": 0.0, ""delta_12"": 0.0, ""delta_13"": 0.0, ""delta_14"": 0.0, ""delta_15"": 0.0, ""delta_16"": 0.0, ""delta_17"": 0.0, ""delta_18"": 0.0, ""delta_19"": 0.0, ""delta_2"": 0.0, ""delta_20"": 0.0, ""delta_21"": 0.0, ""delta_3"": null, ""delta_4"": 0.0, ""delta_5"": 0.0, ""delta_6"": 0.0, ""delta_7"": 0.0, ""delta_8"": 0.0, ""delta_9"": 0.0, ""door_leading_lower_asym_delta"": 0.0, ""door_leading_upper_asym_delta"": 0.0, ""door_trailing_lower_asym_delta"": 0.0, ""door_trailing_upper_asym_delta"": 0.0, ""firewall_side_asym_delta"": 0.0, ""front_bumper_left_delta"": 0.0, ""front_bumper_right_delta"": 0.0, ""front_engine_block_delta"": 0.0, ""front_engine_front_delta"": 0.0, ""front_firewall_center_delta"": null, ""front_firewall_left_delta"": 0.0, ""front_firewall_right_delta"": 0.0, ""front_left_right_asym_delta"": 0.0, ""front_left_right_bumper_asymmetry"": 0.0, ""front_structural_delta"": 0.0, ""front_structural_delta_median"": 0.0, ""front_total_length_shortening"": -12.0, ""rear_total_length_shortening"": null, ""total_length_shortening"": -12.0}",-12.0,0.0,0.0,,62.32,closingSpeed,17.31111111111111,282742.9548148148,1887.0,1684.0,4762.0,1862.0,2780.0,1308.0,62.32,0.0,270.0,0.0,29.0,0.0,27.0,0.0,NOT APPLICABLE,DIRECT ENGAGEMENT,NOT APPLICABLE,ITV
226,7470,270,2,side_impactor,subject_vehicle,A_ProfileValid,FORD,FOCUS,2012,FOUR DOOR SEDAN,10LPAW3,1,297.0,3000.0,-345.0,236.0,12.0,124.0,215.0,196.0,141.0,-5.0,215.0,135.9,154.90803723499954,407700.0,1.7365710080941867,-0.008462104488594555,-0.002064007831435429,0.667853962600178,0.07609182530795074,0.13213885778275475,0.050818227053395414,-0.15360641139804096,"{""a_pillar_base_asym_delta"": 0.0, ""delta_1"": 0.0, ""delta_10"": 0.0, ""delta_11"": 0.0, ""delta_12"": 0.0, ""delta_13"": 0.0, ""delta_14"": 0.0, ""delta_15"": 0.0, ""delta_16"": 0.0, ""delta_17"": 0.0, ""delta_18"": 0.0, ""delta_19"": 0.0, ""delta_2"": 0.0, ""delta_20"": 0.0, ""delta_21"": 0.0, ""delta_3"": null, ""delta_4"": 0.0, ""delta_5"": 0.0, ""delta_6"": 0.0, ""delta_7"": 0.0, ""delta_8"": 0.0, ""delta_9"": 0.0, ""door_leading_lower_asym_delta"": 0.0, ""door_leading_upper_asym_delta"": 0.0, ""door_trailing_lower_asym_delta"": 0.0, ""door_trailing_upper_asym_delta"": 0.0, ""firewall_side_asym_delta"": 0.0, ""front_bumper_left_delta"": 0.0, ""front_bumper_right_delta"": 0.0, ""front_engine_block_delta"": 0.0, ""front_engine_front_delta"": 0.0, ""front_firewall_center_delta"": null, ""front_firewall_left_delta"": 0.0, ""front_firewall_right_delta"": 0.0, ""front_left_right_asym_delta"": 0.0, ""front_left_right_bumper_asymmetry"": 0.0, ""front_structural_delta"": 0.0, ""front_structural_delta_median"": 0.0, ""front_total_length_shortening"": 0.0, ""rear_total_length_shortening"": null, ""total_length_shortening"": 0.0}",0.0,0.0,0.0,,62.02,closingSpeed,17.227777777777778,222152.05087962962,1497.0,1344.0,4492.0,1786.0,2650.0,1165.0,62.02,0.0,270.0,0.0,-58.0,0.0,27.0,90.0,NOT APPLICABLE,DIRECT ENGAGEMENT,DIRECT ENGAGEMENT,ITV
2585,10190,3077,2,side_impactor,subject_vehicle,A_ProfileValid,MERCEDES,GLC CLASS,2018,UTILITY VEHICLE,10LPAS2,1,297.0,3000.0,-368.0,135.0,8.0,20.0,129.0,123.0,107.0,14.0,129.0,78.0,93.54036561827198,234000.0,1.7307692307692308,0.21923076923076923,0.08961911874533234,0.6472491909385113,0.042368278109722976,0.07332971211298207,0.027422833727976038,-0.1587918015102481,"{""a_pillar_base_asym_delta"": 0.0, ""delta_1"": 0.0, ""delta_10"": 0.0, ""delta_11"": 0.0, ""delta_12"": 0.0, ""delta_13"": 0.0, ""delta_14"": 0.0, ""delta_15"": 0.0, ""delta_16"": 0.0, ""delta_17"": 0.0, ""delta_18"": 0.0, ""delta_19"": 0.0, ""delta_2"": 0.0, ""delta_20"": 0.0, ""delta_21"": 0.0, ""delta_3"": null, ""delta_4"": 0.0, ""delta_5"": 0.0, ""delta_6"": 0.0, ""delta_7"": 0.0, ""delta_8"": 0.0, ""delta_9"": 0.0, ""door_leading_lower_asym_delta"": 0.0, ""door_leading_upper_asym_delta"": 0.0, ""door_trailing_lower_asym_delta"": 0.0, ""door_trailing_upper_asym_delta"": 0.0, ""firewall_side_asym_delta"": 0.0, ""front_bumper_left_delta"": 0.0, ""front_bumper_right_delta"": 0.0, ""front_engine_block_delta"": 0.0, ""front_engine_front_delta"": 0.0, ""front_firewall_center_delta"": null, ""front_firewall_left_delta"": 0.0, ""front_firewall_right_delta"": 0.0, ""front_left_right_asym_delta"": 0.0, ""front_left_right_bumper_asymmetry"": 0.0, ""front_structural_delta"": 0.0, ""front_structural_delta_median"": 0.0, ""front_total_length_shortening"": 0.0, ""rear_total_length_shortening"": null, ""total_length_shortening"": 0.0}",0.0,0.0,0.0,,61.54,closingSpeed,17.094444444444445,285791.19018518523,1956.0,1745.0,4635.0,1841.0,2875.0,1481.0,61.54,0.0,270.0,0.0,144.0,0.0,27.0,90.0,NOT APPLICABLE,DIRECT ENGAGEMENT,DIRECT ENGAGEMENT,ITV
2982,10965,3554,2,side_impactor,subject_vehicle,A_ProfileValid,FORD,ESCAPE,2020,UTILITY VEHICLE,09LPEW2,1,297.0,2850.0,-553.0,172.0,2.0,138.0,113.0,172.0,3.0,-1.0,172.0,85.3,110.82283158266621,243105.0,2.0164126611957798,-0.21629542790152403,-0.10292776743366358,0.6209150326797386,0.04712707182320442,0.09502762430939227,0.02926190734120536,-0.240958605664488,"{""a_pillar_base_asym_delta"": 14.0, ""delta_1"": -2.0, ""delta_10"": -11.0, ""delta_11"": -9.0, ""delta_12"": -14.0, ""delta_13"": 0.0, ""delta_14"": -13.0, ""delta_15"": 7.0, ""delta_16"": 24.0, ""delta_17"": 35.0, ""delta_18"": 1.0, ""delta_19"": 3.0, ""delta_2"": 2.0, ""delta_20"": 2.0, ""delta_21"": 97.0, ""delta_3"": null, ""delta_4"": 2.0, ""delta_5"": 0.0, ""delta_6"": -1.0, ""delta_7"": -4.0, ""delta_8"": -7.0, ""delta_9"": -11.0, ""door_leading_lower_asym_delta"": -3.0, ""door_leading_upper_asym_delta"": -2.0, ""door_trailing_lower_asym_delta"": 2.0, ""door_trailing_upper_asym_delta"": -4.0, ""firewall_side_asym_delta"": 20.0, ""front_bumper_left_delta"": 2.0, ""front_bumper_right_delta"": 3.0, ""front_engine_block_delta"": 97.0, ""front_engine_front_delta"": 2.0, ""front_firewall_center_delta"": null, ""front_firewall_left_delta"": 7.0, ""front_firewall_right_delta"": -13.0, ""front_left_right_asym_delta"": -1.0, ""front_left_right_bumper_asymmetry"": -1.0, ""front_structural_delta"": 2.0, ""front_structural_delta_median"": 2.0, ""front_total_length_shortening"": -2.0, ""rear_total_length_shortening"": null, ""total_length_shortening"": -2.0}",-2.0,2.0,-1.0,,61.79,closingSpeed,17.163888888888888,256743.09978009257,1743.0,1502.0,4590.0,1810.0,2707.0,1135.0,61.79,0.0,270.0,0.0,-119.0,0.0,27.0,0.0,NOT APPLICABLE,DIRECT ENGAGEMENT,DIRECT ENGAGEMENT,ITV
1450,8786,1731,2,side_impactor,subject_vehicle,A_ProfileValid,MINI,COOPER HARDTOP,2014,THREE DOOR HATCHBACK,10LPAW3,1,297.0,2550.0,-398.0,137.0,3.0,8.0,79.0,125.0,98.0,13.0,125.0,63.6,79.52735378471989,162180.0,2.1540880503144653,0.40723270440251574,0.14331414896562636,0.6682389937106918,0.037655417406749554,0.08111308466548253,0.02516281823564239,-0.20859538784067086,"{""a_pillar_base_asym_delta"": 0.0, ""delta_1"": 0.0, ""delta_10"": 0.0, ""delta_11"": 0.0, ""delta_12"": 0.0, ""delta_13"": 0.0, ""delta_14"": 0.0, ""delta_15"": 0.0, ""delta_16"": 0.0, ""delta_17"": 0.0, ""delta_18"": 0.0, ""delta_19"": 0.0, ""delta_2"": 0.0, ""delta_20"": 0.0, ""delta_21"": 0.0, ""delta_3"": null, ""delta_4"": 0.0, ""delta_5"": 0.0, ""delta_6"": 0.0, ""delta_7"": 0.0, ""delta_8"": 0.0, ""delta_9"": 0.0, ""door_leading_lower_asym_delta"": 0.0, ""door_leading_upper_asym_delta"": 0.0, ""door_trailing_lower_asym_delta"": 0.0, ""door_trailing_upper_asym_delta"": 0.0, ""firewall_side_asym_delta"": 0.0, ""front_bumper_left_delta"": 0.0, ""front_bumper_right_delta"": 0.0, ""front_engine_block_delta"": 0.0, ""front_engine_front_delta"": 0.0, ""front_firewall_center_delta"": null, ""front_firewall_left_delta"": 0.0, ""front_firewall_right_delta"": 0.0, ""front_left_right_asym_delta"": 0.0, ""front_left_right_bumper_asymmetry"": 0.0, ""front_structural_delta"": 0.0, ""front_structural_delta_median"": 0.0, ""front_total_length_shortening"": 0.0, ""rear_total_length_shortening"": null, ""total_length_shortening"": 0.0}",0.0,0.0,0.0,,61.26,closingSpeed,17.016666666666666,199511.62472222222,1378.0,1225.0,3816.0,1689.0,2499.0,1036.0,61.26,0.0,270.0,0.0,-111.0,0.0,27.0,90.0,NOT APPLICABLE,DIRECT ENGAGEMENT,DIRECT ENGAGEMENT,ITV
3705,15033,4443,2,side_impactor,subject_vehicle,A_ProfileValid,KIA,SPORTAGE,2024,UTILITY VEHICLE,09LPEW2,1,297.0,3000.0,-609.0,189.0,1.0,113.0,146.0,189.0,8.0,1.0,189.0,91.4,118.21252048746783,274200.0,2.0678336980306344,-0.15919037199124728,-0.07660051423727572,0.6435006435006435,0.049727965179542984,0.10282916213275299,0.0319999775930135,-0.26126126126126126,"{""a_pillar_base_asym_delta"": -8.0, ""delta_1"": -8.0, ""delta_10"": 15.0, ""delta_11"": 17.0, ""delta_12"": 8.0, ""delta_13"": 0.0, ""delta_14"": 0.0, ""delta_15"": 44.0, ""delta_16"": 1.0, ""delta_17"": 23.0, ""delta_18"": -4.0, ""delta_19"": 0.0, ""delta_2"": 0.0, ""delta_20"": 1.0, ""delta_21"": 116.0, ""delta_3"": 8.0, ""delta_4"": 1.0, ""delta_5"": 0.0, ""delta_6"": 3.0, ""delta_7"": 0.0, ""delta_8"": 6.0, ""delta_9"": 10.0, ""door_leading_lower_asym_delta"": -3.0, ""door_leading_upper_asym_delta"": -1.0, ""door_trailing_lower_asym_delta"": 2.0, ""door_trailing_upper_asym_delta"": 4.0, ""firewall_side_asym_delta"": 44.0, ""front_bumper_left_delta"": 1.0, ""front_bumper_right_delta"": 0.0, ""front_engine_block_delta"": 116.0, ""front_engine_front_delta"": 0.0, ""front_firewall_center_delta"": 8.0, ""front_firewall_left_delta"": 44.0, ""front_firewall_right_delta"": 0.0, ""front_left_right_asym_delta"": 1.0, ""front_left_right_bumper_asymmetry"": 1.0, ""front_structural_delta"": 0.5, ""front_structural_delta_median"": 0.5, ""front_total_length_shortening"": -8.0, ""rear_total_length_shortening"": null, ""total_length_shortening"": -8.0}",-8.0,0.5,1.0,,62.09,closingSpeed,17.247222222222224,270843.407025463,1821.0,1622.0,4662.0,1838.0,2756.0,1179.0,62.09,0.0,270.0,0.0,-99.0,0.0,27.0,0.0,NOT APPLICABLE,DIRECT ENGAGEMENT,DIRECT ENGAGEMENT,ITV
2985,10968,3558,2,side_impactor,subject_vehicle,A_ProfileValid,HYUNDAI,ACCENT,2020,FOUR DOOR SEDAN,10LPEW2,1,297.0,1800.0,-230.0,217.0,56.0,186.0,172.0,152.0,163.0,88.0,186.0,149.0,154.4622931333081,268200.0,1.4563758389261745,-0.02953020134228188,-0.0009917886633045846,0.4104903078677309,0.0871345029239766,0.12690058479532162,0.035767868931164855,-0.10490307867730901,"{""a_pillar_base_asym_delta"": 0.0, ""delta_1"": 13.0, ""delta_10"": 0.0, ""delta_11"": 0.0, ""delta_12"": 0.0, ""delta_13"": 0.0, ""delta_14"": 0.0, ""delta_15"": 0.0, ""delta_16"": 0.0, ""delta_17"": 0.0, ""delta_18"": 0.0, ""delta_19"": -6.0, ""delta_2"": 0.0, ""delta_20"": 17.0, ""delta_21"": 0.0, ""delta_3"": null, ""delta_4"": 0.0, ""delta_5"": 0.0, ""delta_6"": 0.0, ""delta_7"": 0.0, ""delta_8"": 0.0, ""delta_9"": 0.0, ""door_leading_lower_asym_delta"": 0.0, ""door_leading_upper_asym_delta"": 0.0, ""door_trailing_lower_asym_delta"": 0.0, ""door_trailing_upper_asym_delta"": 0.0, ""firewall_side_asym_delta"": 0.0, ""front_bumper_left_delta"": 17.0, ""front_bumper_right_delta"": -6.0, ""front_engine_block_delta"": 0.0, ""front_engine_front_delta"": 0.0, ""front_firewall_center_delta"": null, ""front_firewall_left_delta"": 0.0, ""front_firewall_right_delta"": 0.0, ""front_left_right_asym_delta"": 23.0, ""front_left_right_bumper_asymmetry"": 23.0, ""front_structural_delta"": 0.0, ""front_structural_delta_median"": 0.0, ""front_total_length_shortening"": 13.0, ""rear_total_length_shortening"": null, ""total_length_shortening"": 13.0}",13.0,0.0,23.0,,61.69,closingSpeed,17.13611111111111,193953.3838001543,1321.0,1154.0,4385.0,1710.0,2578.0,1144.0,61.69,0.0,270.0,0.0,1361.0,0.0,27.0,0.0,NOT APPLICABLE,DIRECT ENGAGEMENT,NOT APPLICABLE,ITV
1196,8414,1417,2,side_impactor,subject_vehicle,A_ProfileValid,JEEP,PATRIOT,2014,UTILITY VEHICLE,,0,297.0,1676.0,-128.0,210.0,0.0,115.0,170.0,210.0,162.0,0.0,210.0,131.4,149.97933190943343,220226.4,1.5981735159817352,0.11719939117199389,0.02091637923158735,0.3796149490373726,0.07444759206798868,0.11898016997167139,0.02826141886884462,-0.0579841449603624,"{""a_pillar_base_asym_delta"": 0.0, ""delta_1"": 3.0, ""delta_10"": 0.0, ""delta_11"": 0.0, ""delta_12"": 0.0, ""delta_13"": 0.0, ""delta_14"": 0.0, ""delta_15"": 0.0, ""delta_16"": 0.0, ""delta_17"": 0.0, ""delta_18"": 0.0, ""delta_19"": -6.0, ""delta_2"": 0.0, ""delta_20"": 12.0, ""delta_21"": 0.0, ""delta_3"": null, ""delta_4"": 0.0, ""delta_5"": 0.0, ""delta_6"": 0.0, ""delta_7"": 0.0, ""delta_8"": 0.0, ""delta_9"": 0.0, ""door_leading_lower_asym_delta"": 0.0, ""door_leading_upper_asym_delta"": 0.0, ""door_trailing_lower_asym_delta"": 0.0, ""door_trailing_upper_asym_delta"": 0.0, ""firewall_side_asym_delta"": 0.0, ""front_bumper_left_delta"": 12.0, ""front_bumper_right_delta"": -6.0, ""front_engine_block_delta"": 0.0, ""front_engine_front_delta"": 0.0, ""front_firewall_center_delta"": null, ""front_firewall_left_delta"": 0.0, ""front_firewall_right_delta"": 0.0, ""front_left_right_asym_delta"": 18.0, ""front_left_right_bumper_asymmetry"": 18.0, ""front_structural_delta"": 0.0, ""front_structural_delta_median"": 0.0, ""front_total_length_shortening"": 3.0, ""rear_total_length_shortening"": null, ""total_length_shortening"": 3.0}",3.0,0.0,18.0,,62.25,closingSpeed,17.291666666666668,239799.39236111115,1604.0,1407.0,4415.0,1765.0,2635.0,1263.0,62.25,0.0,270.0,0.0,73.0,0.0,0.0,0.0,NOT APPLICABLE,DIRECT ENGAGEMENT,DIRECT ENGAGEMENT,ITV
1734,9324,2080,2,side_impactor,subject_vehicle,A_ProfileValid,HONDA,PILOT,2016,UTILITY VEHICLE,10LPEW2,1,297.0,1950.0,175.0,265.0,83.0,221.0,223.0,230.0,193.0,-2.0,230.0,181.5,196.0436175956769,353925.0,1.4600550964187329,-0.07190082644628099,-0.02517467080948925,0.39457709429380816,0.09102306920762288,0.1328986960882648,0.03591561816164804,0.0708215297450425,"{""a_pillar_base_asym_delta"": 0.0, ""delta_1"": 0.0, ""delta_10"": 0.0, ""delta_11"": 0.0, ""delta_12"": 0.0, ""delta_13"": 0.0, ""delta_14"": 0.0, ""delta_15"": 0.0, ""delta_16"": 0.0, ""delta_17"": 0.0, ""delta_18"": 0.0, ""delta_19"": 0.0, ""delta_2"": 0.0, ""delta_20"": 0.0, ""delta_21"": 0.0, ""delta_3"": null, ""delta_4"": 0.0, ""delta_5"": 0.0, ""delta_6"": 0.0, ""delta_7"": 0.0, ""delta_8"": 0.0, ""delta_9"": 0.0, ""door_leading_lower_asym_delta"": 0.0, ""door_leading_upper_asym_delta"": 0.0, ""door_trailing_lower_asym_delta"": 0.0, ""door_trailing_upper_asym_delta"": 0.0, ""firewall_side_asym_delta"": 0.0, ""front_bumper_left_delta"": 0.0, ""front_bumper_right_delta"": 0.0, ""front_engine_block_delta"": 0.0, ""front_engine_front_delta"": 0.0, ""front_firewall_center_delta"": null, ""front_firewall_left_delta"": 0.0, ""front_firewall_right_delta"": 0.0, ""front_left_right_asym_delta"": 0.0, ""front_left_right_bumper_asymmetry"": 0.0, ""front_structural_delta"": 0.0, ""front_structural_delta_median"": 0.0, ""front_total_length_shortening"": 0.0, ""rear_total_length_shortening"": null, ""total_length_shortening"": 0.0}",0.0,0.0,0.0,,62.2,closingSpeed,17.27777777777778,302253.125,2025.0,1839.0,4942.0,1994.0,2818.0,1244.0,62.2,0.0,270.0,0.0,-46.0,0.0,27.0,0.0,NOT APPLICABLE,DIRECT ENGAGEMENT,NOT APPLICABLE,ITV
1245,8485,1488,2,side_impactor,subject_vehicle,A_ProfileValid,CHEVROLET,MALIBU,2014,FOUR DOOR SEDAN,03LPAW2,1,297.0,2000.0,-226.0,226.0,31.0,212.0,193.0,203.0,221.0,30.0,221.0,171.9,186.10400318101702,343800.0,1.314717859220477,0.01861547411285631,0.0032928315058118477,0.41017227235438886,0.09445054945054945,0.12417582417582418,0.03874099649325244,-0.09269893355209188,"{""a_pillar_base_asym_delta"": 0.0, ""delta_1"": 2.0, ""delta_10"": 0.0, ""delta_11"": 0.0, ""delta_12"": 0.0, ""delta_13"": 0.0, ""delta_14"": 0.0, ""delta_15"": 0.0, ""delta_16"": 0.0, ""delta_17"": 0.0, ""delta_18"": 0.0, ""delta_19"": 0.0, ""delta_2"": 0.0, ""delta_20"": 15.0, ""delta_21"": 0.0, ""delta_3"": null, ""delta_4"": 0.0, ""delta_5"": 0.0, ""delta_6"": 0.0, ""delta_7"": 0.0, ""delta_8"": 0.0, ""delta_9"": 0.0, ""door_leading_lower_asym_delta"": 0.0, ""door_leading_upper_asym_delta"": 0.0, ""door_trailing_lower_asym_delta"": 0.0, ""door_trailing_upper_asym_delta"": 0.0, ""firewall_side_asym_delta"": 0.0, ""front_bumper_left_delta"": 15.0, ""front_bumper_right_delta"": 0.0, ""front_engine_block_delta"": 0.0, ""front_engine_front_delta"": 0.0, ""front_firewall_center_delta"": null, ""front_firewall_left_delta"": 0.0, ""front_firewall_right_delta"": 0.0, ""front_left_right_asym_delta"": 15.0, ""front_left_right_bumper_asymmetry"": 15.0, ""front_structural_delta"": 0.0, ""front_structural_delta_median"": 0.0, ""front_total_length_shortening"": 2.0, ""rear_total_length_shortening"": null, ""total_length_shortening"": 2.0}",2.0,0.0,15.0,,61.9,closingSpeed,17.194444444444443,261057.99614197528,1766.0,1563.0,4876.0,1820.0,2740.0,1205.0,61.9,0.0,270.0,0.0,-64.0,0.0,27.0,0.0,NOT APPLICABLE,DIRECT ENGAGEMENT,NOT APPLICABLE,ITV
1594,9046,1912,2,side_impactor,subject_vehicle,A_ProfileValid,BMW,X3,2015,UTILITY VEHICLE,10LPAW3,1,297.0,3000.0,-169.0,230.0,8.0,34.0,185.0,195.0,131.0,7.0,195.0,110.5,134.62800600172312,331500.0,2.081447963800905,0.18823529411764706,0.0698025185029289,0.6459948320413437,0.05972972972972973,0.12432432432432433,0.03858509672463161,-0.07278208440999138,"{""a_pillar_base_asym_delta"": 0.0, ""delta_1"": 0.0, ""delta_10"": 0.0, ""delta_11"": 0.0, ""delta_12"": 0.0, ""delta_13"": 0.0, ""delta_14"": 0.0, ""delta_15"": 0.0, ""delta_16"": 0.0, ""delta_17"": 0.0, ""delta_18"": 0.0, ""delta_19"": 0.0, ""delta_2"": 0.0, ""delta_20"": 0.0, ""delta_21"": 0.0, ""delta_3"": null, ""delta_4"": 0.0, ""delta_5"": 0.0, ""delta_6"": 0.0, ""delta_7"": 0.0, ""delta_8"": 0.0, ""delta_9"": 0.0, ""door_leading_lower_asym_delta"": 0.0, ""door_leading_upper_asym_delta"": 0.0, ""door_trailing_lower_asym_delta"": 0.0, ""door_trailing_upper_asym_delta"": 0.0, ""firewall_side_asym_delta"": 0.0, ""front_bumper_left_delta"": 0.0, ""front_bumper_right_delta"": 0.0, ""front_engine_block_delta"": 0.0, ""front_engine_front_delta"": 0.0, ""front_firewall_center_delta"": null, ""front_firewall_left_delta"": 0.0, ""front_firewall_right_delta"": 0.0, ""front_left_right_asym_delta"": 0.0, ""front_left_right_bumper_asymmetry"": 0.0, ""front_structural_delta"": 0.0, ""front_structural_delta_median"": 0.0, ""front_total_length_shortening"": 0.0, ""rear_total_length_shortening"": null, ""total_length_shortening"": 0.0}",0.0,0.0,0.0,,61.82,closingSpeed,17.17222222222222,299603.3795061727,2032.0,1846.0,4644.0,1850.0,2811.0,1496.0,61.82,0.0,270.0,0.0,193.0,0.0,27.0,90.0,NOT APPLICABLE,DIRECT ENGAGEMENT,DIRECT ENGAGEMENT,ITV
437,7739,528,2,side_impactor,subject_vehicle,A_ProfileValid,SUBARU,FORESTER,2011,UTILITY VEHICLE,10LPAW3,1,297.0,3000.0,-313.0,273.0,31.0,87.0,273.0,261.0,216.0,13.0,273.0,171.8,198.71587757398754,515400.0,1.589057043073341,0.12922002328288706,0.050415700365742985,0.6561679790026247,0.0976691301876066,0.15520181921546333,0.06408735576614606,-0.13692038495188102,"{""a_pillar_base_asym_delta"": 0.0, ""delta_1"": 0.0, ""delta_10"": 0.0, ""delta_11"": 0.0, ""delta_12"": 0.0, ""delta_13"": 0.0, ""delta_14"": 0.0, ""delta_15"": 0.0, ""delta_16"": 0.0, ""delta_17"": 0.0, ""delta_18"": 0.0, ""delta_19"": 0.0, ""delta_2"": 0.0, ""delta_20"": 0.0, ""delta_21"": 0.0, ""delta_3"": null, ""delta_4"": 0.0, ""delta_5"": 0.0, ""delta_6"": 0.0, ""delta_7"": 0.0, ""delta_8"": 0.0, ""delta_9"": 0.0, ""door_leading_lower_asym_delta"": 0.0, ""door_leading_upper_asym_delta"": 0.0, ""door_trailing_lower_asym_delta"": 0.0, ""door_trailing_upper_asym_delta"": 0.0, ""firewall_side_asym_delta"": 0.0, ""front_bumper_left_delta"": 0.0, ""front_bumper_right_delta"": 0.0, ""front_engine_block_delta"": 0.0, ""front_engine_front_delta"": 0.0, ""front_firewall_center_delta"": null, ""front_firewall_left_delta"": 0.0, ""front_firewall_right_delta"": 0.0, ""front_left_right_asym_delta"": 0.0, ""front_left_right_bumper_asymmetry"": 0.0, ""front_structural_delta"": 0.0, ""front_structural_delta_median"": 0.0, ""front_total_length_shortening"": 0.0, ""rear_total_length_shortening"": null, ""total_length_shortening"": 0.0}",0.0,0.0,0.0,,61.85,closingSpeed,17.180555555555557,244401.99305555562,1656.0,1472.0,4572.0,1759.0,2621.0,1266.0,61.85,0.0,270.0,0.0,49.0,0.0,27.0,90.0,NOT APPLICABLE,DIRECT ENGAGEMENT,DIRECT ENGAGEMENT,ITV
3619,14440,4340,2,side_impactor,subject_vehicle,A_ProfileValid,SUBARU,CROSSTREK,2024,STATION WAGON,10LPAS2,1,297.0,2700.0,-418.0,154.0,-16.0,115.0,144.0,136.0,85.0,-5.0,144.0,93.9,109.38235689543355,253530.0,1.640042598509052,-0.06496272630457935,-0.018123885109707347,0.6034868126955745,0.05216666666666667,0.08555555555555555,0.03148189539561913,-0.18685739830129638,"{""a_pillar_base_asym_delta"": null, ""delta_1"": null, ""delta_10"": null, ""delta_11"": null, ""delta_12"": null, ""delta_13"": null, ""delta_14"": null, ""delta_15"": null, ""delta_16"": null, ""delta_17"": null, ""delta_18"": null, ""delta_19"": null, ""delta_2"": null, ""delta_20"": null, ""delta_21"": null, ""delta_3"": null, ""delta_4"": null, ""delta_5"": null, ""delta_6"": null, ""delta_7"": null, ""delta_8"": null, ""delta_9"": null, ""door_leading_lower_asym_delta"": null, ""door_leading_upper_asym_delta"": null, ""door_trailing_lower_asym_delta"": null, ""door_trailing_upper_asym_delta"": null, ""firewall_side_asym_delta"": null, ""front_bumper_left_delta"": null, ""front_bumper_right_delta"": null, ""front_engine_block_delta"": null, ""front_engine_front_delta"": null, ""front_firewall_center_delta"": null, ""front_firewall_left_delta"": null, ""front_firewall_right_delta"": null, ""front_left_right_asym_delta"": null, ""front_left_right_bumper_asymmetry"": null, ""front_structural_delta"": null, ""front_structural_delta_median"": null, ""front_total_length_shortening"": null, ""rear_total_length_shortening"": null, ""total_length_shortening"": null}",,,,,61.87,closingSpeed,17.18611111111111,250615.00923225304,1697.0,1510.0,4474.0,1800.0,2669.0,1218.0,61.87,0.0,270.0,0.0,-205.0,0.0,27.0,90.0,NOT APPLICABLE,DIRECT ENGAGEMENT,DIRECT ENGAGEMENT,ITV
3456,14219,4123,2,side_impactor,subject_vehicle,A_ProfileValid,NISSAN,ROGUE SPORT,2022,UTILITY VEHICLE,10LPEW2,1,297.0,2200.0,-301.0,231.0,20.0,231.0,196.0,209.0,210.0,22.0,231.0,173.4,189.73665961010275,381480.0,1.3321799307958477,-0.01182237600922722,-0.005199765537844839,0.5009107468123861,0.09580110497237569,0.12762430939226518,0.04798780303716451,-0.13706739526411657,"{""a_pillar_base_asym_delta"": null, ""delta_1"": 11.0, ""delta_10"": null, ""delta_11"": null, ""delta_12"": null, ""delta_13"": null, ""delta_14"": null, ""delta_15"": null, ""delta_16"": null, ""delta_17"": null, ""delta_18"": null, ""delta_19"": 13.0, ""delta_2"": null, ""delta_20"": 16.0, ""delta_21"": null, ""delta_3"": null, ""delta_4"": null, ""delta_5"": null, ""delta_6"": null, ""delta_7"": null, ""delta_8"": null, ""delta_9"": null, ""door_leading_lower_asym_delta"": null, ""door_leading_upper_asym_delta"": null, ""door_trailing_lower_asym_delta"": null, ""door_trailing_upper_asym_delta"": null, ""firewall_side_asym_delta"": null, ""front_bumper_left_delta"": 16.0, ""front_bumper_right_delta"": 13.0, ""front_engine_block_delta"": null, ""front_engine_front_delta"": null, ""front_firewall_center_delta"": null, ""front_firewall_left_delta"": null, ""front_firewall_right_delta"": null, ""front_left_right_asym_delta"": 3.0, ""front_left_right_bumper_asymmetry"": 3.0, ""front_structural_delta"": 14.5, ""front_structural_delta_median"": 14.5, ""front_total_length_shortening"": 11.0, ""rear_total_length_shortening"": null, ""total_length_shortening"": 11.0}",11.0,14.5,3.0,,61.91,closingSpeed,17.19722222222222,252713.63437114187,1709.0,1519.0,4392.0,1810.0,2640.0,1179.0,61.91,0.0,270.0,0.0,-66.0,0.0,27.0,,NOT APPLICABLE,DIRECT ENGAGEMENT,NOT APPLICABLE,ITV
2282,10035,2737,2,side_impactor,subject_vehicle,A_ProfileValid,NISSAN,TITAN,2017,4 DOOR PICKUP,09LPAW3,1,297.0,3450.0,25.0,233.0,10.0,145.0,165.0,164.0,18.0,-105.0,165.0,88.9,127.30475246431297,306705.0,2.6209223847019123,-0.4167604049493813,-0.17924609199634797,0.5950327699206623,0.04436127744510978,0.11626746506986028,0.026396413795382673,0.008623663332183512,"{""a_pillar_base_asym_delta"": 15.0, ""delta_1"": 22.0, ""delta_10"": 1.0, ""delta_11"": 9.0, ""delta_12"": -15.0, ""delta_13"": 0.0, ""delta_14"": -9.0, ""delta_15"": 25.0, ""delta_16"": 1.0, ""delta_17"": 44.0, ""delta_18"": 3.0, ""delta_19"": 7.0, ""delta_2"": -9.0, ""delta_20"": 14.0, ""delta_21"": 112.0, ""delta_3"": null, ""delta_4"": -3.0, ""delta_5"": 0.0, ""delta_6"": -2.0, ""delta_7"": 11.0, ""delta_8"": 8.0, ""delta_9"": 5.0, ""door_leading_lower_asym_delta"": 13.0, ""door_leading_upper_asym_delta"": 3.0, ""door_trailing_lower_asym_delta"": 8.0, ""door_trailing_upper_asym_delta"": -3.0, ""firewall_side_asym_delta"": 34.0, ""front_bumper_left_delta"": 14.0, ""front_bumper_right_delta"": 7.0, ""front_engine_block_delta"": 112.0, ""front_engine_front_delta"": -9.0, ""front_firewall_center_delta"": null, ""front_firewall_left_delta"": 25.0, ""front_firewall_right_delta"": -9.0, ""front_left_right_asym_delta"": 7.0, ""front_left_right_bumper_asymmetry"": 7.0, ""front_structural_delta"": 7.0, ""front_structural_delta_median"": 7.0, ""front_total_length_shortening"": 22.0, ""rear_total_length_shortening"": null, ""total_length_shortening"": 22.0}",22.0,7.0,7.0,,61.97,closingSpeed,17.21388888888889,412622.7741705247,2785.0,2530.0,5798.0,2004.0,3555.0,1658.0,61.97,0.0,270.0,0.0,312.0,0.0,27.0,0.0,NOT APPLICABLE,DIRECT ENGAGEMENT,DIRECT ENGAGEMENT,ITV
1501,8950,1797,2,side_impactor,subject_vehicle,A_ProfileValid,NISSAN,ALTIMA,2015,FOUR DOOR SEDAN,10LPAW3,1,297.0,3150.0,-480.0,269.0,11.0,15.0,269.0,244.0,227.0,14.0,269.0,153.5,191.73393022623827,483525.0,1.752442996742671,0.2537459283387622,0.10446374713475691,0.6481481481481481,0.08447991194276279,0.14804623004953218,0.054755498481420334,-0.19753086419753085,"{""a_pillar_base_asym_delta"": 0.0, ""delta_1"": 0.0, ""delta_10"": 0.0, ""delta_11"": 0.0, ""delta_12"": 0.0, ""delta_13"": 0.0, ""delta_14"": 0.0, ""delta_15"": 0.0, ""delta_16"": 0.0, ""delta_17"": 0.0, ""delta_18"": 0.0, ""delta_19"": 0.0, ""delta_2"": 0.0, ""delta_20"": 0.0, ""delta_21"": 0.0, ""delta_3"": null, ""delta_4"": 0.0, ""delta_5"": 0.0, ""delta_6"": 0.0, ""delta_7"": 0.0, ""delta_8"": 0.0, ""delta_9"": 0.0, ""door_leading_lower_asym_delta"": 0.0, ""door_leading_upper_asym_delta"": 0.0, ""door_trailing_lower_asym_delta"": 0.0, ""door_trailing_upper_asym_delta"": 0.0, ""firewall_side_asym_delta"": 0.0, ""front_bumper_left_delta"": 0.0, ""front_bumper_right_delta"": 0.0, ""front_engine_block_delta"": 0.0, ""front_engine_front_delta"": 0.0, ""front_firewall_center_delta"": null, ""front_firewall_left_delta"": 0.0, ""front_firewall_right_delta"": 0.0, ""front_left_right_asym_delta"": 0.0, ""front_left_right_bumper_asymmetry"": 0.0, ""front_structural_delta"": 0.0, ""front_structural_delta_median"": 0.0, ""front_total_length_shortening"": 0.0, ""rear_total_length_shortening"": null, ""total_length_shortening"": 0.0}",0.0,0.0,0.0,,62.38,closingSpeed,17.32777777777778,245005.5362962963,1632.0,1448.0,4860.0,1817.0,2774.0,1239.0,62.38,0.0,270.0,0.0,-43.0,0.0,27.0,90.0,NOT APPLICABLE,DIRECT ENGAGEMENT,DIRECT ENGAGEMENT,ITV
881,8149,1056,2,side_impactor,subject_vehicle,A_ProfileValid,TOYOTA,PRIUS C,2013,FIVE DOOR HATCHBACK,10LPAW3,1,297.0,2850.0,-227.0,200.0,5.0,168.0,200.0,162.0,147.0,2.0,200.0,136.1,152.3755229687498,387885.0,1.4695077149155034,-0.07494489346069066,-0.023532290168034518,0.7379596064215432,0.08154583582983822,0.11983223487118035,0.060177532914303195,-0.11755567063697565,"{""a_pillar_base_asym_delta"": 0.0, ""delta_1"": 0.0, ""delta_10"": 0.0, ""delta_11"": 0.0, ""delta_12"": 0.0, ""delta_13"": 0.0, ""delta_14"": 0.0, ""delta_15"": 0.0, ""delta_16"": 0.0, ""delta_17"": 0.0, ""delta_18"": 0.0, ""delta_19"": 0.0, ""delta_2"": 0.0, ""delta_20"": 0.0, ""delta_21"": 0.0, ""delta_3"": null, ""delta_4"": 0.0, ""delta_5"": 0.0, ""delta_6"": 0.0, ""delta_7"": 0.0, ""delta_8"": 0.0, ""delta_9"": 0.0, ""door_leading_lower_asym_delta"": 0.0, ""door_leading_upper_asym_delta"": 0.0, ""door_trailing_lower_asym_delta"": 0.0, ""door_trailing_upper_asym_delta"": 0.0, ""firewall_side_asym_delta"": 0.0, ""front_bumper_left_delta"": 0.0, ""front_bumper_right_delta"": 0.0, ""front_engine_block_delta"": 0.0, ""front_engine_front_delta"": 0.0, ""front_firewall_center_delta"": null, ""front_firewall_left_delta"": 0.0, ""front_firewall_right_delta"": 0.0, ""front_left_right_asym_delta"": 0.0, ""front_left_right_bumper_asymmetry"": 0.0, ""front_structural_delta"": 0.0, ""front_structural_delta_median"": 0.0, ""front_total_length_shortening"": 0.0, ""rear_total_length_shortening"": null, ""total_length_shortening"": 0.0}",0.0,0.0,0.0,,62.19,closingSpeed,17.275,192932.16656249997,1293.0,1141.0,3862.0,1669.0,2546.0,1080.0,62.19,0.0,270.0,0.0,-90.0,0.0,27.0,90.0,NOT APPLICABLE,DIRECT ENGAGEMENT,DIRECT ENGAGEMENT,ITV
2727,10553,3237,2,side_impactor,subject_vehicle,A_ProfileValid,NISSAN,TITAN,2018,4 DOOR PICKUP,10LPEW2,1,297.0,2175.0,2.0,247.0,149.0,225.0,247.0,244.0,224.0,157.0,247.0,218.6,221.25596037169257,475455.0,1.129917657822507,0.0006861848124428179,0.0009608243967987035,0.3750646663217796,0.10902743142144639,0.12319201995012469,0.0408923371860055,0.0006897740989825832,"{""a_pillar_base_asym_delta"": 0.0, ""delta_1"": 23.0, ""delta_10"": 0.0, ""delta_11"": 0.0, ""delta_12"": 0.0, ""delta_13"": 0.0, ""delta_14"": 0.0, ""delta_15"": 0.0, ""delta_16"": 0.0, ""delta_17"": 0.0, ""delta_18"": 0.0, ""delta_19"": -82.0, ""delta_2"": 0.0, ""delta_20"": 81.0, ""delta_21"": 0.0, ""delta_3"": null, ""delta_4"": 0.0, ""delta_5"": 0.0, ""delta_6"": 0.0, ""delta_7"": 0.0, ""delta_8"": 0.0, ""delta_9"": 0.0, ""door_leading_lower_asym_delta"": 0.0, ""door_leading_upper_asym_delta"": 0.0, ""door_trailing_lower_asym_delta"": 0.0, ""door_trailing_upper_asym_delta"": 0.0, ""firewall_side_asym_delta"": 0.0, ""front_bumper_left_delta"": 81.0, ""front_bumper_right_delta"": -82.0, ""front_engine_block_delta"": 0.0, ""front_engine_front_delta"": 0.0, ""front_firewall_center_delta"": null, ""front_firewall_left_delta"": 0.0, ""front_firewall_right_delta"": 0.0, ""front_left_right_asym_delta"": 163.0, ""front_left_right_bumper_asymmetry"": 163.0, ""front_structural_delta"": 0.0, ""front_structural_delta_median"": 0.0, ""front_total_length_shortening"": 23.0, ""rear_total_length_shortening"": null, ""total_length_shortening"": 23.0}",23.0,0.0,163.0,,61.98,closingSpeed,17.216666666666665,411718.50583333324,2778.0,2520.0,5799.0,2005.0,3558.0,1648.0,61.98,0.0,270.0,0.0,311.0,0.0,27.0,0.0,NOT APPLICABLE,DIRECT ENGAGEMENT,NOT APPLICABLE,ITV
3573,14464,4281,2,side_impactor,subject_vehicle,A_ProfileValid,LEXUS,RX 350h,2023,UTILITY VEHICLE,10LPEW2,1,297.0,1950.0,-8.0,211.0,66.0,180.0,104.0,161.0,136.0,-15.0,180.0,121.3,134.10704679471544,236535.0,1.7394888705688376,-0.06883759274525969,-0.03646135668926501,0.39844707805476093,0.06191934660541092,0.10770801429300664,0.02467158272998596,-0.0032693093583980384,"{""a_pillar_base_asym_delta"": null, ""delta_1"": null, ""delta_10"": null, ""delta_11"": null, ""delta_12"": null, ""delta_13"": null, ""delta_14"": null, ""delta_15"": null, ""delta_16"": null, ""delta_17"": null, ""delta_18"": null, ""delta_19"": null, ""delta_2"": null, ""delta_20"": null, ""delta_21"": null, ""delta_3"": null, ""delta_4"": null, ""delta_5"": null, ""delta_6"": null, ""delta_7"": null, ""delta_8"": null, ""delta_9"": null, ""door_leading_lower_asym_delta"": null, ""door_leading_upper_asym_delta"": null, ""door_trailing_lower_asym_delta"": null, ""door_trailing_upper_asym_delta"": null, ""firewall_side_asym_delta"": null, ""front_bumper_left_delta"": null, ""front_bumper_right_delta"": null, ""front_engine_block_delta"": null, ""front_engine_front_delta"": null, ""front_firewall_center_delta"": null, ""front_firewall_left_delta"": null, ""front_firewall_right_delta"": null, ""front_left_right_asym_delta"": null, ""front_left_right_bumper_asymmetry"": null, ""front_structural_delta"": null, ""front_structural_delta_median"": null, ""front_total_length_shortening"": null, ""rear_total_length_shortening"": null, ""total_length_shortening"": null}",,,,,61.71,closingSpeed,17.141666666666666,339087.5934722222,2308.0,2049.0,4894.0,1959.0,2848.0,1401.0,61.71,0.0,270.0,0.0,68.0,0.0,27.0,,NOT APPLICABLE,DIRECT ENGAGEMENT,NOT APPLICABLE,ITV
26,7356,37,2,side_impactor,subject_vehicle,A_ProfileValid,TOYOTA,PRIUS,2011,FIVE DOOR HATCHBACK,03LPAW2,1,297.0,3150.0,207.0,245.0,9.0,129.0,248.0,181.0,54.0,10.0,248.0,124.3,150.93872929106035,391545.0,1.9710378117457763,-0.2007240547063556,-0.06579806557980296,0.7062780269058296,0.07110983981693364,0.14016018306636155,0.05022331735949349,0.09282511210762331,"{""a_pillar_base_asym_delta"": 0.0, ""delta_1"": 0.0, ""delta_10"": 0.0, ""delta_11"": 0.0, ""delta_12"": 0.0, ""delta_13"": 0.0, ""delta_14"": 0.0, ""delta_15"": 0.0, ""delta_16"": 0.0, ""delta_17"": 0.0, ""delta_18"": 0.0, ""delta_19"": 0.0, ""delta_2"": 0.0, ""delta_20"": 10.0, ""delta_21"": 0.0, ""delta_3"": null, ""delta_4"": 0.0, ""delta_5"": 0.0, ""delta_6"": 0.0, ""delta_7"": 0.0, ""delta_8"": 0.0, ""delta_9"": 0.0, ""door_leading_lower_asym_delta"": 0.0, ""door_leading_upper_asym_delta"": 0.0, ""door_trailing_lower_asym_delta"": 0.0, ""door_trailing_upper_asym_delta"": 0.0, ""firewall_side_asym_delta"": 0.0, ""front_bumper_left_delta"": 10.0, ""front_bumper_right_delta"": 0.0, ""front_engine_block_delta"": 0.0, ""front_engine_front_delta"": 0.0, ""front_firewall_center_delta"": null, ""front_firewall_left_delta"": 0.0, ""front_firewall_right_delta"": 0.0, ""front_left_right_asym_delta"": 10.0, ""front_left_right_bumper_asymmetry"": 10.0, ""front_structural_delta"": 0.0, ""front_structural_delta_median"": 0.0, ""front_total_length_shortening"": 0.0, ""rear_total_length_shortening"": null, ""total_length_shortening"": 0.0}",0.0,0.0,10.0,,62.0,closingSpeed,17.22222222222222,230462.03703703702,1554.0,1405.0,4460.0,1748.0,2700.0,1168.0,62.0,0.0,270.0,0.0,-70.0,0.0,27.0,0.0,NOT APPLICABLE,DIRECT ENGAGEMENT,NOT APPLICABLE,ITV
2837,10686,3367,2,side_impactor,subject_vehicle,A_ProfileValid,CADILLAC,XT4,2019,UTILITY VEHICLE,09LPEW2,1,270.0,2700.0,-97.0,225.0,5.0,225.0,177.0,182.0,119.0,0.0,225.0,141.1,160.7802848610488,380970.0,1.5946137491141035,-0.14847625797306874,-0.054161402643823374,0.5869565217391305,0.07525333333333332,0.12,0.044170434782608695,-0.04217391304347826,"{""a_pillar_base_asym_delta"": 0.0, ""delta_1"": 0.0, ""delta_10"": 0.0, ""delta_11"": 0.0, ""delta_12"": 0.0, ""delta_13"": 0.0, ""delta_14"": 0.0, ""delta_15"": 0.0, ""delta_16"": 0.0, ""delta_17"": 0.0, ""delta_18"": 0.0, ""delta_19"": 0.0, ""delta_2"": 0.0, ""delta_20"": 0.0, ""delta_21"": 0.0, ""delta_3"": null, ""delta_4"": 0.0, ""delta_5"": 0.0, ""delta_6"": 0.0, ""delta_7"": 0.0, ""delta_8"": 0.0, ""delta_9"": 0.0, ""door_leading_lower_asym_delta"": 0.0, ""door_leading_upper_asym_delta"": 0.0, ""door_trailing_lower_asym_delta"": 0.0, ""door_trailing_upper_asym_delta"": 0.0, ""firewall_side_asym_delta"": 0.0, ""front_bumper_left_delta"": 0.0, ""front_bumper_right_delta"": 0.0, ""front_engine_block_delta"": 0.0, ""front_engine_front_delta"": 0.0, ""front_firewall_center_delta"": null, ""front_firewall_left_delta"": 0.0, ""front_firewall_right_delta"": 0.0, ""front_left_right_asym_delta"": 0.0, ""front_left_right_bumper_asymmetry"": 0.0, ""front_structural_delta"": 0.0, ""front_structural_delta_median"": 0.0, ""front_total_length_shortening"": 0.0, ""rear_total_length_shortening"": null, ""total_length_shortening"": 0.0}",0.0,0.0,0.0,,61.83,closingSpeed,17.175,280231.59375,1900.0,1647.0,4600.0,1875.0,2775.0,1251.0,61.83,0.0,270.0,0.0,-35.0,0.0,0.0,0.0,NOT APPLICABLE,DIRECT ENGAGEMENT,NO DIRECT ENGAGEMENT,ITV
709,8047,848,2,side_impactor,subject_vehicle,A_ProfileValid,CADILLAC,ATS,2013,FOUR DOOR SEDAN,10LPAW3,1,297.0,3000.0,-265.0,178.0,10.0,22.0,158.0,171.0,159.0,0.0,171.0,103.0,126.50691680694776,309000.0,1.7281553398058251,0.2752427184466019,0.10020572729727072,0.6466910972192282,0.058823529411764705,0.1016561964591662,0.038040652777601665,-0.11424876050873033,"{""a_pillar_base_asym_delta"": 0.0, ""delta_1"": 0.0, ""delta_10"": 0.0, ""delta_11"": 0.0, ""delta_12"": 0.0, ""delta_13"": 0.0, ""delta_14"": 0.0, ""delta_15"": 0.0, ""delta_16"": 0.0, ""delta_17"": 0.0, ""delta_18"": 0.0, ""delta_19"": 0.0, ""delta_2"": 0.0, ""delta_20"": 0.0, ""delta_21"": 0.0, ""delta_3"": null, ""delta_4"": 0.0, ""delta_5"": 0.0, ""delta_6"": 0.0, ""delta_7"": 0.0, ""delta_8"": 0.0, ""delta_9"": 0.0, ""door_leading_lower_asym_delta"": 0.0, ""door_leading_upper_asym_delta"": 0.0, ""door_trailing_lower_asym_delta"": 0.0, ""door_trailing_upper_asym_delta"": 0.0, ""firewall_side_asym_delta"": 0.0, ""front_bumper_left_delta"": 0.0, ""front_bumper_right_delta"": 0.0, ""front_engine_block_delta"": 0.0, ""front_engine_front_delta"": 0.0, ""front_firewall_center_delta"": null, ""front_firewall_left_delta"": 0.0, ""front_firewall_right_delta"": 0.0, ""front_left_right_asym_delta"": 0.0, ""front_left_right_bumper_asymmetry"": 0.0, ""front_structural_delta"": 0.0, ""front_structural_delta_median"": 0.0, ""front_total_length_shortening"": 0.0, ""rear_total_length_shortening"": null, ""total_length_shortening"": 0.0}",0.0,0.0,0.0,,61.99,closingSpeed,17.219444444444445,249809.05742669755,1685.0,1510.0,4639.0,1751.0,2777.0,1461.0,61.99,0.0,270.0,0.0,172.0,0.0,27.0,90.0,NOT APPLICABLE,DIRECT ENGAGEMENT,DIRECT ENGAGEMENT,ITV
3591,15366,4304,2,side_impactor,subject_vehicle,A_ProfileValid,TOYOTA,PRIUS,2023,FIVE DOOR HATCHBACK,,0,297.0,3000.0,-340.0,141.0,-6.0,81.0,141.0,139.0,67.0,3.0,141.0,85.3,100.27412427939723,255900.0,1.652989449003517,-0.02579132473622509,-0.006579549688478723,0.6525995214270176,0.04846590909090909,0.08011363636363636,0.03162882907825262,-0.14792255819012398,"{""a_pillar_base_asym_delta"": 14.0, ""delta_1"": -7.0, ""delta_10"": -12.0, ""delta_11"": -1.0, ""delta_12"": -14.0, ""delta_13"": 0.0, ""delta_14"": -14.0, ""delta_15"": 9.0, ""delta_16"": 19.0, ""delta_17"": 30.0, ""delta_18"": 3.0, ""delta_19"": 2.0, ""delta_2"": 3.0, ""delta_20"": 5.0, ""delta_21"": 107.0, ""delta_3"": 4.0, ""delta_4"": 2.0, ""delta_5"": 0.0, ""delta_6"": 3.0, ""delta_7"": -1.0, ""delta_8"": -4.0, ""delta_9"": -11.0, ""door_leading_lower_asym_delta"": -4.0, ""door_leading_upper_asym_delta"": -2.0, ""door_trailing_lower_asym_delta"": 11.0, ""door_trailing_upper_asym_delta"": -7.0, ""firewall_side_asym_delta"": 23.0, ""front_bumper_left_delta"": 5.0, ""front_bumper_right_delta"": 2.0, ""front_engine_block_delta"": 107.0, ""front_engine_front_delta"": 3.0, ""front_firewall_center_delta"": 4.0, ""front_firewall_left_delta"": 9.0, ""front_firewall_right_delta"": -14.0, ""front_left_right_asym_delta"": 3.0, ""front_left_right_bumper_asymmetry"": 3.0, ""front_structural_delta"": 3.5, ""front_structural_delta_median"": 3.5, ""front_total_length_shortening"": -7.0, ""rear_total_length_shortening"": null, ""total_length_shortening"": -7.0}",-7.0,3.5,3.0,,52.87,closingSpeed,14.68611111111111,169957.30533950616,1576.0,1410.0,4597.0,1760.0,2751.0,1147.0,52.87,0.0,270.0,0.0,-125.0,0.0,27.0,0.0,NOT APPLICABLE,DIRECT ENGAGEMENT,DIRECT ENGAGEMENT,ITV
343,7593,416,2,side_impactor,subject_vehicle,C_MaxOnly,CHRYSLER,300,2012,FOUR DOOR SEDAN,03LPAW2,1,297.0,4050.0,0.0,278.0,0.0,0.0,0.0,0.0,0.0,0.0,0.0,0.0,0.0,0.0,,,,0.801980198019802,0.0,0.14802981895633652,0.0,0.0,"{""a_pillar_base_asym_delta"": 0.0, ""delta_1"": -3.0, ""delta_10"": 0.0, ""delta_11"": 0.0, ""delta_12"": 0.0, ""delta_13"": 0.0, ""delta_14"": 0.0, ""delta_15"": 0.0, ""delta_16"": 0.0, ""delta_17"": 0.0, ""delta_18"": 0.0, ""delta_19"": -5.0, ""delta_2"": 0.0, ""delta_20"": 14.0, ""delta_21"": 0.0, ""delta_3"": null, ""delta_4"": 0.0, ""delta_5"": 0.0, ""delta_6"": 0.0, ""delta_7"": 0.0, ""delta_8"": 0.0, ""delta_9"": 0.0, ""door_leading_lower_asym_delta"": 0.0, ""door_leading_upper_asym_delta"": 0.0, ""door_trailing_lower_asym_delta"": 0.0, ""door_trailing_upper_asym_delta"": 0.0, ""firewall_side_asym_delta"": 0.0, ""front_bumper_left_delta"": 14.0, ""front_bumper_right_delta"": -5.0, ""front_engine_block_delta"": 0.0, ""front_engine_front_delta"": 0.0, ""front_firewall_center_delta"": null, ""front_firewall_left_delta"": 0.0, ""front_firewall_right_delta"": 0.0, ""front_left_right_asym_delta"": 19.0, ""front_left_right_bumper_asymmetry"": 19.0, ""front_structural_delta"": 0.0, ""front_structural_delta_median"": 0.0, ""front_total_length_shortening"": -3.0, ""rear_total_length_shortening"": null, ""total_length_shortening"": -3.0}",-3.0,0.0,19.0,,62.1,closingSpeed,17.25,294884.4375,1982.0,1808.0,5050.0,1878.0,3052.0,1524.0,62.1,0.0,270.0,0.0,181.0,0.0,27.0,0.0,NOT APPLICABLE,DIRECT ENGAGEMENT,NOT APPLICABLE,ITV
1128,8324,1334,2,side_impactor,subject_vehicle,A_ProfileValid,NISSAN,VERSA NOTE,2014,FIVE DOOR HATCHBACK,10LPAW3,1,297.0,2850.0,-165.0,237.0,12.0,175.0,213.0,234.0,187.0,18.0,234.0,164.8,182.1828751557072,469680.0,1.4381067961165048,0.03731796116504854,0.012027487380516408,0.6882395556628833,0.09716981132075472,0.13974056603773585,0.06687610776724244,-0.07969089591886018,"{""a_pillar_base_asym_delta"": 0.0, ""delta_1"": 0.0, ""delta_10"": 0.0, ""delta_11"": 0.0, ""delta_12"": 0.0, ""delta_13"": 0.0, ""delta_14"": 0.0, ""delta_15"": 0.0, ""delta_16"": 0.0, ""delta_17"": 0.0, ""delta_18"": 0.0, ""delta_19"": 0.0, ""delta_2"": 0.0, ""delta_20"": 0.0, ""delta_21"": 0.0, ""delta_3"": null, ""delta_4"": 0.0, ""delta_5"": 0.0, ""delta_6"": 0.0, ""delta_7"": 0.0, ""delta_8"": 0.0, ""delta_9"": 0.0, ""door_leading_lower_asym_delta"": 0.0, ""door_leading_upper_asym_delta"": 0.0, ""door_trailing_lower_asym_delta"": 0.0, ""door_trailing_upper_asym_delta"": 0.0, ""firewall_side_asym_delta"": 0.0, ""front_bumper_left_delta"": 0.0, ""front_bumper_right_delta"": 0.0, ""front_engine_block_delta"": 0.0, ""front_engine_front_delta"": 0.0, ""front_firewall_center_delta"": null, ""front_firewall_left_delta"": 0.0, ""front_firewall_right_delta"": 0.0, ""front_left_right_asym_delta"": 0.0, ""front_left_right_bumper_asymmetry"": 0.0, ""front_structural_delta"": 0.0, ""front_structural_delta_median"": 0.0, ""front_total_length_shortening"": 0.0, ""rear_total_length_shortening"": null, ""total_length_shortening"": 0.0}",0.0,0.0,0.0,,62.21,closingSpeed,17.280555555555555,186188.07379243826,1247.0,1085.0,4141.0,1696.0,2596.0,1170.0,62.21,0.0,270.0,0.0,-28.0,0.0,27.0,90.0,NOT APPLICABLE,DIRECT ENGAGEMENT,DIRECT ENGAGEMENT,ITV
2277,10032,2731,2,side_impactor,subject_vehicle,A_ProfileValid,HONDA,RIDGELINE,2017,4 DOOR PICKUP,09LPEW2,1,297.0,3000.0,-426.0,213.0,1.0,195.0,230.0,219.0,148.0,-6.0,230.0,157.9,179.33683391874632,473700.0,1.3489550348321722,-0.07441418619379354,-0.024168049933044757,0.5628517823639775,0.07918756268806419,0.10682046138415245,0.04457086080003613,-0.1598499061913696,"{""a_pillar_base_asym_delta"": 5.0, ""delta_1"": 4.0, ""delta_10"": -6.0, ""delta_11"": -6.0, ""delta_12"": -5.0, ""delta_13"": 0.0, ""delta_14"": 3.0, ""delta_15"": 66.0, ""delta_16"": 2.0, ""delta_17"": 17.0, ""delta_18"": -20.0, ""delta_19"": -5.0, ""delta_2"": -2.0, ""delta_20"": -1.0, ""delta_21"": 150.0, ""delta_3"": null, ""delta_4"": -6.0, ""delta_5"": 0.0, ""delta_6"": -16.0, ""delta_7"": 4.0, ""delta_8"": 4.0, ""delta_9"": 10.0, ""door_leading_lower_asym_delta"": 20.0, ""door_leading_upper_asym_delta"": 6.0, ""door_trailing_lower_asym_delta"": 0.0, ""door_trailing_upper_asym_delta"": 6.0, ""firewall_side_asym_delta"": 63.0, ""front_bumper_left_delta"": -1.0, ""front_bumper_right_delta"": -5.0, ""front_engine_block_delta"": 150.0, ""front_engine_front_delta"": -2.0, ""front_firewall_center_delta"": null, ""front_firewall_left_delta"": 66.0, ""front_firewall_right_delta"": 3.0, ""front_left_right_asym_delta"": 4.0, ""front_left_right_bumper_asymmetry"": 4.0, ""front_structural_delta"": -1.0, ""front_structural_delta_median"": -1.0, ""front_total_length_shortening"": 4.0, ""rear_total_length_shortening"": null, ""total_length_shortening"": 4.0}",4.0,-1.0,4.0,,61.99,closingSpeed,17.219444444444445,323639.86490354943,2183.0,1927.0,5330.0,1994.0,3184.0,1432.0,61.99,0.0,270.0,0.0,89.0,0.0,27.0,0.0,NOT APPLICABLE,DIRECT ENGAGEMENT,DIRECT ENGAGEMENT,ITV
701,8041,839,2,side_impactor,subject_vehicle,A_ProfileValid,SUBARU,OUTBACK,2013,UTILITY VEHICLE,12LPEW2,1,297.0,3600.0,74.0,196.0,2.0,24.0,196.0,184.0,107.0,-9.0,196.0,101.5,129.87647977982772,365400.0,1.9310344827586208,0.13497536945812807,0.06192118226600986,0.75,0.05699045480067378,0.11005053340819765,0.04274284110050534,0.030833333333333334,"{""a_pillar_base_asym_delta"": 30.0, ""delta_1"": 4.0, ""delta_10"": -10.0, ""delta_11"": -23.0, ""delta_12"": -30.0, ""delta_13"": 0.0, ""delta_14"": -21.0, ""delta_15"": 38.0, ""delta_16"": 85.0, ""delta_17"": 47.0, ""delta_18"": -36.0, ""delta_19"": 0.0, ""delta_2"": -8.0, ""delta_20"": 1.0, ""delta_21"": 123.0, ""delta_3"": null, ""delta_4"": 8.0, ""delta_5"": 0.0, ""delta_6"": -22.0, ""delta_7"": 1.0, ""delta_8"": -6.0, ""delta_9"": -28.0, ""door_leading_lower_asym_delta"": 23.0, ""door_leading_upper_asym_delta"": -8.0, ""door_trailing_lower_asym_delta"": -13.0, ""door_trailing_upper_asym_delta"": -22.0, ""firewall_side_asym_delta"": 59.0, ""front_bumper_left_delta"": 1.0, ""front_bumper_right_delta"": 0.0, ""front_engine_block_delta"": 123.0, ""front_engine_front_delta"": -8.0, ""front_firewall_center_delta"": null, ""front_firewall_left_delta"": 38.0, ""front_firewall_right_delta"": -21.0, ""front_left_right_asym_delta"": 1.0, ""front_left_right_bumper_asymmetry"": 1.0, ""front_structural_delta"": 0.0, ""front_structural_delta_median"": 0.0, ""front_total_length_shortening"": 4.0, ""rear_total_length_shortening"": null, ""total_length_shortening"": 4.0}",4.0,0.0,1.0,,62.41,closingSpeed,17.33611111111111,267932.0772492283,1783.0,1585.0,4800.0,1781.0,2748.0,1302.0,62.41,0.0,270.0,0.0,422.0,0.0,27.0,0.0,NOT APPLICABLE,DIRECT ENGAGEMENT,DIRECT ENGAGEMENT,ITV
3650,14988,4378,2,side_impactor,subject_vehicle,A_ProfileValid,HYUNDAI,TUCSON HYBRID,2024,UTILITY VEHICLE,09LPEW2,1,297.0,3000.0,-570.0,188.0,7.0,122.0,145.0,188.0,11.0,3.0,188.0,94.2,119.50146442617346,282600.0,1.9957537154989384,-0.17144373673036092,-0.08246991909700938,0.6473888649115235,0.05187224669603525,0.10352422907488987,0.033581514908956785,-0.24600776866637894,"{""a_pillar_base_asym_delta"": -7.0, ""delta_1"": -3.0, ""delta_10"": 16.0, ""delta_11"": 13.0, ""delta_12"": 7.0, ""delta_13"": 0.0, ""delta_14"": 8.0, ""delta_15"": 7.0, ""delta_16"": 5.0, ""delta_17"": 43.0, ""delta_18"": -2.0, ""delta_19"": -1.0, ""delta_2"": -1.0, ""delta_20"": -1.0, ""delta_21"": 68.0, ""delta_3"": 4.0, ""delta_4"": 0.0, ""delta_5"": 0.0, ""delta_6"": 6.0, ""delta_7"": 8.0, ""delta_8"": 7.0, ""delta_9"": 9.0, ""door_leading_lower_asym_delta"": 2.0, ""door_leading_upper_asym_delta"": 0.0, ""door_trailing_lower_asym_delta"": -3.0, ""door_trailing_upper_asym_delta"": 2.0, ""firewall_side_asym_delta"": -1.0, ""front_bumper_left_delta"": -1.0, ""front_bumper_right_delta"": -1.0, ""front_engine_block_delta"": 68.0, ""front_engine_front_delta"": -1.0, ""front_firewall_center_delta"": 4.0, ""front_firewall_left_delta"": 7.0, ""front_firewall_right_delta"": 8.0, ""front_left_right_asym_delta"": 0.0, ""front_left_right_bumper_asymmetry"": 0.0, ""front_structural_delta"": 1.5, ""front_structural_delta_median"": 1.5, ""front_total_length_shortening"": -3.0, ""rear_total_length_shortening"": null, ""total_length_shortening"": -3.0}",-3.0,1.5,0.0,,62.25,closingSpeed,17.291666666666668,293320.703125,1962.0,1760.0,4634.0,1816.0,2762.0,1221.0,62.25,0.0,270.0,0.0,-63.0,0.0,27.0,0.0,NOT APPLICABLE,DIRECT ENGAGEMENT,DIRECT ENGAGEMENT,ITV
2656,10351,3158,2,side_impactor,subject_vehicle,A_ProfileValid,FORD,ECOSPORT,2018,UTILITY VEHICLE,09LPEW2,1,297.0,2550.0,-220.0,127.0,6.0,79.0,127.0,108.0,101.0,12.0,127.0,84.8,94.15412895885129,216240.0,1.4976415094339623,0.02535377358490566,0.018202458310498708,0.6224066390041494,0.049273678094131315,0.073794305636258,0.030668264373940653,-0.10739565535757871,"{""a_pillar_base_asym_delta"": 22.0, ""delta_1"": 4.0, ""delta_10"": 7.0, ""delta_11"": 4.0, ""delta_12"": -22.0, ""delta_13"": 0.0, ""delta_14"": -10.0, ""delta_15"": 11.0, ""delta_16"": 4.0, ""delta_17"": 14.0, ""delta_18"": 1.0, ""delta_19"": 0.0, ""delta_2"": -1.0, ""delta_20"": 1.0, ""delta_21"": 76.0, ""delta_3"": null, ""delta_4"": 1.0, ""delta_5"": 0.0, ""delta_6"": 2.0, ""delta_7"": -12.0, ""delta_8"": 5.0, ""delta_9"": 0.0, ""door_leading_lower_asym_delta"": -14.0, ""door_leading_upper_asym_delta"": -1.0, ""door_trailing_lower_asym_delta"": -3.0, ""door_trailing_upper_asym_delta"": -5.0, ""firewall_side_asym_delta"": 21.0, ""front_bumper_left_delta"": 1.0, ""front_bumper_right_delta"": 0.0, ""front_engine_block_delta"": 76.0, ""front_engine_front_delta"": -1.0, ""front_firewall_center_delta"": null, ""front_firewall_left_delta"": 11.0, ""front_firewall_right_delta"": -10.0, ""front_left_right_asym_delta"": 1.0, ""front_left_right_bumper_asymmetry"": 1.0, ""front_structural_delta"": 0.0, ""front_structural_delta_median"": 0.0, ""front_total_length_shortening"": 4.0, ""rear_total_length_shortening"": null, ""total_length_shortening"": 4.0}",4.0,0.0,1.0,,61.97,closingSpeed,17.21388888888889,228609.314378858,1543.0,1387.0,4097.0,1721.0,2520.0,1075.0,61.97,0.0,270.0,0.0,-81.0,0.0,27.0,0.0,NOT APPLICABLE,DIRECT ENGAGEMENT,DIRECT ENGAGEMENT,ITV
1434,8779,1711,2,side_impactor,subject_vehicle,A_ProfileValid,HYUNDAI,GENESIS,2015,FOUR DOOR SEDAN,03LPAW2,1,297.0,2400.0,-4.0,191.0,15.0,120.0,134.0,189.0,152.0,21.0,189.0,122.6,135.28784128664336,294240.0,1.5579119086460034,0.12438825448613376,0.026064505070442532,0.481251253258472,0.06521276595744681,0.10159574468085106,0.0313837253454727,-0.0016041708441949067,"{""a_pillar_base_asym_delta"": 0.0, ""delta_1"": -7.0, ""delta_10"": 0.0, ""delta_11"": 0.0, ""delta_12"": 0.0, ""delta_13"": 0.0, ""delta_14"": 0.0, ""delta_15"": 0.0, ""delta_16"": 0.0, ""delta_17"": 0.0, ""delta_18"": 0.0, ""delta_19"": 0.0, ""delta_2"": 0.0, ""delta_20"": 0.0, ""delta_21"": 0.0, ""delta_3"": null, ""delta_4"": 0.0, ""delta_5"": 0.0, ""delta_6"": 0.0, ""delta_7"": 0.0, ""delta_8"": 0.0, ""delta_9"": 0.0, ""door_leading_lower_asym_delta"": 0.0, ""door_leading_upper_asym_delta"": 0.0, ""door_trailing_lower_asym_delta"": 0.0, ""door_trailing_upper_asym_delta"": 0.0, ""firewall_side_asym_delta"": 0.0, ""front_bumper_left_delta"": 0.0, ""front_bumper_right_delta"": 0.0, ""front_engine_block_delta"": 0.0, ""front_engine_front_delta"": 0.0, ""front_firewall_center_delta"": null, ""front_firewall_left_delta"": 0.0, ""front_firewall_right_delta"": 0.0, ""front_left_right_asym_delta"": 0.0, ""front_left_right_bumper_asymmetry"": 0.0, ""front_structural_delta"": 0.0, ""front_structural_delta_median"": 0.0, ""front_total_length_shortening"": -7.0, ""rear_total_length_shortening"": null, ""total_length_shortening"": -7.0}",-7.0,0.0,0.0,,62.0,closingSpeed,17.22222222222222,320629.93827160494,2162.0,1970.0,4987.0,1880.0,3010.0,1559.0,62.0,0.0,270.0,0.0,208.0,0.0,27.0,0.0,NOT APPLICABLE,DIRECT ENGAGEMENT,NOT APPLICABLE,ITV
283,7517,340,2,side_impactor,subject_vehicle,C_MaxOnly,TOYOTA,CAMRY,2012,FOUR DOOR SEDAN,03LPAW2,1,297.0,3600.0,0.0,275.0,0.0,0.0,0.0,0.0,0.0,0.0,0.0,0.0,0.0,0.0,,,,0.7485963817841547,0.0,0.15101592531576058,0.0,0.0,"{""a_pillar_base_asym_delta"": 0.0, ""delta_1"": 24.0, ""delta_10"": 0.0, ""delta_11"": 0.0, ""delta_12"": 0.0, ""delta_13"": 0.0, ""delta_14"": 0.0, ""delta_15"": 0.0, ""delta_16"": 0.0, ""delta_17"": 0.0, ""delta_18"": 0.0, ""delta_19"": -4.0, ""delta_2"": 0.0, ""delta_20"": 26.0, ""delta_21"": 0.0, ""delta_3"": null, ""delta_4"": 0.0, ""delta_5"": 0.0, ""delta_6"": 0.0, ""delta_7"": 0.0, ""delta_8"": 0.0, ""delta_9"": 0.0, ""door_leading_lower_asym_delta"": 0.0, ""door_leading_upper_asym_delta"": 0.0, ""door_trailing_lower_asym_delta"": 0.0, ""door_trailing_upper_asym_delta"": 0.0, ""firewall_side_asym_delta"": 0.0, ""front_bumper_left_delta"": 26.0, ""front_bumper_right_delta"": -4.0, ""front_engine_block_delta"": 0.0, ""front_engine_front_delta"": 0.0, ""front_firewall_center_delta"": null, ""front_firewall_left_delta"": 0.0, ""front_firewall_right_delta"": 0.0, ""front_left_right_asym_delta"": 30.0, ""front_left_right_bumper_asymmetry"": 30.0, ""front_structural_delta"": 0.0, ""front_structural_delta_median"": 0.0, ""front_total_length_shortening"": 24.0, ""rear_total_length_shortening"": null, ""total_length_shortening"": 24.0}",24.0,0.0,30.0,,62.3,closingSpeed,17.305555555555554,245725.18865740736,1641.0,1452.0,4809.0,1821.0,2774.0,1188.0,62.3,0.0,270.0,0.0,-113.0,0.0,27.0,0.0,NOT APPLICABLE,DIRECT ENGAGEMENT,NOT APPLICABLE,ITV
1193,8442,1413,2,side_impactor,subject_vehicle,A_ProfileValid,KIA,SEDONA,2014,MINIVAN,03LPAW2,1,297.0,2400.0,-234.0,287.0,1.0,253.0,287.0,274.0,221.0,-2.0,287.0,206.9,232.50698914226214,496560.0,1.3871435476075398,-0.04180763653939101,-0.010479856355502516,0.46529662659945714,0.1059938524590164,0.14702868852459017,0.0493185819894609,-0.09073284218689415,"{""a_pillar_base_asym_delta"": 0.0, ""delta_1"": 0.0, ""delta_10"": 0.0, ""delta_11"": 0.0, ""delta_12"": 0.0, ""delta_13"": 0.0, ""delta_14"": 0.0, ""delta_15"": 0.0, ""delta_16"": 0.0, ""delta_17"": 0.0, ""delta_18"": 0.0, ""delta_19"": -3.0, ""delta_2"": 0.0, ""delta_20"": 6.0, ""delta_21"": 0.0, ""delta_3"": null, ""delta_4"": 0.0, ""delta_5"": 0.0, ""delta_6"": 0.0, ""delta_7"": 0.0, ""delta_8"": 0.0, ""delta_9"": 0.0, ""door_leading_lower_asym_delta"": 0.0, ""door_leading_upper_asym_delta"": 0.0, ""door_trailing_lower_asym_delta"": 0.0, ""door_trailing_upper_asym_delta"": 0.0, ""firewall_side_asym_delta"": 0.0, ""front_bumper_left_delta"": 6.0, ""front_bumper_right_delta"": -3.0, ""front_engine_block_delta"": 0.0, ""front_engine_front_delta"": 0.0, ""front_firewall_center_delta"": null, ""front_firewall_left_delta"": 0.0, ""front_firewall_right_delta"": 0.0, ""front_left_right_asym_delta"": 9.0, ""front_left_right_bumper_asymmetry"": 9.0, ""front_structural_delta"": 0.0, ""front_structural_delta_median"": 0.0, ""front_total_length_shortening"": 0.0, ""rear_total_length_shortening"": null, ""total_length_shortening"": 0.0}",0.0,0.0,9.0,,62.09,closingSpeed,17.247222222222224,327064.60848379636,2199.0,2028.0,5158.0,1952.0,3020.0,1325.0,62.09,0.0,270.0,0.0,-22.0,0.0,27.0,0.0,NOT APPLICABLE,DIRECT ENGAGEMENT,NOT APPLICABLE,ITV
208,7448,244,2,side_impactor,subject_vehicle,A_ProfileValid,MAZDA,MAZDA3,2012,FOUR DOOR SEDAN,10LPAW3,1,297.0,3000.0,-288.0,264.0,10.0,162.0,254.0,254.0,158.0,4.0,254.0,167.0,189.89365444900994,501000.0,1.5808383233532934,-0.008383233532934131,-0.004540416008609974,0.7020828457758015,0.09526525955504848,0.15059897318881918,0.06688410453197881,-0.1347999063889539,"{""a_pillar_base_asym_delta"": 0.0, ""delta_1"": 0.0, ""delta_10"": 0.0, ""delta_11"": 0.0, ""delta_12"": 0.0, ""delta_13"": 0.0, ""delta_14"": 0.0, ""delta_15"": 0.0, ""delta_16"": 0.0, ""delta_17"": 0.0, ""delta_18"": 0.0, ""delta_19"": 0.0, ""delta_2"": 0.0, ""delta_20"": 0.0, ""delta_21"": 0.0, ""delta_3"": null, ""delta_4"": 0.0, ""delta_5"": 0.0, ""delta_6"": 0.0, ""delta_7"": 0.0, ""delta_8"": 0.0, ""delta_9"": 0.0, ""door_leading_lower_asym_delta"": 0.0, ""door_leading_upper_asym_delta"": 0.0, ""door_trailing_lower_asym_delta"": 0.0, ""door_trailing_upper_asym_delta"": 0.0, ""firewall_side_asym_delta"": 0.0, ""front_bumper_left_delta"": 0.0, ""front_bumper_right_delta"": 0.0, ""front_engine_block_delta"": 0.0, ""front_engine_front_delta"": 0.0, ""front_firewall_center_delta"": null, ""front_firewall_left_delta"": 0.0, ""front_firewall_right_delta"": 0.0, ""front_left_right_asym_delta"": 0.0, ""front_left_right_bumper_asymmetry"": 0.0, ""front_structural_delta"": 0.0, ""front_structural_delta_median"": 0.0, ""front_total_length_shortening"": 0.0, ""rear_total_length_shortening"": null, ""total_length_shortening"": 0.0}",0.0,0.0,0.0,,61.45,closingSpeed,17.069444444444446,217504.6694637346,1493.0,1329.0,4273.0,1753.0,2644.0,1145.0,61.45,0.0,270.0,0.0,-76.0,0.0,27.0,90.0,NOT APPLICABLE,DIRECT ENGAGEMENT,DIRECT ENGAGEMENT,ITV
738,8069,887,2,side_impactor,subject_vehicle,C_MaxOnly,FORD,CMAX HYBRID,2013,FIVE DOOR HATCHBACK,03LPAW2,1,297.0,3150.0,0.0,179.0,0.0,0.0,0.0,0.0,0.0,0.0,0.0,0.0,0.0,0.0,,,,0.7129923042100498,0.0,0.1010158013544018,0.0,0.0,"{""a_pillar_base_asym_delta"": 0.0, ""delta_1"": 20.0, ""delta_10"": 0.0, ""delta_11"": 0.0, ""delta_12"": 0.0, ""delta_13"": 0.0, ""delta_14"": 0.0, ""delta_15"": 0.0, ""delta_16"": 0.0, ""delta_17"": 0.0, ""delta_18"": 0.0, ""delta_19"": 1.0, ""delta_2"": 0.0, ""delta_20"": 18.0, ""delta_21"": 0.0, ""delta_3"": null, ""delta_4"": 0.0, ""delta_5"": 0.0, ""delta_6"": 0.0, ""delta_7"": 0.0, ""delta_8"": 0.0, ""delta_9"": 0.0, ""door_leading_lower_asym_delta"": 0.0, ""door_leading_upper_asym_delta"": 0.0, ""door_trailing_lower_asym_delta"": 0.0, ""door_trailing_upper_asym_delta"": 0.0, ""firewall_side_asym_delta"": 0.0, ""front_bumper_left_delta"": 18.0, ""front_bumper_right_delta"": 1.0, ""front_engine_block_delta"": 0.0, ""front_engine_front_delta"": 0.0, ""front_firewall_center_delta"": null, ""front_firewall_left_delta"": 0.0, ""front_firewall_right_delta"": 0.0, ""front_left_right_asym_delta"": 17.0, ""front_left_right_bumper_asymmetry"": 17.0, ""front_structural_delta"": 0.0, ""front_structural_delta_median"": 0.0, ""front_total_length_shortening"": 20.0, ""rear_total_length_shortening"": null, ""total_length_shortening"": 20.0}",20.0,0.0,17.0,,62.21,closingSpeed,17.280555555555555,268307.91387731483,1797.0,1641.0,4418.0,1772.0,2650.0,1187.0,62.21,0.0,270.0,0.0,-33.0,0.0,27.0,0.0,NOT APPLICABLE,DIRECT ENGAGEMENT,NOT APPLICABLE,ITV
11,7343,16,2,side_impactor,subject_vehicle,A_ProfileValid,TOYOTA,TUNDRA DOUBLE CAB,2011,4 DOOR PICKUP,10LPAW3,1,297.0,3000.0,2.0,205.0,11.0,10.0,205.0,150.0,141.0,27.0,205.0,105.0,130.3311167756956,315000.0,1.9523809523809523,0.18619047619047618,0.07412491420727522,0.5147563486616334,0.05167322834645669,0.10088582677165354,0.026599122347180863,0.0006863417982155113,"{""a_pillar_base_asym_delta"": 0.0, ""delta_1"": 0.0, ""delta_10"": 0.0, ""delta_11"": 0.0, ""delta_12"": 0.0, ""delta_13"": 0.0, ""delta_14"": 0.0, ""delta_15"": 0.0, ""delta_16"": 0.0, ""delta_17"": 0.0, ""delta_18"": 0.0, ""delta_19"": 0.0, ""delta_2"": 0.0, ""delta_20"": 0.0, ""delta_21"": 0.0, ""delta_3"": null, ""delta_4"": 0.0, ""delta_5"": 0.0, ""delta_6"": 0.0, ""delta_7"": 0.0, ""delta_8"": 0.0, ""delta_9"": 0.0, ""door_leading_lower_asym_delta"": 0.0, ""door_leading_upper_asym_delta"": 0.0, ""door_trailing_lower_asym_delta"": 0.0, ""door_trailing_upper_asym_delta"": 0.0, ""firewall_side_asym_delta"": 0.0, ""front_bumper_left_delta"": 0.0, ""front_bumper_right_delta"": 0.0, ""front_engine_block_delta"": 0.0, ""front_engine_front_delta"": 0.0, ""front_firewall_center_delta"": null, ""front_firewall_left_delta"": 0.0, ""front_firewall_right_delta"": 0.0, ""front_left_right_asym_delta"": 0.0, ""front_left_right_bumper_asymmetry"": 0.0, ""front_structural_delta"": 0.0, ""front_structural_delta_median"": 0.0, ""front_total_length_shortening"": 0.0, ""rear_total_length_shortening"": null, ""total_length_shortening"": 0.0}",0.0,0.0,0.0,,62.31,closingSpeed,17.308333333333334,400386.5353125,2673.0,2418.0,5828.0,2032.0,3708.0,1709.0,62.31,0.0,270.0,0.0,364.0,0.0,27.0,90.0,NOT APPLICABLE,DIRECT ENGAGEMENT,DIRECT ENGAGEMENT,ITV
2876,10736,3417,2,side_impactor,subject_vehicle,A_ProfileValid,NISSAN,FRONTIER,2019,4 DOOR PICKUP,10LPEW2,1,297.0,1920.0,-13.0,248.0,158.0,233.0,225.0,248.0,241.0,121.0,248.0,217.3,221.04366084554428,417216.0,1.141279337321675,0.006212609295904279,-0.00306830643340724,0.3663423010875787,0.12092376182526433,0.13800779076238176,0.04429948916323364,-0.004960885327227629,"{""a_pillar_base_asym_delta"": 0.0, ""delta_1"": 41.0, ""delta_10"": 0.0, ""delta_11"": 0.0, ""delta_12"": 0.0, ""delta_13"": 0.0, ""delta_14"": 0.0, ""delta_15"": 0.0, ""delta_16"": 0.0, ""delta_17"": 0.0, ""delta_18"": 0.0, ""delta_19"": -68.0, ""delta_2"": 0.0, ""delta_20"": 116.0, ""delta_21"": 0.0, ""delta_3"": null, ""delta_4"": 0.0, ""delta_5"": 0.0, ""delta_6"": 0.0, ""delta_7"": 0.0, ""delta_8"": 0.0, ""delta_9"": 0.0, ""door_leading_lower_asym_delta"": 0.0, ""door_leading_upper_asym_delta"": 0.0, ""door_trailing_lower_asym_delta"": 0.0, ""door_trailing_upper_asym_delta"": 0.0, ""firewall_side_asym_delta"": 0.0, ""front_bumper_left_delta"": 116.0, ""front_bumper_right_delta"": -68.0, ""front_engine_block_delta"": 0.0, ""front_engine_front_delta"": 0.0, ""front_firewall_center_delta"": null, ""front_firewall_left_delta"": 0.0, ""front_firewall_right_delta"": 0.0, ""front_left_right_asym_delta"": 184.0, ""front_left_right_bumper_asymmetry"": 184.0, ""front_structural_delta"": 0.0, ""front_structural_delta_median"": 0.0, ""front_total_length_shortening"": 41.0, ""rear_total_length_shortening"": null, ""total_length_shortening"": 41.0}",41.0,0.0,184.0,,62.28,closingSpeed,17.3,335653.73500000004,2243.0,1984.0,5241.0,1797.0,3210.0,1575.0,62.28,0.0,270.0,0.0,227.0,0.0,27.0,0.0,NOT APPLICABLE,DIRECT ENGAGEMENT,NOT APPLICABLE,ITV
696,8039,832,2,side_impactor,subject_vehicle,C_MaxOnly,LEXUS,ES 350,2013,FOUR DOOR SEDAN,03LPAW2,1,297.0,3450.0,0.0,236.0,0.0,0.0,0.0,0.0,0.0,0.0,0.0,0.0,0.0,0.0,,,,0.7053772234716826,0.0,0.13140311804008908,0.0,0.0,"{""a_pillar_base_asym_delta"": 0.0, ""delta_1"": -6.0, ""delta_10"": 0.0, ""delta_11"": 0.0, ""delta_12"": 0.0, ""delta_13"": 0.0, ""delta_14"": 0.0, ""delta_15"": 0.0, ""delta_16"": 0.0, ""delta_17"": 0.0, ""delta_18"": 0.0, ""delta_19"": -4.0, ""delta_2"": 0.0, ""delta_20"": 14.0, ""delta_21"": 0.0, ""delta_3"": null, ""delta_4"": 0.0, ""delta_5"": 0.0, ""delta_6"": 0.0, ""delta_7"": 0.0, ""delta_8"": 0.0, ""delta_9"": 0.0, ""door_leading_lower_asym_delta"": 0.0, ""door_leading_upper_asym_delta"": 0.0, ""door_trailing_lower_asym_delta"": 0.0, ""door_trailing_upper_asym_delta"": 0.0, ""firewall_side_asym_delta"": 0.0, ""front_bumper_left_delta"": 14.0, ""front_bumper_right_delta"": -4.0, ""front_engine_block_delta"": 0.0, ""front_engine_front_delta"": 0.0, ""front_firewall_center_delta"": null, ""front_firewall_left_delta"": 0.0, ""front_firewall_right_delta"": 0.0, ""front_left_right_asym_delta"": 18.0, ""front_left_right_bumper_asymmetry"": 18.0, ""front_structural_delta"": 0.0, ""front_structural_delta_median"": 0.0, ""front_total_length_shortening"": -6.0, ""rear_total_length_shortening"": null, ""total_length_shortening"": -6.0}",-6.0,0.0,18.0,,62.57,closingSpeed,17.380555555555556,272781.5914120371,1806.0,1618.0,4891.0,1796.0,2808.0,1187.0,62.57,0.0,270.0,0.0,-123.0,0.0,27.0,0.0,NOT APPLICABLE,DIRECT ENGAGEMENT,NOT APPLICABLE,ITV
2164,9962,2599,2,side_impactor,subject_vehicle,A_ProfileValid,BUICK,ENVISION,2016,UTILITY VEHICLE,10LPEW2,1,297.0,1997.0,212.0,226.0,-19.0,226.0,165.0,170.0,145.0,14.0,226.0,140.7,160.3150024171163,280977.89999999997,1.6062544420753377,-0.08635394456289984,-0.018859740422616067,0.4266182439649647,0.07773480662983424,0.12486187845303867,0.03316308669937598,0.09057893612475967,"{""a_pillar_base_asym_delta"": 0.0, ""delta_1"": -13.0, ""delta_10"": 0.0, ""delta_11"": 0.0, ""delta_12"": 0.0, ""delta_13"": 0.0, ""delta_14"": 0.0, ""delta_15"": 0.0, ""delta_16"": 0.0, ""delta_17"": 0.0, ""delta_18"": 0.0, ""delta_19"": -3.0, ""delta_2"": 0.0, ""delta_20"": 4.0, ""delta_21"": 0.0, ""delta_3"": null, ""delta_4"": 0.0, ""delta_5"": 0.0, ""delta_6"": 0.0, ""delta_7"": 0.0, ""delta_8"": 0.0, ""delta_9"": 0.0, ""door_leading_lower_asym_delta"": 0.0, ""door_leading_upper_asym_delta"": 0.0, ""door_trailing_lower_asym_delta"": 0.0, ""door_trailing_upper_asym_delta"": 0.0, ""firewall_side_asym_delta"": 0.0, ""front_bumper_left_delta"": 4.0, ""front_bumper_right_delta"": -3.0, ""front_engine_block_delta"": 0.0, ""front_engine_front_delta"": 0.0, ""front_firewall_center_delta"": null, ""front_firewall_left_delta"": 0.0, ""front_firewall_right_delta"": 0.0, ""front_left_right_asym_delta"": 7.0, ""front_left_right_bumper_asymmetry"": 7.0, ""front_structural_delta"": 0.0, ""front_structural_delta_median"": 0.0, ""front_total_length_shortening"": -13.0, ""rear_total_length_shortening"": null, ""total_length_shortening"": -13.0}",-13.0,0.0,7.0,,61.42,closingSpeed,17.06111111111111,303306.93586419744,2084.0,1824.0,4681.0,1810.0,2752.0,1297.0,61.42,0.0,270.0,0.0,14.0,0.0,27.0,0.0,NOT APPLICABLE,DIRECT ENGAGEMENT,NOT APPLICABLE,ITV
1207,8447,1433,2,side_impactor,subject_vehicle,A_ProfileValid,BUICK,LACROSSE EASSIST,2014,FOUR DOOR SEDAN,03LPAW2,1,297.0,2255.0,215.0,233.0,3.0,270.0,223.0,238.0,230.0,22.0,270.0,194.7,215.6012523154724,439048.5,1.196712891628146,-0.01977401129943503,-0.005322361254564644,0.45054945054945056,0.1072136563876652,0.12830396475770925,0.04830505397686014,0.08591408591408592,"{""a_pillar_base_asym_delta"": 0.0, ""delta_1"": 0.0, ""delta_10"": 0.0, ""delta_11"": 0.0, ""delta_12"": 0.0, ""delta_13"": 0.0, ""delta_14"": 0.0, ""delta_15"": 0.0, ""delta_16"": 0.0, ""delta_17"": 0.0, ""delta_18"": 0.0, ""delta_19"": 0.0, ""delta_2"": 0.0, ""delta_20"": 20.0, ""delta_21"": 0.0, ""delta_3"": null, ""delta_4"": 0.0, ""delta_5"": 0.0, ""delta_6"": 0.0, ""delta_7"": 0.0, ""delta_8"": 0.0, ""delta_9"": 0.0, ""door_leading_lower_asym_delta"": 0.0, ""door_leading_upper_asym_delta"": 0.0, ""door_trailing_lower_asym_delta"": 0.0, ""door_trailing_upper_asym_delta"": 0.0, ""firewall_side_asym_delta"": 0.0, ""front_bumper_left_delta"": 20.0, ""front_bumper_right_delta"": 0.0, ""front_engine_block_delta"": 0.0, ""front_engine_front_delta"": 0.0, ""front_firewall_center_delta"": null, ""front_firewall_left_delta"": 0.0, ""front_firewall_right_delta"": 0.0, ""front_left_right_asym_delta"": 20.0, ""front_left_right_bumper_asymmetry"": 20.0, ""front_structural_delta"": 0.0, ""front_structural_delta_median"": 0.0, ""front_total_length_shortening"": 0.0, ""rear_total_length_shortening"": null, ""total_length_shortening"": 0.0}",0.0,0.0,20.0,,62.28,closingSpeed,17.3,286420.53,1914.0,1722.0,5005.0,1816.0,2836.0,1242.0,62.28,0.0,270.0,0.0,-76.0,0.0,27.0,0.0,NOT APPLICABLE,DIRECT ENGAGEMENT,NOT APPLICABLE,ITV
556,7877,668,2,side_impactor,subject_vehicle,C_MaxOnly,TOYOTA,PRIUS PLUG-IN,2012,FIVE DOOR HATCHBACK,03LPAW2,1,297.0,3450.0,0.0,257.0,0.0,0.0,0.0,0.0,0.0,0.0,0.0,0.0,0.0,0.0,,,,0.777027027027027,0.0,0.14719358533791524,0.0,0.0,"{""a_pillar_base_asym_delta"": 0.0, ""delta_1"": 0.0, ""delta_10"": 0.0, ""delta_11"": 0.0, ""delta_12"": 0.0, ""delta_13"": 0.0, ""delta_14"": 0.0, ""delta_15"": 0.0, ""delta_16"": 0.0, ""delta_17"": 0.0, ""delta_18"": 0.0, ""delta_19"": -7.0, ""delta_2"": 0.0, ""delta_20"": 25.0, ""delta_21"": 0.0, ""delta_3"": null, ""delta_4"": 0.0, ""delta_5"": 0.0, ""delta_6"": 0.0, ""delta_7"": 0.0, ""delta_8"": 0.0, ""delta_9"": 0.0, ""door_leading_lower_asym_delta"": 0.0, ""door_leading_upper_asym_delta"": 0.0, ""door_trailing_lower_asym_delta"": 0.0, ""door_trailing_upper_asym_delta"": 0.0, ""firewall_side_asym_delta"": 0.0, ""front_bumper_left_delta"": 25.0, ""front_bumper_right_delta"": -7.0, ""front_engine_block_delta"": 0.0, ""front_engine_front_delta"": 0.0, ""front_firewall_center_delta"": null, ""front_firewall_left_delta"": 0.0, ""front_firewall_right_delta"": 0.0, ""front_left_right_asym_delta"": 32.0, ""front_left_right_bumper_asymmetry"": 32.0, ""front_structural_delta"": 0.0, ""front_structural_delta_median"": 0.0, ""front_total_length_shortening"": 0.0, ""rear_total_length_shortening"": null, ""total_length_shortening"": 0.0}",0.0,0.0,32.0,,62.3,closingSpeed,17.305555555555554,238238.13233024688,1591.0,1437.0,4440.0,1746.0,2700.0,1171.0,62.3,0.0,270.0,0.0,-81.0,0.0,27.0,0.0,NOT APPLICABLE,DIRECT ENGAGEMENT,NOT APPLICABLE,ITV
3339,11622,3986,2,side_impactor,subject_vehicle,A_ProfileValid,VOLKSWAGEN,ID.4,2021,UTILITY VEHICLE,09LPEW2,1,297.0,3300.0,8.0,176.0,-3.0,18.0,176.0,162.0,0.0,0.0,176.0,70.9,107.28326989796685,233970.0,2.482369534555712,-0.076163610719323,-0.024561168257842443,0.719581334496293,0.038637602179836514,0.09591280653950954,0.02780289733830364,0.0034888791975577847,"{""a_pillar_base_asym_delta"": 7.0, ""delta_1"": 21.0, ""delta_10"": 0.0, ""delta_11"": -6.0, ""delta_12"": -7.0, ""delta_13"": 0.0, ""delta_14"": -7.0, ""delta_15"": 12.0, ""delta_16"": 0.0, ""delta_17"": 63.0, ""delta_18"": -9.0, ""delta_19"": 0.0, ""delta_2"": -24.0, ""delta_20"": 0.0, ""delta_21"": 98.0, ""delta_3"": 3.0, ""delta_4"": 1.0, ""delta_5"": 0.0, ""delta_6"": 0.0, ""delta_7"": -10.0, ""delta_8"": 2.0, ""delta_9"": -4.0, ""door_leading_lower_asym_delta"": -10.0, ""door_leading_upper_asym_delta"": -1.0, ""door_trailing_lower_asym_delta"": -6.0, ""door_trailing_upper_asym_delta"": -6.0, ""firewall_side_asym_delta"": 19.0, ""front_bumper_left_delta"": 0.0, ""front_bumper_right_delta"": 0.0, ""front_engine_block_delta"": 98.0, ""front_engine_front_delta"": -24.0, ""front_firewall_center_delta"": 3.0, ""front_firewall_left_delta"": 12.0, ""front_firewall_right_delta"": -7.0, ""front_left_right_asym_delta"": 0.0, ""front_left_right_bumper_asymmetry"": 0.0, ""front_structural_delta"": 0.0, ""front_structural_delta_median"": 0.0, ""front_total_length_shortening"": 21.0, ""rear_total_length_shortening"": null, ""total_length_shortening"": 21.0}",21.0,0.0,0.0,,61.92,closingSpeed,17.2,340955.6,2305.0,2094.0,4586.0,1835.0,2768.0,1502.0,61.92,0.0,270.0,,214.0,0.0,27.0,0.0,NOT APPLICABLE,DIRECT ENGAGEMENT,DIRECT ENGAGEMENT,ITV
3216,11351,3833,2,side_impactor,subject_vehicle,A_ProfileValid,CHEVROLET,TAHOE,2021,UTILITY VEHICLE,09LPEW2,1,270.0,2850.0,23.0,132.0,26.0,111.0,119.0,80.0,66.0,13.0,119.0,79.1,86.78767193559233,225435.0,1.6687737041719344,-0.20417193426042984,-0.05553473026106113,0.5318156372457548,0.03867970660146699,0.06454767726161369,0.020570472814738,0.008583690987124463,"{""a_pillar_base_asym_delta"": null, ""delta_1"": null, ""delta_10"": null, ""delta_11"": null, ""delta_12"": null, ""delta_13"": null, ""delta_14"": null, ""delta_15"": null, ""delta_16"": null, ""delta_17"": null, ""delta_18"": null, ""delta_19"": null, ""delta_2"": null, ""delta_20"": null, ""delta_21"": null, ""delta_3"": null, ""delta_4"": null, ""delta_5"": null, ""delta_6"": null, ""delta_7"": null, ""delta_8"": null, ""delta_9"": null, ""door_leading_lower_asym_delta"": null, ""door_leading_upper_asym_delta"": null, ""door_trailing_lower_asym_delta"": null, ""door_trailing_upper_asym_delta"": null, ""firewall_side_asym_delta"": null, ""front_bumper_left_delta"": null, ""front_bumper_right_delta"": null, ""front_engine_block_delta"": null, ""front_engine_front_delta"": null, ""front_firewall_center_delta"": null, ""front_firewall_left_delta"": null, ""front_firewall_right_delta"": null, ""front_left_right_asym_delta"": null, ""front_left_right_bumper_asymmetry"": null, ""front_structural_delta"": null, ""front_structural_delta_median"": null, ""front_total_length_shortening"": null, ""rear_total_length_shortening"": null, ""total_length_shortening"": null}",,,,,61.96,closingSpeed,17.211111111111112,407898.17000000004,2754.0,2501.0,5359.0,2045.0,3060.0,1656.0,61.96,0.0,270.0,,320.0,,,,NOT APPLICABLE,DIRECT ENGAGEMENT,NO DIRECT ENGAGEMENT,ITV
1701,9254,2041,2,side_impactor,subject_vehicle,A_ProfileValid,ACURA,ILX,2016,FOUR DOOR SEDAN,10LPEW2,1,297.0,1950.0,343.0,236.0,82.0,225.0,203.0,240.0,201.0,13.0,240.0,183.3,196.61205456431202,357435.0,1.287506819421713,-0.03355155482815057,-0.019112093580178686,0.42207792207792205,0.10522388059701493,0.1354764638346728,0.04441267687536344,0.1484848484848485,"{""a_pillar_base_asym_delta"": 0.0, ""delta_1"": 5.0, ""delta_10"": 0.0, ""delta_11"": 0.0, ""delta_12"": 0.0, ""delta_13"": 0.0, ""delta_14"": 0.0, ""delta_15"": 0.0, ""delta_16"": 0.0, ""delta_17"": 0.0, ""delta_18"": 0.0, ""delta_19"": 0.0, ""delta_2"": 0.0, ""delta_20"": 25.0, ""delta_21"": 0.0, ""delta_3"": null, ""delta_4"": 0.0, ""delta_5"": 0.0, ""delta_6"": 0.0, ""delta_7"": 0.0, ""delta_8"": 0.0, ""delta_9"": 0.0, ""door_leading_lower_asym_delta"": 0.0, ""door_leading_upper_asym_delta"": 0.0, ""door_trailing_lower_asym_delta"": 0.0, ""door_trailing_upper_asym_delta"": 0.0, ""firewall_side_asym_delta"": 0.0, ""front_bumper_left_delta"": 25.0, ""front_bumper_right_delta"": 0.0, ""front_engine_block_delta"": 0.0, ""front_engine_front_delta"": 0.0, ""front_firewall_center_delta"": null, ""front_firewall_left_delta"": 0.0, ""front_firewall_right_delta"": 0.0, ""front_left_right_asym_delta"": 25.0, ""front_left_right_bumper_asymmetry"": 25.0, ""front_structural_delta"": 0.0, ""front_structural_delta_median"": 0.0, ""front_total_length_shortening"": 5.0, ""rear_total_length_shortening"": null, ""total_length_shortening"": 5.0}",5.0,0.0,25.0,,62.26,closingSpeed,17.294444444444444,234941.3286882716,1571.0,1403.0,4620.0,1742.0,2670.0,1074.0,62.26,0.0,270.0,0.0,-156.0,0.0,27.0,0.0,NOT APPLICABLE,DIRECT ENGAGEMENT,NOT APPLICABLE,ITV
336,7586,407,2,side_impactor,subject_vehicle,A_ProfileValid,TOYOTA,TUNDRA,2012,4 DOOR PICKUP,10LPAW3,1,297.0,3000.0,156.0,205.0,11.0,108.0,195.0,147.0,137.0,-14.0,195.0,117.1,134.3320512759334,351300.0,1.7506404782237406,-0.033304867634500426,-0.004126453257820214,0.5140507196710076,0.05774161735700197,0.10108481262327416,0.029682119957334805,0.053461274845784786,"{""a_pillar_base_asym_delta"": 0.0, ""delta_1"": 0.0, ""delta_10"": 0.0, ""delta_11"": 0.0, ""delta_12"": 0.0, ""delta_13"": 0.0, ""delta_14"": 0.0, ""delta_15"": 0.0, ""delta_16"": 0.0, ""delta_17"": 0.0, ""delta_18"": 0.0, ""delta_19"": 0.0, ""delta_2"": 0.0, ""delta_20"": 0.0, ""delta_21"": 0.0, ""delta_3"": null, ""delta_4"": 0.0, ""delta_5"": 0.0, ""delta_6"": 0.0, ""delta_7"": 0.0, ""delta_8"": 0.0, ""delta_9"": 0.0, ""door_leading_lower_asym_delta"": 0.0, ""door_leading_upper_asym_delta"": 0.0, ""door_trailing_lower_asym_delta"": 0.0, ""door_trailing_upper_asym_delta"": 0.0, ""firewall_side_asym_delta"": 0.0, ""front_bumper_left_delta"": 0.0, ""front_bumper_right_delta"": 0.0, ""front_engine_block_delta"": 0.0, ""front_engine_front_delta"": 0.0, ""front_firewall_center_delta"": null, ""front_firewall_left_delta"": 0.0, ""front_firewall_right_delta"": 0.0, ""front_left_right_asym_delta"": 0.0, ""front_left_right_bumper_asymmetry"": 0.0, ""front_structural_delta"": 0.0, ""front_structural_delta_median"": 0.0, ""front_total_length_shortening"": 0.0, ""rear_total_length_shortening"": null, ""total_length_shortening"": 0.0}",0.0,0.0,0.0,,62.1,closingSpeed,17.25,403197.1875,2710.0,2454.0,5836.0,2028.0,3707.0,1716.0,62.1,0.0,270.0,0.0,518.0,0.0,27.0,90.0,NOT APPLICABLE,DIRECT ENGAGEMENT,DIRECT ENGAGEMENT,ITV
181,7439,211,2,side_impactor,subject_vehicle,A_ProfileValid,KIA,SORENTO,2012,UTILITY VEHICLE,03LPAW2,1,297.0,3300.0,243.0,235.0,0.0,76.0,244.0,201.0,7.0,-10.0,244.0,104.6,145.47302155382627,345180.0,2.2466539196940727,-0.2031548757170172,-0.0742323698121696,0.7058823529411765,0.056236559139784946,0.12634408602150538,0.03969639468690702,0.1039572192513369,"{""a_pillar_base_asym_delta"": 0.0, ""delta_1"": 5.0, ""delta_10"": 0.0, ""delta_11"": 0.0, ""delta_12"": 0.0, ""delta_13"": 0.0, ""delta_14"": 0.0, ""delta_15"": 0.0, ""delta_16"": 0.0, ""delta_17"": 0.0, ""delta_18"": 0.0, ""delta_19"": -2.0, ""delta_2"": 0.0, ""delta_20"": 22.0, ""delta_21"": 0.0, ""delta_3"": null, ""delta_4"": 0.0, ""delta_5"": 0.0, ""delta_6"": 0.0, ""delta_7"": 0.0, ""delta_8"": 0.0, ""delta_9"": 0.0, ""door_leading_lower_asym_delta"": 0.0, ""door_leading_upper_asym_delta"": 0.0, ""door_trailing_lower_asym_delta"": 0.0, ""door_trailing_upper_asym_delta"": 0.0, ""firewall_side_asym_delta"": 0.0, ""front_bumper_left_delta"": 22.0, ""front_bumper_right_delta"": -2.0, ""front_engine_block_delta"": 0.0, ""front_engine_front_delta"": 0.0, ""front_firewall_center_delta"": null, ""front_firewall_left_delta"": 0.0, ""front_firewall_right_delta"": 0.0, ""front_left_right_asym_delta"": 24.0, ""front_left_right_bumper_asymmetry"": 24.0, ""front_structural_delta"": 0.0, ""front_structural_delta_median"": 0.0, ""front_total_length_shortening"": 5.0, ""rear_total_length_shortening"": null, ""total_length_shortening"": 5.0}",5.0,0.0,24.0,,62.4,closingSpeed,17.333333333333332,281366.2222222222,1873.0,1671.0,4675.0,1860.0,2710.0,1239.0,62.4,0.0,270.0,0.0,-31.0,0.0,27.0,0.0,NOT APPLICABLE,DIRECT ENGAGEMENT,NOT APPLICABLE,ITV
3719,14499,4460,2,side_impactor,subject_vehicle,A_ProfileValid,FORD,MUSTANG,2024,TWO DOOR COUPE,09LPEW2,1,270.0,2250.0,-67.0,154.0,14.0,103.0,143.0,130.0,126.0,0.0,143.0,101.8,113.07696493981433,229050.0,1.512770137524558,0.012278978388998035,0.0038606394934840985,0.4678727386150967,0.05302083333333333,0.08020833333333334,0.02480700249532127,-0.027864420877521313,"{""a_pillar_base_asym_delta"": null, ""delta_1"": null, ""delta_10"": null, ""delta_11"": null, ""delta_12"": null, ""delta_13"": null, ""delta_14"": null, ""delta_15"": null, ""delta_16"": null, ""delta_17"": null, ""delta_18"": null, ""delta_19"": null, ""delta_2"": null, ""delta_20"": null, ""delta_21"": null, ""delta_3"": null, ""delta_4"": null, ""delta_5"": null, ""delta_6"": null, ""delta_7"": null, ""delta_8"": null, ""delta_9"": null, ""door_leading_lower_asym_delta"": null, ""door_leading_upper_asym_delta"": null, ""door_trailing_lower_asym_delta"": null, ""door_trailing_upper_asym_delta"": null, ""firewall_side_asym_delta"": null, ""front_bumper_left_delta"": null, ""front_bumper_right_delta"": null, ""front_engine_block_delta"": null, ""front_engine_front_delta"": null, ""front_firewall_center_delta"": null, ""front_firewall_left_delta"": null, ""front_firewall_right_delta"": null, ""front_left_right_asym_delta"": null, ""front_left_right_bumper_asymmetry"": null, ""front_structural_delta"": null, ""front_structural_delta_median"": null, ""front_total_length_shortening"": null, ""rear_total_length_shortening"": null, ""total_length_shortening"": null}",,,,,62.12,closingSpeed,17.255555555555553,260237.16864197524,1748.0,1617.0,4809.0,1920.0,2718.0,1318.0,62.12,0.0,270.0,0.0,60.0,,,,NOT APPLICABLE,DIRECT ENGAGEMENT,NO DIRECT ENGAGEMENT,ITV
2821,10664,3347,2,side_impactor,subject_vehicle,A_ProfileValid,HYUNDAI,KONA ,2019,UTILITY VEHICLE,10LPAS2,1,297.0,2400.0,-469.0,210.0,5.0,41.0,185.0,179.0,158.0,24.0,185.0,115.5,136.5368082240097,277200.0,1.8181818181818181,0.21125541125541125,0.07832743487005192,0.5762304921968787,0.06507042253521127,0.11830985915492957,0.037495561604923656,-0.22521008403361345,"{""a_pillar_base_asym_delta"": 0.0, ""delta_1"": 0.0, ""delta_10"": 0.0, ""delta_11"": 0.0, ""delta_12"": 0.0, ""delta_13"": 0.0, ""delta_14"": 0.0, ""delta_15"": 0.0, ""delta_16"": 0.0, ""delta_17"": 0.0, ""delta_18"": 0.0, ""delta_19"": 0.0, ""delta_2"": 0.0, ""delta_20"": 0.0, ""delta_21"": 0.0, ""delta_3"": null, ""delta_4"": 0.0, ""delta_5"": 0.0, ""delta_6"": 0.0, ""delta_7"": 0.0, ""delta_8"": 0.0, ""delta_9"": 0.0, ""door_leading_lower_asym_delta"": 0.0, ""door_leading_upper_asym_delta"": 0.0, ""door_trailing_lower_asym_delta"": 0.0, ""door_trailing_upper_asym_delta"": 0.0, ""firewall_side_asym_delta"": 0.0, ""front_bumper_left_delta"": 0.0, ""front_bumper_right_delta"": 0.0, ""front_engine_block_delta"": 0.0, ""front_engine_front_delta"": 0.0, ""front_firewall_center_delta"": null, ""front_firewall_left_delta"": 0.0, ""front_firewall_right_delta"": 0.0, ""front_left_right_asym_delta"": 0.0, ""front_left_right_bumper_asymmetry"": 0.0, ""front_structural_delta"": 0.0, ""front_structural_delta_median"": 0.0, ""front_total_length_shortening"": 0.0, ""rear_total_length_shortening"": null, ""total_length_shortening"": 0.0}",0.0,0.0,0.0,,62.01,closingSpeed,17.224999999999998,216591.45624999993,1460.0,1292.0,4165.0,1775.0,2597.0,1091.0,62.01,0.0,270.0,0.0,-107.0,0.0,27.0,90.0,NOT APPLICABLE,DIRECT ENGAGEMENT,DIRECT ENGAGEMENT,ITV
458,8044,555,2,side_impactor,subject_vehicle,A_ProfileValid,FIAT,500,2013,THREE DOOR HATCHBACK,,0,297.0,1676.0,-152.0,164.0,0.0,56.0,103.0,135.0,157.0,0.0,157.0,90.2,106.41334502777364,151175.2,1.8181818181818181,0.2771618625277162,0.07025521414664175,0.4729119638826185,0.056375,0.1025,0.02666041196388262,-0.08577878103837472,"{""a_pillar_base_asym_delta"": 0.0, ""delta_1"": 5.0, ""delta_10"": 0.0, ""delta_11"": 0.0, ""delta_12"": 0.0, ""delta_13"": 0.0, ""delta_14"": 0.0, ""delta_15"": 0.0, ""delta_16"": 0.0, ""delta_17"": 0.0, ""delta_18"": 0.0, ""delta_19"": 2.0, ""delta_2"": 0.0, ""delta_20"": 14.0, ""delta_21"": 0.0, ""delta_3"": null, ""delta_4"": 0.0, ""delta_5"": 0.0, ""delta_6"": 0.0, ""delta_7"": 0.0, ""delta_8"": 0.0, ""delta_9"": 0.0, ""door_leading_lower_asym_delta"": 0.0, ""door_leading_upper_asym_delta"": 0.0, ""door_trailing_lower_asym_delta"": 0.0, ""door_trailing_upper_asym_delta"": 0.0, ""firewall_side_asym_delta"": 0.0, ""front_bumper_left_delta"": 14.0, ""front_bumper_right_delta"": 2.0, ""front_engine_block_delta"": 0.0, ""front_engine_front_delta"": 0.0, ""front_firewall_center_delta"": null, ""front_firewall_left_delta"": 0.0, ""front_firewall_right_delta"": 0.0, ""front_left_right_asym_delta"": 12.0, ""front_left_right_bumper_asymmetry"": 12.0, ""front_structural_delta"": 0.0, ""front_structural_delta_median"": 0.0, ""front_total_length_shortening"": 5.0, ""rear_total_length_shortening"": null, ""total_length_shortening"": 5.0}",5.0,0.0,12.0,,62.2,closingSpeed,17.27777777777778,187620.82870370374,1257.0,1072.0,3544.0,1600.0,2298.0,968.0,62.2,0.0,270.0,0.0,-37.0,0.0,0.0,0.0,NOT APPLICABLE,DIRECT ENGAGEMENT,DIRECT ENGAGEMENT,ITV
3050,11065,3637,2,side_impactor,subject_vehicle,A_ProfileValid,KIA,STINGER ,2020,FOUR DOOR SEDAN,09LPEW2,1,297.0,3300.0,-353.0,139.0,-5.0,96.0,126.0,139.0,9.0,-1.0,139.0,73.4,94.34723101395186,242220.0,1.8937329700272478,-0.2050408719346049,-0.08863344360790253,0.683371298405467,0.040440771349862265,0.0765840220385675,0.02763606242587398,-0.14620004141644233,"{""a_pillar_base_asym_delta"": -2.0, ""delta_1"": 2.0, ""delta_10"": 7.0, ""delta_11"": 10.0, ""delta_12"": 2.0, ""delta_13"": 0.0, ""delta_14"": -6.0, ""delta_15"": -6.0, ""delta_16"": 5.0, ""delta_17"": 42.0, ""delta_18"": -17.0, ""delta_19"": -5.0, ""delta_2"": -5.0, ""delta_20"": -2.0, ""delta_21"": 72.0, ""delta_3"": null, ""delta_4"": 0.0, ""delta_5"": 0.0, ""delta_6"": -19.0, ""delta_7"": -3.0, ""delta_8"": -2.0, ""delta_9"": 11.0, ""door_leading_lower_asym_delta"": 16.0, ""door_leading_upper_asym_delta"": 0.0, ""door_trailing_lower_asym_delta"": 3.0, ""door_trailing_upper_asym_delta"": 13.0, ""firewall_side_asym_delta"": 0.0, ""front_bumper_left_delta"": -2.0, ""front_bumper_right_delta"": -5.0, ""front_engine_block_delta"": 72.0, ""front_engine_front_delta"": -5.0, ""front_firewall_center_delta"": null, ""front_firewall_left_delta"": -6.0, ""front_firewall_right_delta"": -6.0, ""front_left_right_asym_delta"": 3.0, ""front_left_right_bumper_asymmetry"": 3.0, ""front_structural_delta"": -5.0, ""front_structural_delta_median"": -5.0, ""front_total_length_shortening"": 2.0, ""rear_total_length_shortening"": null, ""total_length_shortening"": 2.0}",2.0,-5.0,3.0,,61.68,closingSpeed,17.133333333333333,273589.6355555555,1864.0,1674.0,4829.0,1815.0,2904.0,1505.0,61.68,0.0,270.0,0.0,157.0,0.0,27.0,0.0,NOT APPLICABLE,DIRECT ENGAGEMENT,DIRECT ENGAGEMENT,ITV
3751,15076,4503,2,side_impactor,subject_vehicle,A_ProfileValid,CHEVROLET,BLAZER EV,2024,UTILITY VEHICLE,10LPEW2,1,297.0,2250.0,45.0,232.0,-23.0,229.0,155.0,200.0,144.0,43.0,229.0,147.6,166.3676651275722,332100.0,1.5718157181571817,-0.0247289972899729,-0.00562736349266692,0.46144380639868743,0.07707571801566579,0.12114882506527415,0.03556611270206071,0.018457752255947497,"{""a_pillar_base_asym_delta"": null, ""delta_1"": null, ""delta_10"": null, ""delta_11"": null, ""delta_12"": null, ""delta_13"": null, ""delta_14"": null, ""delta_15"": null, ""delta_16"": null, ""delta_17"": null, ""delta_18"": null, ""delta_19"": null, ""delta_2"": null, ""delta_20"": null, ""delta_21"": null, ""delta_3"": null, ""delta_4"": null, ""delta_5"": null, ""delta_6"": null, ""delta_7"": null, ""delta_8"": null, ""delta_9"": null, ""door_leading_lower_asym_delta"": null, ""door_leading_upper_asym_delta"": null, ""door_trailing_lower_asym_delta"": null, ""door_trailing_upper_asym_delta"": null, ""firewall_side_asym_delta"": null, ""front_bumper_left_delta"": null, ""front_bumper_right_delta"": null, ""front_engine_block_delta"": null, ""front_engine_front_delta"": null, ""front_firewall_center_delta"": null, ""front_firewall_left_delta"": null, ""front_firewall_right_delta"": null, ""front_left_right_asym_delta"": null, ""front_left_right_bumper_asymmetry"": null, ""front_structural_delta"": null, ""front_structural_delta_median"": null, ""front_total_length_shortening"": null, ""rear_total_length_shortening"": null, ""total_length_shortening"": null}",,,,,62.38,closingSpeed,17.32777777777778,410894.7014969136,2737.0,2478.0,4876.0,1915.0,3093.0,1678.0,62.38,0.0,270.0,0.0,332.0,0.0,27.0,,NOT APPLICABLE,DIRECT ENGAGEMENT,NOT APPLICABLE,ITV
2565,10172,3052,2,side_impactor,subject_vehicle,A_ProfileValid,FORD,F150 SUPERCREW,2018,4 DOOR PICKUP,09LPEW2,1,270.0,2850.0,49.0,245.0,0.0,233.0,185.0,181.0,64.0,8.0,233.0,133.4,158.36855748537965,380190.0,1.8365817091454273,-0.2518740629685157,-0.07117815138232411,0.48346055979643765,0.06571428571428571,0.1206896551724138,0.031770265358051615,0.01662425784563189,"{""a_pillar_base_asym_delta"": 0.0, ""delta_1"": 0.0, ""delta_10"": 0.0, ""delta_11"": 0.0, ""delta_12"": 0.0, ""delta_13"": 0.0, ""delta_14"": 0.0, ""delta_15"": 0.0, ""delta_16"": 0.0, ""delta_17"": 0.0, ""delta_18"": 0.0, ""delta_19"": 0.0, ""delta_2"": 0.0, ""delta_20"": 0.0, ""delta_21"": 0.0, ""delta_3"": null, ""delta_4"": 0.0, ""delta_5"": 0.0, ""delta_6"": 0.0, ""delta_7"": 0.0, ""delta_8"": 0.0, ""delta_9"": 0.0, ""door_leading_lower_asym_delta"": 0.0, ""door_leading_upper_asym_delta"": 0.0, ""door_trailing_lower_asym_delta"": 0.0, ""door_trailing_upper_asym_delta"": 0.0, ""firewall_side_asym_delta"": 0.0, ""front_bumper_left_delta"": 0.0, ""front_bumper_right_delta"": 0.0, ""front_engine_block_delta"": 0.0, ""front_engine_front_delta"": 0.0, ""front_firewall_center_delta"": null, ""front_firewall_left_delta"": 0.0, ""front_firewall_right_delta"": 0.0, ""front_left_right_asym_delta"": 0.0, ""front_left_right_bumper_asymmetry"": 0.0, ""front_structural_delta"": 0.0, ""front_structural_delta_median"": 0.0, ""front_total_length_shortening"": 0.0, ""rear_total_length_shortening"": null, ""total_length_shortening"": 0.0}",0.0,0.0,0.0,,62.86,closingSpeed,17.461111111111112,364191.5842746914,2389.0,2133.0,5895.0,2030.0,3680.0,1682.0,62.86,0.0,270.0,0.0,332.0,0.0,0.0,0.0,NOT APPLICABLE,DIRECT ENGAGEMENT,NO DIRECT ENGAGEMENT,ITV
637,7981,763,2,side_impactor,subject_vehicle,A_ProfileValid,BMW,X5,2013,UTILITY VEHICLE,10LPAW3,1,297.0,2850.0,-175.0,172.0,19.0,72.0,147.0,142.0,95.0,12.0,147.0,94.3,106.05140263098833,268755.0,1.823966065747614,0.03340402969247084,0.011619307558533824,0.5890863993385697,0.049475341028331586,0.09024134312696747,0.02914525050242766,-0.07234394377842084,"{""a_pillar_base_asym_delta"": 0.0, ""delta_1"": 0.0, ""delta_10"": 0.0, ""delta_11"": 0.0, ""delta_12"": 0.0, ""delta_13"": 0.0, ""delta_14"": 0.0, ""delta_15"": 0.0, ""delta_16"": 0.0, ""delta_17"": 0.0, ""delta_18"": 0.0, ""delta_19"": 0.0, ""delta_2"": 0.0, ""delta_20"": 0.0, ""delta_21"": 0.0, ""delta_3"": null, ""delta_4"": 0.0, ""delta_5"": 0.0, ""delta_6"": 0.0, ""delta_7"": 0.0, ""delta_8"": 0.0, ""delta_9"": 0.0, ""door_leading_lower_asym_delta"": 0.0, ""door_leading_upper_asym_delta"": 0.0, ""door_trailing_lower_asym_delta"": 0.0, ""door_trailing_upper_asym_delta"": 0.0, ""firewall_side_asym_delta"": 0.0, ""front_bumper_left_delta"": 0.0, ""front_bumper_right_delta"": 0.0, ""front_engine_block_delta"": 0.0, ""front_engine_front_delta"": 0.0, ""front_firewall_center_delta"": null, ""front_firewall_left_delta"": 0.0, ""front_firewall_right_delta"": 0.0, ""front_left_right_asym_delta"": 0.0, ""front_left_right_bumper_asymmetry"": 0.0, ""front_structural_delta"": 0.0, ""front_structural_delta_median"": 0.0, ""front_total_length_shortening"": 0.0, ""rear_total_length_shortening"": null, ""total_length_shortening"": 0.0}",0.0,0.0,0.0,,62.08,closingSpeed,17.244444444444444,349410.76543209876,2350.0,2095.0,4838.0,1906.0,2935.0,1598.0,62.08,0.0,270.0,0.0,262.0,0.0,27.0,90.0,NOT APPLICABLE,DIRECT ENGAGEMENT,DIRECT ENGAGEMENT,ITV
2935,10823,3492,2,side_impactor,subject_vehicle,A_ProfileValid,AUDI,Q3,2019,UTILITY VEHICLE,10LPEW2,1,297.0,1770.0,-128.0,181.0,22.0,181.0,127.0,163.0,154.0,76.0,181.0,134.8,143.0419518882485,238596.0,1.3427299703264093,0.040059347181008904,0.010541933468686553,0.39473684210526316,0.07410665200659704,0.09950522264980759,0.029252625792077776,-0.057091882247992866,"{""a_pillar_base_asym_delta"": 0.0, ""delta_1"": 8.0, ""delta_10"": 0.0, ""delta_11"": 0.0, ""delta_12"": 0.0, ""delta_13"": 0.0, ""delta_14"": 0.0, ""delta_15"": 0.0, ""delta_16"": 0.0, ""delta_17"": 0.0, ""delta_18"": 0.0, ""delta_19"": 1.0, ""delta_2"": 0.0, ""delta_20"": 1.0, ""delta_21"": 0.0, ""delta_3"": null, ""delta_4"": 0.0, ""delta_5"": 0.0, ""delta_6"": 0.0, ""delta_7"": 0.0, ""delta_8"": 0.0, ""delta_9"": 0.0, ""door_leading_lower_asym_delta"": 0.0, ""door_leading_upper_asym_delta"": 0.0, ""door_trailing_lower_asym_delta"": 0.0, ""door_trailing_upper_asym_delta"": 0.0, ""firewall_side_asym_delta"": 0.0, ""front_bumper_left_delta"": 1.0, ""front_bumper_right_delta"": 1.0, ""front_engine_block_delta"": 0.0, ""front_engine_front_delta"": 0.0, ""front_firewall_center_delta"": null, ""front_firewall_left_delta"": 0.0, ""front_firewall_right_delta"": 0.0, ""front_left_right_asym_delta"": 0.0, ""front_left_right_bumper_asymmetry"": 0.0, ""front_structural_delta"": 0.0, ""front_structural_delta_median"": 0.0, ""front_total_length_shortening"": 8.0, ""rear_total_length_shortening"": null, ""total_length_shortening"": 8.0}",8.0,0.0,0.0,,61.64,closingSpeed,17.122222222222224,296248.7840123457,2021.0,1762.0,4484.0,1819.0,2682.0,1296.0,61.64,0.0,270.0,0.0,69.0,0.0,27.0,0.0,NOT APPLICABLE,DIRECT ENGAGEMENT,NOT APPLICABLE,ITV
270,7503,322,2,side_impactor,subject_vehicle,C_MaxOnly,HYUNDAI,ACCENT,2012,FOUR DOOR SEDAN,03LPAW2,1,297.0,3150.0,0.0,231.0,0.0,0.0,0.0,0.0,0.0,0.0,0.0,0.0,0.0,0.0,,,,0.7218148487626032,0.0,0.1368483412322275,0.0,0.0,"{""a_pillar_base_asym_delta"": 0.0, ""delta_1"": -2.0, ""delta_10"": 0.0, ""delta_11"": 0.0, ""delta_12"": 0.0, ""delta_13"": 0.0, ""delta_14"": 0.0, ""delta_15"": 0.0, ""delta_16"": 0.0, ""delta_17"": 0.0, ""delta_18"": 0.0, ""delta_19"": -6.0, ""delta_2"": 0.0, ""delta_20"": 14.0, ""delta_21"": 0.0, ""delta_3"": null, ""delta_4"": 0.0, ""delta_5"": 0.0, ""delta_6"": 0.0, ""delta_7"": 0.0, ""delta_8"": 0.0, ""delta_9"": 0.0, ""door_leading_lower_asym_delta"": 0.0, ""door_leading_upper_asym_delta"": 0.0, ""door_trailing_lower_asym_delta"": 0.0, ""door_trailing_upper_asym_delta"": 0.0, ""firewall_side_asym_delta"": 0.0, ""front_bumper_left_delta"": 14.0, ""front_bumper_right_delta"": -6.0, ""front_engine_block_delta"": 0.0, ""front_engine_front_delta"": 0.0, ""front_firewall_center_delta"": null, ""front_firewall_left_delta"": 0.0, ""front_firewall_right_delta"": 0.0, ""front_left_right_asym_delta"": 20.0, ""front_left_right_bumper_asymmetry"": 20.0, ""front_structural_delta"": 0.0, ""front_structural_delta_median"": 0.0, ""front_total_length_shortening"": -2.0, ""rear_total_length_shortening"": null, ""total_length_shortening"": -2.0}",-2.0,0.0,20.0,,62.1,closingSpeed,17.25,196391.25,1320.0,1152.0,4364.0,1688.0,2568.0,1077.0,62.1,0.0,270.0,0.0,-112.0,0.0,27.0,0.0,NOT APPLICABLE,DIRECT ENGAGEMENT,NOT APPLICABLE,ITV
1935,9562,2316,2,side_impactor,subject_vehicle,A_ProfileValid,HONDA,CIVIC,2016,FOUR DOOR SEDAN,09LPEW2,1,297.0,2700.0,-475.0,202.0,1.0,186.0,202.0,169.0,42.0,3.0,202.0,120.2,145.41664278891878,324540.0,1.680532445923461,-0.27911813643926786,-0.08930664392535058,0.5834053586862575,0.06692650334075724,0.11247216035634744,0.03904528068713149,-0.2052722558340536,"{""a_pillar_base_asym_delta"": 3.0, ""delta_1"": 2.0, ""delta_10"": -19.0, ""delta_11"": -9.0, ""delta_12"": -3.0, ""delta_13"": 0.0, ""delta_14"": 2.0, ""delta_15"": 36.0, ""delta_16"": 29.0, ""delta_17"": 39.0, ""delta_18"": 9.0, ""delta_19"": 2.0, ""delta_2"": -2.0, ""delta_20"": 4.0, ""delta_21"": 181.0, ""delta_3"": null, ""delta_4"": 2.0, ""delta_5"": 0.0, ""delta_6"": -7.0, ""delta_7"": -7.0, ""delta_8"": -7.0, ""delta_9"": -27.0, ""door_leading_lower_asym_delta"": 0.0, ""door_leading_upper_asym_delta"": -2.0, ""door_trailing_lower_asym_delta"": 10.0, ""door_trailing_upper_asym_delta"": -20.0, ""firewall_side_asym_delta"": 34.0, ""front_bumper_left_delta"": 4.0, ""front_bumper_right_delta"": 2.0, ""front_engine_block_delta"": 181.0, ""front_engine_front_delta"": -2.0, ""front_firewall_center_delta"": null, ""front_firewall_left_delta"": 36.0, ""front_firewall_right_delta"": 2.0, ""front_left_right_asym_delta"": 2.0, ""front_left_right_bumper_asymmetry"": 2.0, ""front_structural_delta"": 2.0, ""front_structural_delta_median"": 2.0, ""front_total_length_shortening"": 2.0, ""rear_total_length_shortening"": null, ""total_length_shortening"": 2.0}",2.0,2.0,2.0,,61.8,closingSpeed,17.166666666666664,208938.36111111104,1418.0,1249.0,4628.0,1796.0,2702.0,1137.0,61.8,0.0,270.0,0.0,-127.0,0.0,27.0,0.0,NOT APPLICABLE,DIRECT ENGAGEMENT,DIRECT ENGAGEMENT,ITV
3245,11376,3865,2,side_impactor,subject_vehicle,A_ProfileValid,MERCEDES,GLE CLASS ,2021,UTILITY VEHICLE,10LPAS2,1,297.0,2550.0,-105.0,191.0,20.0,104.0,170.0,168.0,106.0,7.0,170.0,112.3,126.01626879097793,286365.0,1.7008014247551202,-0.01068566340160285,-0.005251779182467621,0.5173463177115033,0.0583073727933541,0.09916926272066459,0.03016510461007364,-0.0426049908703591,"{""a_pillar_base_asym_delta"": null, ""delta_1"": null, ""delta_10"": null, ""delta_11"": null, ""delta_12"": null, ""delta_13"": null, ""delta_14"": null, ""delta_15"": null, ""delta_16"": null, ""delta_17"": null, ""delta_18"": null, ""delta_19"": null, ""delta_2"": null, ""delta_20"": null, ""delta_21"": null, ""delta_3"": null, ""delta_4"": null, ""delta_5"": null, ""delta_6"": null, ""delta_7"": null, ""delta_8"": null, ""delta_9"": null, ""door_leading_lower_asym_delta"": null, ""door_leading_upper_asym_delta"": null, ""door_trailing_lower_asym_delta"": null, ""door_trailing_upper_asym_delta"": null, ""firewall_side_asym_delta"": null, ""front_bumper_left_delta"": null, ""front_bumper_right_delta"": null, ""front_engine_block_delta"": null, ""front_engine_front_delta"": null, ""front_firewall_center_delta"": null, ""front_firewall_left_delta"": null, ""front_firewall_right_delta"": null, ""front_left_right_asym_delta"": null, ""front_left_right_bumper_asymmetry"": null, ""front_structural_delta"": null, ""front_structural_delta_median"": null, ""front_total_length_shortening"": null, ""rear_total_length_shortening"": null, ""total_length_shortening"": null}",,,,,61.83,closingSpeed,17.175,344094.89906250004,2333.0,2123.0,4929.0,1926.0,2989.0,1527.0,61.83,0.0,270.0,,182.0,0.0,27.0,90.0,NOT APPLICABLE,DIRECT ENGAGEMENT,DIRECT ENGAGEMENT,ITV
2,7202,2,1,side,subject_vehicle,C_MaxOnly,KIA,FORTE,2011,FOUR DOOR SEDAN,09LPAN3,1,285.0,2850.0,-61.0,393.0,0.0,0.0,0.0,0.0,0.0,0.0,0.0,0.0,0.0,0.0,,,,0.6284454244762955,0.0,0.22393162393162394,0.0,-0.026901874310915105,"{""a_pillar_base_asym_delta"": 0.0, ""delta_1"": 36.0, ""delta_10"": 0.0, ""delta_11"": 0.0, ""delta_12"": 0.0, ""delta_13"": 0.0, ""delta_14"": 0.0, ""delta_15"": 0.0, ""delta_16"": 0.0, ""delta_17"": 0.0, ""delta_18"": 0.0, ""delta_19"": -10.0, ""delta_2"": 0.0, ""delta_20"": 119.0, ""delta_21"": 0.0, ""delta_3"": null, ""delta_4"": 0.0, ""delta_5"": 0.0, ""delta_6"": 0.0, ""delta_7"": 0.0, ""delta_8"": 0.0, ""delta_9"": 0.0, ""door_leading_lower_asym_delta"": 0.0, ""door_leading_upper_asym_delta"": 0.0, ""door_trailing_lower_asym_delta"": 0.0, ""door_trailing_upper_asym_delta"": 0.0, ""firewall_side_asym_delta"": 0.0, ""front_bumper_left_delta"": 119.0, ""front_bumper_right_delta"": -10.0, ""front_engine_block_delta"": 0.0, ""front_engine_front_delta"": 0.0, ""front_firewall_center_delta"": null, ""front_firewall_left_delta"": 0.0, ""front_firewall_right_delta"": 0.0, ""front_left_right_asym_delta"": 129.0, ""front_left_right_bumper_asymmetry"": 129.0, ""front_structural_delta"": 0.0, ""front_structural_delta_median"": 0.0, ""front_total_length_shortening"": 36.0, ""rear_total_length_shortening"": null, ""total_length_shortening"": 36.0}",36.0,0.0,129.0,,32.3,closingSpeed,8.972222222222221,55948.03626543209,1390.0,1299.0,4535.0,1755.0,2653.0,1028.0,32.3,32.3,270.0,0.0,0.0,285.0,0.0,0.0,NOT APPLICABLE,DIRECT ENGAGEMENT,NOT APPLICABLE,VTP
12,7344,17,1,side,subject_vehicle,C_MaxOnly,KIA,OPTIMA,2011,FOUR DOOR SEDAN,09LPAN3,1,285.0,2850.0,44.0,393.0,0.0,0.0,0.0,0.0,0.0,0.0,0.0,0.0,0.0,0.0,,,,0.5882352941176471,0.0,0.21772853185595567,0.0,0.018163054695562435,"{""a_pillar_base_asym_delta"": 0.0, ""delta_1"": 230.0, ""delta_10"": 0.0, ""delta_11"": 0.0, ""delta_12"": 0.0, ""delta_13"": 0.0, ""delta_14"": 0.0, ""delta_15"": 0.0, ""delta_16"": 0.0, ""delta_17"": 0.0, ""delta_18"": 0.0, ""delta_19"": -19.0, ""delta_2"": 0.0, ""delta_20"": 119.0, ""delta_21"": 0.0, ""delta_3"": null, ""delta_4"": 0.0, ""delta_5"": 0.0, ""delta_6"": 0.0, ""delta_7"": 0.0, ""delta_8"": 0.0, ""delta_9"": 0.0, ""door_leading_lower_asym_delta"": 0.0, ""door_leading_upper_asym_delta"": 0.0, ""door_trailing_lower_asym_delta"": 0.0, ""door_trailing_upper_asym_delta"": 0.0, ""firewall_side_asym_delta"": 0.0, ""front_bumper_left_delta"": 119.0, ""front_bumper_right_delta"": -19.0, ""front_engine_block_delta"": 0.0, ""front_engine_front_delta"": 0.0, ""front_firewall_center_delta"": null, ""front_firewall_left_delta"": 0.0, ""front_firewall_right_delta"": 0.0, ""front_left_right_asym_delta"": 138.0, ""front_left_right_bumper_asymmetry"": 138.0, ""front_structural_delta"": 0.0, ""front_structural_delta_median"": 0.0, ""front_total_length_shortening"": 230.0, ""rear_total_length_shortening"": null, ""total_length_shortening"": 230.0}",230.0,0.0,138.0,,32.5,closingSpeed,9.027777777777777,64711.612654320976,1588.0,1473.0,4845.0,1805.0,2795.0,1228.0,32.5,32.5,270.0,0.0,0.0,285.0,0.0,0.0,NOT APPLICABLE,DIRECT ENGAGEMENT,NOT APPLICABLE,VTP
13,7345,18,1,side,subject_vehicle,C_MaxOnly,TOYOTA,TUNDRA DOUBLE CAB,2011,4 DOOR PICKUP,09LPEW2,1,285.0,3300.0,393.0,505.0,0.0,0.0,0.0,0.0,0.0,0.0,0.0,0.0,0.0,0.0,,,,0.5686713768740307,0.0,0.24975272007912958,0.0,0.1354471824918146,"{""a_pillar_base_asym_delta"": 0.0, ""delta_1"": 0.0, ""delta_10"": 0.0, ""delta_11"": 0.0, ""delta_12"": 0.0, ""delta_13"": 0.0, ""delta_14"": 0.0, ""delta_15"": 0.0, ""delta_16"": 0.0, ""delta_17"": 0.0, ""delta_18"": 0.0, ""delta_19"": 0.0, ""delta_2"": 0.0, ""delta_20"": 0.0, ""delta_21"": 0.0, ""delta_3"": null, ""delta_4"": 0.0, ""delta_5"": 0.0, ""delta_6"": 0.0, ""delta_7"": 0.0, ""delta_8"": 0.0, ""delta_9"": 0.0, ""door_leading_lower_asym_delta"": 0.0, ""door_leading_upper_asym_delta"": 0.0, ""door_trailing_lower_asym_delta"": 0.0, ""door_trailing_upper_asym_delta"": 0.0, ""firewall_side_asym_delta"": 0.0, ""front_bumper_left_delta"": 0.0, ""front_bumper_right_delta"": 0.0, ""front_engine_block_delta"": 0.0, ""front_engine_front_delta"": 0.0, ""front_firewall_center_delta"": null, ""front_firewall_left_delta"": 0.0, ""front_firewall_right_delta"": 0.0, ""front_left_right_asym_delta"": 0.0, ""front_left_right_bumper_asymmetry"": 0.0, ""front_structural_delta"": 0.0, ""front_structural_delta_median"": 0.0, ""front_total_length_shortening"": 0.0, ""rear_total_length_shortening"": null, ""total_length_shortening"": 0.0}",0.0,0.0,0.0,,32.92,closingSpeed,9.144444444444444,109459.71123456789,2618.0,2441.0,5803.0,2022.0,3702.0,1692.0,32.92,32.92,270.0,0.0,393.0,285.0,0.0,0.0,NOT APPLICABLE,DIRECT ENGAGEMENT,DIRECT ENGAGEMENT,VTP
17,7348,24,1,side,subject_vehicle,C_MaxOnly,TOYOTA,COROLLA,2011,FOUR DOOR SEDAN,09LPAN3,1,285.0,3000.0,40.0,341.0,0.0,0.0,0.0,0.0,0.0,0.0,0.0,0.0,0.0,0.0,,,,0.6599208095028597,0.0,0.19375,0.0,0.01759788825340959,"{""a_pillar_base_asym_delta"": 0.0, ""delta_1"": 2.0, ""delta_10"": 0.0, ""delta_11"": 0.0, ""delta_12"": 0.0, ""delta_13"": 0.0, ""delta_14"": 0.0, ""delta_15"": 0.0, ""delta_16"": 0.0, ""delta_17"": 0.0, ""delta_18"": 0.0, ""delta_19"": -12.0, ""delta_2"": 0.0, ""delta_20"": 87.0, ""delta_21"": 0.0, ""delta_3"": null, ""delta_4"": 0.0, ""delta_5"": 0.0, ""delta_6"": 0.0, ""delta_7"": 0.0, ""delta_8"": 0.0, ""delta_9"": 0.0, ""door_leading_lower_asym_delta"": 0.0, ""door_leading_upper_asym_delta"": 0.0, ""door_trailing_lower_asym_delta"": 0.0, ""door_trailing_upper_asym_delta"": 0.0, ""firewall_side_asym_delta"": 0.0, ""front_bumper_left_delta"": 87.0, ""front_bumper_right_delta"": -12.0, ""front_engine_block_delta"": 0.0, ""front_engine_front_delta"": 0.0, ""front_firewall_center_delta"": null, ""front_firewall_left_delta"": 0.0, ""front_firewall_right_delta"": 0.0, ""front_left_right_asym_delta"": 99.0, ""front_left_right_bumper_asymmetry"": 99.0, ""front_structural_delta"": 0.0, ""front_structural_delta_median"": 0.0, ""front_total_length_shortening"": 2.0, ""rear_total_length_shortening"": null, ""total_length_shortening"": 2.0}",2.0,0.0,99.0,,32.5,closingSpeed,9.027777777777777,54238.763503086404,1331.0,1257.0,4546.0,1760.0,2600.0,1057.0,32.5,32.5,270.0,0.0,0.0,285.0,0.0,0.0,NOT APPLICABLE,DIRECT ENGAGEMENT,NOT APPLICABLE,VTP
24,7354,33,1,side,subject_vehicle,C_MaxOnly,TOYOTA,PRIUS,2011,FIVE DOOR HATCHBACK,09LPAN3,1,285.0,3000.0,75.0,334.0,0.0,0.0,0.0,0.0,0.0,0.0,0.0,0.0,0.0,0.0,,,,0.672645739910314,0.0,0.19107551487414187,0.0,0.033632286995515695,"{""a_pillar_base_asym_delta"": 0.0, ""delta_1"": 111.0, ""delta_10"": 0.0, ""delta_11"": 0.0, ""delta_12"": 0.0, ""delta_13"": 0.0, ""delta_14"": 0.0, ""delta_15"": 0.0, ""delta_16"": 0.0, ""delta_17"": 0.0, ""delta_18"": 0.0, ""delta_19"": -9.0, ""delta_2"": 0.0, ""delta_20"": 112.0, ""delta_21"": 0.0, ""delta_3"": null, ""delta_4"": 0.0, ""delta_5"": 0.0, ""delta_6"": 0.0, ""delta_7"": 0.0, ""delta_8"": 0.0, ""delta_9"": 0.0, ""door_leading_lower_asym_delta"": 0.0, ""door_leading_upper_asym_delta"": 0.0, ""door_trailing_lower_asym_delta"": 0.0, ""door_trailing_upper_asym_delta"": 0.0, ""firewall_side_asym_delta"": 0.0, ""front_bumper_left_delta"": 112.0, ""front_bumper_right_delta"": -9.0, ""front_engine_block_delta"": 0.0, ""front_engine_front_delta"": 0.0, ""front_firewall_center_delta"": null, ""front_firewall_left_delta"": 0.0, ""front_firewall_right_delta"": 0.0, ""front_left_right_asym_delta"": 121.0, ""front_left_right_bumper_asymmetry"": 121.0, ""front_structural_delta"": 0.0, ""front_structural_delta_median"": 0.0, ""front_total_length_shortening"": 111.0, ""rear_total_length_shortening"": null, ""total_length_shortening"": 111.0}",111.0,0.0,121.0,,32.5,closingSpeed,9.027777777777777,59984.56790123455,1472.0,1399.0,4460.0,1748.0,2700.0,1123.0,32.5,32.5,270.0,0.0,0.0,285.0,0.0,0.0,NOT APPLICABLE,DIRECT ENGAGEMENT,NOT APPLICABLE,VTP
31,7361,42,1,side,subject_vehicle,C_MaxOnly,TOYOTA,SCION TC,2011,THREE DOOR HATCHBACK,09LPAN3,1,285.0,3300.0,8.0,333.0,0.0,0.0,0.0,0.0,0.0,0.0,0.0,0.0,0.0,0.0,,,,0.746606334841629,0.0,0.19248554913294796,0.0,0.0036199095022624436,"{""a_pillar_base_asym_delta"": 0.0, ""delta_1"": 110.0, ""delta_10"": 0.0, ""delta_11"": 0.0, ""delta_12"": 0.0, ""delta_13"": 0.0, ""delta_14"": 0.0, ""delta_15"": 0.0, ""delta_16"": 0.0, ""delta_17"": 0.0, ""delta_18"": 0.0, ""delta_19"": -2.0, ""delta_2"": 0.0, ""delta_20"": 145.0, ""delta_21"": 0.0, ""delta_3"": null, ""delta_4"": 0.0, ""delta_5"": 0.0, ""delta_6"": 0.0, ""delta_7"": 0.0, ""delta_8"": 0.0, ""delta_9"": 0.0, ""door_leading_lower_asym_delta"": 0.0, ""door_leading_upper_asym_delta"": 0.0, ""door_trailing_lower_asym_delta"": 0.0, ""door_trailing_upper_asym_delta"": 0.0, ""firewall_side_asym_delta"": 0.0, ""front_bumper_left_delta"": 145.0, ""front_bumper_right_delta"": -2.0, ""front_engine_block_delta"": 0.0, ""front_engine_front_delta"": 0.0, ""front_firewall_center_delta"": null, ""front_firewall_left_delta"": 0.0, ""front_firewall_right_delta"": 0.0, ""front_left_right_asym_delta"": 147.0, ""front_left_right_bumper_asymmetry"": 147.0, ""front_structural_delta"": 0.0, ""front_structural_delta_median"": 0.0, ""front_total_length_shortening"": 110.0, ""rear_total_length_shortening"": null, ""total_length_shortening"": 110.0}",110.0,0.0,147.0,,32.5,closingSpeed,9.027777777777777,60921.82677469134,1495.0,1495.0,4420.0,1730.0,2700.0,1065.0,32.5,32.5,270.0,0.0,0.0,285.0,0.0,0.0,NOT APPLICABLE,DIRECT ENGAGEMENT,NOT APPLICABLE,VTP
37,7365,51,1,side,subject_vehicle,C_MaxOnly,BUICK,LUCERNE,2011,FOUR DOOR SEDAN,09LPAN3,1,285.0,3600.0,141.0,451.0,0.0,0.0,0.0,0.0,0.0,0.0,0.0,0.0,0.0,0.0,,,,0.6936416184971098,0.0,0.24391563007030828,0.0,0.05433526011560694,"{""a_pillar_base_asym_delta"": 0.0, ""delta_1"": 149.0, ""delta_10"": 0.0, ""delta_11"": 0.0, ""delta_12"": 0.0, ""delta_13"": 0.0, ""delta_14"": 0.0, ""delta_15"": 0.0, ""delta_16"": 0.0, ""delta_17"": 0.0, ""delta_18"": 0.0, ""delta_19"": -30.0, ""delta_2"": 0.0, ""delta_20"": 178.0, ""delta_21"": 0.0, ""delta_3"": null, ""delta_4"": 0.0, ""delta_5"": 0.0, ""delta_6"": 0.0, ""delta_7"": 0.0, ""delta_8"": 0.0, ""delta_9"": 0.0, ""door_leading_lower_asym_delta"": 0.0, ""door_leading_upper_asym_delta"": 0.0, ""door_trailing_lower_asym_delta"": 0.0, ""door_trailing_upper_asym_delta"": 0.0, ""firewall_side_asym_delta"": 0.0, ""front_bumper_left_delta"": 178.0, ""front_bumper_right_delta"": -30.0, ""front_engine_block_delta"": 0.0, ""front_engine_front_delta"": 0.0, ""front_firewall_center_delta"": null, ""front_firewall_left_delta"": 0.0, ""front_firewall_right_delta"": 0.0, ""front_left_right_asym_delta"": 208.0, ""front_left_right_bumper_asymmetry"": 208.0, ""front_structural_delta"": 0.0, ""front_structural_delta_median"": 0.0, ""front_total_length_shortening"": 149.0, ""rear_total_length_shortening"": null, ""total_length_shortening"": 149.0}",149.0,0.0,208.0,,32.3,closingSpeed,8.972222222222221,75026.71913580244,1864.0,1738.0,5190.0,1849.0,2937.0,1274.0,32.3,32.3,270.0,0.0,0.0,285.0,0.0,0.0,NOT APPLICABLE,DIRECT ENGAGEMENT,NOT APPLICABLE,VTP
39,7369,54,1,side,subject_vehicle,C_MaxOnly,BUICK,LACROSSE,2011,FOUR DOOR SEDAN,09LPAN3,1,285.0,3000.0,141.0,295.0,0.0,0.0,0.0,0.0,0.0,0.0,0.0,0.0,0.0,0.0,,,,0.5983246908655764,0.0,0.16244493392070486,0.0,0.05624252094136418,"{""a_pillar_base_asym_delta"": 0.0, ""delta_1"": 75.0, ""delta_10"": 0.0, ""delta_11"": 0.0, ""delta_12"": 0.0, ""delta_13"": 0.0, ""delta_14"": 0.0, ""delta_15"": 0.0, ""delta_16"": 0.0, ""delta_17"": 0.0, ""delta_18"": 0.0, ""delta_19"": 5.0, ""delta_2"": 0.0, ""delta_20"": 77.0, ""delta_21"": 0.0, ""delta_3"": null, ""delta_4"": 0.0, ""delta_5"": 0.0, ""delta_6"": 0.0, ""delta_7"": 0.0, ""delta_8"": 0.0, ""delta_9"": 0.0, ""door_leading_lower_asym_delta"": 0.0, ""door_leading_upper_asym_delta"": 0.0, ""door_trailing_lower_asym_delta"": 0.0, ""door_trailing_upper_asym_delta"": 0.0, ""firewall_side_asym_delta"": 0.0, ""front_bumper_left_delta"": 77.0, ""front_bumper_right_delta"": 5.0, ""front_engine_block_delta"": 0.0, ""front_engine_front_delta"": 0.0, ""front_firewall_center_delta"": null, ""front_firewall_left_delta"": 0.0, ""front_firewall_right_delta"": 0.0, ""front_left_right_asym_delta"": 72.0, ""front_left_right_bumper_asymmetry"": 72.0, ""front_structural_delta"": 0.0, ""front_structural_delta_median"": 0.0, ""front_total_length_shortening"": 75.0, ""rear_total_length_shortening"": null, ""total_length_shortening"": 75.0}",75.0,0.0,72.0,,32.5,closingSpeed,9.027777777777777,75184.46180555553,1845.0,1721.0,5014.0,1816.0,2840.0,1278.0,32.5,32.5,270.0,0.0,0.0,285.0,0.0,0.0,NOT APPLICABLE,DIRECT ENGAGEMENT,NOT APPLICABLE,VTP
102,7394,120,1,side,subject_vehicle,C_MaxOnly,CHEVROLET,VOLT,2011,FOUR DOOR SEDAN,09LPAN3,1,285.0,3000.0,-62.0,305.0,0.0,0.0,0.0,0.0,0.0,0.0,0.0,0.0,0.0,0.0,,,,0.6666666666666666,0.0,0.17086834733893558,0.0,-0.027555555555555555,"{""a_pillar_base_asym_delta"": 0.0, ""delta_1"": 100.0, ""delta_10"": 0.0, ""delta_11"": 0.0, ""delta_12"": 0.0, ""delta_13"": 0.0, ""delta_14"": 0.0, ""delta_15"": 0.0, ""delta_16"": 0.0, ""delta_17"": 0.0, ""delta_18"": 0.0, ""delta_19"": -6.0, ""delta_2"": 0.0, ""delta_20"": 89.0, ""delta_21"": 0.0, ""delta_3"": null, ""delta_4"": 0.0, ""delta_5"": 0.0, ""delta_6"": 0.0, ""delta_7"": 0.0, ""delta_8"": 0.0, ""delta_9"": 0.0, ""door_leading_lower_asym_delta"": 0.0, ""door_leading_upper_asym_delta"": 0.0, ""door_trailing_lower_asym_delta"": 0.0, ""door_trailing_upper_asym_delta"": 0.0, ""firewall_side_asym_delta"": 0.0, ""front_bumper_left_delta"": 89.0, ""front_bumper_right_delta"": -6.0, ""front_engine_block_delta"": 0.0, ""front_engine_front_delta"": 0.0, ""front_firewall_center_delta"": null, ""front_firewall_left_delta"": 0.0, ""front_firewall_right_delta"": 0.0, ""front_left_right_asym_delta"": 95.0, ""front_left_right_bumper_asymmetry"": 95.0, ""front_structural_delta"": 0.0, ""front_structural_delta_median"": 0.0, ""front_total_length_shortening"": 100.0, ""rear_total_length_shortening"": null, ""total_length_shortening"": 100.0}",100.0,0.0,95.0,,32.4,closingSpeed,9.0,73993.5,1827.0,1714.0,4500.0,1785.0,2685.0,1061.0,32.4,32.4,270.0,0.0,0.0,285.0,0.0,0.0,NOT APPLICABLE,DIRECT ENGAGEMENT,NOT APPLICABLE,VTP
119,7414,139,1,side,subject_vehicle,C_MaxOnly,ACURA,ZDX,2011,UTILITY VEHICLE,09LPAN3,1,285.0,3150.0,118.0,423.0,0.0,0.0,0.0,0.0,0.0,0.0,0.0,0.0,0.0,0.0,,,,0.6435137895812053,0.0,0.21352852094901564,0.0,0.048212461695607764,"{""a_pillar_base_asym_delta"": 0.0, ""delta_1"": 85.0, ""delta_10"": 0.0, ""delta_11"": 0.0, ""delta_12"": 0.0, ""delta_13"": 0.0, ""delta_14"": 0.0, ""delta_15"": 0.0, ""delta_16"": 0.0, ""delta_17"": 0.0, ""delta_18"": 0.0, ""delta_19"": -7.0, ""delta_2"": 0.0, ""delta_20"": 123.0, ""delta_21"": 0.0, ""delta_3"": null, ""delta_4"": 0.0, ""delta_5"": 0.0, ""delta_6"": 0.0, ""delta_7"": 0.0, ""delta_8"": 0.0, ""delta_9"": 0.0, ""door_leading_lower_asym_delta"": 0.0, ""door_leading_upper_asym_delta"": 0.0, ""door_trailing_lower_asym_delta"": 0.0, ""door_trailing_upper_asym_delta"": 0.0, ""firewall_side_asym_delta"": 0.0, ""front_bumper_left_delta"": 123.0, ""front_bumper_right_delta"": -7.0, ""front_engine_block_delta"": 0.0, ""front_engine_front_delta"": 0.0, ""front_firewall_center_delta"": null, ""front_firewall_left_delta"": 0.0, ""front_firewall_right_delta"": 0.0, ""front_left_right_asym_delta"": 130.0, ""front_left_right_bumper_asymmetry"": 130.0, ""front_structural_delta"": 0.0, ""front_structural_delta_median"": 0.0, ""front_total_length_shortening"": 85.0, ""rear_total_length_shortening"": null, ""total_length_shortening"": 85.0}",85.0,0.0,130.0,,32.5,closingSpeed,9.027777777777777,85412.80864197528,2096.0,2012.0,4895.0,1981.0,2755.0,1191.0,32.5,32.5,270.0,0.0,0.0,285.0,0.0,0.0,NOT APPLICABLE,DIRECT ENGAGEMENT,NOT APPLICABLE,VTP
126,7418,149,1,side,subject_vehicle,C_MaxOnly,NISSAN,LEAF,2011,FIVE DOOR HATCHBACK,09LPAN3,1,285.0,2700.0,168.0,322.0,0.0,0.0,0.0,0.0,0.0,0.0,0.0,0.0,0.0,0.0,,,,0.605245460659045,0.0,0.18192090395480226,0.0,0.07531943510423672,"{""a_pillar_base_asym_delta"": 0.0, ""delta_1"": 35.0, ""delta_10"": 0.0, ""delta_11"": 0.0, ""delta_12"": 0.0, ""delta_13"": 0.0, ""delta_14"": 0.0, ""delta_15"": 0.0, ""delta_16"": 0.0, ""delta_17"": 0.0, ""delta_18"": 0.0, ""delta_19"": -4.0, ""delta_2"": 0.0, ""delta_20"": 70.0, ""delta_21"": 0.0, ""delta_3"": null, ""delta_4"": 0.0, ""delta_5"": 0.0, ""delta_6"": 0.0, ""delta_7"": 0.0, ""delta_8"": 0.0, ""delta_9"": 0.0, ""door_leading_lower_asym_delta"": 0.0, ""door_leading_upper_asym_delta"": 0.0, ""door_trailing_lower_asym_delta"": 0.0, ""door_trailing_upper_asym_delta"": 0.0, ""firewall_side_asym_delta"": 0.0, ""front_bumper_left_delta"": 70.0, ""front_bumper_right_delta"": -4.0, ""front_engine_block_delta"": 0.0, ""front_engine_front_delta"": 0.0, ""front_firewall_center_delta"": null, ""front_firewall_left_delta"": 0.0, ""front_firewall_right_delta"": 0.0, ""front_left_right_asym_delta"": 74.0, ""front_left_right_bumper_asymmetry"": 74.0, ""front_structural_delta"": 0.0, ""front_structural_delta_median"": 0.0, ""front_total_length_shortening"": 35.0, ""rear_total_length_shortening"": null, ""total_length_shortening"": 35.0}",35.0,0.0,74.0,,32.5,closingSpeed,9.027777777777777,66260.1273148148,1626.0,1529.0,4461.0,1770.0,2700.0,1214.0,32.5,32.5,270.0,0.0,0.0,285.0,0.0,0.0,NOT APPLICABLE,DIRECT ENGAGEMENT,NOT APPLICABLE,VTP
178,7438,207,1,side,subject_vehicle,C_MaxOnly,KIA,SORENTO,2012,UTILITY VEHICLE,09LPAN3,1,285.0,2850.0,166.0,414.0,0.0,0.0,0.0,0.0,0.0,0.0,0.0,0.0,0.0,0.0,,,,0.6096256684491979,0.0,0.22258064516129034,0.0,0.07101604278074866,"{""a_pillar_base_asym_delta"": 0.0, ""delta_1"": 118.0, ""delta_10"": 0.0, ""delta_11"": 0.0, ""delta_12"": 0.0, ""delta_13"": 0.0, ""delta_14"": 0.0, ""delta_15"": 0.0, ""delta_16"": 0.0, ""delta_17"": 0.0, ""delta_18"": 0.0, ""delta_19"": -6.0, ""delta_2"": 0.0, ""delta_20"": 162.0, ""delta_21"": 0.0, ""delta_3"": null, ""delta_4"": 0.0, ""delta_5"": 0.0, ""delta_6"": 0.0, ""delta_7"": 0.0, ""delta_8"": 0.0, ""delta_9"": 0.0, ""door_leading_lower_asym_delta"": 0.0, ""door_leading_upper_asym_delta"": 0.0, ""door_trailing_lower_asym_delta"": 0.0, ""door_trailing_upper_asym_delta"": 0.0, ""firewall_side_asym_delta"": 0.0, ""front_bumper_left_delta"": 162.0, ""front_bumper_right_delta"": -6.0, ""front_engine_block_delta"": 0.0, ""front_engine_front_delta"": 0.0, ""front_firewall_center_delta"": null, ""front_firewall_left_delta"": 0.0, ""front_firewall_right_delta"": 0.0, ""front_left_right_asym_delta"": 168.0, ""front_left_right_bumper_asymmetry"": 168.0, ""front_structural_delta"": 0.0, ""front_structural_delta_median"": 0.0, ""front_total_length_shortening"": 118.0, ""rear_total_length_shortening"": null, ""total_length_shortening"": 118.0}",118.0,0.0,168.0,,32.0,closingSpeed,8.88888888888889,70795.06172839507,1792.0,1666.0,4675.0,1860.0,2710.0,1228.0,32.0,32.0,270.0,0.0,0.0,285.0,0.0,0.0,NOT APPLICABLE,DIRECT ENGAGEMENT,NOT APPLICABLE,VTP
210,7454,247,1,side,subject_vehicle,C_MaxOnly,CHEVROLET,VOLT,2011,FIVE DOOR HATCHBACK,09LPAN3,1,285.0,3150.0,0.0,357.0,0.0,0.0,0.0,0.0,0.0,0.0,0.0,0.0,0.0,0.0,,,,0.6961325966850829,0.0,0.2,0.0,0.0,"{""a_pillar_base_asym_delta"": 0.0, ""delta_1"": 68.0, ""delta_10"": 0.0, ""delta_11"": 0.0, ""delta_12"": 0.0, ""delta_13"": 0.0, ""delta_14"": 0.0, ""delta_15"": 0.0, ""delta_16"": 0.0, ""delta_17"": 0.0, ""delta_18"": 0.0, ""delta_19"": -7.0, ""delta_2"": 0.0, ""delta_20"": 86.0, ""delta_21"": 0.0, ""delta_3"": null, ""delta_4"": 0.0, ""delta_5"": 0.0, ""delta_6"": 0.0, ""delta_7"": 0.0, ""delta_8"": 0.0, ""delta_9"": 0.0, ""door_leading_lower_asym_delta"": 0.0, ""door_leading_upper_asym_delta"": 0.0, ""door_trailing_lower_asym_delta"": 0.0, ""door_trailing_upper_asym_delta"": 0.0, ""firewall_side_asym_delta"": 0.0, ""front_bumper_left_delta"": 86.0, ""front_bumper_right_delta"": -7.0, ""front_engine_block_delta"": 0.0, ""front_engine_front_delta"": 0.0, ""front_firewall_center_delta"": null, ""front_firewall_left_delta"": 0.0, ""front_firewall_right_delta"": 0.0, ""front_left_right_asym_delta"": 93.0, ""front_left_right_bumper_asymmetry"": 93.0, ""front_structural_delta"": 0.0, ""front_structural_delta_median"": 0.0, ""front_total_length_shortening"": 68.0, ""rear_total_length_shortening"": null, ""total_length_shortening"": 68.0}",68.0,0.0,93.0,,32.0,closingSpeed,8.88888888888889,71782.71604938273,1817.0,,4525.0,1785.0,2685.0,1101.0,32.0,32.0,270.0,0.0,0.0,285.0,0.0,0.0,NOT APPLICABLE,DIRECT ENGAGEMENT,NOT APPLICABLE,VTP
214,7455,253,1,side,subject_vehicle,C_MaxOnly,CHRYSLER,TOWN AND COUNTRY,2012,MINIVAN,09LPAN3,1,285.0,3450.0,366.0,389.0,0.0,0.0,0.0,0.0,0.0,0.0,0.0,0.0,0.0,0.0,,,,0.6658946149392009,0.0,0.19746192893401016,0.0,0.14128546612623047,"{""a_pillar_base_asym_delta"": 0.0, ""delta_1"": 88.0, ""delta_10"": 0.0, ""delta_11"": 0.0, ""delta_12"": 0.0, ""delta_13"": 0.0, ""delta_14"": 0.0, ""delta_15"": 0.0, ""delta_16"": 0.0, ""delta_17"": 0.0, ""delta_18"": 0.0, ""delta_19"": -12.0, ""delta_2"": 0.0, ""delta_20"": 138.0, ""delta_21"": 0.0, ""delta_3"": null, ""delta_4"": 0.0, ""delta_5"": 0.0, ""delta_6"": 0.0, ""delta_7"": 0.0, ""delta_8"": 0.0, ""delta_9"": 0.0, ""door_leading_lower_asym_delta"": 0.0, ""door_leading_upper_asym_delta"": 0.0, ""door_trailing_lower_asym_delta"": 0.0, ""door_trailing_upper_asym_delta"": 0.0, ""firewall_side_asym_delta"": 0.0, ""front_bumper_left_delta"": 138.0, ""front_bumper_right_delta"": -12.0, ""front_engine_block_delta"": 0.0, ""front_engine_front_delta"": 0.0, ""front_firewall_center_delta"": null, ""front_firewall_left_delta"": 0.0, ""front_firewall_right_delta"": 0.0, ""front_left_right_asym_delta"": 150.0, ""front_left_right_bumper_asymmetry"": 150.0, ""front_structural_delta"": 0.0, ""front_structural_delta_median"": 0.0, ""front_total_length_shortening"": 88.0, ""rear_total_length_shortening"": null, ""total_length_shortening"": 88.0}",88.0,0.0,150.0,,32.1,closingSpeed,8.916666666666666,86742.07638888888,2182.0,2090.0,5181.0,1970.0,3080.0,1430.0,32.1,32.1,270.0,0.0,0.0,285.0,0.0,0.0,NOT APPLICABLE,DIRECT ENGAGEMENT,NOT APPLICABLE,VTP
219,7462,260,1,side,subject_vehicle,C_MaxOnly,FORD,FOCUS,2012,FOUR DOOR SEDAN,09LPEW2,1,285.0,2850.0,742.0,416.0,0.0,0.0,0.0,0.0,0.0,0.0,0.0,0.0,0.0,0.0,,,,0.6340378197997776,0.0,0.20915032679738563,0.0,0.33014460511679644,"{""a_pillar_base_asym_delta"": 0.0, ""delta_1"": 0.0, ""delta_10"": 0.0, ""delta_11"": 0.0, ""delta_12"": 0.0, ""delta_13"": 0.0, ""delta_14"": 0.0, ""delta_15"": 0.0, ""delta_16"": 0.0, ""delta_17"": 0.0, ""delta_18"": 0.0, ""delta_19"": 0.0, ""delta_2"": 0.0, ""delta_20"": 0.0, ""delta_21"": 0.0, ""delta_3"": null, ""delta_4"": 0.0, ""delta_5"": 0.0, ""delta_6"": 0.0, ""delta_7"": 0.0, ""delta_8"": 0.0, ""delta_9"": 0.0, ""door_leading_lower_asym_delta"": 0.0, ""door_leading_upper_asym_delta"": 0.0, ""door_trailing_lower_asym_delta"": 0.0, ""door_trailing_upper_asym_delta"": 0.0, ""firewall_side_asym_delta"": 0.0, ""front_bumper_left_delta"": 0.0, ""front_bumper_right_delta"": 0.0, ""front_engine_block_delta"": 0.0, ""front_engine_front_delta"": 0.0, ""front_firewall_center_delta"": null, ""front_firewall_left_delta"": 0.0, ""front_firewall_right_delta"": 0.0, ""front_left_right_asym_delta"": 0.0, ""front_left_right_bumper_asymmetry"": 0.0, ""front_structural_delta"": 0.0, ""front_structural_delta_median"": 0.0, ""front_total_length_shortening"": 0.0, ""rear_total_length_shortening"": null, ""total_length_shortening"": 0.0}",0.0,0.0,0.0,,31.53,closingSpeed,8.758333333333333,53964.36135416666,1407.0,1329.0,4495.0,1989.0,2649.0,1234.0,31.53,31.53,270.0,0.0,742.0,285.0,0.0,0.0,NOT APPLICABLE,DIRECT ENGAGEMENT,DIRECT ENGAGEMENT,VTP
221,7463,262,1,side,subject_vehicle,C_MaxOnly,FORD,MUSTANG,2012,TWO DOOR COUPE,09LPEW2,1,285.0,2700.0,964.0,501.0,0.0,0.0,0.0,0.0,0.0,0.0,0.0,0.0,0.0,0.0,,,,0.5922351392849309,0.0,0.2730245231607629,0.0,0.4228997587190173,"{""a_pillar_base_asym_delta"": 0.0, ""delta_1"": 0.0, ""delta_10"": 0.0, ""delta_11"": 0.0, ""delta_12"": 0.0, ""delta_13"": 0.0, ""delta_14"": 0.0, ""delta_15"": 0.0, ""delta_16"": 0.0, ""delta_17"": 0.0, ""delta_18"": 0.0, ""delta_19"": 0.0, ""delta_2"": 0.0, ""delta_20"": 0.0, ""delta_21"": 0.0, ""delta_3"": null, ""delta_4"": 0.0, ""delta_5"": 0.0, ""delta_6"": 0.0, ""delta_7"": 0.0, ""delta_8"": 0.0, ""delta_9"": 0.0, ""door_leading_lower_asym_delta"": 0.0, ""door_leading_upper_asym_delta"": 0.0, ""door_trailing_lower_asym_delta"": 0.0, ""door_trailing_upper_asym_delta"": 0.0, ""firewall_side_asym_delta"": 0.0, ""front_bumper_left_delta"": 0.0, ""front_bumper_right_delta"": 0.0, ""front_engine_block_delta"": 0.0, ""front_engine_front_delta"": 0.0, ""front_firewall_center_delta"": null, ""front_firewall_left_delta"": 0.0, ""front_firewall_right_delta"": 0.0, ""front_left_right_asym_delta"": 0.0, ""front_left_right_bumper_asymmetry"": 0.0, ""front_structural_delta"": 0.0, ""front_structural_delta_median"": 0.0, ""front_total_length_shortening"": 0.0, ""rear_total_length_shortening"": null, ""total_length_shortening"": 0.0}",0.0,0.0,0.0,,31.6,closingSpeed,8.777777777777779,63719.83950617285,1654.0,1568.0,4559.0,1835.0,2726.0,1298.0,31.6,31.6,270.0,0.0,964.0,285.0,0.0,0.0,NOT APPLICABLE,DIRECT ENGAGEMENT,DIRECT ENGAGEMENT,VTP
222,7466,263,1,side,subject_vehicle,C_MaxOnly,DODGE,AVENGER,2012,FOUR DOOR SEDAN,09LPAN3,1,285.0,3150.0,-2.0,432.0,0.0,0.0,0.0,0.0,0.0,0.0,0.0,0.0,0.0,0.0,,,,0.6435137895812053,0.0,0.23710208562019758,0.0,-0.0008171603677221655,"{""a_pillar_base_asym_delta"": 0.0, ""delta_1"": 131.0, ""delta_10"": 0.0, ""delta_11"": 0.0, ""delta_12"": 0.0, ""delta_13"": 0.0, ""delta_14"": 0.0, ""delta_15"": 0.0, ""delta_16"": 0.0, ""delta_17"": 0.0, ""delta_18"": 0.0, ""delta_19"": -28.0, ""delta_2"": 0.0, ""delta_20"": 165.0, ""delta_21"": 0.0, ""delta_3"": null, ""delta_4"": 0.0, ""delta_5"": 0.0, ""delta_6"": 0.0, ""delta_7"": 0.0, ""delta_8"": 0.0, ""delta_9"": 0.0, ""door_leading_lower_asym_delta"": 0.0, ""door_leading_upper_asym_delta"": 0.0, ""door_trailing_lower_asym_delta"": 0.0, ""door_trailing_upper_asym_delta"": 0.0, ""firewall_side_asym_delta"": 0.0, ""front_bumper_left_delta"": 165.0, ""front_bumper_right_delta"": -28.0, ""front_engine_block_delta"": 0.0, ""front_engine_front_delta"": 0.0, ""front_firewall_center_delta"": null, ""front_firewall_left_delta"": 0.0, ""front_firewall_right_delta"": 0.0, ""front_left_right_asym_delta"": 193.0, ""front_left_right_bumper_asymmetry"": 193.0, ""front_structural_delta"": 0.0, ""front_structural_delta_median"": 0.0, ""front_total_length_shortening"": 131.0, ""rear_total_length_shortening"": null, ""total_length_shortening"": 131.0}",131.0,0.0,193.0,,32.0,closingSpeed,8.88888888888889,68543.20987654322,1735.0,1637.0,4895.0,1822.0,2765.0,1125.0,32.0,32.0,270.0,0.0,0.0,285.0,0.0,0.0,NOT APPLICABLE,DIRECT ENGAGEMENT,NOT APPLICABLE,VTP
223,7469,265,2,side_impactor,subject_vehicle,C_MaxOnly,DODGE,AVENGER,2012,FOUR DOOR SEDAN,03LPAW2,1,297.0,3750.0,0.0,264.0,0.0,0.0,0.0,0.0,0.0,0.0,0.0,0.0,0.0,0.0,,,,0.7660878447395302,0.0,0.14489571899012074,0.0,0.0,"{""a_pillar_base_asym_delta"": 0.0, ""delta_1"": -19.0, ""delta_10"": 0.0, ""delta_11"": 0.0, ""delta_12"": 0.0, ""delta_13"": 0.0, ""delta_14"": 0.0, ""delta_15"": 0.0, ""delta_16"": 0.0, ""delta_17"": 0.0, ""delta_18"": 0.0, ""delta_19"": -5.0, ""delta_2"": 0.0, ""delta_20"": 29.0, ""delta_21"": 0.0, ""delta_3"": null, ""delta_4"": 0.0, ""delta_5"": 0.0, ""delta_6"": 0.0, ""delta_7"": 0.0, ""delta_8"": 0.0, ""delta_9"": 0.0, ""door_leading_lower_asym_delta"": 0.0, ""door_leading_upper_asym_delta"": 0.0, ""door_trailing_lower_asym_delta"": 0.0, ""door_trailing_upper_asym_delta"": 0.0, ""firewall_side_asym_delta"": 0.0, ""front_bumper_left_delta"": 29.0, ""front_bumper_right_delta"": -5.0, ""front_engine_block_delta"": 0.0, ""front_engine_front_delta"": 0.0, ""front_firewall_center_delta"": null, ""front_firewall_left_delta"": 0.0, ""front_firewall_right_delta"": 0.0, ""front_left_right_asym_delta"": 34.0, ""front_left_right_bumper_asymmetry"": 34.0, ""front_structural_delta"": 0.0, ""front_structural_delta_median"": 0.0, ""front_total_length_shortening"": -19.0, ""rear_total_length_shortening"": null, ""total_length_shortening"": -19.0}",-19.0,0.0,34.0,,62.3,closingSpeed,17.305555555555554,271630.40354938264,1814.0,1638.0,4895.0,1822.0,2765.0,1157.0,62.3,0.0,270.0,0.0,-119.0,0.0,27.0,0.0,NOT APPLICABLE,DIRECT ENGAGEMENT,NOT APPLICABLE,ITV
227,7472,271,1,side,subject_vehicle,C_MaxOnly,DODGE,JOURNEY,2012,UTILITY VEHICLE,09LPAN3,1,285.0,3300.0,172.0,398.0,0.0,0.0,0.0,0.0,0.0,0.0,0.0,0.0,0.0,0.0,,,,0.6741573033707865,0.0,0.2174863387978142,0.0,0.07027579162410623,"{""a_pillar_base_asym_delta"": 0.0, ""delta_1"": 90.0, ""delta_10"": 0.0, ""delta_11"": 0.0, ""delta_12"": 0.0, ""delta_13"": 0.0, ""delta_14"": 0.0, ""delta_15"": 0.0, ""delta_16"": 0.0, ""delta_17"": 0.0, ""delta_18"": 0.0, ""delta_19"": -8.0, ""delta_2"": 0.0, ""delta_20"": 142.0, ""delta_21"": 0.0, ""delta_3"": null, ""delta_4"": 0.0, ""delta_5"": 0.0, ""delta_6"": 0.0, ""delta_7"": 0.0, ""delta_8"": 0.0, ""delta_9"": 0.0, ""door_leading_lower_asym_delta"": 0.0, ""door_leading_upper_asym_delta"": 0.0, ""door_trailing_lower_asym_delta"": 0.0, ""door_trailing_upper_asym_delta"": 0.0, ""firewall_side_asym_delta"": 0.0, ""front_bumper_left_delta"": 142.0, ""front_bumper_right_delta"": -8.0, ""front_engine_block_delta"": 0.0, ""front_engine_front_delta"": 0.0, ""front_firewall_center_delta"": null, ""front_firewall_left_delta"": 0.0, ""front_firewall_right_delta"": 0.0, ""front_left_right_asym_delta"": 150.0, ""front_left_right_bumper_asymmetry"": 150.0, ""front_structural_delta"": 0.0, ""front_structural_delta_median"": 0.0, ""front_total_length_shortening"": 90.0, ""rear_total_length_shortening"": null, ""total_length_shortening"": 90.0}",90.0,0.0,150.0,,31.9,closingSpeed,8.86111111111111,74004.43094135802,1885.0,1788.0,4895.0,1830.0,2900.0,1342.0,31.9,31.9,270.0,0.0,0.0,285.0,0.0,0.0,NOT APPLICABLE,DIRECT ENGAGEMENT,NOT APPLICABLE,VTP
228,7473,273,2,side_impactor,subject_vehicle,C_MaxOnly,DODGE,JOURNEY,2012,UTILITY VEHICLE,03LPAW2,1,297.0,3750.0,0.0,183.0,0.0,0.0,0.0,0.0,0.0,0.0,0.0,0.0,0.0,0.0,,,,0.7660878447395302,0.0,0.1,0.0,0.0,"{""a_pillar_base_asym_delta"": 0.0, ""delta_1"": -37.0, ""delta_10"": 0.0, ""delta_11"": 0.0, ""delta_12"": 0.0, ""delta_13"": 0.0, ""delta_14"": 0.0, ""delta_15"": 0.0, ""delta_16"": 0.0, ""delta_17"": 0.0, ""delta_18"": 0.0, ""delta_19"": 0.0, ""delta_2"": 0.0, ""delta_20"": 5.0, ""delta_21"": 0.0, ""delta_3"": null, ""delta_4"": 0.0, ""delta_5"": 0.0, ""delta_6"": 0.0, ""delta_7"": 0.0, ""delta_8"": 0.0, ""delta_9"": 0.0, ""door_leading_lower_asym_delta"": 0.0, ""door_leading_upper_asym_delta"": 0.0, ""door_trailing_lower_asym_delta"": 0.0, ""door_trailing_upper_asym_delta"": 0.0, ""firewall_side_asym_delta"": 0.0, ""front_bumper_left_delta"": 5.0, ""front_bumper_right_delta"": 0.0, ""front_engine_block_delta"": 0.0, ""front_engine_front_delta"": 0.0, ""front_firewall_center_delta"": null, ""front_firewall_left_delta"": 0.0, ""front_firewall_right_delta"": 0.0, ""front_left_right_asym_delta"": 5.0, ""front_left_right_bumper_asymmetry"": 5.0, ""front_structural_delta"": 0.0, ""front_structural_delta_median"": 0.0, ""front_total_length_shortening"": -37.0, ""rear_total_length_shortening"": null, ""total_length_shortening"": -37.0}",-37.0,0.0,5.0,,62.1,closingSpeed,17.25,299496.65625,2013.0,1838.0,4895.0,1830.0,2900.0,1300.0,62.1,0.0,270.0,0.0,-65.0,0.0,27.0,0.0,NOT APPLICABLE,DIRECT ENGAGEMENT,NOT APPLICABLE,ITV
229,7474,274,1,side,subject_vehicle,C_MaxOnly,VOLKSWAGEN,PASSAT,2012,FOUR DOOR SEDAN,09LPAN3,1,285.0,3150.0,220.0,377.0,0.0,0.0,0.0,0.0,0.0,0.0,0.0,0.0,0.0,0.0,,,,0.6473489519112207,0.0,0.2106145251396648,0.0,0.09042334566378955,"{""a_pillar_base_asym_delta"": 0.0, ""delta_1"": 116.0, ""delta_10"": 0.0, ""delta_11"": 0.0, ""delta_12"": 0.0, ""delta_13"": 0.0, ""delta_14"": 0.0, ""delta_15"": 0.0, ""delta_16"": 0.0, ""delta_17"": 0.0, ""delta_18"": 0.0, ""delta_19"": -21.0, ""delta_2"": 0.0, ""delta_20"": 142.0, ""delta_21"": 0.0, ""delta_3"": null, ""delta_4"": 0.0, ""delta_5"": 0.0, ""delta_6"": 0.0, ""delta_7"": 0.0, ""delta_8"": 0.0, ""delta_9"": 0.0, ""door_leading_lower_asym_delta"": 0.0, ""door_leading_upper_asym_delta"": 0.0, ""door_trailing_lower_asym_delta"": 0.0, ""door_trailing_upper_asym_delta"": 0.0, ""firewall_side_asym_delta"": 0.0, ""front_bumper_left_delta"": 142.0, ""front_bumper_right_delta"": -21.0, ""front_engine_block_delta"": 0.0, ""front_engine_front_delta"": 0.0, ""front_firewall_center_delta"": null, ""front_firewall_left_delta"": 0.0, ""front_firewall_right_delta"": 0.0, ""front_left_right_asym_delta"": 163.0, ""front_left_right_bumper_asymmetry"": 163.0, ""front_structural_delta"": 0.0, ""front_structural_delta_median"": 0.0, ""front_total_length_shortening"": 116.0, ""rear_total_length_shortening"": null, ""total_length_shortening"": 116.0}",116.0,0.0,163.0,,32.1,closingSpeed,8.916666666666666,66308.79166666666,1668.0,1456.0,4866.0,1790.0,2805.0,1342.0,32.1,32.1,270.0,0.0,0.0,285.0,0.0,0.0,NOT APPLICABLE,DIRECT ENGAGEMENT,NOT APPLICABLE,VTP
237,7479,283,2,side_impactor,subject_vehicle,C_MaxOnly,VOLKSWAGEN,PASSAT,2012,FOUR DOOR SEDAN,03LPAW2,1,297.0,3450.0,0.0,314.0,0.0,0.0,0.0,0.0,0.0,0.0,0.0,0.0,0.0,0.0,,,,0.7090012330456227,0.0,0.17541899441340783,0.0,0.0,"{""a_pillar_base_asym_delta"": 0.0, ""delta_1"": 4.0, ""delta_10"": 0.0, ""delta_11"": 0.0, ""delta_12"": 0.0, ""delta_13"": 0.0, ""delta_14"": 0.0, ""delta_15"": 0.0, ""delta_16"": 0.0, ""delta_17"": 0.0, ""delta_18"": 0.0, ""delta_19"": 8.0, ""delta_2"": 0.0, ""delta_20"": 38.0, ""delta_21"": 0.0, ""delta_3"": null, ""delta_4"": 0.0, ""delta_5"": 0.0, ""delta_6"": 0.0, ""delta_7"": 0.0, ""delta_8"": 0.0, ""delta_9"": 0.0, ""door_leading_lower_asym_delta"": 0.0, ""door_leading_upper_asym_delta"": 0.0, ""door_trailing_lower_asym_delta"": 0.0, ""door_trailing_upper_asym_delta"": 0.0, ""firewall_side_asym_delta"": 0.0, ""front_bumper_left_delta"": 38.0, ""front_bumper_right_delta"": 8.0, ""front_engine_block_delta"": 0.0, ""front_engine_front_delta"": 0.0, ""front_firewall_center_delta"": null, ""front_firewall_left_delta"": 0.0, ""front_firewall_right_delta"": 0.0, ""front_left_right_asym_delta"": 30.0, ""front_left_right_bumper_asymmetry"": 30.0, ""front_structural_delta"": 0.0, ""front_structural_delta_median"": 0.0, ""front_total_length_shortening"": 4.0, ""rear_total_length_shortening"": null, ""total_length_shortening"": 4.0}",4.0,0.0,30.0,,62.2,closingSpeed,17.27777777777778,260609.36111111112,1746.0,1458.0,4866.0,1790.0,2805.0,1385.0,62.2,0.0,270.0,0.0,94.0,0.0,27.0,0.0,NOT APPLICABLE,DIRECT ENGAGEMENT,NOT APPLICABLE,ITV
246,7485,294,1,side,subject_vehicle,C_MaxOnly,HYUNDAI,TUCSON,2012,UTILITY VEHICLE,09LPEW2,1,285.0,2700.0,839.0,484.0,0.0,0.0,0.0,0.0,0.0,0.0,0.0,0.0,0.0,0.0,,,,0.6268864638959832,0.0,0.2687395891171571,0.0,0.3895983283027629,"{""a_pillar_base_asym_delta"": 0.0, ""delta_1"": 0.0, ""delta_10"": 0.0, ""delta_11"": 0.0, ""delta_12"": 0.0, ""delta_13"": 0.0, ""delta_14"": 0.0, ""delta_15"": 0.0, ""delta_16"": 0.0, ""delta_17"": 0.0, ""delta_18"": 0.0, ""delta_19"": 0.0, ""delta_2"": 0.0, ""delta_20"": 0.0, ""delta_21"": 0.0, ""delta_3"": null, ""delta_4"": 0.0, ""delta_5"": 0.0, ""delta_6"": 0.0, ""delta_7"": 0.0, ""delta_8"": 0.0, ""delta_9"": 0.0, ""door_leading_lower_asym_delta"": 0.0, ""door_leading_upper_asym_delta"": 0.0, ""door_trailing_lower_asym_delta"": 0.0, ""door_trailing_upper_asym_delta"": 0.0, ""firewall_side_asym_delta"": 0.0, ""front_bumper_left_delta"": 0.0, ""front_bumper_right_delta"": 0.0, ""front_engine_block_delta"": 0.0, ""front_engine_front_delta"": 0.0, ""front_firewall_center_delta"": null, ""front_firewall_left_delta"": 0.0, ""front_firewall_right_delta"": 0.0, ""front_left_right_asym_delta"": 0.0, ""front_left_right_bumper_asymmetry"": 0.0, ""front_structural_delta"": 0.0, ""front_structural_delta_median"": 0.0, ""front_total_length_shortening"": 0.0, ""rear_total_length_shortening"": null, ""total_length_shortening"": 0.0}",0.0,0.0,0.0,,32.46,closingSpeed,9.016666666666667,65406.07347222223,1609.0,1487.0,4307.0,1801.0,2644.0,1147.0,32.46,32.46,270.0,0.0,839.0,285.0,0.0,0.0,NOT APPLICABLE,DIRECT ENGAGEMENT,DIRECT ENGAGEMENT,VTP
263,7487,312,1,side,subject_vehicle,C_MaxOnly,FORD,EXPLORER,2012,UTILITY VEHICLE,,0,345.0,0.0,-219.0,588.0,0.0,0.0,0.0,0.0,0.0,0.0,0.0,0.0,0.0,,,,,0.0,0.0,0.2975708502024291,,-0.08744260331403474,"{""a_pillar_base_asym_delta"": 0.0, ""delta_1"": 73.0, ""delta_10"": 0.0, ""delta_11"": 0.0, ""delta_12"": 0.0, ""delta_13"": 0.0, ""delta_14"": 0.0, ""delta_15"": 0.0, ""delta_16"": 0.0, ""delta_17"": 0.0, ""delta_18"": 0.0, ""delta_19"": -30.0, ""delta_2"": 0.0, ""delta_20"": 137.0, ""delta_21"": 0.0, ""delta_3"": null, ""delta_4"": 0.0, ""delta_5"": 0.0, ""delta_6"": 0.0, ""delta_7"": 0.0, ""delta_8"": 0.0, ""delta_9"": 0.0, ""door_leading_lower_asym_delta"": 0.0, ""door_leading_upper_asym_delta"": 0.0, ""door_trailing_lower_asym_delta"": 0.0, ""door_trailing_upper_asym_delta"": 0.0, ""firewall_side_asym_delta"": 0.0, ""front_bumper_left_delta"": 137.0, ""front_bumper_right_delta"": -30.0, ""front_engine_block_delta"": 0.0, ""front_engine_front_delta"": 0.0, ""front_firewall_center_delta"": null, ""front_firewall_left_delta"": 0.0, ""front_firewall_right_delta"": 0.0, ""front_left_right_asym_delta"": 167.0, ""front_left_right_bumper_asymmetry"": 167.0, ""front_structural_delta"": 0.0, ""front_structural_delta_median"": 0.0, ""front_total_length_shortening"": 73.0, ""rear_total_length_shortening"": null, ""total_length_shortening"": 73.0}",73.0,0.0,167.0,,32.0,closingSpeed,8.88888888888889,86558.02469135802,2191.0,2012.0,5009.0,1976.0,2865.0,1272.0,32.0,32.0,270.0,0.0,147.0,285.0,0.0,0.0,NOT APPLICABLE,DIRECT ENGAGEMENT,NO DIRECT ENGAGEMENT,VTP
262,7489,311,1,side,subject_vehicle,C_MaxOnly,CHEVROLET,CAMARO,2012,TWO DOOR COUPE,09LPAN3,1,285.0,3000.0,89.0,395.0,0.0,0.0,0.0,0.0,0.0,0.0,0.0,0.0,0.0,0.0,,,,0.6200909466721786,0.0,0.21608315098468273,0.0,0.03679206283588259,"{""a_pillar_base_asym_delta"": 0.0, ""delta_1"": 50.0, ""delta_10"": 0.0, ""delta_11"": 0.0, ""delta_12"": 0.0, ""delta_13"": 0.0, ""delta_14"": 0.0, ""delta_15"": 0.0, ""delta_16"": 0.0, ""delta_17"": 0.0, ""delta_18"": 0.0, ""delta_19"": -10.0, ""delta_2"": 0.0, ""delta_20"": 136.0, ""delta_21"": 0.0, ""delta_3"": null, ""delta_4"": 0.0, ""delta_5"": 0.0, ""delta_6"": 0.0, ""delta_7"": 0.0, ""delta_8"": 0.0, ""delta_9"": 0.0, ""door_leading_lower_asym_delta"": 0.0, ""door_leading_upper_asym_delta"": 0.0, ""door_trailing_lower_asym_delta"": 0.0, ""door_trailing_upper_asym_delta"": 0.0, ""firewall_side_asym_delta"": 0.0, ""front_bumper_left_delta"": 136.0, ""front_bumper_right_delta"": -10.0, ""front_engine_block_delta"": 0.0, ""front_engine_front_delta"": 0.0, ""front_firewall_center_delta"": null, ""front_firewall_left_delta"": 0.0, ""front_firewall_right_delta"": 0.0, ""front_left_right_asym_delta"": 146.0, ""front_left_right_bumper_asymmetry"": 146.0, ""front_structural_delta"": 0.0, ""front_structural_delta_median"": 0.0, ""front_total_length_shortening"": 50.0, ""rear_total_length_shortening"": null, ""total_length_shortening"": 50.0}",50.0,0.0,146.0,,32.0,closingSpeed,8.88888888888889,72177.77777777778,1827.0,1722.0,4838.0,1828.0,2856.0,1452.0,32.0,32.0,270.0,0.0,0.0,285.0,0.0,0.0,NOT APPLICABLE,DIRECT ENGAGEMENT,NOT APPLICABLE,VTP
264,7493,314,2,side_impactor,subject_vehicle,C_MaxOnly,CHEVROLET,CAMARO,2012,TWO DOOR COUPE,03LPAW2,1,297.0,3600.0,0.0,244.0,0.0,0.0,0.0,0.0,0.0,0.0,0.0,0.0,0.0,0.0,,,,0.7441091360066143,0.0,0.13347921225382933,0.0,0.0,"{""a_pillar_base_asym_delta"": 0.0, ""delta_1"": 7.0, ""delta_10"": 0.0, ""delta_11"": 0.0, ""delta_12"": 0.0, ""delta_13"": 0.0, ""delta_14"": 0.0, ""delta_15"": 0.0, ""delta_16"": 0.0, ""delta_17"": 0.0, ""delta_18"": 0.0, ""delta_19"": -7.0, ""delta_2"": 0.0, ""delta_20"": 40.0, ""delta_21"": 0.0, ""delta_3"": null, ""delta_4"": 0.0, ""delta_5"": 0.0, ""delta_6"": 0.0, ""delta_7"": 0.0, ""delta_8"": 0.0, ""delta_9"": 0.0, ""door_leading_lower_asym_delta"": 0.0, ""door_leading_upper_asym_delta"": 0.0, ""door_trailing_lower_asym_delta"": 0.0, ""door_trailing_upper_asym_delta"": 0.0, ""firewall_side_asym_delta"": 0.0, ""front_bumper_left_delta"": 40.0, ""front_bumper_right_delta"": -7.0, ""front_engine_block_delta"": 0.0, ""front_engine_front_delta"": 0.0, ""front_firewall_center_delta"": null, ""front_firewall_left_delta"": 0.0, ""front_firewall_right_delta"": 0.0, ""front_left_right_asym_delta"": 47.0, ""front_left_right_bumper_asymmetry"": 47.0, ""front_structural_delta"": 0.0, ""front_structural_delta_median"": 0.0, ""front_total_length_shortening"": 7.0, ""rear_total_length_shortening"": null, ""total_length_shortening"": 7.0}",7.0,0.0,47.0,,62.2,closingSpeed,17.27777777777778,281804.3950617284,1888.0,1706.0,4838.0,1828.0,2856.0,1455.0,62.2,0.0,270.0,0.0,-140.0,0.0,27.0,0.0,NOT APPLICABLE,DIRECT ENGAGEMENT,NOT APPLICABLE,ITV
269,7497,320,1,side,subject_vehicle,C_MaxOnly,HYUNDAI,ACCENT,2012,FOUR DOOR SEDAN,09LPAN3,1,285.0,2400.0,-55.0,327.0,0.0,0.0,0.0,0.0,0.0,0.0,0.0,0.0,0.0,0.0,,,,0.5499541704857929,0.0,0.19372037914691942,0.0,-0.025206232813932174,"{""a_pillar_base_asym_delta"": 0.0, ""delta_1"": 53.0, ""delta_10"": 0.0, ""delta_11"": 0.0, ""delta_12"": 0.0, ""delta_13"": 0.0, ""delta_14"": 0.0, ""delta_15"": 0.0, ""delta_16"": 0.0, ""delta_17"": 0.0, ""delta_18"": 0.0, ""delta_19"": -10.0, ""delta_2"": 0.0, ""delta_20"": 73.0, ""delta_21"": 0.0, ""delta_3"": null, ""delta_4"": 0.0, ""delta_5"": 0.0, ""delta_6"": 0.0, ""delta_7"": 0.0, ""delta_8"": 0.0, ""delta_9"": 0.0, ""door_leading_lower_asym_delta"": 0.0, ""door_leading_upper_asym_delta"": 0.0, ""door_trailing_lower_asym_delta"": 0.0, ""door_trailing_upper_asym_delta"": 0.0, ""firewall_side_asym_delta"": 0.0, ""front_bumper_left_delta"": 73.0, ""front_bumper_right_delta"": -10.0, ""front_engine_block_delta"": 0.0, ""front_engine_front_delta"": 0.0, ""front_firewall_center_delta"": null, ""front_firewall_left_delta"": 0.0, ""front_firewall_right_delta"": 0.0, ""front_left_right_asym_delta"": 83.0, ""front_left_right_bumper_asymmetry"": 83.0, ""front_structural_delta"": 0.0, ""front_structural_delta_median"": 0.0, ""front_total_length_shortening"": 53.0, ""rear_total_length_shortening"": null, ""total_length_shortening"": 53.0}",53.0,0.0,83.0,,32.1,closingSpeed,8.916666666666666,49493.072916666664,1245.0,1154.0,4364.0,1688.0,2568.0,1044.0,32.1,32.1,270.0,0.0,0.0,285.0,0.0,0.0,NOT APPLICABLE,DIRECT ENGAGEMENT,NOT APPLICABLE,VTP
274,7506,327,1,side,subject_vehicle,C_MaxOnly,CHEVROLET,SUBURBAN,2012,UTILITY VEHICLE,09LPAN3,1,285.0,3600.0,453.0,432.0,0.0,0.0,0.0,0.0,0.0,0.0,0.0,0.0,0.0,0.0,,,,0.636604774535809,0.0,0.21796165489404642,0.0,0.16021220159151195,"{""a_pillar_base_asym_delta"": 0.0, ""delta_1"": 99.0, ""delta_10"": 0.0, ""delta_11"": 0.0, ""delta_12"": 0.0, ""delta_13"": 0.0, ""delta_14"": 0.0, ""delta_15"": 0.0, ""delta_16"": 0.0, ""delta_17"": 0.0, ""delta_18"": 0.0, ""delta_19"": 224.0, ""delta_2"": 0.0, ""delta_20"": -26.0, ""delta_21"": 0.0, ""delta_3"": null, ""delta_4"": 0.0, ""delta_5"": 0.0, ""delta_6"": 0.0, ""delta_7"": 0.0, ""delta_8"": 0.0, ""delta_9"": 0.0, ""door_leading_lower_asym_delta"": 0.0, ""door_leading_upper_asym_delta"": 0.0, ""door_trailing_lower_asym_delta"": 0.0, ""door_trailing_upper_asym_delta"": 0.0, ""firewall_side_asym_delta"": 0.0, ""front_bumper_left_delta"": -26.0, ""front_bumper_right_delta"": 224.0, ""front_engine_block_delta"": 0.0, ""front_engine_front_delta"": 0.0, ""front_firewall_center_delta"": null, ""front_firewall_left_delta"": 0.0, ""front_firewall_right_delta"": 0.0, ""front_left_right_asym_delta"": -250.0, ""front_left_right_bumper_asymmetry"": -250.0, ""front_structural_delta"": 0.0, ""front_structural_delta_median"": 0.0, ""front_total_length_shortening"": 99.0, ""rear_total_length_shortening"": null, ""total_length_shortening"": 99.0}",99.0,0.0,-250.0,,31.9,closingSpeed,8.86111111111111,105608.44521604937,2690.0,2585.0,5655.0,1982.0,3310.0,1673.0,31.9,31.9,270.0,0.0,0.0,285.0,0.0,0.0,NOT APPLICABLE,DIRECT ENGAGEMENT,NOT APPLICABLE,VTP
277,7510,332,2,side_impactor,subject_vehicle,C_MaxOnly,CHEVROLET,SUBURBAN,2012,UTILITY VEHICLE,03LPAW2,1,297.0,4500.0,0.0,260.0,0.0,0.0,0.0,0.0,0.0,0.0,0.0,0.0,0.0,0.0,,,,0.7957559681697612,0.0,0.1311806256306761,0.0,0.0,"{""a_pillar_base_asym_delta"": 0.0, ""delta_1"": 20.0, ""delta_10"": 0.0, ""delta_11"": 0.0, ""delta_12"": 0.0, ""delta_13"": 0.0, ""delta_14"": 0.0, ""delta_15"": 0.0, ""delta_16"": 0.0, ""delta_17"": 0.0, ""delta_18"": 0.0, ""delta_19"": -22.0, ""delta_2"": 0.0, ""delta_20"": 28.0, ""delta_21"": 0.0, ""delta_3"": null, ""delta_4"": 0.0, ""delta_5"": 0.0, ""delta_6"": 0.0, ""delta_7"": 0.0, ""delta_8"": 0.0, ""delta_9"": 0.0, ""door_leading_lower_asym_delta"": 0.0, ""door_leading_upper_asym_delta"": 0.0, ""door_trailing_lower_asym_delta"": 0.0, ""door_trailing_upper_asym_delta"": 0.0, ""firewall_side_asym_delta"": 0.0, ""front_bumper_left_delta"": 28.0, ""front_bumper_right_delta"": -22.0, ""front_engine_block_delta"": 0.0, ""front_engine_front_delta"": 0.0, ""front_firewall_center_delta"": null, ""front_firewall_left_delta"": 0.0, ""front_firewall_right_delta"": 0.0, ""front_left_right_asym_delta"": 50.0, ""front_left_right_bumper_asymmetry"": 50.0, ""front_structural_delta"": 0.0, ""front_structural_delta_median"": 0.0, ""front_total_length_shortening"": 20.0, ""rear_total_length_shortening"": null, ""total_length_shortening"": 20.0}",20.0,0.0,50.0,,62.5,closingSpeed,17.36111111111111,428602.43055555556,2844.0,2609.0,5655.0,1982.0,3310.0,1707.0,62.5,0.0,270.0,0.0,353.0,0.0,27.0,0.0,NOT APPLICABLE,DIRECT ENGAGEMENT,NOT APPLICABLE,ITV
280,7511,336,1,side,subject_vehicle,C_MaxOnly,FIAT,500,2012,THREE DOOR HATCHBACK,09LPEW2,1,285.0,2100.0,783.0,354.0,0.0,0.0,0.0,0.0,0.0,0.0,0.0,0.0,0.0,0.0,,,,0.6020642201834863,0.0,0.22362602653190145,0.0,0.44896788990825687,"{""a_pillar_base_asym_delta"": 0.0, ""delta_1"": 0.0, ""delta_10"": 0.0, ""delta_11"": 0.0, ""delta_12"": 0.0, ""delta_13"": 0.0, ""delta_14"": 0.0, ""delta_15"": 0.0, ""delta_16"": 0.0, ""delta_17"": 0.0, ""delta_18"": 0.0, ""delta_19"": 0.0, ""delta_2"": 0.0, ""delta_20"": 0.0, ""delta_21"": 0.0, ""delta_3"": null, ""delta_4"": 0.0, ""delta_5"": 0.0, ""delta_6"": 0.0, ""delta_7"": 0.0, ""delta_8"": 0.0, ""delta_9"": 0.0, ""door_leading_lower_asym_delta"": 0.0, ""door_leading_upper_asym_delta"": 0.0, ""door_trailing_lower_asym_delta"": 0.0, ""door_trailing_upper_asym_delta"": 0.0, ""firewall_side_asym_delta"": 0.0, ""front_bumper_left_delta"": 0.0, ""front_bumper_right_delta"": 0.0, ""front_engine_block_delta"": 0.0, ""front_engine_front_delta"": 0.0, ""front_firewall_center_delta"": null, ""front_firewall_left_delta"": 0.0, ""front_firewall_right_delta"": 0.0, ""front_left_right_asym_delta"": 0.0, ""front_left_right_bumper_asymmetry"": 0.0, ""front_structural_delta"": 0.0, ""front_structural_delta_median"": 0.0, ""front_total_length_shortening"": 0.0, ""rear_total_length_shortening"": null, ""total_length_shortening"": 0.0}",0.0,0.0,0.0,,32.14,closingSpeed,8.927777777777777,47145.63529320987,1183.0,1071.0,3488.0,1583.0,2305.0,910.0,32.14,32.14,270.0,0.0,783.0,285.0,0.0,0.0,NOT APPLICABLE,DIRECT ENGAGEMENT,DIRECT ENGAGEMENT,VTP
281,7512,337,1,side,subject_vehicle,C_MaxOnly,HONDA,PILOT,2012,UTILITY VEHICLE,,0,345.0,0.0,-475.0,520.0,0.0,0.0,0.0,0.0,0.0,0.0,0.0,0.0,0.0,,,,,0.0,0.0,0.2619647355163728,,-0.1956342668863262,"{""a_pillar_base_asym_delta"": 0.0, ""delta_1"": 58.0, ""delta_10"": 0.0, ""delta_11"": 0.0, ""delta_12"": 0.0, ""delta_13"": 0.0, ""delta_14"": 0.0, ""delta_15"": 0.0, ""delta_16"": 0.0, ""delta_17"": 0.0, ""delta_18"": 0.0, ""delta_19"": -8.0, ""delta_2"": 0.0, ""delta_20"": 130.0, ""delta_21"": 0.0, ""delta_3"": null, ""delta_4"": 0.0, ""delta_5"": 0.0, ""delta_6"": 0.0, ""delta_7"": 0.0, ""delta_8"": 0.0, ""delta_9"": 0.0, ""door_leading_lower_asym_delta"": 0.0, ""door_leading_upper_asym_delta"": 0.0, ""door_trailing_lower_asym_delta"": 0.0, ""door_trailing_upper_asym_delta"": 0.0, ""firewall_side_asym_delta"": 0.0, ""front_bumper_left_delta"": 130.0, ""front_bumper_right_delta"": -8.0, ""front_engine_block_delta"": 0.0, ""front_engine_front_delta"": 0.0, ""front_firewall_center_delta"": null, ""front_firewall_left_delta"": 0.0, ""front_firewall_right_delta"": 0.0, ""front_left_right_asym_delta"": 138.0, ""front_left_right_bumper_asymmetry"": 138.0, ""front_structural_delta"": 0.0, ""front_structural_delta_median"": 0.0, ""front_total_length_shortening"": 58.0, ""rear_total_length_shortening"": null, ""total_length_shortening"": 58.0}",58.0,0.0,138.0,,31.9,closingSpeed,8.86111111111111,79854.11805555555,2034.0,1933.0,4856.0,1985.0,2776.0,1239.0,31.9,31.9,270.0,0.0,-690.0,285.0,0.0,0.0,NOT APPLICABLE,DIRECT ENGAGEMENT,NO DIRECT ENGAGEMENT,VTP
284,7518,341,1,side,subject_vehicle,C_MaxOnly,CADILLAC,CTS,2012,FOUR DOOR SEDAN,09LPEW2,1,285.0,2550.0,790.0,420.0,0.0,0.0,0.0,0.0,0.0,0.0,0.0,0.0,0.0,0.0,,,,0.5277317880794702,0.0,0.2348993288590604,0.0,0.3269867549668874,"{""a_pillar_base_asym_delta"": 0.0, ""delta_1"": 0.0, ""delta_10"": 0.0, ""delta_11"": 0.0, ""delta_12"": 0.0, ""delta_13"": 0.0, ""delta_14"": 0.0, ""delta_15"": 0.0, ""delta_16"": 0.0, ""delta_17"": 0.0, ""delta_18"": 0.0, ""delta_19"": 0.0, ""delta_2"": 0.0, ""delta_20"": 0.0, ""delta_21"": 0.0, ""delta_3"": null, ""delta_4"": 0.0, ""delta_5"": 0.0, ""delta_6"": 0.0, ""delta_7"": 0.0, ""delta_8"": 0.0, ""delta_9"": 0.0, ""door_leading_lower_asym_delta"": 0.0, ""door_leading_upper_asym_delta"": 0.0, ""door_trailing_lower_asym_delta"": 0.0, ""door_trailing_upper_asym_delta"": 0.0, ""firewall_side_asym_delta"": 0.0, ""front_bumper_left_delta"": 0.0, ""front_bumper_right_delta"": 0.0, ""front_engine_block_delta"": 0.0, ""front_engine_front_delta"": 0.0, ""front_firewall_center_delta"": null, ""front_firewall_left_delta"": 0.0, ""front_firewall_right_delta"": 0.0, ""front_left_right_asym_delta"": 0.0, ""front_left_right_bumper_asymmetry"": 0.0, ""front_structural_delta"": 0.0, ""front_structural_delta_median"": 0.0, ""front_total_length_shortening"": 0.0, ""rear_total_length_shortening"": null, ""total_length_shortening"": 0.0}",0.0,0.0,0.0,,32.19,closingSpeed,8.941666666666666,74676.47819444444,1868.0,1764.0,4832.0,1788.0,2882.0,1420.0,32.19,32.19,270.0,0.0,790.0,285.0,0.0,0.0,NOT APPLICABLE,DIRECT ENGAGEMENT,DIRECT ENGAGEMENT,VTP
302,7522,363,1,side,subject_vehicle,C_MaxOnly,CADILLAC,SRX,2012,UTILITY VEHICLE,09LPEW2,1,285.0,2700.0,890.0,394.0,0.0,0.0,0.0,0.0,0.0,0.0,0.0,0.0,0.0,0.0,,,,0.5587748344370861,0.0,0.21171413218699625,0.0,0.36837748344370863,"{""a_pillar_base_asym_delta"": 0.0, ""delta_1"": 0.0, ""delta_10"": 0.0, ""delta_11"": 0.0, ""delta_12"": 0.0, ""delta_13"": 0.0, ""delta_14"": 0.0, ""delta_15"": 0.0, ""delta_16"": 0.0, ""delta_17"": 0.0, ""delta_18"": 0.0, ""delta_19"": 0.0, ""delta_2"": 0.0, ""delta_20"": 0.0, ""delta_21"": 0.0, ""delta_3"": null, ""delta_4"": 0.0, ""delta_5"": 0.0, ""delta_6"": 0.0, ""delta_7"": 0.0, ""delta_8"": 0.0, ""delta_9"": 0.0, ""door_leading_lower_asym_delta"": 0.0, ""door_leading_upper_asym_delta"": 0.0, ""door_trailing_lower_asym_delta"": 0.0, ""door_trailing_upper_asym_delta"": 0.0, ""firewall_side_asym_delta"": 0.0, ""front_bumper_left_delta"": 0.0, ""front_bumper_right_delta"": 0.0, ""front_engine_block_delta"": 0.0, ""front_engine_front_delta"": 0.0, ""front_firewall_center_delta"": null, ""front_firewall_left_delta"": 0.0, ""front_firewall_right_delta"": 0.0, ""front_left_right_asym_delta"": 0.0, ""front_left_right_bumper_asymmetry"": 0.0, ""front_structural_delta"": 0.0, ""front_structural_delta_median"": 0.0, ""front_total_length_shortening"": 0.0, ""rear_total_length_shortening"": null, ""total_length_shortening"": 0.0}",0.0,0.0,0.0,,32.0,closingSpeed,8.88888888888889,86202.46913580247,2182.0,2001.0,4832.0,1861.0,2817.0,1287.0,32.0,32.0,270.0,0.0,890.0,285.0,0.0,0.0,NOT APPLICABLE,DIRECT ENGAGEMENT,DIRECT ENGAGEMENT,VTP
298,7532,357,1,side,subject_vehicle,C_MaxOnly,NISSAN,MAXIMA,2012,FOUR DOOR SEDAN,09LPAN3,1,285.0,2550.0,0.0,422.0,0.0,0.0,0.0,0.0,0.0,0.0,0.0,0.0,0.0,0.0,,,,0.5264244426094137,0.0,0.23289183222958057,0.0,0.0,"{""a_pillar_base_asym_delta"": 0.0, ""delta_1"": 130.0, ""delta_10"": 0.0, ""delta_11"": 0.0, ""delta_12"": 0.0, ""delta_13"": 0.0, ""delta_14"": 0.0, ""delta_15"": 0.0, ""delta_16"": 0.0, ""delta_17"": 0.0, ""delta_18"": 0.0, ""delta_19"": -12.0, ""delta_2"": 0.0, ""delta_20"": 167.0, ""delta_21"": 0.0, ""delta_3"": null, ""delta_4"": 0.0, ""delta_5"": 0.0, ""delta_6"": 0.0, ""delta_7"": 0.0, ""delta_8"": 0.0, ""delta_9"": 0.0, ""door_leading_lower_asym_delta"": 0.0, ""door_leading_upper_asym_delta"": 0.0, ""door_trailing_lower_asym_delta"": 0.0, ""door_trailing_upper_asym_delta"": 0.0, ""firewall_side_asym_delta"": 0.0, ""front_bumper_left_delta"": 167.0, ""front_bumper_right_delta"": -12.0, ""front_engine_block_delta"": 0.0, ""front_engine_front_delta"": 0.0, ""front_firewall_center_delta"": null, ""front_firewall_left_delta"": 0.0, ""front_firewall_right_delta"": 0.0, ""front_left_right_asym_delta"": 179.0, ""front_left_right_bumper_asymmetry"": 179.0, ""front_structural_delta"": 0.0, ""front_structural_delta_median"": 0.0, ""front_total_length_shortening"": 130.0, ""rear_total_length_shortening"": null, ""total_length_shortening"": 130.0}",130.0,0.0,179.0,,32.1,closingSpeed,8.916666666666666,68773.50694444444,1730.0,1616.0,4844.0,1812.0,2776.0,1138.0,32.1,32.1,270.0,0.0,0.0,285.0,0.0,0.0,NOT APPLICABLE,DIRECT ENGAGEMENT,NOT APPLICABLE,VTP
301,7535,362,2,side_impactor,subject_vehicle,C_MaxOnly,NISSAN,MAXIMA,2012,FOUR DOOR SEDAN,03LPAW2,1,297.0,3750.0,0.0,269.0,0.0,0.0,0.0,0.0,0.0,0.0,0.0,0.0,0.0,0.0,,,,0.7741535920726672,0.0,0.14845474613686535,0.0,0.0,"{""a_pillar_base_asym_delta"": 0.0, ""delta_1"": 16.0, ""delta_10"": 0.0, ""delta_11"": 0.0, ""delta_12"": 0.0, ""delta_13"": 0.0, ""delta_14"": 0.0, ""delta_15"": 0.0, ""delta_16"": 0.0, ""delta_17"": 0.0, ""delta_18"": 0.0, ""delta_19"": -3.0, ""delta_2"": 0.0, ""delta_20"": 36.0, ""delta_21"": 0.0, ""delta_3"": null, ""delta_4"": 0.0, ""delta_5"": 0.0, ""delta_6"": 0.0, ""delta_7"": 0.0, ""delta_8"": 0.0, ""delta_9"": 0.0, ""door_leading_lower_asym_delta"": 0.0, ""door_leading_upper_asym_delta"": 0.0, ""door_trailing_lower_asym_delta"": 0.0, ""door_trailing_upper_asym_delta"": 0.0, ""firewall_side_asym_delta"": 0.0, ""front_bumper_left_delta"": 36.0, ""front_bumper_right_delta"": -3.0, ""front_engine_block_delta"": 0.0, ""front_engine_front_delta"": 0.0, ""front_firewall_center_delta"": null, ""front_firewall_left_delta"": 0.0, ""front_firewall_right_delta"": 0.0, ""front_left_right_asym_delta"": 39.0, ""front_left_right_bumper_asymmetry"": 39.0, ""front_structural_delta"": 0.0, ""front_structural_delta_median"": 0.0, ""front_total_length_shortening"": 16.0, ""rear_total_length_shortening"": null, ""total_length_shortening"": 16.0}",16.0,0.0,39.0,,62.3,closingSpeed,17.305555555555554,269833.5100308641,1802.0,1613.0,4844.0,1812.0,2776.0,1158.0,62.3,0.0,270.0,0.0,-126.0,0.0,27.0,0.0,NOT APPLICABLE,DIRECT ENGAGEMENT,NOT APPLICABLE,ITV
306,7538,368,1,side,subject_vehicle,C_MaxOnly,ACURA,TL,2012,FOUR DOOR SEDAN,09LPEW2,1,285.0,2700.0,1059.0,465.0,0.0,0.0,0.0,0.0,0.0,0.0,0.0,0.0,0.0,0.0,,,,0.5509079779636809,0.0,0.25121555915721233,0.0,0.4321567027137319,"{""a_pillar_base_asym_delta"": 0.0, ""delta_1"": 0.0, ""delta_10"": 0.0, ""delta_11"": 0.0, ""delta_12"": 0.0, ""delta_13"": 0.0, ""delta_14"": 0.0, ""delta_15"": 0.0, ""delta_16"": 0.0, ""delta_17"": 0.0, ""delta_18"": 0.0, ""delta_19"": 0.0, ""delta_2"": 0.0, ""delta_20"": 0.0, ""delta_21"": 0.0, ""delta_3"": null, ""delta_4"": 0.0, ""delta_5"": 0.0, ""delta_6"": 0.0, ""delta_7"": 0.0, ""delta_8"": 0.0, ""delta_9"": 0.0, ""door_leading_lower_asym_delta"": 0.0, ""door_leading_upper_asym_delta"": 0.0, ""door_trailing_lower_asym_delta"": 0.0, ""door_trailing_upper_asym_delta"": 0.0, ""firewall_side_asym_delta"": 0.0, ""front_bumper_left_delta"": 0.0, ""front_bumper_right_delta"": 0.0, ""front_engine_block_delta"": 0.0, ""front_engine_front_delta"": 0.0, ""front_firewall_center_delta"": null, ""front_firewall_left_delta"": 0.0, ""front_firewall_right_delta"": 0.0, ""front_left_right_asym_delta"": 0.0, ""front_left_right_bumper_asymmetry"": 0.0, ""front_structural_delta"": 0.0, ""front_structural_delta_median"": 0.0, ""front_total_length_shortening"": 0.0, ""rear_total_length_shortening"": null, ""total_length_shortening"": 0.0}",0.0,0.0,0.0,,31.59,closingSpeed,8.775,68723.0578125,1785.0,1700.0,4901.0,1851.0,2771.0,1110.0,31.59,31.59,270.0,0.0,1059.0,285.0,0.0,0.0,NOT APPLICABLE,DIRECT ENGAGEMENT,DIRECT ENGAGEMENT,VTP
311,7563,376,2,side_impactor,subject_vehicle,C_MaxOnly,CHEVROLET,SONIC,2012,FOUR DOOR SEDAN,03LPAW2,1,297.0,3150.0,0.0,201.0,0.0,0.0,0.0,0.0,0.0,0.0,0.0,0.0,0.0,0.0,,,,0.7125084822438362,0.0,0.11886457717327026,0.0,0.0,"{""a_pillar_base_asym_delta"": 0.0, ""delta_1"": -1.0, ""delta_10"": 0.0, ""delta_11"": 0.0, ""delta_12"": 0.0, ""delta_13"": 0.0, ""delta_14"": 0.0, ""delta_15"": 0.0, ""delta_16"": 0.0, ""delta_17"": 0.0, ""delta_18"": 0.0, ""delta_19"": -1.0, ""delta_2"": 0.0, ""delta_20"": 14.0, ""delta_21"": 0.0, ""delta_3"": null, ""delta_4"": 0.0, ""delta_5"": 0.0, ""delta_6"": 0.0, ""delta_7"": 0.0, ""delta_8"": 0.0, ""delta_9"": 0.0, ""door_leading_lower_asym_delta"": 0.0, ""door_leading_upper_asym_delta"": 0.0, ""door_trailing_lower_asym_delta"": 0.0, ""door_trailing_upper_asym_delta"": 0.0, ""firewall_side_asym_delta"": 0.0, ""front_bumper_left_delta"": 14.0, ""front_bumper_right_delta"": -1.0, ""front_engine_block_delta"": 0.0, ""front_engine_front_delta"": 0.0, ""front_firewall_center_delta"": null, ""front_firewall_left_delta"": 0.0, ""front_firewall_right_delta"": 0.0, ""front_left_right_asym_delta"": 15.0, ""front_left_right_bumper_asymmetry"": 15.0, ""front_structural_delta"": 0.0, ""front_structural_delta_median"": 0.0, ""front_total_length_shortening"": -1.0, ""rear_total_length_shortening"": null, ""total_length_shortening"": -1.0}",-1.0,0.0,15.0,,62.3,closingSpeed,17.305555555555554,218921.52700617278,1462.0,1274.0,4421.0,1691.0,2530.0,1078.0,62.3,0.0,270.0,0.0,-108.0,0.0,27.0,0.0,NOT APPLICABLE,DIRECT ENGAGEMENT,NOT APPLICABLE,ITV
316,7568,381,1,side,subject_vehicle,C_MaxOnly,HONDA,FIT,2012,FIVE DOOR HATCHBACK,,0,345.0,0.0,-453.0,381.0,0.0,0.0,0.0,0.0,0.0,0.0,0.0,0.0,0.0,,,,,0.0,0.0,0.22491145218417946,,-0.22070645554202192,"{""a_pillar_base_asym_delta"": 0.0, ""delta_1"": 25.0, ""delta_10"": 0.0, ""delta_11"": 0.0, ""delta_12"": 0.0, ""delta_13"": 0.0, ""delta_14"": 0.0, ""delta_15"": 0.0, ""delta_16"": 0.0, ""delta_17"": 0.0, ""delta_18"": 0.0, ""delta_19"": -12.0, ""delta_2"": 0.0, ""delta_20"": 61.0, ""delta_21"": 0.0, ""delta_3"": null, ""delta_4"": 0.0, ""delta_5"": 0.0, ""delta_6"": 0.0, ""delta_7"": 0.0, ""delta_8"": 0.0, ""delta_9"": 0.0, ""door_leading_lower_asym_delta"": 0.0, ""door_leading_upper_asym_delta"": 0.0, ""door_trailing_lower_asym_delta"": 0.0, ""door_trailing_upper_asym_delta"": 0.0, ""firewall_side_asym_delta"": 0.0, ""front_bumper_left_delta"": 61.0, ""front_bumper_right_delta"": -12.0, ""front_engine_block_delta"": 0.0, ""front_engine_front_delta"": 0.0, ""front_firewall_center_delta"": null, ""front_firewall_left_delta"": 0.0, ""front_firewall_right_delta"": 0.0, ""front_left_right_asym_delta"": 73.0, ""front_left_right_bumper_asymmetry"": 73.0, ""front_structural_delta"": 0.0, ""front_structural_delta_median"": 0.0, ""front_total_length_shortening"": 25.0, ""rear_total_length_shortening"": null, ""total_length_shortening"": 25.0}",25.0,0.0,73.0,,32.0,closingSpeed,8.88888888888889,49145.67901234568,1244.0,1162.0,4105.0,1694.0,2500.0,939.0,32.0,32.0,270.0,0.0,-45.0,285.0,0.0,0.0,NOT APPLICABLE,DIRECT ENGAGEMENT,NO DIRECT ENGAGEMENT,VTP
318,7570,384,1,side,subject_vehicle,C_MaxOnly,HYUNDAI,SANTA FE,2012,UTILITY VEHICLE,09LPAN3,1,285.0,3150.0,150.0,372.0,0.0,0.0,0.0,0.0,0.0,0.0,0.0,0.0,0.0,0.0,,,,0.6765463917525774,0.0,0.20151679306608883,0.0,0.06443298969072164,"{""a_pillar_base_asym_delta"": 0.0, ""delta_1"": 102.0, ""delta_10"": 0.0, ""delta_11"": 0.0, ""delta_12"": 0.0, ""delta_13"": 0.0, ""delta_14"": 0.0, ""delta_15"": 0.0, ""delta_16"": 0.0, ""delta_17"": 0.0, ""delta_18"": 0.0, ""delta_19"": -7.0, ""delta_2"": 0.0, ""delta_20"": 143.0, ""delta_21"": 0.0, ""delta_3"": null, ""delta_4"": 0.0, ""delta_5"": 0.0, ""delta_6"": 0.0, ""delta_7"": 0.0, ""delta_8"": 0.0, ""delta_9"": 0.0, ""door_leading_lower_asym_delta"": 0.0, ""door_leading_upper_asym_delta"": 0.0, ""door_trailing_lower_asym_delta"": 0.0, ""door_trailing_upper_asym_delta"": 0.0, ""firewall_side_asym_delta"": 0.0, ""front_bumper_left_delta"": 143.0, ""front_bumper_right_delta"": -7.0, ""front_engine_block_delta"": 0.0, ""front_engine_front_delta"": 0.0, ""front_firewall_center_delta"": null, ""front_firewall_left_delta"": 0.0, ""front_firewall_right_delta"": 0.0, ""front_left_right_asym_delta"": 150.0, ""front_left_right_bumper_asymmetry"": 150.0, ""front_structural_delta"": 0.0, ""front_structural_delta_median"": 0.0, ""front_total_length_shortening"": 102.0, ""rear_total_length_shortening"": null, ""total_length_shortening"": 102.0}",102.0,0.0,150.0,,32.0,closingSpeed,8.88888888888889,71822.22222222222,1818.0,1691.0,4656.0,1846.0,2700.0,1226.0,32.0,32.0,270.0,0.0,0.0,285.0,0.0,0.0,NOT APPLICABLE,DIRECT ENGAGEMENT,NOT APPLICABLE,VTP
319,7572,386,2,side_impactor,subject_vehicle,C_MaxOnly,HYUNDAI,SANTA FE,2012,UTILITY VEHICLE,03LPAW2,1,297.0,3150.0,0.0,280.0,0.0,0.0,0.0,0.0,0.0,0.0,0.0,0.0,0.0,0.0,,,,0.6765463917525774,0.0,0.15167930660888407,0.0,0.0,"{""a_pillar_base_asym_delta"": 0.0, ""delta_1"": 31.0, ""delta_10"": 0.0, ""delta_11"": 0.0, ""delta_12"": 0.0, ""delta_13"": 0.0, ""delta_14"": 0.0, ""delta_15"": 0.0, ""delta_16"": 0.0, ""delta_17"": 0.0, ""delta_18"": 0.0, ""delta_19"": -10.0, ""delta_2"": 0.0, ""delta_20"": 45.0, ""delta_21"": 0.0, ""delta_3"": null, ""delta_4"": 0.0, ""delta_5"": 0.0, ""delta_6"": 0.0, ""delta_7"": 0.0, ""delta_8"": 0.0, ""delta_9"": 0.0, ""door_leading_lower_asym_delta"": 0.0, ""door_leading_upper_asym_delta"": 0.0, ""door_trailing_lower_asym_delta"": 0.0, ""door_trailing_upper_asym_delta"": 0.0, ""firewall_side_asym_delta"": 0.0, ""front_bumper_left_delta"": 45.0, ""front_bumper_right_delta"": -10.0, ""front_engine_block_delta"": 0.0, ""front_engine_front_delta"": 0.0, ""front_firewall_center_delta"": null, ""front_firewall_left_delta"": 0.0, ""front_firewall_right_delta"": 0.0, ""front_left_right_asym_delta"": 55.0, ""front_left_right_bumper_asymmetry"": 55.0, ""front_structural_delta"": 0.0, ""front_structural_delta_median"": 0.0, ""front_total_length_shortening"": 31.0, ""rear_total_length_shortening"": null, ""total_length_shortening"": 31.0}",31.0,0.0,55.0,,62.4,closingSpeed,17.333333333333332,284671.11111111107,1895.0,1691.0,4656.0,1846.0,2700.0,1258.0,62.4,0.0,270.0,0.0,-5.0,0.0,27.0,0.0,NOT APPLICABLE,DIRECT ENGAGEMENT,NOT APPLICABLE,ITV
328,7581,398,1,side,subject_vehicle,C_MaxOnly,VOLVO,S60,2012,FOUR DOOR SEDAN,09LPEW2,1,285.0,2550.0,869.0,417.0,0.0,0.0,0.0,0.0,0.0,0.0,0.0,0.0,0.0,0.0,,,,0.551948051948052,0.0,0.2284931506849315,0.0,0.3761904761904762,"{""a_pillar_base_asym_delta"": 0.0, ""delta_1"": 0.0, ""delta_10"": 0.0, ""delta_11"": 0.0, ""delta_12"": 0.0, ""delta_13"": 0.0, ""delta_14"": 0.0, ""delta_15"": 0.0, ""delta_16"": 0.0, ""delta_17"": 0.0, ""delta_18"": 0.0, ""delta_19"": 0.0, ""delta_2"": 0.0, ""delta_20"": 0.0, ""delta_21"": 0.0, ""delta_3"": null, ""delta_4"": 0.0, ""delta_5"": 0.0, ""delta_6"": 0.0, ""delta_7"": 0.0, ""delta_8"": 0.0, ""delta_9"": 0.0, ""door_leading_lower_asym_delta"": 0.0, ""door_leading_upper_asym_delta"": 0.0, ""door_trailing_lower_asym_delta"": 0.0, ""door_trailing_upper_asym_delta"": 0.0, ""firewall_side_asym_delta"": 0.0, ""front_bumper_left_delta"": 0.0, ""front_bumper_right_delta"": 0.0, ""front_engine_block_delta"": 0.0, ""front_engine_front_delta"": 0.0, ""front_firewall_center_delta"": null, ""front_firewall_left_delta"": 0.0, ""front_firewall_right_delta"": 0.0, ""front_left_right_asym_delta"": 0.0, ""front_left_right_bumper_asymmetry"": 0.0, ""front_structural_delta"": 0.0, ""front_structural_delta_median"": 0.0, ""front_total_length_shortening"": 0.0, ""rear_total_length_shortening"": null, ""total_length_shortening"": 0.0}",0.0,0.0,0.0,,32.03,closingSpeed,8.897222222222222,70136.25905864197,1772.0,1603.0,4620.0,1825.0,2774.0,1197.0,32.03,32.03,270.0,0.0,869.0,285.0,0.0,0.0,NOT APPLICABLE,DIRECT ENGAGEMENT,DIRECT ENGAGEMENT,VTP
339,7589,411,2,side_impactor,subject_vehicle,C_MaxOnly,CHEVROLET,SILVERADO2500,2012,4 DOOR PICKUP,03LPAW2,1,297.0,5250.0,0.0,318.0,0.0,0.0,0.0,0.0,0.0,0.0,0.0,0.0,0.0,0.0,,,,0.85995085995086,0.0,0.15868263473053892,0.0,0.0,"{""a_pillar_base_asym_delta"": 0.0, ""delta_1"": 40.0, ""delta_10"": 0.0, ""delta_11"": 0.0, ""delta_12"": 0.0, ""delta_13"": 0.0, ""delta_14"": 0.0, ""delta_15"": 0.0, ""delta_16"": 0.0, ""delta_17"": 0.0, ""delta_18"": 0.0, ""delta_19"": -23.0, ""delta_2"": 0.0, ""delta_20"": 70.0, ""delta_21"": 0.0, ""delta_3"": null, ""delta_4"": 0.0, ""delta_5"": 0.0, ""delta_6"": 0.0, ""delta_7"": 0.0, ""delta_8"": 0.0, ""delta_9"": 0.0, ""door_leading_lower_asym_delta"": 0.0, ""door_leading_upper_asym_delta"": 0.0, ""door_trailing_lower_asym_delta"": 0.0, ""door_trailing_upper_asym_delta"": 0.0, ""firewall_side_asym_delta"": 0.0, ""front_bumper_left_delta"": 70.0, ""front_bumper_right_delta"": -23.0, ""front_engine_block_delta"": 0.0, ""front_engine_front_delta"": 0.0, ""front_firewall_center_delta"": null, ""front_firewall_left_delta"": 0.0, ""front_firewall_right_delta"": 0.0, ""front_left_right_asym_delta"": 93.0, ""front_left_right_bumper_asymmetry"": 93.0, ""front_structural_delta"": 0.0, ""front_structural_delta_median"": 0.0, ""front_total_length_shortening"": 40.0, ""rear_total_length_shortening"": null, ""total_length_shortening"": 40.0}",40.0,0.0,93.0,,62.4,closingSpeed,17.333333333333332,463886.22222222213,3088.0,2829.0,6105.0,2004.0,3915.0,1824.0,62.4,0.0,270.0,0.0,508.0,0.0,27.0,0.0,NOT APPLICABLE,DIRECT ENGAGEMENT,NOT APPLICABLE,ITV
340,7590,412,1,side,subject_vehicle,C_MaxOnly,CHRYSLER,300,2012,FOUR DOOR SEDAN,09LPAN3,1,285.0,2700.0,171.0,356.0,0.0,0.0,0.0,0.0,0.0,0.0,0.0,0.0,0.0,0.0,,,,0.5346534653465347,0.0,0.18976545842217485,0.0,0.06772277227722773,"{""a_pillar_base_asym_delta"": 0.0, ""delta_1"": 123.0, ""delta_10"": 0.0, ""delta_11"": 0.0, ""delta_12"": 0.0, ""delta_13"": 0.0, ""delta_14"": 0.0, ""delta_15"": 0.0, ""delta_16"": 0.0, ""delta_17"": 0.0, ""delta_18"": 0.0, ""delta_19"": -7.0, ""delta_2"": 0.0, ""delta_20"": 145.0, ""delta_21"": 0.0, ""delta_3"": null, ""delta_4"": 0.0, ""delta_5"": 0.0, ""delta_6"": 0.0, ""delta_7"": 0.0, ""delta_8"": 0.0, ""delta_9"": 0.0, ""door_leading_lower_asym_delta"": 0.0, ""door_leading_upper_asym_delta"": 0.0, ""door_trailing_lower_asym_delta"": 0.0, ""door_trailing_upper_asym_delta"": 0.0, ""firewall_side_asym_delta"": 0.0, ""front_bumper_left_delta"": 145.0, ""front_bumper_right_delta"": -7.0, ""front_engine_block_delta"": 0.0, ""front_engine_front_delta"": 0.0, ""front_firewall_center_delta"": null, ""front_firewall_left_delta"": 0.0, ""front_firewall_right_delta"": 0.0, ""front_left_right_asym_delta"": 152.0, ""front_left_right_bumper_asymmetry"": 152.0, ""front_structural_delta"": 0.0, ""front_structural_delta_median"": 0.0, ""front_total_length_shortening"": 123.0, ""rear_total_length_shortening"": null, ""total_length_shortening"": 123.0}",123.0,0.0,152.0,,32.0,closingSpeed,8.88888888888889,75377.77777777778,1908.0,1811.0,5050.0,1876.0,3052.0,1513.0,32.0,32.0,270.0,0.0,0.0,285.0,0.0,0.0,NOT APPLICABLE,DIRECT ENGAGEMENT,NOT APPLICABLE,VTP
341,7591,413,1,side,subject_vehicle,C_MaxOnly,TOYOTA,TUNDRA,2012,4 DOOR PICKUP,09LPEW2,1,285.0,3000.0,357.0,454.0,0.0,0.0,0.0,0.0,0.0,0.0,0.0,0.0,0.0,0.0,,,,0.515818431911967,0.0,0.22287677957781052,0.0,0.12276478679504814,"{""a_pillar_base_asym_delta"": 0.0, ""delta_1"": 0.0, ""delta_10"": 0.0, ""delta_11"": 0.0, ""delta_12"": 0.0, ""delta_13"": 0.0, ""delta_14"": 0.0, ""delta_15"": 0.0, ""delta_16"": 0.0, ""delta_17"": 0.0, ""delta_18"": 0.0, ""delta_19"": 0.0, ""delta_2"": 0.0, ""delta_20"": 0.0, ""delta_21"": 0.0, ""delta_3"": null, ""delta_4"": 0.0, ""delta_5"": 0.0, ""delta_6"": 0.0, ""delta_7"": 0.0, ""delta_8"": 0.0, ""delta_9"": 0.0, ""door_leading_lower_asym_delta"": 0.0, ""door_leading_upper_asym_delta"": 0.0, ""door_trailing_lower_asym_delta"": 0.0, ""door_trailing_upper_asym_delta"": 0.0, ""firewall_side_asym_delta"": 0.0, ""front_bumper_left_delta"": 0.0, ""front_bumper_right_delta"": 0.0, ""front_engine_block_delta"": 0.0, ""front_engine_front_delta"": 0.0, ""front_firewall_center_delta"": null, ""front_firewall_left_delta"": 0.0, ""front_firewall_right_delta"": 0.0, ""front_left_right_asym_delta"": 0.0, ""front_left_right_bumper_asymmetry"": 0.0, ""front_structural_delta"": 0.0, ""front_structural_delta_median"": 0.0, ""front_total_length_shortening"": 0.0, ""rear_total_length_shortening"": null, ""total_length_shortening"": 0.0}",0.0,0.0,0.0,,31.5,closingSpeed,8.75,101330.46875,2647.0,2469.0,5816.0,2037.0,3706.0,1741.0,31.5,31.5,270.0,0.0,357.0,285.0,0.0,0.0,NOT APPLICABLE,DIRECT ENGAGEMENT,DIRECT ENGAGEMENT,VTP
348,7601,421,1,side,subject_vehicle,C_MaxOnly,DODGE,CHARGER,2012,FOUR DOOR SEDAN,09LPAN3,1,285.0,2400.0,185.0,370.0,0.0,0.0,0.0,0.0,0.0,0.0,0.0,0.0,0.0,0.0,,,,0.47244094488188976,0.0,0.19566367001586463,0.0,0.07283464566929133,"{""a_pillar_base_asym_delta"": 0.0, ""delta_1"": 141.0, ""delta_10"": 0.0, ""delta_11"": 0.0, ""delta_12"": 0.0, ""delta_13"": 0.0, ""delta_14"": 0.0, ""delta_15"": 0.0, ""delta_16"": 0.0, ""delta_17"": 0.0, ""delta_18"": 0.0, ""delta_19"": -10.0, ""delta_2"": 0.0, ""delta_20"": 165.0, ""delta_21"": 0.0, ""delta_3"": null, ""delta_4"": 0.0, ""delta_5"": 0.0, ""delta_6"": 0.0, ""delta_7"": 0.0, ""delta_8"": 0.0, ""delta_9"": 0.0, ""door_leading_lower_asym_delta"": 0.0, ""door_leading_upper_asym_delta"": 0.0, ""door_trailing_lower_asym_delta"": 0.0, ""door_trailing_upper_asym_delta"": 0.0, ""firewall_side_asym_delta"": 0.0, ""front_bumper_left_delta"": 165.0, ""front_bumper_right_delta"": -10.0, ""front_engine_block_delta"": 0.0, ""front_engine_front_delta"": 0.0, ""front_firewall_center_delta"": null, ""front_firewall_left_delta"": 0.0, ""front_firewall_right_delta"": 0.0, ""front_left_right_asym_delta"": 175.0, ""front_left_right_bumper_asymmetry"": 175.0, ""front_structural_delta"": 0.0, ""front_structural_delta_median"": 0.0, ""front_total_length_shortening"": 141.0, ""rear_total_length_shortening"": null, ""total_length_shortening"": 141.0}",141.0,0.0,175.0,,32.0,closingSpeed,8.88888888888889,75022.22222222222,1899.0,1802.0,5080.0,1891.0,3053.0,1525.0,32.0,32.0,270.0,0.0,0.0,285.0,0.0,0.0,NOT APPLICABLE,DIRECT ENGAGEMENT,NOT APPLICABLE,VTP
351,7604,426,2,side_impactor,subject_vehicle,C_MaxOnly,DODGE,CHARGER,2012,FOUR DOOR SEDAN,03LPAW2,1,297.0,4350.0,0.0,287.0,0.0,0.0,0.0,0.0,0.0,0.0,0.0,0.0,0.0,0.0,,,,0.8562992125984252,0.0,0.15177154944473822,0.0,0.0,"{""a_pillar_base_asym_delta"": 0.0, ""delta_1"": 21.0, ""delta_10"": 0.0, ""delta_11"": 0.0, ""delta_12"": 0.0, ""delta_13"": 0.0, ""delta_14"": 0.0, ""delta_15"": 0.0, ""delta_16"": 0.0, ""delta_17"": 0.0, ""delta_18"": 0.0, ""delta_19"": -1.0, ""delta_2"": 0.0, ""delta_20"": 32.0, ""delta_21"": 0.0, ""delta_3"": null, ""delta_4"": 0.0, ""delta_5"": 0.0, ""delta_6"": 0.0, ""delta_7"": 0.0, ""delta_8"": 0.0, ""delta_9"": 0.0, ""door_leading_lower_asym_delta"": 0.0, ""door_leading_upper_asym_delta"": 0.0, ""door_trailing_lower_asym_delta"": 0.0, ""door_trailing_upper_asym_delta"": 0.0, ""firewall_side_asym_delta"": 0.0, ""front_bumper_left_delta"": 32.0, ""front_bumper_right_delta"": -1.0, ""front_engine_block_delta"": 0.0, ""front_engine_front_delta"": 0.0, ""front_firewall_center_delta"": null, ""front_firewall_left_delta"": 0.0, ""front_firewall_right_delta"": 0.0, ""front_left_right_asym_delta"": 33.0, ""front_left_right_bumper_asymmetry"": 33.0, ""front_structural_delta"": 0.0, ""front_structural_delta_median"": 0.0, ""front_total_length_shortening"": 21.0, ""rear_total_length_shortening"": null, ""total_length_shortening"": 21.0}",21.0,0.0,33.0,,61.8,closingSpeed,17.166666666666664,290568.7222222222,1972.0,1797.0,5080.0,1891.0,3053.0,1522.0,61.8,0.0,270.0,0.0,173.0,0.0,27.0,0.0,NOT APPLICABLE,DIRECT ENGAGEMENT,NOT APPLICABLE,ITV
355,7610,430,1,side,subject_vehicle,C_MaxOnly,SUZUKI,SX4,2012,FOUR DOOR SEDAN,09LPAN3,1,285.0,2850.0,2.0,348.0,0.0,0.0,0.0,0.0,0.0,0.0,0.0,0.0,0.0,0.0,,,,0.6350267379679144,0.0,0.20398593200468934,0.0,0.00089126559714795,"{""a_pillar_base_asym_delta"": 0.0, ""delta_1"": 91.0, ""delta_10"": 0.0, ""delta_11"": 0.0, ""delta_12"": 0.0, ""delta_13"": 0.0, ""delta_14"": 0.0, ""delta_15"": 0.0, ""delta_16"": 0.0, ""delta_17"": 0.0, ""delta_18"": 0.0, ""delta_19"": -12.0, ""delta_2"": 0.0, ""delta_20"": 126.0, ""delta_21"": 0.0, ""delta_3"": null, ""delta_4"": 0.0, ""delta_5"": 0.0, ""delta_6"": 0.0, ""delta_7"": 0.0, ""delta_8"": 0.0, ""delta_9"": 0.0, ""door_leading_lower_asym_delta"": 0.0, ""door_leading_upper_asym_delta"": 0.0, ""door_trailing_lower_asym_delta"": 0.0, ""door_trailing_upper_asym_delta"": 0.0, ""firewall_side_asym_delta"": 0.0, ""front_bumper_left_delta"": 126.0, ""front_bumper_right_delta"": -12.0, ""front_engine_block_delta"": 0.0, ""front_engine_front_delta"": 0.0, ""front_firewall_center_delta"": null, ""front_firewall_left_delta"": 0.0, ""front_firewall_right_delta"": 0.0, ""front_left_right_asym_delta"": 138.0, ""front_left_right_bumper_asymmetry"": 138.0, ""front_structural_delta"": 0.0, ""front_structural_delta_median"": 0.0, ""front_total_length_shortening"": 91.0, ""rear_total_length_shortening"": null, ""total_length_shortening"": 91.0}",91.0,0.0,138.0,,32.1,closingSpeed,8.916666666666666,53587.68055555555,1348.0,1258.0,4488.0,1706.0,2506.0,1076.0,32.1,32.1,270.0,0.0,0.0,285.0,0.0,0.0,NOT APPLICABLE,DIRECT ENGAGEMENT,NOT APPLICABLE,VTP
358,7613,435,2,side_impactor,subject_vehicle,C_MaxOnly,SUZUKI,SX4,2012,FOUR DOOR SEDAN,03LPAW2,1,297.0,3450.0,0.0,235.0,0.0,0.0,0.0,0.0,0.0,0.0,0.0,0.0,0.0,0.0,,,,0.7687165775401069,0.0,0.13774912075029308,0.0,0.0,"{""a_pillar_base_asym_delta"": 0.0, ""delta_1"": 6.0, ""delta_10"": 0.0, ""delta_11"": 0.0, ""delta_12"": 0.0, ""delta_13"": 0.0, ""delta_14"": 0.0, ""delta_15"": 0.0, ""delta_16"": 0.0, ""delta_17"": 0.0, ""delta_18"": 0.0, ""delta_19"": -8.0, ""delta_2"": 0.0, ""delta_20"": 32.0, ""delta_21"": 0.0, ""delta_3"": null, ""delta_4"": 0.0, ""delta_5"": 0.0, ""delta_6"": 0.0, ""delta_7"": 0.0, ""delta_8"": 0.0, ""delta_9"": 0.0, ""door_leading_lower_asym_delta"": 0.0, ""door_leading_upper_asym_delta"": 0.0, ""door_trailing_lower_asym_delta"": 0.0, ""door_trailing_upper_asym_delta"": 0.0, ""firewall_side_asym_delta"": 0.0, ""front_bumper_left_delta"": 32.0, ""front_bumper_right_delta"": -8.0, ""front_engine_block_delta"": 0.0, ""front_engine_front_delta"": 0.0, ""front_firewall_center_delta"": null, ""front_firewall_left_delta"": 0.0, ""front_firewall_right_delta"": 0.0, ""front_left_right_asym_delta"": 40.0, ""front_left_right_bumper_asymmetry"": 40.0, ""front_structural_delta"": 0.0, ""front_structural_delta_median"": 0.0, ""front_total_length_shortening"": 6.0, ""rear_total_length_shortening"": null, ""total_length_shortening"": 6.0}",6.0,0.0,40.0,,62.1,closingSpeed,17.25,212013.28125,1425.0,1257.0,4488.0,1706.0,2506.0,1089.0,62.1,0.0,270.0,0.0,-46.0,0.0,27.0,0.0,NOT APPLICABLE,DIRECT ENGAGEMENT,NOT APPLICABLE,ITV
360,7616,438,2,side_impactor,subject_vehicle,C_MaxOnly,VOLKSWAGEN,BEETLE,2012,TWO DOOR COUPE,09LPEW2,1,270.0,0.0,0.0,164.0,0.0,0.0,0.0,0.0,0.0,0.0,0.0,0.0,0.0,,,,,0.0,0.0,0.09111111111111111,,0.0,"{""a_pillar_base_asym_delta"": 0.0, ""delta_1"": 0.0, ""delta_10"": 0.0, ""delta_11"": 0.0, ""delta_12"": 0.0, ""delta_13"": 0.0, ""delta_14"": 0.0, ""delta_15"": 0.0, ""delta_16"": 0.0, ""delta_17"": 0.0, ""delta_18"": 0.0, ""delta_19"": 0.0, ""delta_2"": 0.0, ""delta_20"": 0.0, ""delta_21"": 0.0, ""delta_3"": null, ""delta_4"": 0.0, ""delta_5"": 0.0, ""delta_6"": 0.0, ""delta_7"": 0.0, ""delta_8"": 0.0, ""delta_9"": 0.0, ""door_leading_lower_asym_delta"": 0.0, ""door_leading_upper_asym_delta"": 0.0, ""door_trailing_lower_asym_delta"": 0.0, ""door_trailing_upper_asym_delta"": 0.0, ""firewall_side_asym_delta"": 0.0, ""front_bumper_left_delta"": 0.0, ""front_bumper_right_delta"": 0.0, ""front_engine_block_delta"": 0.0, ""front_engine_front_delta"": 0.0, ""front_firewall_center_delta"": null, ""front_firewall_left_delta"": 0.0, ""front_firewall_right_delta"": 0.0, ""front_left_right_asym_delta"": 0.0, ""front_left_right_bumper_asymmetry"": 0.0, ""front_structural_delta"": 0.0, ""front_structural_delta_median"": 0.0, ""front_total_length_shortening"": 0.0, ""rear_total_length_shortening"": null, ""total_length_shortening"": 0.0}",0.0,0.0,0.0,,61.7,closingSpeed,17.13888888888889,234111.98533950618,1594.0,1378.0,4270.0,1800.0,2540.0,0.0,61.7,0.0,270.0,0.0,502.0,0.0,0.0,0.0,NOT APPLICABLE,NO DIRECT ENGAGEMENT,DIRECT ENGAGEMENT,ITV
366,7621,444,1,side,subject_vehicle,C_MaxOnly,ACURA,MDX,2012,UTILITY VEHICLE,,0,345.0,0.0,-320.0,507.0,0.0,0.0,0.0,0.0,0.0,0.0,0.0,0.0,0.0,,,,,0.0,0.0,0.25709939148073024,,-0.1316060045239564,"{""a_pillar_base_asym_delta"": 0.0, ""delta_1"": 2252.0, ""delta_10"": 0.0, ""delta_11"": 0.0, ""delta_12"": 0.0, ""delta_13"": 0.0, ""delta_14"": 0.0, ""delta_15"": 0.0, ""delta_16"": 0.0, ""delta_17"": 0.0, ""delta_18"": 0.0, ""delta_19"": -18.0, ""delta_2"": 0.0, ""delta_20"": 103.0, ""delta_21"": 0.0, ""delta_3"": null, ""delta_4"": 0.0, ""delta_5"": 0.0, ""delta_6"": 0.0, ""delta_7"": 0.0, ""delta_8"": 0.0, ""delta_9"": 0.0, ""door_leading_lower_asym_delta"": 0.0, ""door_leading_upper_asym_delta"": 0.0, ""door_trailing_lower_asym_delta"": 0.0, ""door_trailing_upper_asym_delta"": 0.0, ""firewall_side_asym_delta"": 0.0, ""front_bumper_left_delta"": 103.0, ""front_bumper_right_delta"": -18.0, ""front_engine_block_delta"": 0.0, ""front_engine_front_delta"": 0.0, ""front_firewall_center_delta"": null, ""front_firewall_left_delta"": 0.0, ""front_firewall_right_delta"": 0.0, ""front_left_right_asym_delta"": 121.0, ""front_left_right_bumper_asymmetry"": 121.0, ""front_structural_delta"": 0.0, ""front_structural_delta_median"": 0.0, ""front_total_length_shortening"": 2252.0, ""rear_total_length_shortening"": null, ""total_length_shortening"": 2252.0}",2252.0,0.0,121.0,,32.0,closingSpeed,8.88888888888889,85649.3827160494,2168.0,2086.0,4863.0,1972.0,2750.0,1249.0,32.0,32.0,270.0,0.0,188.0,285.0,0.0,0.0,NOT APPLICABLE,DIRECT ENGAGEMENT,NO DIRECT ENGAGEMENT,VTP
375,7629,454,2,side_impactor,subject_vehicle,C_MaxOnly,NISSAN,JUKE,2012,UTILITY VEHICLE,03LPAW2,1,297.0,2700.0,0.0,241.0,0.0,0.0,0.0,0.0,0.0,0.0,0.0,0.0,0.0,0.0,,,,0.6547041707080504,0.0,0.1394675925925926,0.0,0.0,"{""a_pillar_base_asym_delta"": 0.0, ""delta_1"": 44.0, ""delta_10"": 0.0, ""delta_11"": 0.0, ""delta_12"": 0.0, ""delta_13"": 0.0, ""delta_14"": 0.0, ""delta_15"": 0.0, ""delta_16"": 0.0, ""delta_17"": 0.0, ""delta_18"": 0.0, ""delta_19"": 6.0, ""delta_2"": 0.0, ""delta_20"": 49.0, ""delta_21"": 0.0, ""delta_3"": null, ""delta_4"": 0.0, ""delta_5"": 0.0, ""delta_6"": 0.0, ""delta_7"": 0.0, ""delta_8"": 0.0, ""delta_9"": 0.0, ""door_leading_lower_asym_delta"": 0.0, ""door_leading_upper_asym_delta"": 0.0, ""door_trailing_lower_asym_delta"": 0.0, ""door_trailing_upper_asym_delta"": 0.0, ""firewall_side_asym_delta"": 0.0, ""front_bumper_left_delta"": 49.0, ""front_bumper_right_delta"": 6.0, ""front_engine_block_delta"": 0.0, ""front_engine_front_delta"": 0.0, ""front_firewall_center_delta"": null, ""front_firewall_left_delta"": 0.0, ""front_firewall_right_delta"": 0.0, ""front_left_right_asym_delta"": 43.0, ""front_left_right_bumper_asymmetry"": 43.0, ""front_structural_delta"": 0.0, ""front_structural_delta_median"": 0.0, ""front_total_length_shortening"": 44.0, ""rear_total_length_shortening"": null, ""total_length_shortening"": 44.0}",44.0,0.0,43.0,,62.3,closingSpeed,17.305555555555554,224012.72530864194,1496.0,1324.0,4124.0,1728.0,2535.0,1063.0,62.3,0.0,270.0,0.0,-121.0,0.0,27.0,0.0,NOT APPLICABLE,DIRECT ENGAGEMENT,NOT APPLICABLE,ITV
376,7630,455,1,side,subject_vehicle,C_MaxOnly,NISSAN,JUKE,2012,UTILITY VEHICLE,09LPAN3,1,285.0,1950.0,-38.0,412.0,0.0,0.0,0.0,0.0,0.0,0.0,0.0,0.0,0.0,0.0,,,,0.4728419010669253,0.0,0.23842592592592593,0.0,-0.01842870999030068,"{""a_pillar_base_asym_delta"": 0.0, ""delta_1"": 114.0, ""delta_10"": 0.0, ""delta_11"": 0.0, ""delta_12"": 0.0, ""delta_13"": 0.0, ""delta_14"": 0.0, ""delta_15"": 0.0, ""delta_16"": 0.0, ""delta_17"": 0.0, ""delta_18"": 0.0, ""delta_19"": 1.0, ""delta_2"": 0.0, ""delta_20"": 133.0, ""delta_21"": 0.0, ""delta_3"": null, ""delta_4"": 0.0, ""delta_5"": 0.0, ""delta_6"": 0.0, ""delta_7"": 0.0, ""delta_8"": 0.0, ""delta_9"": 0.0, ""door_leading_lower_asym_delta"": 0.0, ""door_leading_upper_asym_delta"": 0.0, ""door_trailing_lower_asym_delta"": 0.0, ""door_trailing_upper_asym_delta"": 0.0, ""firewall_side_asym_delta"": 0.0, ""front_bumper_left_delta"": 133.0, ""front_bumper_right_delta"": 1.0, ""front_engine_block_delta"": 0.0, ""front_engine_front_delta"": 0.0, ""front_firewall_center_delta"": null, ""front_firewall_left_delta"": 0.0, ""front_firewall_right_delta"": 0.0, ""front_left_right_asym_delta"": 132.0, ""front_left_right_bumper_asymmetry"": 132.0, ""front_structural_delta"": 0.0, ""front_structural_delta_median"": 0.0, ""front_total_length_shortening"": 114.0, ""rear_total_length_shortening"": null, ""total_length_shortening"": 114.0}",114.0,0.0,132.0,,32.0,closingSpeed,8.88888888888889,57204.938271604944,1448.0,1352.0,4124.0,1728.0,2535.0,990.0,32.0,32.0,270.0,0.0,0.0,285.0,0.0,0.0,NOT APPLICABLE,DIRECT ENGAGEMENT,NOT APPLICABLE,VTP
377,7634,456,1,side,subject_vehicle,C_MaxOnly,NISSAN,VERSA,2012,FOUR DOOR SEDAN,09LPEW2,1,285.0,2850.0,737.0,427.0,0.0,0.0,0.0,0.0,0.0,0.0,0.0,0.0,0.0,0.0,,,,0.6452343219379669,0.0,0.25266272189349115,0.0,0.33371066334616256,"{""a_pillar_base_asym_delta"": 0.0, ""delta_1"": 0.0, ""delta_10"": 0.0, ""delta_11"": 0.0, ""delta_12"": 0.0, ""delta_13"": 0.0, ""delta_14"": 0.0, ""delta_15"": 0.0, ""delta_16"": 0.0, ""delta_17"": 0.0, ""delta_18"": 0.0, ""delta_19"": 0.0, ""delta_2"": 0.0, ""delta_20"": 0.0, ""delta_21"": 0.0, ""delta_3"": null, ""delta_4"": 0.0, ""delta_5"": 0.0, ""delta_6"": 0.0, ""delta_7"": 0.0, ""delta_8"": 0.0, ""delta_9"": 0.0, ""door_leading_lower_asym_delta"": 0.0, ""door_leading_upper_asym_delta"": 0.0, ""door_trailing_lower_asym_delta"": 0.0, ""door_trailing_upper_asym_delta"": 0.0, ""firewall_side_asym_delta"": 0.0, ""front_bumper_left_delta"": 0.0, ""front_bumper_right_delta"": 0.0, ""front_engine_block_delta"": 0.0, ""front_engine_front_delta"": 0.0, ""front_firewall_center_delta"": null, ""front_firewall_left_delta"": 0.0, ""front_firewall_right_delta"": 0.0, ""front_left_right_asym_delta"": 0.0, ""front_left_right_bumper_asymmetry"": 0.0, ""front_structural_delta"": 0.0, ""front_structural_delta_median"": 0.0, ""front_total_length_shortening"": 0.0, ""rear_total_length_shortening"": null, ""total_length_shortening"": 0.0}",0.0,0.0,0.0,,31.95,closingSpeed,8.875,46904.9296875,1191.0,1105.0,4417.0,1690.0,2602.0,1119.0,31.95,31.95,270.0,0.0,737.0,285.0,0.0,0.0,NOT APPLICABLE,DIRECT ENGAGEMENT,DIRECT ENGAGEMENT,VTP
386,7635,467,1,side,subject_vehicle,C_MaxOnly,KIA,SOUL,2012,UTILITY VEHICLE,09LPEW2,1,285.0,2700.0,771.0,434.0,0.0,0.0,0.0,0.0,0.0,0.0,0.0,0.0,0.0,0.0,,,,0.6739890164752871,0.0,0.24436936936936937,0.0,0.3849226160758862,"{""a_pillar_base_asym_delta"": 0.0, ""delta_1"": 0.0, ""delta_10"": 0.0, ""delta_11"": 0.0, ""delta_12"": 0.0, ""delta_13"": 0.0, ""delta_14"": 0.0, ""delta_15"": 0.0, ""delta_16"": 0.0, ""delta_17"": 0.0, ""delta_18"": 0.0, ""delta_19"": 0.0, ""delta_2"": 0.0, ""delta_20"": 0.0, ""delta_21"": 0.0, ""delta_3"": null, ""delta_4"": 0.0, ""delta_5"": 0.0, ""delta_6"": 0.0, ""delta_7"": 0.0, ""delta_8"": 0.0, ""delta_9"": 0.0, ""door_leading_lower_asym_delta"": 0.0, ""door_leading_upper_asym_delta"": 0.0, ""door_trailing_lower_asym_delta"": 0.0, ""door_trailing_upper_asym_delta"": 0.0, ""firewall_side_asym_delta"": 0.0, ""front_bumper_left_delta"": 0.0, ""front_bumper_right_delta"": 0.0, ""front_engine_block_delta"": 0.0, ""front_engine_front_delta"": 0.0, ""front_firewall_center_delta"": null, ""front_firewall_left_delta"": 0.0, ""front_firewall_right_delta"": 0.0, ""front_left_right_asym_delta"": 0.0, ""front_left_right_bumper_asymmetry"": 0.0, ""front_structural_delta"": 0.0, ""front_structural_delta_median"": 0.0, ""front_total_length_shortening"": 0.0, ""rear_total_length_shortening"": null, ""total_length_shortening"": 0.0}",0.0,0.0,0.0,,31.91,closingSpeed,8.863888888888889,53190.89226080247,1354.0,1269.0,4006.0,1776.0,2553.0,1054.0,31.91,31.91,270.0,0.0,771.0,285.0,0.0,0.0,NOT APPLICABLE,DIRECT ENGAGEMENT,DIRECT ENGAGEMENT,VTP
389,7638,470,1,side,subject_vehicle,C_MaxOnly,LEXUS,ES 350,2012,FOUR DOOR SEDAN,09LPEW2,1,285.0,3150.0,897.0,526.0,0.0,0.0,0.0,0.0,0.0,0.0,0.0,0.0,0.0,0.0,,,,0.6468172484599589,0.0,0.29076838032061914,0.0,0.36837782340862424,"{""a_pillar_base_asym_delta"": 0.0, ""delta_1"": 0.0, ""delta_10"": 0.0, ""delta_11"": 0.0, ""delta_12"": 0.0, ""delta_13"": 0.0, ""delta_14"": 0.0, ""delta_15"": 0.0, ""delta_16"": 0.0, ""delta_17"": 0.0, ""delta_18"": 0.0, ""delta_19"": 0.0, ""delta_2"": 0.0, ""delta_20"": 0.0, ""delta_21"": 0.0, ""delta_3"": null, ""delta_4"": 0.0, ""delta_5"": 0.0, ""delta_6"": 0.0, ""delta_7"": 0.0, ""delta_8"": 0.0, ""delta_9"": 0.0, ""door_leading_lower_asym_delta"": 0.0, ""door_leading_upper_asym_delta"": 0.0, ""door_trailing_lower_asym_delta"": 0.0, ""door_trailing_upper_asym_delta"": 0.0, ""firewall_side_asym_delta"": 0.0, ""front_bumper_left_delta"": 0.0, ""front_bumper_right_delta"": 0.0, ""front_engine_block_delta"": 0.0, ""front_engine_front_delta"": 0.0, ""front_firewall_center_delta"": null, ""front_firewall_left_delta"": 0.0, ""front_firewall_right_delta"": 0.0, ""front_left_right_asym_delta"": 0.0, ""front_left_right_bumper_asymmetry"": 0.0, ""front_structural_delta"": 0.0, ""front_structural_delta_median"": 0.0, ""front_total_length_shortening"": 0.0, ""rear_total_length_shortening"": null, ""total_length_shortening"": 0.0}",0.0,0.0,0.0,,31.74,closingSpeed,8.816666666666666,68599.91180555554,1765.0,1654.0,4870.0,1809.0,2772.0,1177.0,31.74,31.74,270.0,0.0,897.0,285.0,0.0,0.0,NOT APPLICABLE,DIRECT ENGAGEMENT,DIRECT ENGAGEMENT,VTP
398,7649,481,1,side,subject_vehicle,C_MaxOnly,HONDA,CIVIC,2012,TWO DOOR COUPE,09LPEW2,1,285.0,2850.0,943.0,360.0,0.0,0.0,0.0,0.0,0.0,0.0,0.0,0.0,0.0,0.0,,,,0.6702728127939793,0.0,0.2054794520547945,0.0,0.4435559736594544,"{""a_pillar_base_asym_delta"": 0.0, ""delta_1"": 0.0, ""delta_10"": 0.0, ""delta_11"": 0.0, ""delta_12"": 0.0, ""delta_13"": 0.0, ""delta_14"": 0.0, ""delta_15"": 0.0, ""delta_16"": 0.0, ""delta_17"": 0.0, ""delta_18"": 0.0, ""delta_19"": 0.0, ""delta_2"": 0.0, ""delta_20"": 0.0, ""delta_21"": 0.0, ""delta_3"": null, ""delta_4"": 0.0, ""delta_5"": 0.0, ""delta_6"": 0.0, ""delta_7"": 0.0, ""delta_8"": 0.0, ""delta_9"": 0.0, ""door_leading_lower_asym_delta"": 0.0, ""door_leading_upper_asym_delta"": 0.0, ""door_trailing_lower_asym_delta"": 0.0, ""door_trailing_upper_asym_delta"": 0.0, ""firewall_side_asym_delta"": 0.0, ""front_bumper_left_delta"": 0.0, ""front_bumper_right_delta"": 0.0, ""front_engine_block_delta"": 0.0, ""front_engine_front_delta"": 0.0, ""front_firewall_center_delta"": null, ""front_firewall_left_delta"": 0.0, ""front_firewall_right_delta"": 0.0, ""front_left_right_asym_delta"": 0.0, ""front_left_right_bumper_asymmetry"": 0.0, ""front_structural_delta"": 0.0, ""front_structural_delta_median"": 0.0, ""front_total_length_shortening"": 0.0, ""rear_total_length_shortening"": null, ""total_length_shortening"": 0.0}",0.0,0.0,0.0,,32.24,closingSpeed,8.955555555555556,52411.99086419753,1307.0,1220.0,4252.0,1752.0,2623.0,1045.0,32.24,32.24,270.0,0.0,943.0,285.0,0.0,0.0,NOT APPLICABLE,DIRECT ENGAGEMENT,DIRECT ENGAGEMENT,VTP
403,7651,486,1,side,subject_vehicle,C_MaxOnly,FORD,F250 PICKUP,2012,4 DOOR PICKUP,09LPEW2,1,285.0,3450.0,458.0,699.0,0.0,0.0,0.0,0.0,0.0,0.0,0.0,0.0,0.0,0.0,,,,0.5513824516541473,0.0,0.34535573122529645,0.0,0.1463960364391881,"{""a_pillar_base_asym_delta"": 0.0, ""delta_1"": 0.0, ""delta_10"": 0.0, ""delta_11"": 0.0, ""delta_12"": 0.0, ""delta_13"": 0.0, ""delta_14"": 0.0, ""delta_15"": 0.0, ""delta_16"": 0.0, ""delta_17"": 0.0, ""delta_18"": 0.0, ""delta_19"": 0.0, ""delta_2"": 0.0, ""delta_20"": 0.0, ""delta_21"": 0.0, ""delta_3"": null, ""delta_4"": 0.0, ""delta_5"": 0.0, ""delta_6"": 0.0, ""delta_7"": 0.0, ""delta_8"": 0.0, ""delta_9"": 0.0, ""door_leading_lower_asym_delta"": 0.0, ""door_leading_upper_asym_delta"": 0.0, ""door_trailing_lower_asym_delta"": 0.0, ""door_trailing_upper_asym_delta"": 0.0, ""firewall_side_asym_delta"": 0.0, ""front_bumper_left_delta"": 0.0, ""front_bumper_right_delta"": 0.0, ""front_engine_block_delta"": 0.0, ""front_engine_front_delta"": 0.0, ""front_firewall_center_delta"": null, ""front_firewall_left_delta"": 0.0, ""front_firewall_right_delta"": 0.0, ""front_left_right_asym_delta"": 0.0, ""front_left_right_bumper_asymmetry"": 0.0, ""front_structural_delta"": 0.0, ""front_structural_delta_median"": 0.0, ""front_total_length_shortening"": 0.0, ""rear_total_length_shortening"": null, ""total_length_shortening"": 0.0}",0.0,0.0,0.0,,32.69,closingSpeed,9.080555555555554,130033.88346450613,3154.0,2975.0,6257.0,2024.0,3984.0,1858.0,32.69,32.69,270.0,0.0,458.0,285.0,0.0,0.0,NOT APPLICABLE,DIRECT ENGAGEMENT,DIRECT ENGAGEMENT,VTP
410,7713,495,2,side_impactor,subject_vehicle,C_MaxOnly,HONDA,CIVIC HYBRID,2012,FOUR DOOR SEDAN,03LPAW2,1,297.0,3600.0,0.0,258.0,0.0,0.0,0.0,0.0,0.0,0.0,0.0,0.0,0.0,0.0,,,,0.7987574883514533,0.0,0.14793577981651376,0.0,0.0,"{""a_pillar_base_asym_delta"": 0.0, ""delta_1"": 3.0, ""delta_10"": 0.0, ""delta_11"": 0.0, ""delta_12"": 0.0, ""delta_13"": 0.0, ""delta_14"": 0.0, ""delta_15"": 0.0, ""delta_16"": 0.0, ""delta_17"": 0.0, ""delta_18"": 0.0, ""delta_19"": 2.0, ""delta_2"": 0.0, ""delta_20"": 22.0, ""delta_21"": 0.0, ""delta_3"": null, ""delta_4"": 0.0, ""delta_5"": 0.0, ""delta_6"": 0.0, ""delta_7"": 0.0, ""delta_8"": 0.0, ""delta_9"": 0.0, ""door_leading_lower_asym_delta"": 0.0, ""door_leading_upper_asym_delta"": 0.0, ""door_trailing_lower_asym_delta"": 0.0, ""door_trailing_upper_asym_delta"": 0.0, ""firewall_side_asym_delta"": 0.0, ""front_bumper_left_delta"": 22.0, ""front_bumper_right_delta"": 2.0, ""front_engine_block_delta"": 0.0, ""front_engine_front_delta"": 0.0, ""front_firewall_center_delta"": null, ""front_firewall_left_delta"": 0.0, ""front_firewall_right_delta"": 0.0, ""front_left_right_asym_delta"": 20.0, ""front_left_right_bumper_asymmetry"": 20.0, ""front_structural_delta"": 0.0, ""front_structural_delta_median"": 0.0, ""front_total_length_shortening"": 3.0, ""rear_total_length_shortening"": null, ""total_length_shortening"": 3.0}",3.0,0.0,20.0,,62.2,closingSpeed,17.27777777777778,217920.77160493832,1460.0,1292.0,4507.0,1744.0,2670.0,1196.0,62.2,0.0,270.0,0.0,-33.0,0.0,27.0,0.0,NOT APPLICABLE,DIRECT ENGAGEMENT,NOT APPLICABLE,ITV
411,7714,497,2,side_impactor,subject_vehicle,C_MaxOnly,SUBARU,IMPREZA,2012,FOUR DOOR SEDAN,03LPAW2,1,297.0,3300.0,0.0,244.0,0.0,0.0,0.0,0.0,0.0,0.0,0.0,0.0,0.0,0.0,,,,0.7205240174672489,0.0,0.1401493394600804,0.0,0.0,"{""a_pillar_base_asym_delta"": 0.0, ""delta_1"": -12.0, ""delta_10"": 0.0, ""delta_11"": 0.0, ""delta_12"": 0.0, ""delta_13"": 0.0, ""delta_14"": 0.0, ""delta_15"": 0.0, ""delta_16"": 0.0, ""delta_17"": 0.0, ""delta_18"": 0.0, ""delta_19"": 3.0, ""delta_2"": 0.0, ""delta_20"": 22.0, ""delta_21"": 0.0, ""delta_3"": null, ""delta_4"": 0.0, ""delta_5"": 0.0, ""delta_6"": 0.0, ""delta_7"": 0.0, ""delta_8"": 0.0, ""delta_9"": 0.0, ""door_leading_lower_asym_delta"": 0.0, ""door_leading_upper_asym_delta"": 0.0, ""door_trailing_lower_asym_delta"": 0.0, ""door_trailing_upper_asym_delta"": 0.0, ""firewall_side_asym_delta"": 0.0, ""front_bumper_left_delta"": 22.0, ""front_bumper_right_delta"": 3.0, ""front_engine_block_delta"": 0.0, ""front_engine_front_delta"": 0.0, ""front_firewall_center_delta"": null, ""front_firewall_left_delta"": 0.0, ""front_firewall_right_delta"": 0.0, ""front_left_right_asym_delta"": 19.0, ""front_left_right_bumper_asymmetry"": 19.0, ""front_structural_delta"": 0.0, ""front_structural_delta_median"": 0.0, ""front_total_length_shortening"": -12.0, ""rear_total_length_shortening"": null, ""total_length_shortening"": -12.0}",-12.0,0.0,19.0,,62.2,closingSpeed,17.27777777777778,228369.02777777778,1530.0,1362.0,4580.0,1741.0,2654.0,1157.0,62.2,0.0,270.0,0.0,-81.0,0.0,27.0,0.0,NOT APPLICABLE,DIRECT ENGAGEMENT,NOT APPLICABLE,ITV
412,7715,498,1,side,subject_vehicle,C_MaxOnly,HONDA,CIVIC HYBRID,2012,FOUR DOOR SEDAN,09LPAN3,1,285.0,1950.0,73.0,370.0,0.0,0.0,0.0,0.0,0.0,0.0,0.0,0.0,0.0,0.0,,,,0.43266030619037055,0.0,0.2121559633027523,0.0,0.03239405369425338,"{""a_pillar_base_asym_delta"": 0.0, ""delta_1"": 81.0, ""delta_10"": 0.0, ""delta_11"": 0.0, ""delta_12"": 0.0, ""delta_13"": 0.0, ""delta_14"": 0.0, ""delta_15"": 0.0, ""delta_16"": 0.0, ""delta_17"": 0.0, ""delta_18"": 0.0, ""delta_19"": -8.0, ""delta_2"": 0.0, ""delta_20"": 112.0, ""delta_21"": 0.0, ""delta_3"": null, ""delta_4"": 0.0, ""delta_5"": 0.0, ""delta_6"": 0.0, ""delta_7"": 0.0, ""delta_8"": 0.0, ""delta_9"": 0.0, ""door_leading_lower_asym_delta"": 0.0, ""door_leading_upper_asym_delta"": 0.0, ""door_trailing_lower_asym_delta"": 0.0, ""door_trailing_upper_asym_delta"": 0.0, ""firewall_side_asym_delta"": 0.0, ""front_bumper_left_delta"": 112.0, ""front_bumper_right_delta"": -8.0, ""front_engine_block_delta"": 0.0, ""front_engine_front_delta"": 0.0, ""front_firewall_center_delta"": null, ""front_firewall_left_delta"": 0.0, ""front_firewall_right_delta"": 0.0, ""front_left_right_asym_delta"": 120.0, ""front_left_right_bumper_asymmetry"": 120.0, ""front_structural_delta"": 0.0, ""front_structural_delta_median"": 0.0, ""front_total_length_shortening"": 81.0, ""rear_total_length_shortening"": null, ""total_length_shortening"": 81.0}",81.0,0.0,120.0,,32.0,closingSpeed,8.88888888888889,54637.037037037044,1383.0,1292.0,4507.0,1744.0,2670.0,1141.0,32.0,32.0,270.0,0.0,0.0,285.0,0.0,0.0,NOT APPLICABLE,DIRECT ENGAGEMENT,NOT APPLICABLE,VTP
414,7718,500,1,side,subject_vehicle,C_MaxOnly,SUBARU,IMPREZA,2012,FOUR DOOR SEDAN,09LPAN3,1,285.0,3000.0,23.0,388.0,0.0,0.0,0.0,0.0,0.0,0.0,0.0,0.0,0.0,0.0,,,,0.6550218340611353,0.0,0.22286042504307868,0.0,0.010043668122270743,"{""a_pillar_base_asym_delta"": 0.0, ""delta_1"": 135.0, ""delta_10"": 0.0, ""delta_11"": 0.0, ""delta_12"": 0.0, ""delta_13"": 0.0, ""delta_14"": 0.0, ""delta_15"": 0.0, ""delta_16"": 0.0, ""delta_17"": 0.0, ""delta_18"": 0.0, ""delta_19"": -10.0, ""delta_2"": 0.0, ""delta_20"": 149.0, ""delta_21"": 0.0, ""delta_3"": null, ""delta_4"": 0.0, ""delta_5"": 0.0, ""delta_6"": 0.0, ""delta_7"": 0.0, ""delta_8"": 0.0, ""delta_9"": 0.0, ""door_leading_lower_asym_delta"": 0.0, ""door_leading_upper_asym_delta"": 0.0, ""door_trailing_lower_asym_delta"": 0.0, ""door_trailing_upper_asym_delta"": 0.0, ""firewall_side_asym_delta"": 0.0, ""front_bumper_left_delta"": 149.0, ""front_bumper_right_delta"": -10.0, ""front_engine_block_delta"": 0.0, ""front_engine_front_delta"": 0.0, ""front_firewall_center_delta"": null, ""front_firewall_left_delta"": 0.0, ""front_firewall_right_delta"": 0.0, ""front_left_right_asym_delta"": 159.0, ""front_left_right_bumper_asymmetry"": 159.0, ""front_structural_delta"": 0.0, ""front_structural_delta_median"": 0.0, ""front_total_length_shortening"": 135.0, ""rear_total_length_shortening"": null, ""total_length_shortening"": 135.0}",135.0,0.0,159.0,,32.0,closingSpeed,8.88888888888889,57283.950617283954,1450.0,1359.0,4580.0,1741.0,2654.0,1109.0,32.0,32.0,270.0,0.0,0.0,285.0,0.0,0.0,NOT APPLICABLE,DIRECT ENGAGEMENT,NOT APPLICABLE,VTP
416,7719,502,1,side,subject_vehicle,C_MaxOnly,HONDA,CR-V,2012,UTILITY VEHICLE,,0,345.0,0.0,-427.0,460.0,0.0,0.0,0.0,0.0,0.0,0.0,0.0,0.0,0.0,,,,,0.0,0.0,0.25274725274725274,,-0.18852097130242826,"{""a_pillar_base_asym_delta"": 0.0, ""delta_1"": 44.0, ""delta_10"": 0.0, ""delta_11"": 0.0, ""delta_12"": 0.0, ""delta_13"": 0.0, ""delta_14"": 0.0, ""delta_15"": 0.0, ""delta_16"": 0.0, ""delta_17"": 0.0, ""delta_18"": 0.0, ""delta_19"": -18.0, ""delta_2"": 0.0, ""delta_20"": 100.0, ""delta_21"": 0.0, ""delta_3"": null, ""delta_4"": 0.0, ""delta_5"": 0.0, ""delta_6"": 0.0, ""delta_7"": 0.0, ""delta_8"": 0.0, ""delta_9"": 0.0, ""door_leading_lower_asym_delta"": 0.0, ""door_leading_upper_asym_delta"": 0.0, ""door_trailing_lower_asym_delta"": 0.0, ""door_trailing_upper_asym_delta"": 0.0, ""firewall_side_asym_delta"": 0.0, ""front_bumper_left_delta"": 100.0, ""front_bumper_right_delta"": -18.0, ""front_engine_block_delta"": 0.0, ""front_engine_front_delta"": 0.0, ""front_firewall_center_delta"": null, ""front_firewall_left_delta"": 0.0, ""front_firewall_right_delta"": 0.0, ""front_left_right_asym_delta"": 118.0, ""front_left_right_bumper_asymmetry"": 118.0, ""front_structural_delta"": 0.0, ""front_structural_delta_median"": 0.0, ""front_total_length_shortening"": 44.0, ""rear_total_length_shortening"": null, ""total_length_shortening"": 44.0}",44.0,0.0,118.0,,31.9,closingSpeed,8.86111111111111,62462.09529320987,1591.0,1509.0,4530.0,1820.0,2625.0,1153.0,31.9,31.9,270.0,0.0,50.0,285.0,0.0,0.0,NOT APPLICABLE,DIRECT ENGAGEMENT,NO DIRECT ENGAGEMENT,VTP
423,7730,509,1,side,subject_vehicle,C_MaxOnly,MITSUBISHI,LANCER,2012,FOUR DOOR SEDAN,09LPAN3,1,285.0,3000.0,-56.0,383.0,0.0,0.0,0.0,0.0,0.0,0.0,0.0,0.0,0.0,0.0,,,,0.6561679790026247,0.0,0.2198622273249139,0.0,-0.024496937882764653,"{""a_pillar_base_asym_delta"": 0.0, ""delta_1"": 80.0, ""delta_10"": 0.0, ""delta_11"": 0.0, ""delta_12"": 0.0, ""delta_13"": 0.0, ""delta_14"": 0.0, ""delta_15"": 0.0, ""delta_16"": 0.0, ""delta_17"": 0.0, ""delta_18"": 0.0, ""delta_19"": -14.0, ""delta_2"": 0.0, ""delta_20"": 131.0, ""delta_21"": 0.0, ""delta_3"": null, ""delta_4"": 0.0, ""delta_5"": 0.0, ""delta_6"": 0.0, ""delta_7"": 0.0, ""delta_8"": 0.0, ""delta_9"": 0.0, ""door_leading_lower_asym_delta"": 0.0, ""door_leading_upper_asym_delta"": 0.0, ""door_trailing_lower_asym_delta"": 0.0, ""door_trailing_upper_asym_delta"": 0.0, ""firewall_side_asym_delta"": 0.0, ""front_bumper_left_delta"": 131.0, ""front_bumper_right_delta"": -14.0, ""front_engine_block_delta"": 0.0, ""front_engine_front_delta"": 0.0, ""front_firewall_center_delta"": null, ""front_firewall_left_delta"": 0.0, ""front_firewall_right_delta"": 0.0, ""front_left_right_asym_delta"": 145.0, ""front_left_right_bumper_asymmetry"": 145.0, ""front_structural_delta"": 0.0, ""front_structural_delta_median"": 0.0, ""front_total_length_shortening"": 80.0, ""rear_total_length_shortening"": null, ""total_length_shortening"": 80.0}",80.0,0.0,145.0,,32.1,closingSpeed,8.916666666666666,56688.45138888888,1426.0,1344.0,4572.0,1742.0,2634.0,1089.0,32.1,32.1,270.0,0.0,0.0,285.0,0.0,0.0,NOT APPLICABLE,DIRECT ENGAGEMENT,NOT APPLICABLE,VTP
424,7731,511,2,side_impactor,subject_vehicle,C_MaxOnly,MITSUBISHI,LANCER,2012,FOUR DOOR SEDAN,03LPAW2,1,297.0,3750.0,0.0,232.0,0.0,0.0,0.0,0.0,0.0,0.0,0.0,0.0,0.0,0.0,,,,0.8202099737532809,0.0,0.13318025258323765,0.0,0.0,"{""a_pillar_base_asym_delta"": 0.0, ""delta_1"": -5.0, ""delta_10"": 0.0, ""delta_11"": 0.0, ""delta_12"": 0.0, ""delta_13"": 0.0, ""delta_14"": 0.0, ""delta_15"": 0.0, ""delta_16"": 0.0, ""delta_17"": 0.0, ""delta_18"": 0.0, ""delta_19"": -4.0, ""delta_2"": 0.0, ""delta_20"": 12.0, ""delta_21"": 0.0, ""delta_3"": null, ""delta_4"": 0.0, ""delta_5"": 0.0, ""delta_6"": 0.0, ""delta_7"": 0.0, ""delta_8"": 0.0, ""delta_9"": 0.0, ""door_leading_lower_asym_delta"": 0.0, ""door_leading_upper_asym_delta"": 0.0, ""door_trailing_lower_asym_delta"": 0.0, ""door_trailing_upper_asym_delta"": 0.0, ""firewall_side_asym_delta"": 0.0, ""front_bumper_left_delta"": 12.0, ""front_bumper_right_delta"": -4.0, ""front_engine_block_delta"": 0.0, ""front_engine_front_delta"": 0.0, ""front_firewall_center_delta"": null, ""front_firewall_left_delta"": 0.0, ""front_firewall_right_delta"": 0.0, ""front_left_right_asym_delta"": 16.0, ""front_left_right_bumper_asymmetry"": 16.0, ""front_structural_delta"": 0.0, ""front_structural_delta_median"": 0.0, ""front_total_length_shortening"": -5.0, ""rear_total_length_shortening"": null, ""total_length_shortening"": -5.0}",-5.0,0.0,16.0,,62.1,closingSpeed,17.25,223171.875,1500.0,1342.0,4572.0,1742.0,2634.0,1091.0,62.1,0.0,270.0,0.0,-119.0,0.0,27.0,0.0,NOT APPLICABLE,DIRECT ENGAGEMENT,NOT APPLICABLE,ITV
431,7735,519,1,side,subject_vehicle,C_MaxOnly,TOYOTA,SCION IQ,2012,THREE DOOR HATCHBACK,09LPEW2,1,285.0,1950.0,220.0,295.0,0.0,0.0,0.0,0.0,0.0,0.0,0.0,0.0,0.0,0.0,,,,0.6476253736300233,0.0,0.17664670658682635,0.0,0.1461308535370309,"{""a_pillar_base_asym_delta"": 0.0, ""delta_1"": 0.0, ""delta_10"": 0.0, ""delta_11"": 0.0, ""delta_12"": 0.0, ""delta_13"": 0.0, ""delta_14"": 0.0, ""delta_15"": 0.0, ""delta_16"": 0.0, ""delta_17"": 0.0, ""delta_18"": 0.0, ""delta_19"": 0.0, ""delta_2"": 0.0, ""delta_20"": 0.0, ""delta_21"": 0.0, ""delta_3"": null, ""delta_4"": 0.0, ""delta_5"": 0.0, ""delta_6"": 0.0, ""delta_7"": 0.0, ""delta_8"": 0.0, ""delta_9"": 0.0, ""door_leading_lower_asym_delta"": 0.0, ""door_leading_upper_asym_delta"": 0.0, ""door_trailing_lower_asym_delta"": 0.0, ""door_trailing_upper_asym_delta"": 0.0, ""firewall_side_asym_delta"": 0.0, ""front_bumper_left_delta"": 0.0, ""front_bumper_right_delta"": 0.0, ""front_engine_block_delta"": 0.0, ""front_engine_front_delta"": 0.0, ""front_firewall_center_delta"": null, ""front_firewall_left_delta"": 0.0, ""front_firewall_right_delta"": 0.0, ""front_left_right_asym_delta"": 0.0, ""front_left_right_bumper_asymmetry"": 0.0, ""front_structural_delta"": 0.0, ""front_structural_delta_median"": 0.0, ""front_total_length_shortening"": 0.0, ""rear_total_length_shortening"": null, ""total_length_shortening"": 0.0}",0.0,0.0,0.0,,32.72,closingSpeed,9.088888888888889,42625.677037037036,1032.0,974.0,3011.0,1670.0,2000.0,862.0,32.72,32.72,270.0,0.0,220.0,285.0,0.0,0.0,NOT APPLICABLE,DIRECT ENGAGEMENT,DIRECT ENGAGEMENT,VTP
434,7736,522,1,side,subject_vehicle,C_MaxOnly,MITSUBISHI,OUTLANDER SPORT,2012,UTILITY VEHICLE,09LPAN3,1,285.0,2250.0,-6.0,360.0,0.0,0.0,0.0,0.0,0.0,0.0,0.0,0.0,0.0,0.0,,,,0.5238649592549476,0.0,0.20408163265306123,0.0,-0.0027939464493597207,"{""a_pillar_base_asym_delta"": 0.0, ""delta_1"": 68.0, ""delta_10"": 0.0, ""delta_11"": 0.0, ""delta_12"": 0.0, ""delta_13"": 0.0, ""delta_14"": 0.0, ""delta_15"": 0.0, ""delta_16"": 0.0, ""delta_17"": 0.0, ""delta_18"": 0.0, ""delta_19"": -7.0, ""delta_2"": 0.0, ""delta_20"": 109.0, ""delta_21"": 0.0, ""delta_3"": null, ""delta_4"": 0.0, ""delta_5"": 0.0, ""delta_6"": 0.0, ""delta_7"": 0.0, ""delta_8"": 0.0, ""delta_9"": 0.0, ""door_leading_lower_asym_delta"": 0.0, ""door_leading_upper_asym_delta"": 0.0, ""door_trailing_lower_asym_delta"": 0.0, ""door_trailing_upper_asym_delta"": 0.0, ""firewall_side_asym_delta"": 0.0, ""front_bumper_left_delta"": 109.0, ""front_bumper_right_delta"": -7.0, ""front_engine_block_delta"": 0.0, ""front_engine_front_delta"": 0.0, ""front_firewall_center_delta"": null, ""front_firewall_left_delta"": 0.0, ""front_firewall_right_delta"": 0.0, ""front_left_right_asym_delta"": 116.0, ""front_left_right_bumper_asymmetry"": 116.0, ""front_structural_delta"": 0.0, ""front_structural_delta_median"": 0.0, ""front_total_length_shortening"": 68.0, ""rear_total_length_shortening"": null, ""total_length_shortening"": 68.0}",68.0,0.0,116.0,,32.1,closingSpeed,8.916666666666666,59312.18055555555,1492.0,1411.0,4295.0,1764.0,2667.0,1105.0,32.1,32.1,270.0,0.0,0.0,285.0,0.0,0.0,NOT APPLICABLE,DIRECT ENGAGEMENT,NOT APPLICABLE,VTP
435,7737,524,2,side_impactor,subject_vehicle,C_MaxOnly,MITSUBISHI,OUTLANDER SPORT,2012,UTILITY VEHICLE,03LPAW2,1,297.0,3300.0,0.0,225.0,0.0,0.0,0.0,0.0,0.0,0.0,0.0,0.0,0.0,0.0,,,,0.7683352735739232,0.0,0.12755102040816327,0.0,0.0,"{""a_pillar_base_asym_delta"": 0.0, ""delta_1"": -1.0, ""delta_10"": 0.0, ""delta_11"": 0.0, ""delta_12"": 0.0, ""delta_13"": 0.0, ""delta_14"": 0.0, ""delta_15"": 0.0, ""delta_16"": 0.0, ""delta_17"": 0.0, ""delta_18"": 0.0, ""delta_19"": -2.0, ""delta_2"": 0.0, ""delta_20"": 12.0, ""delta_21"": 0.0, ""delta_3"": null, ""delta_4"": 0.0, ""delta_5"": 0.0, ""delta_6"": 0.0, ""delta_7"": 0.0, ""delta_8"": 0.0, ""delta_9"": 0.0, ""door_leading_lower_asym_delta"": 0.0, ""door_leading_upper_asym_delta"": 0.0, ""door_trailing_lower_asym_delta"": 0.0, ""door_trailing_upper_asym_delta"": 0.0, ""firewall_side_asym_delta"": 0.0, ""front_bumper_left_delta"": 12.0, ""front_bumper_right_delta"": -2.0, ""front_engine_block_delta"": 0.0, ""front_engine_front_delta"": 0.0, ""front_firewall_center_delta"": null, ""front_firewall_left_delta"": 0.0, ""front_firewall_right_delta"": 0.0, ""front_left_right_asym_delta"": 14.0, ""front_left_right_bumper_asymmetry"": 14.0, ""front_structural_delta"": 0.0, ""front_structural_delta_median"": 0.0, ""front_total_length_shortening"": -1.0, ""rear_total_length_shortening"": null, ""total_length_shortening"": -1.0}",-1.0,0.0,14.0,,62.2,closingSpeed,17.27777777777778,234787.24228395065,1573.0,1415.0,4295.0,1764.0,2667.0,1136.0,62.2,0.0,270.0,0.0,-114.0,0.0,27.0,0.0,NOT APPLICABLE,DIRECT ENGAGEMENT,NOT APPLICABLE,ITV
440,7742,531,1,side,subject_vehicle,C_MaxOnly,BUICK,REGAL EASSIST,2012,FOUR DOOR SEDAN,09LPAN3,1,285.0,3150.0,72.0,368.0,0.0,0.0,0.0,0.0,0.0,0.0,0.0,0.0,0.0,0.0,,,,0.6500206355757325,0.0,0.2023089609675646,0.0,0.029715229054890633,"{""a_pillar_base_asym_delta"": 0.0, ""delta_1"": 73.0, ""delta_10"": 0.0, ""delta_11"": 0.0, ""delta_12"": 0.0, ""delta_13"": 0.0, ""delta_14"": 0.0, ""delta_15"": 0.0, ""delta_16"": 0.0, ""delta_17"": 0.0, ""delta_18"": 0.0, ""delta_19"": -17.0, ""delta_2"": 0.0, ""delta_20"": 102.0, ""delta_21"": 0.0, ""delta_3"": null, ""delta_4"": 0.0, ""delta_5"": 0.0, ""delta_6"": 0.0, ""delta_7"": 0.0, ""delta_8"": 0.0, ""delta_9"": 0.0, ""door_leading_lower_asym_delta"": 0.0, ""door_leading_upper_asym_delta"": 0.0, ""door_trailing_lower_asym_delta"": 0.0, ""door_trailing_upper_asym_delta"": 0.0, ""firewall_side_asym_delta"": 0.0, ""front_bumper_left_delta"": 102.0, ""front_bumper_right_delta"": -17.0, ""front_engine_block_delta"": 0.0, ""front_engine_front_delta"": 0.0, ""front_firewall_center_delta"": null, ""front_firewall_left_delta"": 0.0, ""front_firewall_right_delta"": 0.0, ""front_left_right_asym_delta"": 119.0, ""front_left_right_bumper_asymmetry"": 119.0, ""front_structural_delta"": 0.0, ""front_structural_delta_median"": 0.0, ""front_total_length_shortening"": 73.0, ""rear_total_length_shortening"": null, ""total_length_shortening"": 73.0}",73.0,0.0,119.0,,32.1,closingSpeed,8.916666666666666,70045.61805555555,1762.0,1647.0,4846.0,1819.0,2735.0,1161.0,32.1,32.1,270.0,0.0,0.0,285.0,0.0,0.0,NOT APPLICABLE,DIRECT ENGAGEMENT,NOT APPLICABLE,VTP
443,7743,535,2,side_impactor,subject_vehicle,C_MaxOnly,BUICK,REGAL EASSIST,2012,FOUR DOOR SEDAN,03LPAW2,1,297.0,3450.0,0.0,186.0,0.0,0.0,0.0,0.0,0.0,0.0,0.0,0.0,0.0,0.0,,,,0.7119273627734214,0.0,0.1022539857064321,0.0,0.0,"{""a_pillar_base_asym_delta"": 0.0, ""delta_1"": 12.0, ""delta_10"": 0.0, ""delta_11"": 0.0, ""delta_12"": 0.0, ""delta_13"": 0.0, ""delta_14"": 0.0, ""delta_15"": 0.0, ""delta_16"": 0.0, ""delta_17"": 0.0, ""delta_18"": 0.0, ""delta_19"": 2.0, ""delta_2"": 0.0, ""delta_20"": 30.0, ""delta_21"": 0.0, ""delta_3"": null, ""delta_4"": 0.0, ""delta_5"": 0.0, ""delta_6"": 0.0, ""delta_7"": 0.0, ""delta_8"": 0.0, ""delta_9"": 0.0, ""door_leading_lower_asym_delta"": 0.0, ""door_leading_upper_asym_delta"": 0.0, ""door_trailing_lower_asym_delta"": 0.0, ""door_trailing_upper_asym_delta"": 0.0, ""firewall_side_asym_delta"": 0.0, ""front_bumper_left_delta"": 30.0, ""front_bumper_right_delta"": 2.0, ""front_engine_block_delta"": 0.0, ""front_engine_front_delta"": 0.0, ""front_firewall_center_delta"": null, ""front_firewall_left_delta"": 0.0, ""front_firewall_right_delta"": 0.0, ""front_left_right_asym_delta"": 28.0, ""front_left_right_bumper_asymmetry"": 28.0, ""front_structural_delta"": 0.0, ""front_structural_delta_median"": 0.0, ""front_total_length_shortening"": 12.0, ""rear_total_length_shortening"": null, ""total_length_shortening"": 12.0}",12.0,0.0,28.0,,62.5,closingSpeed,17.36111111111111,277295.52469135803,1840.0,1647.0,4846.0,1819.0,2735.0,1247.0,62.5,0.0,270.0,0.0,-29.0,0.0,27.0,0.0,NOT APPLICABLE,DIRECT ENGAGEMENT,NOT APPLICABLE,ITV
446,7746,539,1,side,subject_vehicle,C_MaxOnly,RAM,2500,2012,4 DOOR PICKUP,09LPEW2,1,285.0,3750.0,577.0,686.0,0.0,0.0,0.0,0.0,0.0,0.0,0.0,0.0,0.0,0.0,,,,0.6206554121151936,0.0,0.34214463840399,0.0,0.19099635882158225,"{""a_pillar_base_asym_delta"": 0.0, ""delta_1"": 0.0, ""delta_10"": 0.0, ""delta_11"": 0.0, ""delta_12"": 0.0, ""delta_13"": 0.0, ""delta_14"": 0.0, ""delta_15"": 0.0, ""delta_16"": 0.0, ""delta_17"": 0.0, ""delta_18"": 0.0, ""delta_19"": 0.0, ""delta_2"": 0.0, ""delta_20"": 0.0, ""delta_21"": 0.0, ""delta_3"": null, ""delta_4"": 0.0, ""delta_5"": 0.0, ""delta_6"": 0.0, ""delta_7"": 0.0, ""delta_8"": 0.0, ""delta_9"": 0.0, ""door_leading_lower_asym_delta"": 0.0, ""door_leading_upper_asym_delta"": 0.0, ""door_trailing_lower_asym_delta"": 0.0, ""door_trailing_upper_asym_delta"": 0.0, ""firewall_side_asym_delta"": 0.0, ""front_bumper_left_delta"": 0.0, ""front_bumper_right_delta"": 0.0, ""front_engine_block_delta"": 0.0, ""front_engine_front_delta"": 0.0, ""front_firewall_center_delta"": null, ""front_firewall_left_delta"": 0.0, ""front_firewall_right_delta"": 0.0, ""front_left_right_asym_delta"": 0.0, ""front_left_right_bumper_asymmetry"": 0.0, ""front_structural_delta"": 0.0, ""front_structural_delta_median"": 0.0, ""front_total_length_shortening"": 0.0, ""rear_total_length_shortening"": null, ""total_length_shortening"": 0.0}",0.0,0.0,0.0,,32.54,closingSpeed,9.038888888888888,118140.38685185183,2892.0,2714.0,6042.0,2005.0,3803.0,1812.0,32.54,32.54,270.0,0.0,599.0,285.0,0.0,0.0,NOT APPLICABLE,DIRECT ENGAGEMENT,DIRECT ENGAGEMENT,VTP
447,7748,540,1,side,subject_vehicle,C_MaxOnly,TOYOTA,COROLLA,2012,FOUR DOOR SEDAN,10LPAW3,1,285.0,1650.0,0.0,347.0,0.0,0.0,0.0,0.0,0.0,0.0,0.0,0.0,0.0,0.0,,,,0.36504424778761063,0.0,0.19715909090909092,0.0,0.0,"{""a_pillar_base_asym_delta"": 0.0, ""delta_1"": 0.0, ""delta_10"": 0.0, ""delta_11"": 0.0, ""delta_12"": 0.0, ""delta_13"": 0.0, ""delta_14"": 0.0, ""delta_15"": 0.0, ""delta_16"": 0.0, ""delta_17"": 0.0, ""delta_18"": 0.0, ""delta_19"": 0.0, ""delta_2"": 0.0, ""delta_20"": 0.0, ""delta_21"": 0.0, ""delta_3"": null, ""delta_4"": 0.0, ""delta_5"": 0.0, ""delta_6"": 0.0, ""delta_7"": 0.0, ""delta_8"": 0.0, ""delta_9"": 0.0, ""door_leading_lower_asym_delta"": 0.0, ""door_leading_upper_asym_delta"": 0.0, ""door_trailing_lower_asym_delta"": 0.0, ""door_trailing_upper_asym_delta"": 0.0, ""firewall_side_asym_delta"": 0.0, ""front_bumper_left_delta"": 0.0, ""front_bumper_right_delta"": 0.0, ""front_engine_block_delta"": 0.0, ""front_engine_front_delta"": 0.0, ""front_firewall_center_delta"": null, ""front_firewall_left_delta"": 0.0, ""front_firewall_right_delta"": 0.0, ""front_left_right_asym_delta"": 0.0, ""front_left_right_bumper_asymmetry"": 0.0, ""front_structural_delta"": 0.0, ""front_structural_delta_median"": 0.0, ""front_total_length_shortening"": 0.0, ""rear_total_length_shortening"": null, ""total_length_shortening"": 0.0}",0.0,0.0,0.0,,32.0,closingSpeed,8.88888888888889,52266.66666666667,1323.0,1253.0,4520.0,1760.0,2600.0,1006.0,32.0,32.0,270.0,0.0,1.0,285.0,0.0,75.0,NOT APPLICABLE,DIRECT ENGAGEMENT,NO DIRECT ENGAGEMENT,VTP
450,7749,544,2,side_impactor,subject_vehicle,C_MaxOnly,TOYOTA,COROLLA,2012,FOUR DOOR SEDAN,09LPEW2,1,270.0,0.0,0.0,164.0,0.0,0.0,0.0,0.0,0.0,0.0,0.0,0.0,0.0,,,,,0.0,0.0,0.09318181818181819,,0.0,"{""a_pillar_base_asym_delta"": 0.0, ""delta_1"": 0.0, ""delta_10"": 0.0, ""delta_11"": 0.0, ""delta_12"": 0.0, ""delta_13"": 0.0, ""delta_14"": 0.0, ""delta_15"": 0.0, ""delta_16"": 0.0, ""delta_17"": 0.0, ""delta_18"": 0.0, ""delta_19"": 0.0, ""delta_2"": 0.0, ""delta_20"": 0.0, ""delta_21"": 0.0, ""delta_3"": null, ""delta_4"": 0.0, ""delta_5"": 0.0, ""delta_6"": 0.0, ""delta_7"": 0.0, ""delta_8"": 0.0, ""delta_9"": 0.0, ""door_leading_lower_asym_delta"": 0.0, ""door_leading_upper_asym_delta"": 0.0, ""door_trailing_lower_asym_delta"": 0.0, ""door_trailing_upper_asym_delta"": 0.0, ""firewall_side_asym_delta"": 0.0, ""front_bumper_left_delta"": 0.0, ""front_bumper_right_delta"": 0.0, ""front_engine_block_delta"": 0.0, ""front_engine_front_delta"": 0.0, ""front_firewall_center_delta"": null, ""front_firewall_left_delta"": 0.0, ""front_firewall_right_delta"": 0.0, ""front_left_right_asym_delta"": 0.0, ""front_left_right_bumper_asymmetry"": 0.0, ""front_structural_delta"": 0.0, ""front_structural_delta_median"": 0.0, ""front_total_length_shortening"": 0.0, ""rear_total_length_shortening"": null, ""total_length_shortening"": 0.0}",0.0,0.0,0.0,,61.1,closingSpeed,16.97222222222222,201783.4571759259,1401.0,1256.0,4520.0,1760.0,2600.0,1099.0,61.1,0.0,270.0,0.0,502.0,0.0,0.0,0.0,NOT APPLICABLE,NO DIRECT ENGAGEMENT,DIRECT ENGAGEMENT,ITV
457,7752,553,2,side_impactor,subject_vehicle,C_MaxOnly,KIA,RIO,2012,FOUR DOOR SEDAN,03LPAW2,1,297.0,3150.0,0.0,236.0,0.0,0.0,0.0,0.0,0.0,0.0,0.0,0.0,0.0,0.0,,,,0.7218148487626032,0.0,0.13809245172615564,0.0,0.0,"{""a_pillar_base_asym_delta"": 0.0, ""delta_1"": -1.0, ""delta_10"": 0.0, ""delta_11"": 0.0, ""delta_12"": 0.0, ""delta_13"": 0.0, ""delta_14"": 0.0, ""delta_15"": 0.0, ""delta_16"": 0.0, ""delta_17"": 0.0, ""delta_18"": 0.0, ""delta_19"": -3.0, ""delta_2"": 0.0, ""delta_20"": 24.0, ""delta_21"": 0.0, ""delta_3"": null, ""delta_4"": 0.0, ""delta_5"": 0.0, ""delta_6"": 0.0, ""delta_7"": 0.0, ""delta_8"": 0.0, ""delta_9"": 0.0, ""door_leading_lower_asym_delta"": 0.0, ""door_leading_upper_asym_delta"": 0.0, ""door_trailing_lower_asym_delta"": 0.0, ""door_trailing_upper_asym_delta"": 0.0, ""firewall_side_asym_delta"": 0.0, ""front_bumper_left_delta"": 24.0, ""front_bumper_right_delta"": -3.0, ""front_engine_block_delta"": 0.0, ""front_engine_front_delta"": 0.0, ""front_firewall_center_delta"": null, ""front_firewall_left_delta"": 0.0, ""front_firewall_right_delta"": 0.0, ""front_left_right_asym_delta"": 27.0, ""front_left_right_bumper_asymmetry"": 27.0, ""front_structural_delta"": 0.0, ""front_structural_delta_median"": 0.0, ""front_total_length_shortening"": -1.0, ""rear_total_length_shortening"": null, ""total_length_shortening"": -1.0}",-1.0,0.0,27.0,,62.3,closingSpeed,17.305555555555554,204546.37885802466,1366.0,1164.0,4364.0,1709.0,2570.0,1116.0,62.3,0.0,270.0,0.0,-58.0,0.0,27.0,0.0,NOT APPLICABLE,DIRECT ENGAGEMENT,NOT APPLICABLE,ITV
459,7754,556,1,side,subject_vehicle,C_MaxOnly,KIA,RIO,2012,FOUR DOOR SEDAN,09LPAN3,1,285.0,3300.0,-22.0,345.0,0.0,0.0,0.0,0.0,0.0,0.0,0.0,0.0,0.0,0.0,,,,0.7561869844179652,0.0,0.2018724400234055,0.0,-0.01008249312557287,"{""a_pillar_base_asym_delta"": 0.0, ""delta_1"": 53.0, ""delta_10"": 0.0, ""delta_11"": 0.0, ""delta_12"": 0.0, ""delta_13"": 0.0, ""delta_14"": 0.0, ""delta_15"": 0.0, ""delta_16"": 0.0, ""delta_17"": 0.0, ""delta_18"": 0.0, ""delta_19"": 4.0, ""delta_2"": 0.0, ""delta_20"": 82.0, ""delta_21"": 0.0, ""delta_3"": null, ""delta_4"": 0.0, ""delta_5"": 0.0, ""delta_6"": 0.0, ""delta_7"": 0.0, ""delta_8"": 0.0, ""delta_9"": 0.0, ""door_leading_lower_asym_delta"": 0.0, ""door_leading_upper_asym_delta"": 0.0, ""door_trailing_lower_asym_delta"": 0.0, ""door_trailing_upper_asym_delta"": 0.0, ""firewall_side_asym_delta"": 0.0, ""front_bumper_left_delta"": 82.0, ""front_bumper_right_delta"": 4.0, ""front_engine_block_delta"": 0.0, ""front_engine_front_delta"": 0.0, ""front_firewall_center_delta"": null, ""front_firewall_left_delta"": 0.0, ""front_firewall_right_delta"": 0.0, ""front_left_right_asym_delta"": 78.0, ""front_left_right_bumper_asymmetry"": 78.0, ""front_structural_delta"": 0.0, ""front_structural_delta_median"": 0.0, ""front_total_length_shortening"": 53.0, ""rear_total_length_shortening"": null, ""total_length_shortening"": 53.0}",53.0,0.0,78.0,,32.3,closingSpeed,8.972222222222221,51963.24807098765,1291.0,1166.0,4364.0,1709.0,2570.0,1086.0,32.3,32.3,270.0,0.0,0.0,285.0,0.0,0.0,NOT APPLICABLE,DIRECT ENGAGEMENT,NOT APPLICABLE,VTP
467,7768,566,2,side_impactor,subject_vehicle,C_MaxOnly,FIAT,500,2012,THREE DOOR HATCHBACK,03LPAW2,1,297.0,3000.0,0.0,133.0,0.0,0.0,0.0,0.0,0.0,0.0,0.0,0.0,0.0,0.0,,,,0.8467400508044031,0.0,0.08338557993730407,0.0,0.0,"{""a_pillar_base_asym_delta"": 0.0, ""delta_1"": 4.0, ""delta_10"": 0.0, ""delta_11"": 0.0, ""delta_12"": 0.0, ""delta_13"": 0.0, ""delta_14"": 0.0, ""delta_15"": 0.0, ""delta_16"": 0.0, ""delta_17"": 0.0, ""delta_18"": 0.0, ""delta_19"": -3.0, ""delta_2"": 0.0, ""delta_20"": 23.0, ""delta_21"": 0.0, ""delta_3"": null, ""delta_4"": 0.0, ""delta_5"": 0.0, ""delta_6"": 0.0, ""delta_7"": 0.0, ""delta_8"": 0.0, ""delta_9"": 0.0, ""door_leading_lower_asym_delta"": 0.0, ""door_leading_upper_asym_delta"": 0.0, ""door_trailing_lower_asym_delta"": 0.0, ""door_trailing_upper_asym_delta"": 0.0, ""firewall_side_asym_delta"": 0.0, ""front_bumper_left_delta"": 23.0, ""front_bumper_right_delta"": -3.0, ""front_engine_block_delta"": 0.0, ""front_engine_front_delta"": 0.0, ""front_firewall_center_delta"": null, ""front_firewall_left_delta"": 0.0, ""front_firewall_right_delta"": 0.0, ""front_left_right_asym_delta"": 26.0, ""front_left_right_bumper_asymmetry"": 26.0, ""front_structural_delta"": 0.0, ""front_structural_delta_median"": 0.0, ""front_total_length_shortening"": 4.0, ""rear_total_length_shortening"": null, ""total_length_shortening"": 4.0}",4.0,0.0,26.0,,62.3,closingSpeed,17.305555555555554,194363.98225308637,1298.0,1108.0,3543.0,1595.0,2298.0,925.0,62.3,0.0,270.0,0.0,-119.0,0.0,27.0,0.0,NOT APPLICABLE,DIRECT ENGAGEMENT,NOT APPLICABLE,ITV
510,7854,616,1,side,subject_vehicle,C_MaxOnly,CHEVROLET,MALIBU ECO EASSIST,2013,FOUR DOOR SEDAN,09LPAN3,1,285.0,3300.0,24.0,368.0,0.0,0.0,0.0,0.0,0.0,0.0,0.0,0.0,0.0,0.0,,,,0.6748466257668712,0.0,0.2021978021978022,0.0,0.0098159509202454,"{""a_pillar_base_asym_delta"": 0.0, ""delta_1"": 72.0, ""delta_10"": 0.0, ""delta_11"": 0.0, ""delta_12"": 0.0, ""delta_13"": 0.0, ""delta_14"": 0.0, ""delta_15"": 0.0, ""delta_16"": 0.0, ""delta_17"": 0.0, ""delta_18"": 0.0, ""delta_19"": -11.0, ""delta_2"": 0.0, ""delta_20"": 69.0, ""delta_21"": 0.0, ""delta_3"": null, ""delta_4"": 0.0, ""delta_5"": 0.0, ""delta_6"": 0.0, ""delta_7"": 0.0, ""delta_8"": 0.0, ""delta_9"": 0.0, ""door_leading_lower_asym_delta"": 0.0, ""door_leading_upper_asym_delta"": 0.0, ""door_trailing_lower_asym_delta"": 0.0, ""door_trailing_upper_asym_delta"": 0.0, ""firewall_side_asym_delta"": 0.0, ""front_bumper_left_delta"": 69.0, ""front_bumper_right_delta"": -11.0, ""front_engine_block_delta"": 0.0, ""front_engine_front_delta"": 0.0, ""front_firewall_center_delta"": null, ""front_firewall_left_delta"": 0.0, ""front_firewall_right_delta"": 0.0, ""front_left_right_asym_delta"": 80.0, ""front_left_right_bumper_asymmetry"": 80.0, ""front_structural_delta"": 0.0, ""front_structural_delta_median"": 0.0, ""front_total_length_shortening"": 72.0, ""rear_total_length_shortening"": null, ""total_length_shortening"": 72.0}",72.0,0.0,80.0,,32.2,closingSpeed,8.944444444444445,69642.68672839506,1741.0,1626.0,4890.0,1820.0,2740.0,1173.0,32.2,32.2,270.0,0.0,0.0,285.0,0.0,0.0,NOT APPLICABLE,DIRECT ENGAGEMENT,NOT APPLICABLE,VTP
540,7868,650,2,side_impactor,subject_vehicle,C_MaxOnly,MITSUBISHI,IMiEV,2012,FIVE DOOR HATCHBACK,03LPAW2,1,297.0,2700.0,0.0,291.0,0.0,0.0,0.0,0.0,0.0,0.0,0.0,0.0,0.0,0.0,,,,0.7399287476020827,0.0,0.18359621451104102,0.0,0.0,"{""a_pillar_base_asym_delta"": 0.0, ""delta_1"": -31.0, ""delta_10"": 0.0, ""delta_11"": 0.0, ""delta_12"": 0.0, ""delta_13"": 0.0, ""delta_14"": 0.0, ""delta_15"": 0.0, ""delta_16"": 0.0, ""delta_17"": 0.0, ""delta_18"": 0.0, ""delta_19"": -12.0, ""delta_2"": 0.0, ""delta_20"": 45.0, ""delta_21"": 0.0, ""delta_3"": null, ""delta_4"": 0.0, ""delta_5"": 0.0, ""delta_6"": 0.0, ""delta_7"": 0.0, ""delta_8"": 0.0, ""delta_9"": 0.0, ""door_leading_lower_asym_delta"": 0.0, ""door_leading_upper_asym_delta"": 0.0, ""door_trailing_lower_asym_delta"": 0.0, ""door_trailing_upper_asym_delta"": 0.0, ""firewall_side_asym_delta"": 0.0, ""front_bumper_left_delta"": 45.0, ""front_bumper_right_delta"": -12.0, ""front_engine_block_delta"": 0.0, ""front_engine_front_delta"": 0.0, ""front_firewall_center_delta"": null, ""front_firewall_left_delta"": 0.0, ""front_firewall_right_delta"": 0.0, ""front_left_right_asym_delta"": 57.0, ""front_left_right_bumper_asymmetry"": 57.0, ""front_structural_delta"": 0.0, ""front_structural_delta_median"": 0.0, ""front_total_length_shortening"": -31.0, ""rear_total_length_shortening"": null, ""total_length_shortening"": -31.0}",-31.0,0.0,57.0,,62.2,closingSpeed,17.27777777777778,197770.56327160497,1325.0,1173.0,3649.0,1585.0,2552.0,1397.0,62.2,0.0,270.0,0.0,232.0,0.0,27.0,0.0,NOT APPLICABLE,DIRECT ENGAGEMENT,NOT APPLICABLE,ITV
554,7875,665,1,side,subject_vehicle,C_MaxOnly,LEXUS,RX 350,2013,UTILITY VEHICLE,09LPEW2,1,285.0,3000.0,122.0,499.0,0.0,0.0,0.0,0.0,0.0,0.0,0.0,0.0,0.0,0.0,,,,0.6388415672913118,0.0,0.2651434643995749,0.0,0.051959114139693355,"{""a_pillar_base_asym_delta"": 0.0, ""delta_1"": 0.0, ""delta_10"": 0.0, ""delta_11"": 0.0, ""delta_12"": 0.0, ""delta_13"": 0.0, ""delta_14"": 0.0, ""delta_15"": 0.0, ""delta_16"": 0.0, ""delta_17"": 0.0, ""delta_18"": 0.0, ""delta_19"": 0.0, ""delta_2"": 0.0, ""delta_20"": 0.0, ""delta_21"": 0.0, ""delta_3"": null, ""delta_4"": 0.0, ""delta_5"": 0.0, ""delta_6"": 0.0, ""delta_7"": 0.0, ""delta_8"": 0.0, ""delta_9"": 0.0, ""door_leading_lower_asym_delta"": 0.0, ""door_leading_upper_asym_delta"": 0.0, ""door_trailing_lower_asym_delta"": 0.0, ""door_trailing_upper_asym_delta"": 0.0, ""firewall_side_asym_delta"": 0.0, ""front_bumper_left_delta"": 0.0, ""front_bumper_right_delta"": 0.0, ""front_engine_block_delta"": 0.0, ""front_engine_front_delta"": 0.0, ""front_firewall_center_delta"": null, ""front_firewall_left_delta"": 0.0, ""front_firewall_right_delta"": 0.0, ""front_left_right_asym_delta"": 0.0, ""front_left_right_bumper_asymmetry"": 0.0, ""front_structural_delta"": 0.0, ""front_structural_delta_median"": 0.0, ""front_total_length_shortening"": 0.0, ""rear_total_length_shortening"": null, ""total_length_shortening"": 0.0}",0.0,0.0,0.0,,32.63,closingSpeed,9.06388888888889,82482.69811728397,2008.0,1913.0,4696.0,1882.0,2741.0,1193.0,32.63,32.63,270.0,0.0,129.0,285.0,0.0,0.0,NOT APPLICABLE,DIRECT ENGAGEMENT,DIRECT ENGAGEMENT,VTP
557,7878,669,1,side,subject_vehicle,C_MaxOnly,TOYOTA,PRIUS PLUG-IN,2012,FIVE DOOR HATCHBACK,09LPAN3,1,285.0,3450.0,97.0,356.0,0.0,0.0,0.0,0.0,0.0,0.0,0.0,0.0,0.0,0.0,,,,0.777027027027027,0.0,0.20389461626575028,0.0,0.04369369369369369,"{""a_pillar_base_asym_delta"": 0.0, ""delta_1"": 95.0, ""delta_10"": 0.0, ""delta_11"": 0.0, ""delta_12"": 0.0, ""delta_13"": 0.0, ""delta_14"": 0.0, ""delta_15"": 0.0, ""delta_16"": 0.0, ""delta_17"": 0.0, ""delta_18"": 0.0, ""delta_19"": -17.0, ""delta_2"": 0.0, ""delta_20"": 134.0, ""delta_21"": 0.0, ""delta_3"": null, ""delta_4"": 0.0, ""delta_5"": 0.0, ""delta_6"": 0.0, ""delta_7"": 0.0, ""delta_8"": 0.0, ""delta_9"": 0.0, ""door_leading_lower_asym_delta"": 0.0, ""door_leading_upper_asym_delta"": 0.0, ""door_trailing_lower_asym_delta"": 0.0, ""door_trailing_upper_asym_delta"": 0.0, ""firewall_side_asym_delta"": 0.0, ""front_bumper_left_delta"": 134.0, ""front_bumper_right_delta"": -17.0, ""front_engine_block_delta"": 0.0, ""front_engine_front_delta"": 0.0, ""front_firewall_center_delta"": null, ""front_firewall_left_delta"": 0.0, ""front_firewall_right_delta"": 0.0, ""front_left_right_asym_delta"": 151.0, ""front_left_right_bumper_asymmetry"": 151.0, ""front_structural_delta"": 0.0, ""front_structural_delta_median"": 0.0, ""front_total_length_shortening"": 95.0, ""rear_total_length_shortening"": null, ""total_length_shortening"": 95.0}",95.0,0.0,151.0,,32.12,closingSpeed,8.92222222222222,60460.794506172824,1519.0,1442.0,4440.0,1746.0,2700.0,1146.0,32.12,32.12,270.0,0.0,0.0,285.0,0.0,0.0,NOT APPLICABLE,DIRECT ENGAGEMENT,NOT APPLICABLE,VTP
573,7933,687,2,side_impactor,subject_vehicle,C_MaxOnly,MAZDA,CX-5,2013,UTILITY VEHICLE,03LPAW2,1,297.0,3300.0,0.0,198.0,0.0,0.0,0.0,0.0,0.0,0.0,0.0,0.0,0.0,0.0,,,,0.7260726072607261,0.0,0.10760869565217392,0.0,0.0,"{""a_pillar_base_asym_delta"": 0.0, ""delta_1"": 45.0, ""delta_10"": 0.0, ""delta_11"": 0.0, ""delta_12"": 0.0, ""delta_13"": 0.0, ""delta_14"": 0.0, ""delta_15"": 0.0, ""delta_16"": 0.0, ""delta_17"": 0.0, ""delta_18"": 0.0, ""delta_19"": 0.0, ""delta_2"": 0.0, ""delta_20"": 20.0, ""delta_21"": 0.0, ""delta_3"": null, ""delta_4"": 0.0, ""delta_5"": 0.0, ""delta_6"": 0.0, ""delta_7"": 0.0, ""delta_8"": 0.0, ""delta_9"": 0.0, ""door_leading_lower_asym_delta"": 0.0, ""door_leading_upper_asym_delta"": 0.0, ""door_trailing_lower_asym_delta"": 0.0, ""door_trailing_upper_asym_delta"": 0.0, ""firewall_side_asym_delta"": 0.0, ""front_bumper_left_delta"": 20.0, ""front_bumper_right_delta"": 0.0, ""front_engine_block_delta"": 0.0, ""front_engine_front_delta"": 0.0, ""front_firewall_center_delta"": null, ""front_firewall_left_delta"": 0.0, ""front_firewall_right_delta"": 0.0, ""front_left_right_asym_delta"": 20.0, ""front_left_right_bumper_asymmetry"": 20.0, ""front_structural_delta"": 0.0, ""front_structural_delta_median"": 0.0, ""front_total_length_shortening"": 45.0, ""rear_total_length_shortening"": null, ""total_length_shortening"": 45.0}",45.0,0.0,20.0,,62.48,closingSpeed,17.355555555555554,240068.60098765427,1594.0,1426.0,4545.0,1840.0,2698.0,1211.0,62.48,0.0,270.0,0.0,-48.0,0.0,27.0,0.0,NOT APPLICABLE,DIRECT ENGAGEMENT,NOT APPLICABLE,ITV
497,7940,599,1,side_impactor,subject_vehicle,X_Exclude,OTHER,HYDROGEN FCV PROTOTYPE,2007,UTILITY VEHICLE,09LDEW1,1,270.0,2550.0,-80.0,0.0,0.0,0.0,0.0,0.0,0.0,0.0,0.0,0.0,0.0,0.0,,,,,,,,,"{""a_pillar_base_asym_delta"": 0.0, ""delta_1"": 0.0, ""delta_10"": 0.0, ""delta_11"": 0.0, ""delta_12"": 0.0, ""delta_13"": 0.0, ""delta_14"": 0.0, ""delta_15"": 0.0, ""delta_16"": 0.0, ""delta_17"": 0.0, ""delta_18"": 0.0, ""delta_19"": 0.0, ""delta_2"": 0.0, ""delta_20"": 0.0, ""delta_21"": 0.0, ""delta_3"": null, ""delta_4"": 0.0, ""delta_5"": 0.0, ""delta_6"": 0.0, ""delta_7"": 0.0, ""delta_8"": 0.0, ""delta_9"": 0.0, ""door_leading_lower_asym_delta"": 0.0, ""door_leading_upper_asym_delta"": 0.0, ""door_trailing_lower_asym_delta"": 0.0, ""door_trailing_upper_asym_delta"": 0.0, ""firewall_side_asym_delta"": 0.0, ""front_bumper_left_delta"": 0.0, ""front_bumper_right_delta"": 0.0, ""front_engine_block_delta"": 0.0, ""front_engine_front_delta"": 0.0, ""front_firewall_center_delta"": null, ""front_firewall_left_delta"": 0.0, ""front_firewall_right_delta"": 0.0, ""front_left_right_asym_delta"": 0.0, ""front_left_right_bumper_asymmetry"": 0.0, ""front_structural_delta"": 0.0, ""front_structural_delta_median"": 0.0, ""front_total_length_shortening"": 0.0, ""rear_total_length_shortening"": null, ""total_length_shortening"": 0.0}",0.0,0.0,0.0,,53.1,closingSpeed,14.75,223436.6875,2054.0,1817.0,0.0,0.0,0.0,0.0,53.1,0.0,270.0,0.0,0.0,0.0,0.0,0.0,NOT APPLICABLE,NOT APPLICABLE,NOT APPLICABLE,ITV
586,7944,702,2,side_impactor,subject_vehicle,C_MaxOnly,CHEVROLET,SILVERADO2500,2012,4 DOOR PICKUP,03LPAW2,1,297.0,4950.0,0.0,306.0,0.0,0.0,0.0,0.0,0.0,0.0,0.0,0.0,0.0,0.0,,,,0.811342402884773,0.0,0.15269461077844312,0.0,0.0,"{""a_pillar_base_asym_delta"": 0.0, ""delta_1"": 5.0, ""delta_10"": 0.0, ""delta_11"": 0.0, ""delta_12"": 0.0, ""delta_13"": 0.0, ""delta_14"": 0.0, ""delta_15"": 0.0, ""delta_16"": 0.0, ""delta_17"": 0.0, ""delta_18"": 0.0, ""delta_19"": -30.0, ""delta_2"": 0.0, ""delta_20"": 73.0, ""delta_21"": 0.0, ""delta_3"": null, ""delta_4"": 0.0, ""delta_5"": 0.0, ""delta_6"": 0.0, ""delta_7"": 0.0, ""delta_8"": 0.0, ""delta_9"": 0.0, ""door_leading_lower_asym_delta"": 0.0, ""door_leading_upper_asym_delta"": 0.0, ""door_trailing_lower_asym_delta"": 0.0, ""door_trailing_upper_asym_delta"": 0.0, ""firewall_side_asym_delta"": 0.0, ""front_bumper_left_delta"": 73.0, ""front_bumper_right_delta"": -30.0, ""front_engine_block_delta"": 0.0, ""front_engine_front_delta"": 0.0, ""front_firewall_center_delta"": null, ""front_firewall_left_delta"": 0.0, ""front_firewall_right_delta"": 0.0, ""front_left_right_asym_delta"": 103.0, ""front_left_right_bumper_asymmetry"": 103.0, ""front_structural_delta"": 0.0, ""front_structural_delta_median"": 0.0, ""front_total_length_shortening"": 5.0, ""rear_total_length_shortening"": null, ""total_length_shortening"": 5.0}",5.0,0.0,103.0,,62.45,closingSpeed,17.34722222222222,473808.17409336416,3149.0,2891.0,6101.0,2004.0,3910.0,1842.0,62.45,0.0,270.0,0.0,514.0,0.0,27.0,0.0,NOT APPLICABLE,DIRECT ENGAGEMENT,NOT APPLICABLE,ITV
589,7946,706,1,side,subject_vehicle,C_MaxOnly,CODA,CODA,2012,FOUR DOOR SEDAN,09LPEW2,1,285.0,3150.0,184.0,312.0,0.0,0.0,0.0,0.0,0.0,0.0,0.0,0.0,0.0,0.0,,,,0.7234726688102894,0.0,0.183206106870229,0.0,0.08451998162609095,"{""a_pillar_base_asym_delta"": 0.0, ""delta_1"": 0.0, ""delta_10"": 0.0, ""delta_11"": 0.0, ""delta_12"": 0.0, ""delta_13"": 0.0, ""delta_14"": 0.0, ""delta_15"": 0.0, ""delta_16"": 0.0, ""delta_17"": 0.0, ""delta_18"": 0.0, ""delta_19"": 0.0, ""delta_2"": 0.0, ""delta_20"": 0.0, ""delta_21"": 0.0, ""delta_3"": null, ""delta_4"": 0.0, ""delta_5"": 0.0, ""delta_6"": 0.0, ""delta_7"": 0.0, ""delta_8"": 0.0, ""delta_9"": 0.0, ""door_leading_lower_asym_delta"": 0.0, ""door_leading_upper_asym_delta"": 0.0, ""door_trailing_lower_asym_delta"": 0.0, ""door_trailing_upper_asym_delta"": 0.0, ""firewall_side_asym_delta"": 0.0, ""front_bumper_left_delta"": 0.0, ""front_bumper_right_delta"": 0.0, ""front_engine_block_delta"": 0.0, ""front_engine_front_delta"": 0.0, ""front_firewall_center_delta"": null, ""front_firewall_left_delta"": 0.0, ""front_firewall_right_delta"": 0.0, ""front_left_right_asym_delta"": 0.0, ""front_left_right_bumper_asymmetry"": 0.0, ""front_structural_delta"": 0.0, ""front_structural_delta_median"": 0.0, ""front_total_length_shortening"": 0.0, ""rear_total_length_shortening"": null, ""total_length_shortening"": 0.0}",0.0,0.0,0.0,,32.86,closingSpeed,9.127777777777778,72818.4699382716,1748.0,1673.0,4354.0,1703.0,2618.0,1247.0,32.86,32.86,270.0,0.0,181.0,285.0,0.0,0.0,NOT APPLICABLE,DIRECT ENGAGEMENT,DIRECT ENGAGEMENT,VTP
591,7950,708,1,side,subject_vehicle,C_MaxOnly,CHEVROLET,VOLT,2012,FIVE DOOR HATCHBACK,09LPAN3,1,285.0,3150.0,0.0,342.0,0.0,0.0,0.0,0.0,0.0,0.0,0.0,0.0,0.0,0.0,,,,0.7,0.0,0.19213483146067414,0.0,0.0,"{""a_pillar_base_asym_delta"": 0.0, ""delta_1"": 69.0, ""delta_10"": 0.0, ""delta_11"": 0.0, ""delta_12"": 0.0, ""delta_13"": 0.0, ""delta_14"": 0.0, ""delta_15"": 0.0, ""delta_16"": 0.0, ""delta_17"": 0.0, ""delta_18"": 0.0, ""delta_19"": -5.0, ""delta_2"": 0.0, ""delta_20"": 76.0, ""delta_21"": 0.0, ""delta_3"": null, ""delta_4"": 0.0, ""delta_5"": 0.0, ""delta_6"": 0.0, ""delta_7"": 0.0, ""delta_8"": 0.0, ""delta_9"": 0.0, ""door_leading_lower_asym_delta"": 0.0, ""door_leading_upper_asym_delta"": 0.0, ""door_trailing_lower_asym_delta"": 0.0, ""door_trailing_upper_asym_delta"": 0.0, ""firewall_side_asym_delta"": 0.0, ""front_bumper_left_delta"": 76.0, ""front_bumper_right_delta"": -5.0, ""front_engine_block_delta"": 0.0, ""front_engine_front_delta"": 0.0, ""front_firewall_center_delta"": null, ""front_firewall_left_delta"": 0.0, ""front_firewall_right_delta"": 0.0, ""front_left_right_asym_delta"": 81.0, ""front_left_right_bumper_asymmetry"": 81.0, ""front_structural_delta"": 0.0, ""front_structural_delta_median"": 0.0, ""front_total_length_shortening"": 69.0, ""rear_total_length_shortening"": null, ""total_length_shortening"": 69.0}",69.0,0.0,81.0,,31.24,closingSpeed,8.677777777777777,68300.57123456789,1814.0,1714.0,4500.0,1780.0,2688.0,1082.0,31.24,31.24,285.0,0.0,0.0,285.0,0.0,0.0,NOT APPLICABLE,DIRECT ENGAGEMENT,NOT APPLICABLE,VTP
609,7952,727,1,side,subject_vehicle,C_MaxOnly,INFINITI,M37,2013,FOUR DOOR SEDAN,09LPEW2,1,285.0,3150.0,164.0,490.0,0.0,0.0,0.0,0.0,0.0,0.0,0.0,0.0,0.0,0.0,,,,0.638039295118493,0.0,0.26601520086862107,0.0,0.06643710755519547,"{""a_pillar_base_asym_delta"": 0.0, ""delta_1"": 0.0, ""delta_10"": 0.0, ""delta_11"": 0.0, ""delta_12"": 0.0, ""delta_13"": 0.0, ""delta_14"": 0.0, ""delta_15"": 0.0, ""delta_16"": 0.0, ""delta_17"": 0.0, ""delta_18"": 0.0, ""delta_19"": 0.0, ""delta_2"": 0.0, ""delta_20"": 0.0, ""delta_21"": 0.0, ""delta_3"": null, ""delta_4"": 0.0, ""delta_5"": 0.0, ""delta_6"": 0.0, ""delta_7"": 0.0, ""delta_8"": 0.0, ""delta_9"": 0.0, ""door_leading_lower_asym_delta"": 0.0, ""door_leading_upper_asym_delta"": 0.0, ""door_trailing_lower_asym_delta"": 0.0, ""door_trailing_upper_asym_delta"": 0.0, ""firewall_side_asym_delta"": 0.0, ""front_bumper_left_delta"": 0.0, ""front_bumper_right_delta"": 0.0, ""front_engine_block_delta"": 0.0, ""front_engine_front_delta"": 0.0, ""front_firewall_center_delta"": null, ""front_firewall_left_delta"": 0.0, ""front_firewall_right_delta"": 0.0, ""front_left_right_asym_delta"": 0.0, ""front_left_right_bumper_asymmetry"": 0.0, ""front_structural_delta"": 0.0, ""front_structural_delta_median"": 0.0, ""front_total_length_shortening"": 0.0, ""rear_total_length_shortening"": null, ""total_length_shortening"": 0.0}",0.0,0.0,0.0,,31.67,closingSpeed,8.797222222222222,71509.3937962963,1848.0,1756.0,4937.0,1842.0,2895.0,1386.0,31.67,31.67,270.0,0.0,162.0,285.0,0.0,0.0,NOT APPLICABLE,DIRECT ENGAGEMENT,DIRECT ENGAGEMENT,VTP
610,7955,728,1,side,subject_vehicle,C_MaxOnly,NISSAN,ALTIMA,2013,FOUR DOOR SEDAN,09LPAN3,1,285.0,3150.0,34.0,418.0,0.0,0.0,0.0,0.0,0.0,0.0,0.0,0.0,0.0,0.0,,,,0.6476151315789473,0.0,0.23004953219592736,0.0,0.013980263157894737,"{""a_pillar_base_asym_delta"": 0.0, ""delta_1"": 98.0, ""delta_10"": 0.0, ""delta_11"": 0.0, ""delta_12"": 0.0, ""delta_13"": 0.0, ""delta_14"": 0.0, ""delta_15"": 0.0, ""delta_16"": 0.0, ""delta_17"": 0.0, ""delta_18"": 0.0, ""delta_19"": -8.0, ""delta_2"": 0.0, ""delta_20"": 148.0, ""delta_21"": 0.0, ""delta_3"": null, ""delta_4"": 0.0, ""delta_5"": 0.0, ""delta_6"": 0.0, ""delta_7"": 0.0, ""delta_8"": 0.0, ""delta_9"": 0.0, ""door_leading_lower_asym_delta"": 0.0, ""door_leading_upper_asym_delta"": 0.0, ""door_trailing_lower_asym_delta"": 0.0, ""door_trailing_upper_asym_delta"": 0.0, ""firewall_side_asym_delta"": 0.0, ""front_bumper_left_delta"": 148.0, ""front_bumper_right_delta"": -8.0, ""front_engine_block_delta"": 0.0, ""front_engine_front_delta"": 0.0, ""front_firewall_center_delta"": null, ""front_firewall_left_delta"": 0.0, ""front_firewall_right_delta"": 0.0, ""front_left_right_asym_delta"": 156.0, ""front_left_right_bumper_asymmetry"": 156.0, ""front_structural_delta"": 0.0, ""front_structural_delta_median"": 0.0, ""front_total_length_shortening"": 98.0, ""rear_total_length_shortening"": null, ""total_length_shortening"": 98.0}",98.0,0.0,156.0,,32.15,closingSpeed,8.930555555555555,61371.3359375,1539.0,1425.0,4864.0,1817.0,2770.0,1184.0,32.15,32.15,270.0,0.0,0.0,285.0,0.0,0.0,NOT APPLICABLE,DIRECT ENGAGEMENT,NOT APPLICABLE,VTP
611,7967,730,2,side_impactor,subject_vehicle,C_MaxOnly,NISSAN,ALTIMA,2013,FOUR DOOR SEDAN,03LPAW2,1,297.0,3900.0,0.0,266.0,0.0,0.0,0.0,0.0,0.0,0.0,0.0,0.0,0.0,0.0,,,,0.8018092105263158,0.0,0.14639515685195378,0.0,0.0,"{""a_pillar_base_asym_delta"": 0.0, ""delta_1"": 12.0, ""delta_10"": 0.0, ""delta_11"": 0.0, ""delta_12"": 0.0, ""delta_13"": 0.0, ""delta_14"": 0.0, ""delta_15"": 0.0, ""delta_16"": 0.0, ""delta_17"": 0.0, ""delta_18"": 0.0, ""delta_19"": 1.0, ""delta_2"": 0.0, ""delta_20"": 33.0, ""delta_21"": 0.0, ""delta_3"": null, ""delta_4"": 0.0, ""delta_5"": 0.0, ""delta_6"": 0.0, ""delta_7"": 0.0, ""delta_8"": 0.0, ""delta_9"": 0.0, ""door_leading_lower_asym_delta"": 0.0, ""door_leading_upper_asym_delta"": 0.0, ""door_trailing_lower_asym_delta"": 0.0, ""door_trailing_upper_asym_delta"": 0.0, ""firewall_side_asym_delta"": 0.0, ""front_bumper_left_delta"": 33.0, ""front_bumper_right_delta"": 1.0, ""front_engine_block_delta"": 0.0, ""front_engine_front_delta"": 0.0, ""front_firewall_center_delta"": null, ""front_firewall_left_delta"": 0.0, ""front_firewall_right_delta"": 0.0, ""front_left_right_asym_delta"": 32.0, ""front_left_right_bumper_asymmetry"": 32.0, ""front_structural_delta"": 0.0, ""front_structural_delta_median"": 0.0, ""front_total_length_shortening"": 12.0, ""rear_total_length_shortening"": null, ""total_length_shortening"": 12.0}",12.0,0.0,32.0,,62.2,closingSpeed,17.27777777777778,241354.7175925926,1617.0,1426.0,4864.0,1817.0,2770.0,1202.0,62.2,0.0,270.0,0.0,72.0,0.0,27.0,0.0,NOT APPLICABLE,DIRECT ENGAGEMENT,NOT APPLICABLE,ITV
616,7968,737,2,side_impactor,subject_vehicle,C_MaxOnly,CHEVROLET,MALIBU,2013,FOUR DOOR SEDAN,03LPAW2,1,297.0,3600.0,0.0,241.0,0.0,0.0,0.0,0.0,0.0,0.0,0.0,0.0,0.0,0.0,,,,0.7361963190184049,0.0,0.13241758241758242,0.0,0.0,"{""a_pillar_base_asym_delta"": 0.0, ""delta_1"": 19.0, ""delta_10"": 0.0, ""delta_11"": 0.0, ""delta_12"": 0.0, ""delta_13"": 0.0, ""delta_14"": 0.0, ""delta_15"": 0.0, ""delta_16"": 0.0, ""delta_17"": 0.0, ""delta_18"": 0.0, ""delta_19"": -3.0, ""delta_2"": 0.0, ""delta_20"": 12.0, ""delta_21"": 0.0, ""delta_3"": null, ""delta_4"": 0.0, ""delta_5"": 0.0, ""delta_6"": 0.0, ""delta_7"": 0.0, ""delta_8"": 0.0, ""delta_9"": 0.0, ""door_leading_lower_asym_delta"": 0.0, ""door_leading_upper_asym_delta"": 0.0, ""door_trailing_lower_asym_delta"": 0.0, ""door_trailing_upper_asym_delta"": 0.0, ""firewall_side_asym_delta"": 0.0, ""front_bumper_left_delta"": 12.0, ""front_bumper_right_delta"": -3.0, ""front_engine_block_delta"": 0.0, ""front_engine_front_delta"": 0.0, ""front_firewall_center_delta"": null, ""front_firewall_left_delta"": 0.0, ""front_firewall_right_delta"": 0.0, ""front_left_right_asym_delta"": 15.0, ""front_left_right_bumper_asymmetry"": 15.0, ""front_structural_delta"": 0.0, ""front_structural_delta_median"": 0.0, ""front_total_length_shortening"": 19.0, ""rear_total_length_shortening"": null, ""total_length_shortening"": 19.0}",19.0,0.0,15.0,,62.22,closingSpeed,17.28333333333333,259134.05763888883,1735.0,1533.0,4890.0,1820.0,2740.0,1203.0,62.22,0.0,270.0,0.0,54.0,0.0,27.0,0.0,NOT APPLICABLE,DIRECT ENGAGEMENT,NOT APPLICABLE,ITV
619,7970,742,2,side_impactor,subject_vehicle,C_MaxOnly,TOYOTA,VENZA,2013,UTILITY VEHICLE,03LPAW2,1,297.0,3450.0,0.0,242.0,0.0,0.0,0.0,0.0,0.0,0.0,0.0,0.0,0.0,0.0,,,,0.7175540765391015,0.0,0.12736842105263158,0.0,0.0,"{""a_pillar_base_asym_delta"": 0.0, ""delta_1"": 21.0, ""delta_10"": 0.0, ""delta_11"": 0.0, ""delta_12"": 0.0, ""delta_13"": 0.0, ""delta_14"": 0.0, ""delta_15"": 0.0, ""delta_16"": 0.0, ""delta_17"": 0.0, ""delta_18"": 0.0, ""delta_19"": 0.0, ""delta_2"": 0.0, ""delta_20"": 14.0, ""delta_21"": 0.0, ""delta_3"": null, ""delta_4"": 0.0, ""delta_5"": 0.0, ""delta_6"": 0.0, ""delta_7"": 0.0, ""delta_8"": 0.0, ""delta_9"": 0.0, ""door_leading_lower_asym_delta"": 0.0, ""door_leading_upper_asym_delta"": 0.0, ""door_trailing_lower_asym_delta"": 0.0, ""door_trailing_upper_asym_delta"": 0.0, ""firewall_side_asym_delta"": 0.0, ""front_bumper_left_delta"": 14.0, ""front_bumper_right_delta"": 0.0, ""front_engine_block_delta"": 0.0, ""front_engine_front_delta"": 0.0, ""front_firewall_center_delta"": null, ""front_firewall_left_delta"": 0.0, ""front_firewall_right_delta"": 0.0, ""front_left_right_asym_delta"": 14.0, ""front_left_right_bumper_asymmetry"": 14.0, ""front_structural_delta"": 0.0, ""front_structural_delta_median"": 0.0, ""front_total_length_shortening"": 21.0, ""rear_total_length_shortening"": null, ""total_length_shortening"": 21.0}",21.0,0.0,14.0,,62.37,closingSpeed,17.325,285297.92156249995,1901.0,1713.0,4808.0,1900.0,2778.0,1276.0,62.37,0.0,270.0,0.0,9.0,0.0,27.0,0.0,NOT APPLICABLE,DIRECT ENGAGEMENT,NOT APPLICABLE,ITV
633,7979,757,1,side,subject_vehicle,C_MaxOnly,VOLKSWAGEN,TIGUAN,2013,UTILITY VEHICLE,09LPAN3,1,285.0,2700.0,88.0,383.0,0.0,0.0,0.0,0.0,0.0,0.0,0.0,0.0,0.0,0.0,,,,0.6079711776626886,0.0,0.2148065058889512,0.0,0.03963071380319748,"{""a_pillar_base_asym_delta"": 0.0, ""delta_1"": 65.0, ""delta_10"": 0.0, ""delta_11"": 0.0, ""delta_12"": 0.0, ""delta_13"": 0.0, ""delta_14"": 0.0, ""delta_15"": 0.0, ""delta_16"": 0.0, ""delta_17"": 0.0, ""delta_18"": 0.0, ""delta_19"": 146.0, ""delta_2"": 0.0, ""delta_20"": -9.0, ""delta_21"": 0.0, ""delta_3"": null, ""delta_4"": 0.0, ""delta_5"": 0.0, ""delta_6"": 0.0, ""delta_7"": 0.0, ""delta_8"": 0.0, ""delta_9"": 0.0, ""door_leading_lower_asym_delta"": 0.0, ""door_leading_upper_asym_delta"": 0.0, ""door_trailing_lower_asym_delta"": 0.0, ""door_trailing_upper_asym_delta"": 0.0, ""firewall_side_asym_delta"": 0.0, ""front_bumper_left_delta"": -9.0, ""front_bumper_right_delta"": 146.0, ""front_engine_block_delta"": 0.0, ""front_engine_front_delta"": 0.0, ""front_firewall_center_delta"": null, ""front_firewall_left_delta"": 0.0, ""front_firewall_right_delta"": 0.0, ""front_left_right_asym_delta"": -155.0, ""front_left_right_bumper_asymmetry"": -155.0, ""front_structural_delta"": 0.0, ""front_structural_delta_median"": 0.0, ""front_total_length_shortening"": 65.0, ""rear_total_length_shortening"": null, ""total_length_shortening"": 65.0}",65.0,0.0,-155.0,,32.17,closingSpeed,8.936111111111112,68714.43738040124,1721.0,1540.0,4441.0,1783.0,2601.0,1193.0,32.17,32.17,270.0,0.0,0.0,285.0,0.0,0.0,NOT APPLICABLE,DIRECT ENGAGEMENT,NOT APPLICABLE,VTP
638,7982,764,1,side,subject_vehicle,C_MaxOnly,BMW,X5,2013,UTILITY VEHICLE,09LPEW2,1,285.0,2850.0,192.0,470.0,0.0,0.0,0.0,0.0,0.0,0.0,0.0,0.0,0.0,0.0,,,,0.5917774086378738,0.0,0.2453027139874739,0.0,0.07973421926910298,"{""a_pillar_base_asym_delta"": 0.0, ""delta_1"": 0.0, ""delta_10"": 0.0, ""delta_11"": 0.0, ""delta_12"": 0.0, ""delta_13"": 0.0, ""delta_14"": 0.0, ""delta_15"": 0.0, ""delta_16"": 0.0, ""delta_17"": 0.0, ""delta_18"": 0.0, ""delta_19"": 0.0, ""delta_2"": 0.0, ""delta_20"": 0.0, ""delta_21"": 0.0, ""delta_3"": null, ""delta_4"": 0.0, ""delta_5"": 0.0, ""delta_6"": 0.0, ""delta_7"": 0.0, ""delta_8"": 0.0, ""delta_9"": 0.0, ""door_leading_lower_asym_delta"": 0.0, ""door_leading_upper_asym_delta"": 0.0, ""door_trailing_lower_asym_delta"": 0.0, ""door_trailing_upper_asym_delta"": 0.0, ""firewall_side_asym_delta"": 0.0, ""front_bumper_left_delta"": 0.0, ""front_bumper_right_delta"": 0.0, ""front_engine_block_delta"": 0.0, ""front_engine_front_delta"": 0.0, ""front_firewall_center_delta"": null, ""front_firewall_left_delta"": 0.0, ""front_firewall_right_delta"": 0.0, ""front_left_right_asym_delta"": 0.0, ""front_left_right_bumper_asymmetry"": 0.0, ""front_structural_delta"": 0.0, ""front_structural_delta_median"": 0.0, ""front_total_length_shortening"": 0.0, ""rear_total_length_shortening"": null, ""total_length_shortening"": 0.0}",0.0,0.0,0.0,,32.57,closingSpeed,9.047222222222222,93516.1727044753,2285.0,2107.0,4816.0,1916.0,2936.0,1541.0,32.57,32.57,270.0,0.0,197.0,285.0,0.0,0.0,NOT APPLICABLE,DIRECT ENGAGEMENT,DIRECT ENGAGEMENT,VTP
634,7984,759,2,side_impactor,subject_vehicle,C_MaxOnly,VOLKSWAGEN,TIGUAN,2013,UTILITY VEHICLE,03LPAW2,1,297.0,3300.0,0.0,219.0,0.0,0.0,0.0,0.0,0.0,0.0,0.0,0.0,0.0,0.0,,,,0.7430758838099527,0.0,0.12282669657879977,0.0,0.0,"{""a_pillar_base_asym_delta"": 0.0, ""delta_1"": 1.0, ""delta_10"": 0.0, ""delta_11"": 0.0, ""delta_12"": 0.0, ""delta_13"": 0.0, ""delta_14"": 0.0, ""delta_15"": 0.0, ""delta_16"": 0.0, ""delta_17"": 0.0, ""delta_18"": 0.0, ""delta_19"": -1.0, ""delta_2"": 0.0, ""delta_20"": 19.0, ""delta_21"": 0.0, ""delta_3"": null, ""delta_4"": 0.0, ""delta_5"": 0.0, ""delta_6"": 0.0, ""delta_7"": 0.0, ""delta_8"": 0.0, ""delta_9"": 0.0, ""door_leading_lower_asym_delta"": 0.0, ""door_leading_upper_asym_delta"": 0.0, ""door_trailing_lower_asym_delta"": 0.0, ""door_trailing_upper_asym_delta"": 0.0, ""firewall_side_asym_delta"": 0.0, ""front_bumper_left_delta"": 19.0, ""front_bumper_right_delta"": -1.0, ""front_engine_block_delta"": 0.0, ""front_engine_front_delta"": 0.0, ""front_firewall_center_delta"": null, ""front_firewall_left_delta"": 0.0, ""front_firewall_right_delta"": 0.0, ""front_left_right_asym_delta"": 20.0, ""front_left_right_bumper_asymmetry"": 20.0, ""front_structural_delta"": 0.0, ""front_structural_delta_median"": 0.0, ""front_total_length_shortening"": 1.0, ""rear_total_length_shortening"": null, ""total_length_shortening"": 1.0}",1.0,0.0,20.0,,62.46,closingSpeed,17.35,270619.22750000004,1798.0,1540.0,4441.0,1783.0,2601.0,1217.0,62.46,0.0,270.0,0.0,20.0,0.0,27.0,0.0,NOT APPLICABLE,DIRECT ENGAGEMENT,NOT APPLICABLE,ITV
645,7988,773,1,side,subject_vehicle,C_MaxOnly,CADILLAC,XTS,2013,FOUR DOOR SEDAN,09LPAN3,1,285.0,3300.0,104.0,390.0,0.0,0.0,0.0,0.0,0.0,0.0,0.0,0.0,0.0,0.0,,,,0.6428988895382817,0.0,0.21334792122538293,0.0,0.04052211182544321,"{""a_pillar_base_asym_delta"": 0.0, ""delta_1"": 73.0, ""delta_10"": 0.0, ""delta_11"": 0.0, ""delta_12"": 0.0, ""delta_13"": 0.0, ""delta_14"": 0.0, ""delta_15"": 0.0, ""delta_16"": 0.0, ""delta_17"": 0.0, ""delta_18"": 0.0, ""delta_19"": -7.0, ""delta_2"": 0.0, ""delta_20"": 110.0, ""delta_21"": 0.0, ""delta_3"": null, ""delta_4"": 0.0, ""delta_5"": 0.0, ""delta_6"": 0.0, ""delta_7"": 0.0, ""delta_8"": 0.0, ""delta_9"": 0.0, ""door_leading_lower_asym_delta"": 0.0, ""door_leading_upper_asym_delta"": 0.0, ""door_trailing_lower_asym_delta"": 0.0, ""door_trailing_upper_asym_delta"": 0.0, ""firewall_side_asym_delta"": 0.0, ""front_bumper_left_delta"": 110.0, ""front_bumper_right_delta"": -7.0, ""front_engine_block_delta"": 0.0, ""front_engine_front_delta"": 0.0, ""front_firewall_center_delta"": null, ""front_firewall_left_delta"": 0.0, ""front_firewall_right_delta"": 0.0, ""front_left_right_asym_delta"": 117.0, ""front_left_right_bumper_asymmetry"": 117.0, ""front_structural_delta"": 0.0, ""front_structural_delta_median"": 0.0, ""front_total_length_shortening"": 73.0, ""rear_total_length_shortening"": null, ""total_length_shortening"": 73.0}",73.0,0.0,117.0,,32.2,closingSpeed,8.944444444444445,79163.05401234567,1979.0,1853.0,5133.0,1828.0,2834.0,1245.0,32.2,32.2,270.0,0.0,0.0,285.0,0.0,0.0,NOT APPLICABLE,DIRECT ENGAGEMENT,NOT APPLICABLE,VTP
646,7990,775,2,side_impactor,subject_vehicle,C_MaxOnly,CADILLAC,XTS,2013,FOUR DOOR SEDAN,03LPAW2,1,297.0,3600.0,0.0,202.0,0.0,0.0,0.0,0.0,0.0,0.0,0.0,0.0,0.0,0.0,,,,0.701344243132671,0.0,0.11050328227571116,0.0,0.0,"{""a_pillar_base_asym_delta"": 0.0, ""delta_1"": 4.0, ""delta_10"": 0.0, ""delta_11"": 0.0, ""delta_12"": 0.0, ""delta_13"": 0.0, ""delta_14"": 0.0, ""delta_15"": 0.0, ""delta_16"": 0.0, ""delta_17"": 0.0, ""delta_18"": 0.0, ""delta_19"": 4.0, ""delta_2"": 0.0, ""delta_20"": 24.0, ""delta_21"": 0.0, ""delta_3"": null, ""delta_4"": 0.0, ""delta_5"": 0.0, ""delta_6"": 0.0, ""delta_7"": 0.0, ""delta_8"": 0.0, ""delta_9"": 0.0, ""door_leading_lower_asym_delta"": 0.0, ""door_leading_upper_asym_delta"": 0.0, ""door_trailing_lower_asym_delta"": 0.0, ""door_trailing_upper_asym_delta"": 0.0, ""firewall_side_asym_delta"": 0.0, ""front_bumper_left_delta"": 24.0, ""front_bumper_right_delta"": 4.0, ""front_engine_block_delta"": 0.0, ""front_engine_front_delta"": 0.0, ""front_firewall_center_delta"": null, ""front_firewall_left_delta"": 0.0, ""front_firewall_right_delta"": 0.0, ""front_left_right_asym_delta"": 20.0, ""front_left_right_bumper_asymmetry"": 20.0, ""front_structural_delta"": 0.0, ""front_structural_delta_median"": 0.0, ""front_total_length_shortening"": 4.0, ""rear_total_length_shortening"": null, ""total_length_shortening"": 4.0}",4.0,0.0,20.0,,62.39,closingSpeed,17.330555555555556,307706.6856828704,2049.0,1847.0,5133.0,1828.0,2834.0,1280.0,62.39,0.0,270.0,0.0,-28.0,0.0,27.0,0.0,NOT APPLICABLE,DIRECT ENGAGEMENT,NOT APPLICABLE,ITV
651,7994,781,2,side_impactor,subject_vehicle,C_MaxOnly,BUICK,VERANO,2013,FOUR DOOR SEDAN,09LPEW2,1,270.0,1650.0,2055.0,188.0,0.0,0.0,0.0,0.0,0.0,0.0,0.0,0.0,0.0,0.0,,,,0.3533190578158458,0.0,0.10502793296089385,0.0,0.880085653104925,"{""a_pillar_base_asym_delta"": 0.0, ""delta_1"": 0.0, ""delta_10"": 0.0, ""delta_11"": 0.0, ""delta_12"": 0.0, ""delta_13"": 0.0, ""delta_14"": 0.0, ""delta_15"": 0.0, ""delta_16"": 0.0, ""delta_17"": 0.0, ""delta_18"": 0.0, ""delta_19"": 0.0, ""delta_2"": 0.0, ""delta_20"": 0.0, ""delta_21"": 0.0, ""delta_3"": null, ""delta_4"": 0.0, ""delta_5"": 0.0, ""delta_6"": 0.0, ""delta_7"": 0.0, ""delta_8"": 0.0, ""delta_9"": 0.0, ""door_leading_lower_asym_delta"": 0.0, ""door_leading_upper_asym_delta"": 0.0, ""door_trailing_lower_asym_delta"": 0.0, ""door_trailing_upper_asym_delta"": 0.0, ""firewall_side_asym_delta"": 0.0, ""front_bumper_left_delta"": 0.0, ""front_bumper_right_delta"": 0.0, ""front_engine_block_delta"": 0.0, ""front_engine_front_delta"": 0.0, ""front_firewall_center_delta"": null, ""front_firewall_left_delta"": 0.0, ""front_firewall_right_delta"": 0.0, ""front_left_right_asym_delta"": 0.0, ""front_left_right_bumper_asymmetry"": 0.0, ""front_structural_delta"": 0.0, ""front_structural_delta_median"": 0.0, ""front_total_length_shortening"": 0.0, ""rear_total_length_shortening"": null, ""total_length_shortening"": 0.0}",0.0,0.0,0.0,,61.8,closingSpeed,17.166666666666664,254026.61111111104,1724.0,1548.0,4670.0,1790.0,2690.0,1106.0,61.8,0.0,270.0,0.0,405.0,0.0,0.0,0.0,NOT APPLICABLE,NO DIRECT ENGAGEMENT,NO DIRECT ENGAGEMENT,ITV
655,7996,785,1,side,subject_vehicle,C_MaxOnly,BUICK,VERANO,2013,FOUR DOOR SEDAN,10LPAW3,1,285.0,2100.0,54.0,337.0,0.0,0.0,0.0,0.0,0.0,0.0,0.0,0.0,0.0,0.0,,,,0.44967880085653106,0.0,0.188268156424581,0.0,0.023126338329764455,"{""a_pillar_base_asym_delta"": 0.0, ""delta_1"": 0.0, ""delta_10"": 0.0, ""delta_11"": 0.0, ""delta_12"": 0.0, ""delta_13"": 0.0, ""delta_14"": 0.0, ""delta_15"": 0.0, ""delta_16"": 0.0, ""delta_17"": 0.0, ""delta_18"": 0.0, ""delta_19"": 0.0, ""delta_2"": 0.0, ""delta_20"": 0.0, ""delta_21"": 0.0, ""delta_3"": null, ""delta_4"": 0.0, ""delta_5"": 0.0, ""delta_6"": 0.0, ""delta_7"": 0.0, ""delta_8"": 0.0, ""delta_9"": 0.0, ""door_leading_lower_asym_delta"": 0.0, ""door_leading_upper_asym_delta"": 0.0, ""door_trailing_lower_asym_delta"": 0.0, ""door_trailing_upper_asym_delta"": 0.0, ""firewall_side_asym_delta"": 0.0, ""front_bumper_left_delta"": 0.0, ""front_bumper_right_delta"": 0.0, ""front_engine_block_delta"": 0.0, ""front_engine_front_delta"": 0.0, ""front_firewall_center_delta"": null, ""front_firewall_left_delta"": 0.0, ""front_firewall_right_delta"": 0.0, ""front_left_right_asym_delta"": 0.0, ""front_left_right_bumper_asymmetry"": 0.0, ""front_structural_delta"": 0.0, ""front_structural_delta_median"": 0.0, ""front_total_length_shortening"": 0.0, ""rear_total_length_shortening"": null, ""total_length_shortening"": 0.0}",0.0,0.0,0.0,,32.06,closingSpeed,8.905555555555557,65548.82217592595,1653.0,1549.0,4670.0,1790.0,2690.0,1061.0,32.06,32.06,270.0,0.0,1.0,285.0,0.0,75.0,NOT APPLICABLE,DIRECT ENGAGEMENT,NO DIRECT ENGAGEMENT,VTP
657,7997,787,1,side,subject_vehicle,C_MaxOnly,HYUNDAI,SANTA FE SPORT ,2013,UTILITY VEHICLE,09LPAN3,1,285.0,3150.0,122.0,378.0,0.0,0.0,0.0,0.0,0.0,0.0,0.0,0.0,0.0,0.0,,,,0.6713554987212276,0.0,0.20106382978723406,0.0,0.05200341005967604,"{""a_pillar_base_asym_delta"": 0.0, ""delta_1"": 91.0, ""delta_10"": 0.0, ""delta_11"": 0.0, ""delta_12"": 0.0, ""delta_13"": 0.0, ""delta_14"": 0.0, ""delta_15"": 0.0, ""delta_16"": 0.0, ""delta_17"": 0.0, ""delta_18"": 0.0, ""delta_19"": -12.0, ""delta_2"": 0.0, ""delta_20"": 123.0, ""delta_21"": 0.0, ""delta_3"": null, ""delta_4"": 0.0, ""delta_5"": 0.0, ""delta_6"": 0.0, ""delta_7"": 0.0, ""delta_8"": 0.0, ""delta_9"": 0.0, ""door_leading_lower_asym_delta"": 0.0, ""door_leading_upper_asym_delta"": 0.0, ""door_trailing_lower_asym_delta"": 0.0, ""door_trailing_upper_asym_delta"": 0.0, ""firewall_side_asym_delta"": 0.0, ""front_bumper_left_delta"": 123.0, ""front_bumper_right_delta"": -12.0, ""front_engine_block_delta"": 0.0, ""front_engine_front_delta"": 0.0, ""front_firewall_center_delta"": null, ""front_firewall_left_delta"": 0.0, ""front_firewall_right_delta"": 0.0, ""front_left_right_asym_delta"": 135.0, ""front_left_right_bumper_asymmetry"": 135.0, ""front_structural_delta"": 0.0, ""front_structural_delta_median"": 0.0, ""front_total_length_shortening"": 91.0, ""rear_total_length_shortening"": null, ""total_length_shortening"": 91.0}",91.0,0.0,135.0,,32.12,closingSpeed,8.92222222222222,70093.12648148146,1761.0,1635.0,4692.0,1880.0,2700.0,1222.0,32.12,32.12,270.0,0.0,0.0,285.0,0.0,0.0,NOT APPLICABLE,DIRECT ENGAGEMENT,NOT APPLICABLE,VTP
658,7998,789,2,side_impactor,subject_vehicle,C_MaxOnly,HYUNDAI,SANTA FE SPORT ,2013,UTILITY VEHICLE,03LPAW2,1,297.0,3300.0,0.0,194.0,0.0,0.0,0.0,0.0,0.0,0.0,0.0,0.0,0.0,0.0,,,,0.7033248081841432,0.0,0.10319148936170212,0.0,0.0,"{""a_pillar_base_asym_delta"": 0.0, ""delta_1"": 0.0, ""delta_10"": 0.0, ""delta_11"": 0.0, ""delta_12"": 0.0, ""delta_13"": 0.0, ""delta_14"": 0.0, ""delta_15"": 0.0, ""delta_16"": 0.0, ""delta_17"": 0.0, ""delta_18"": 0.0, ""delta_19"": 0.0, ""delta_2"": 0.0, ""delta_20"": 7.0, ""delta_21"": 0.0, ""delta_3"": null, ""delta_4"": 0.0, ""delta_5"": 0.0, ""delta_6"": 0.0, ""delta_7"": 0.0, ""delta_8"": 0.0, ""delta_9"": 0.0, ""door_leading_lower_asym_delta"": 0.0, ""door_leading_upper_asym_delta"": 0.0, ""door_trailing_lower_asym_delta"": 0.0, ""door_trailing_upper_asym_delta"": 0.0, ""firewall_side_asym_delta"": 0.0, ""front_bumper_left_delta"": 7.0, ""front_bumper_right_delta"": 0.0, ""front_engine_block_delta"": 0.0, ""front_engine_front_delta"": 0.0, ""front_firewall_center_delta"": null, ""front_firewall_left_delta"": 0.0, ""front_firewall_right_delta"": 0.0, ""front_left_right_asym_delta"": 7.0, ""front_left_right_bumper_asymmetry"": 7.0, ""front_structural_delta"": 0.0, ""front_structural_delta_median"": 0.0, ""front_total_length_shortening"": 0.0, ""rear_total_length_shortening"": null, ""total_length_shortening"": 0.0}",0.0,0.0,7.0,,62.44,closingSpeed,17.344444444444445,275710.4687037037,1833.0,1630.0,4692.0,1880.0,2700.0,1236.0,62.44,0.0,270.0,0.0,-21.0,0.0,27.0,0.0,NOT APPLICABLE,DIRECT ENGAGEMENT,NOT APPLICABLE,ITV
672,8025,805,2,side_impactor,subject_vehicle,C_MaxOnly,JEEP,PATRIOT,2013,UTILITY VEHICLE,09LPEW2,1,270.0,1650.0,-873.0,179.0,0.0,0.0,0.0,0.0,0.0,0.0,0.0,0.0,0.0,0.0,,,,0.3737259343148358,0.0,0.13210332103321032,0.0,-0.3954699886749717,"{""a_pillar_base_asym_delta"": 0.0, ""delta_1"": 0.0, ""delta_10"": 0.0, ""delta_11"": 0.0, ""delta_12"": 0.0, ""delta_13"": 0.0, ""delta_14"": 0.0, ""delta_15"": 0.0, ""delta_16"": 0.0, ""delta_17"": 0.0, ""delta_18"": 0.0, ""delta_19"": 0.0, ""delta_2"": 0.0, ""delta_20"": 0.0, ""delta_21"": 0.0, ""delta_3"": null, ""delta_4"": 0.0, ""delta_5"": 0.0, ""delta_6"": 0.0, ""delta_7"": 0.0, ""delta_8"": 0.0, ""delta_9"": 0.0, ""door_leading_lower_asym_delta"": 0.0, ""door_leading_upper_asym_delta"": 0.0, ""door_trailing_lower_asym_delta"": 0.0, ""door_trailing_upper_asym_delta"": 0.0, ""firewall_side_asym_delta"": 0.0, ""front_bumper_left_delta"": 0.0, ""front_bumper_right_delta"": 0.0, ""front_engine_block_delta"": 0.0, ""front_engine_front_delta"": 0.0, ""front_firewall_center_delta"": null, ""front_firewall_left_delta"": 0.0, ""front_firewall_right_delta"": 0.0, ""front_left_right_asym_delta"": 0.0, ""front_left_right_bumper_asymmetry"": 0.0, ""front_structural_delta"": 0.0, ""front_structural_delta_median"": 0.0, ""front_total_length_shortening"": 0.0, ""rear_total_length_shortening"": null, ""total_length_shortening"": 0.0}",0.0,0.0,0.0,,61.65,closingSpeed,17.125,239451.3828125,1633.0,1437.0,4415.0,1355.0,2640.0,1167.0,61.65,0.0,270.0,0.0,-48.0,0.0,0.0,0.0,NOT APPLICABLE,NO DIRECT ENGAGEMENT,NO DIRECT ENGAGEMENT,ITV
676,8028,809,1,side,subject_vehicle,C_MaxOnly,JEEP,PATRIOT,2013,UTILITY VEHICLE,10LPAW3,1,285.0,0.0,-33.0,373.0,0.0,0.0,0.0,0.0,0.0,0.0,0.0,0.0,0.0,,,,,0.0,0.0,0.2095505617977528,,-0.014949037372593432,"{""a_pillar_base_asym_delta"": 0.0, ""delta_1"": 0.0, ""delta_10"": 0.0, ""delta_11"": 0.0, ""delta_12"": 0.0, ""delta_13"": 0.0, ""delta_14"": 0.0, ""delta_15"": 0.0, ""delta_16"": 0.0, ""delta_17"": 0.0, ""delta_18"": 0.0, ""delta_19"": 0.0, ""delta_2"": 0.0, ""delta_20"": 0.0, ""delta_21"": 0.0, ""delta_3"": null, ""delta_4"": 0.0, ""delta_5"": 0.0, ""delta_6"": 0.0, ""delta_7"": 0.0, ""delta_8"": 0.0, ""delta_9"": 0.0, ""door_leading_lower_asym_delta"": 0.0, ""door_leading_upper_asym_delta"": 0.0, ""door_trailing_lower_asym_delta"": 0.0, ""door_trailing_upper_asym_delta"": 0.0, ""firewall_side_asym_delta"": 0.0, ""front_bumper_left_delta"": 0.0, ""front_bumper_right_delta"": 0.0, ""front_engine_block_delta"": 0.0, ""front_engine_front_delta"": 0.0, ""front_firewall_center_delta"": null, ""front_firewall_left_delta"": 0.0, ""front_firewall_right_delta"": 0.0, ""front_left_right_asym_delta"": 0.0, ""front_left_right_bumper_asymmetry"": 0.0, ""front_structural_delta"": 0.0, ""front_structural_delta_median"": 0.0, ""front_total_length_shortening"": 0.0, ""rear_total_length_shortening"": null, ""total_length_shortening"": 0.0}",0.0,0.0,0.0,,32.26,closingSpeed,8.96111111111111,63036.68719135802,1570.0,1447.0,4415.0,1780.0,2640.0,1092.0,32.26,32.2,270.0,0.0,-33.0,285.0,0.0,75.0,NOT APPLICABLE,DIRECT ENGAGEMENT,NO DIRECT ENGAGEMENT,VTP
677,8029,810,1,side,subject_vehicle,C_MaxOnly,ACURA,ILX,2013,FOUR DOOR SEDAN,09LPAN3,1,285.0,3300.0,-1.0,379.0,0.0,0.0,0.0,0.0,0.0,0.0,0.0,0.0,0.0,0.0,,,,0.72400175515577,0.0,0.2122060470324748,0.0,-0.00043878894251864854,"{""a_pillar_base_asym_delta"": 0.0, ""delta_1"": 75.0, ""delta_10"": 0.0, ""delta_11"": 0.0, ""delta_12"": 0.0, ""delta_13"": 0.0, ""delta_14"": 0.0, ""delta_15"": 0.0, ""delta_16"": 0.0, ""delta_17"": 0.0, ""delta_18"": 0.0, ""delta_19"": -5.0, ""delta_2"": 0.0, ""delta_20"": 109.0, ""delta_21"": 0.0, ""delta_3"": null, ""delta_4"": 0.0, ""delta_5"": 0.0, ""delta_6"": 0.0, ""delta_7"": 0.0, ""delta_8"": 0.0, ""delta_9"": 0.0, ""door_leading_lower_asym_delta"": 0.0, ""door_leading_upper_asym_delta"": 0.0, ""door_trailing_lower_asym_delta"": 0.0, ""door_trailing_upper_asym_delta"": 0.0, ""firewall_side_asym_delta"": 0.0, ""front_bumper_left_delta"": 109.0, ""front_bumper_right_delta"": -5.0, ""front_engine_block_delta"": 0.0, ""front_engine_front_delta"": 0.0, ""front_firewall_center_delta"": null, ""front_firewall_left_delta"": 0.0, ""front_firewall_right_delta"": 0.0, ""front_left_right_asym_delta"": 114.0, ""front_left_right_bumper_asymmetry"": 114.0, ""front_structural_delta"": 0.0, ""front_structural_delta_median"": 0.0, ""front_total_length_shortening"": 75.0, ""rear_total_length_shortening"": null, ""total_length_shortening"": 75.0}",75.0,0.0,114.0,,32.21,closingSpeed,8.947222222222223,57437.873591821,1435.0,1344.0,4558.0,1786.0,2674.0,1077.0,32.21,32.21,270.0,0.0,0.0,285.0,0.0,0.0,NOT APPLICABLE,DIRECT ENGAGEMENT,NOT APPLICABLE,VTP
678,8031,812,2,side_impactor,subject_vehicle,C_MaxOnly,ACURA,ILX HYBRID,2013,FOUR DOOR SEDAN,03LPAW2,1,297.0,3000.0,0.0,238.0,0.0,0.0,0.0,0.0,0.0,0.0,0.0,0.0,0.0,0.0,,,,0.6581834137779728,0.0,0.13499716392512762,0.0,0.0,"{""a_pillar_base_asym_delta"": 0.0, ""delta_1"": -3.0, ""delta_10"": 0.0, ""delta_11"": 0.0, ""delta_12"": 0.0, ""delta_13"": 0.0, ""delta_14"": 0.0, ""delta_15"": 0.0, ""delta_16"": 0.0, ""delta_17"": 0.0, ""delta_18"": 0.0, ""delta_19"": 8.0, ""delta_2"": 0.0, ""delta_20"": 24.0, ""delta_21"": 0.0, ""delta_3"": null, ""delta_4"": 0.0, ""delta_5"": 0.0, ""delta_6"": 0.0, ""delta_7"": 0.0, ""delta_8"": 0.0, ""delta_9"": 0.0, ""door_leading_lower_asym_delta"": 0.0, ""door_leading_upper_asym_delta"": 0.0, ""door_trailing_lower_asym_delta"": 0.0, ""door_trailing_upper_asym_delta"": 0.0, ""firewall_side_asym_delta"": 0.0, ""front_bumper_left_delta"": 24.0, ""front_bumper_right_delta"": 8.0, ""front_engine_block_delta"": 0.0, ""front_engine_front_delta"": 0.0, ""front_firewall_center_delta"": null, ""front_firewall_left_delta"": 0.0, ""front_firewall_right_delta"": 0.0, ""front_left_right_asym_delta"": 16.0, ""front_left_right_bumper_asymmetry"": 16.0, ""front_structural_delta"": 0.0, ""front_structural_delta_median"": 0.0, ""front_total_length_shortening"": -3.0, ""rear_total_length_shortening"": null, ""total_length_shortening"": -3.0}",-3.0,0.0,16.0,,62.43,closingSpeed,17.341666666666665,225850.78548611107,1502.0,1335.0,4558.0,1763.0,2674.0,1162.0,62.43,0.0,270.0,0.0,-78.0,0.0,27.0,0.0,NOT APPLICABLE,DIRECT ENGAGEMENT,NOT APPLICABLE,ITV
682,8032,816,1,side,subject_vehicle,C_MaxOnly,HONDA,ACCORD,2013,FOUR DOOR SEDAN,09LPEW2,1,285.0,3000.0,12.0,413.0,0.0,0.0,0.0,0.0,0.0,0.0,0.0,0.0,0.0,0.0,,,,0.6208609271523179,0.0,0.22409115572436245,0.0,0.004966887417218543,"{""a_pillar_base_asym_delta"": 0.0, ""delta_1"": 0.0, ""delta_10"": 0.0, ""delta_11"": 0.0, ""delta_12"": 0.0, ""delta_13"": 0.0, ""delta_14"": 0.0, ""delta_15"": 0.0, ""delta_16"": 0.0, ""delta_17"": 0.0, ""delta_18"": 0.0, ""delta_19"": 0.0, ""delta_2"": 0.0, ""delta_20"": 0.0, ""delta_21"": 0.0, ""delta_3"": null, ""delta_4"": 0.0, ""delta_5"": 0.0, ""delta_6"": 0.0, ""delta_7"": 0.0, ""delta_8"": 0.0, ""delta_9"": 0.0, ""door_leading_lower_asym_delta"": 0.0, ""door_leading_upper_asym_delta"": 0.0, ""door_trailing_lower_asym_delta"": 0.0, ""door_trailing_upper_asym_delta"": 0.0, ""firewall_side_asym_delta"": 0.0, ""front_bumper_left_delta"": 0.0, ""front_bumper_right_delta"": 0.0, ""front_engine_block_delta"": 0.0, ""front_engine_front_delta"": 0.0, ""front_firewall_center_delta"": null, ""front_firewall_left_delta"": 0.0, ""front_firewall_right_delta"": 0.0, ""front_left_right_asym_delta"": 0.0, ""front_left_right_bumper_asymmetry"": 0.0, ""front_structural_delta"": 0.0, ""front_structural_delta_median"": 0.0, ""front_total_length_shortening"": 0.0, ""rear_total_length_shortening"": null, ""total_length_shortening"": 0.0}",0.0,0.0,0.0,,32.32,closingSpeed,8.977777777777778,64762.496790123456,1607.0,1522.0,4832.0,1843.0,2780.0,1129.0,32.32,32.32,270.0,0.0,-26.0,285.0,0.0,0.0,NOT APPLICABLE,DIRECT ENGAGEMENT,DIRECT ENGAGEMENT,VTP
685,8034,820,1,side,subject_vehicle,C_MaxOnly,JEEP,COMPASS,2013,UTILITY VEHICLE,10LPAN3,1,285.0,254.0,-45.0,375.0,0.0,0.0,0.0,0.0,0.0,0.0,0.0,0.0,0.0,0.0,,,,0.05707865168539326,0.0,0.20718232044198895,0.0,-0.020224719101123594,"{""a_pillar_base_asym_delta"": 0.0, ""delta_1"": 0.0, ""delta_10"": 0.0, ""delta_11"": 0.0, ""delta_12"": 0.0, ""delta_13"": 0.0, ""delta_14"": 0.0, ""delta_15"": 0.0, ""delta_16"": 0.0, ""delta_17"": 0.0, ""delta_18"": 0.0, ""delta_19"": 0.0, ""delta_2"": 0.0, ""delta_20"": 0.0, ""delta_21"": 0.0, ""delta_3"": null, ""delta_4"": 0.0, ""delta_5"": 0.0, ""delta_6"": 0.0, ""delta_7"": 0.0, ""delta_8"": 0.0, ""delta_9"": 0.0, ""door_leading_lower_asym_delta"": 0.0, ""door_leading_upper_asym_delta"": 0.0, ""door_trailing_lower_asym_delta"": 0.0, ""door_trailing_upper_asym_delta"": 0.0, ""firewall_side_asym_delta"": 0.0, ""front_bumper_left_delta"": 0.0, ""front_bumper_right_delta"": 0.0, ""front_engine_block_delta"": 0.0, ""front_engine_front_delta"": 0.0, ""front_firewall_center_delta"": null, ""front_firewall_left_delta"": 0.0, ""front_firewall_right_delta"": 0.0, ""front_left_right_asym_delta"": 0.0, ""front_left_right_bumper_asymmetry"": 0.0, ""front_structural_delta"": 0.0, ""front_structural_delta_median"": 0.0, ""front_total_length_shortening"": 0.0, ""rear_total_length_shortening"": null, ""total_length_shortening"": 0.0}",0.0,0.0,0.0,,32.05,closingSpeed,8.902777777777777,61663.853780864185,1556.0,1437.0,4450.0,1810.0,2630.0,1055.0,32.05,32.05,270.0,0.0,-45.0,285.0,0.0,75.0,NOT APPLICABLE,DIRECT ENGAGEMENT,NO DIRECT ENGAGEMENT,VTP
693,8037,828,1,side,subject_vehicle,C_MaxOnly,LEXUS,ES 350,2013,FOUR DOOR SEDAN,09LPAN3,1,285.0,3300.0,19.0,406.0,0.0,0.0,0.0,0.0,0.0,0.0,0.0,0.0,0.0,0.0,,,,0.6747086485381313,0.0,0.22605790645879734,0.0,0.007769372316499694,"{""a_pillar_base_asym_delta"": 0.0, ""delta_1"": 128.0, ""delta_10"": 0.0, ""delta_11"": 0.0, ""delta_12"": 0.0, ""delta_13"": 0.0, ""delta_14"": 0.0, ""delta_15"": 0.0, ""delta_16"": 0.0, ""delta_17"": 0.0, ""delta_18"": 0.0, ""delta_19"": -11.0, ""delta_2"": 0.0, ""delta_20"": 164.0, ""delta_21"": 0.0, ""delta_3"": null, ""delta_4"": 0.0, ""delta_5"": 0.0, ""delta_6"": 0.0, ""delta_7"": 0.0, ""delta_8"": 0.0, ""delta_9"": 0.0, ""door_leading_lower_asym_delta"": 0.0, ""door_leading_upper_asym_delta"": 0.0, ""door_trailing_lower_asym_delta"": 0.0, ""door_trailing_upper_asym_delta"": 0.0, ""firewall_side_asym_delta"": 0.0, ""front_bumper_left_delta"": 164.0, ""front_bumper_right_delta"": -11.0, ""front_engine_block_delta"": 0.0, ""front_engine_front_delta"": 0.0, ""front_firewall_center_delta"": null, ""front_firewall_left_delta"": 0.0, ""front_firewall_right_delta"": 0.0, ""front_left_right_asym_delta"": 175.0, ""front_left_right_bumper_asymmetry"": 175.0, ""front_structural_delta"": 0.0, ""front_structural_delta_median"": 0.0, ""front_total_length_shortening"": 128.0, ""rear_total_length_shortening"": null, ""total_length_shortening"": 128.0}",128.0,0.0,175.0,,32.18,closingSpeed,8.938888888888888,69156.6822685185,1731.0,1619.0,4891.0,1796.0,2808.0,1134.0,32.18,32.18,270.0,0.0,0.0,285.0,0.0,0.0,NOT APPLICABLE,DIRECT ENGAGEMENT,NOT APPLICABLE,VTP
710,8046,849,1,side,subject_vehicle,C_MaxOnly,CADILLAC,ATS,2013,FOUR DOOR SEDAN,09LPEW2,1,285.0,3000.0,81.0,400.0,0.0,0.0,0.0,0.0,0.0,0.0,0.0,0.0,0.0,0.0,,,,0.6545930613135501,0.0,0.2289639381797367,0.0,0.0353480253109317,"{""a_pillar_base_asym_delta"": 0.0, ""delta_1"": 0.0, ""delta_10"": 0.0, ""delta_11"": 0.0, ""delta_12"": 0.0, ""delta_13"": 0.0, ""delta_14"": 0.0, ""delta_15"": 0.0, ""delta_16"": 0.0, ""delta_17"": 0.0, ""delta_18"": 0.0, ""delta_19"": 0.0, ""delta_2"": 0.0, ""delta_20"": 0.0, ""delta_21"": 0.0, ""delta_3"": null, ""delta_4"": 0.0, ""delta_5"": 0.0, ""delta_6"": 0.0, ""delta_7"": 0.0, ""delta_8"": 0.0, ""delta_9"": 0.0, ""door_leading_lower_asym_delta"": 0.0, ""door_leading_upper_asym_delta"": 0.0, ""door_trailing_lower_asym_delta"": 0.0, ""door_trailing_upper_asym_delta"": 0.0, ""firewall_side_asym_delta"": 0.0, ""front_bumper_left_delta"": 0.0, ""front_bumper_right_delta"": 0.0, ""front_engine_block_delta"": 0.0, ""front_engine_front_delta"": 0.0, ""front_firewall_center_delta"": null, ""front_firewall_left_delta"": 0.0, ""front_firewall_right_delta"": 0.0, ""front_left_right_asym_delta"": 0.0, ""front_left_right_bumper_asymmetry"": 0.0, ""front_structural_delta"": 0.0, ""front_structural_delta_median"": 0.0, ""front_total_length_shortening"": 0.0, ""rear_total_length_shortening"": null, ""total_length_shortening"": 0.0}",0.0,0.0,0.0,,31.75,closingSpeed,8.819444444444445,62731.667148919754,1613.0,1517.0,4583.0,1747.0,2779.0,1397.0,31.75,31.75,270.0,0.0,78.0,285.0,0.0,0.0,NOT APPLICABLE,DIRECT ENGAGEMENT,DIRECT ENGAGEMENT,VTP
714,8052,854,1,side,subject_vehicle,C_MaxOnly,DODGE,CHALLENGER,2013,TWO DOOR COUPE,09LPAN3,1,285.0,3750.0,134.0,427.0,0.0,0.0,0.0,0.0,0.0,0.0,0.0,0.0,0.0,0.0,,,,0.7464171974522293,0.0,0.22262773722627738,0.0,0.05334394904458599,"{""a_pillar_base_asym_delta"": 0.0, ""delta_1"": 117.0, ""delta_10"": 0.0, ""delta_11"": 0.0, ""delta_12"": 0.0, ""delta_13"": 0.0, ""delta_14"": 0.0, ""delta_15"": 0.0, ""delta_16"": 0.0, ""delta_17"": 0.0, ""delta_18"": 0.0, ""delta_19"": -7.0, ""delta_2"": 0.0, ""delta_20"": 183.0, ""delta_21"": 0.0, ""delta_3"": null, ""delta_4"": 0.0, ""delta_5"": 0.0, ""delta_6"": 0.0, ""delta_7"": 0.0, ""delta_8"": 0.0, ""delta_9"": 0.0, ""door_leading_lower_asym_delta"": 0.0, ""door_leading_upper_asym_delta"": 0.0, ""door_trailing_lower_asym_delta"": 0.0, ""door_trailing_upper_asym_delta"": 0.0, ""firewall_side_asym_delta"": 0.0, ""front_bumper_left_delta"": 183.0, ""front_bumper_right_delta"": -7.0, ""front_engine_block_delta"": 0.0, ""front_engine_front_delta"": 0.0, ""front_firewall_center_delta"": null, ""front_firewall_left_delta"": 0.0, ""front_firewall_right_delta"": 0.0, ""front_left_right_asym_delta"": 190.0, ""front_left_right_bumper_asymmetry"": 190.0, ""front_structural_delta"": 0.0, ""front_structural_delta_median"": 0.0, ""front_total_length_shortening"": 117.0, ""rear_total_length_shortening"": null, ""total_length_shortening"": 117.0}",117.0,0.0,190.0,,32.17,closingSpeed,8.936111111111112,74623.63943287038,1869.0,1772.0,5024.0,1918.0,2955.0,1472.0,32.17,32.17,270.0,0.0,0.0,285.0,0.0,0.0,NOT APPLICABLE,DIRECT ENGAGEMENT,NOT APPLICABLE,VTP
715,8053,856,2,side_impactor,subject_vehicle,C_MaxOnly,DODGE,CHALLENGER,2013,TWO DOOR COUPE,03LPAW2,1,297.0,4350.0,0.0,154.0,0.0,0.0,0.0,0.0,0.0,0.0,0.0,0.0,0.0,0.0,,,,0.865843949044586,0.0,0.08029197080291971,0.0,0.0,"{""a_pillar_base_asym_delta"": 0.0, ""delta_1"": 18.0, ""delta_10"": 0.0, ""delta_11"": 0.0, ""delta_12"": 0.0, ""delta_13"": 0.0, ""delta_14"": 0.0, ""delta_15"": 0.0, ""delta_16"": 0.0, ""delta_17"": 0.0, ""delta_18"": 0.0, ""delta_19"": 5.0, ""delta_2"": 0.0, ""delta_20"": 30.0, ""delta_21"": 0.0, ""delta_3"": null, ""delta_4"": 0.0, ""delta_5"": 0.0, ""delta_6"": 0.0, ""delta_7"": 0.0, ""delta_8"": 0.0, ""delta_9"": 0.0, ""door_leading_lower_asym_delta"": 0.0, ""door_leading_upper_asym_delta"": 0.0, ""door_trailing_lower_asym_delta"": 0.0, ""door_trailing_upper_asym_delta"": 0.0, ""firewall_side_asym_delta"": 0.0, ""front_bumper_left_delta"": 30.0, ""front_bumper_right_delta"": 5.0, ""front_engine_block_delta"": 0.0, ""front_engine_front_delta"": 0.0, ""front_firewall_center_delta"": null, ""front_firewall_left_delta"": 0.0, ""front_firewall_right_delta"": 0.0, ""front_left_right_asym_delta"": 25.0, ""front_left_right_bumper_asymmetry"": 25.0, ""front_structural_delta"": 0.0, ""front_structural_delta_median"": 0.0, ""front_total_length_shortening"": 18.0, ""rear_total_length_shortening"": null, ""total_length_shortening"": 18.0}",18.0,0.0,25.0,,62.59,closingSpeed,17.386111111111113,293661.9690702161,1943.0,1769.0,5024.0,1918.0,2955.0,1463.0,62.59,0.0,270.0,0.0,93.0,0.0,27.0,0.0,NOT APPLICABLE,DIRECT ENGAGEMENT,NOT APPLICABLE,ITV
718,8056,860,1,side,subject_vehicle,C_MaxOnly,INFINITI,JX,2013,UTILITY VEHICLE,09LPAN3,1,285.0,3750.0,226.0,449.0,0.0,0.0,0.0,0.0,0.0,0.0,0.0,0.0,0.0,0.0,,,,0.751503006012024,0.0,0.2308483290488432,0.0,0.0905811623246493,"{""a_pillar_base_asym_delta"": 0.0, ""delta_1"": 119.0, ""delta_10"": 0.0, ""delta_11"": 0.0, ""delta_12"": 0.0, ""delta_13"": 0.0, ""delta_14"": 0.0, ""delta_15"": 0.0, ""delta_16"": 0.0, ""delta_17"": 0.0, ""delta_18"": 0.0, ""delta_19"": -8.0, ""delta_2"": 0.0, ""delta_20"": 153.0, ""delta_21"": 0.0, ""delta_3"": null, ""delta_4"": 0.0, ""delta_5"": 0.0, ""delta_6"": 0.0, ""delta_7"": 0.0, ""delta_8"": 0.0, ""delta_9"": 0.0, ""door_leading_lower_asym_delta"": 0.0, ""door_leading_upper_asym_delta"": 0.0, ""door_trailing_lower_asym_delta"": 0.0, ""door_trailing_upper_asym_delta"": 0.0, ""firewall_side_asym_delta"": 0.0, ""front_bumper_left_delta"": 153.0, ""front_bumper_right_delta"": -8.0, ""front_engine_block_delta"": 0.0, ""front_engine_front_delta"": 0.0, ""front_firewall_center_delta"": null, ""front_firewall_left_delta"": 0.0, ""front_firewall_right_delta"": 0.0, ""front_left_right_asym_delta"": 161.0, ""front_left_right_bumper_asymmetry"": 161.0, ""front_structural_delta"": 0.0, ""front_structural_delta_median"": 0.0, ""front_total_length_shortening"": 119.0, ""rear_total_length_shortening"": null, ""total_length_shortening"": 119.0}",119.0,0.0,161.0,,32.14,closingSpeed,8.927777777777777,81817.40427469135,2053.0,1963.0,4990.0,1945.0,2901.0,1334.0,32.14,32.14,270.0,0.0,0.0,285.0,0.0,0.0,NOT APPLICABLE,DIRECT ENGAGEMENT,NOT APPLICABLE,VTP
722,8059,866,2,side_impactor,subject_vehicle,C_MaxOnly,JEEP,COMPASS,2013,UTILITY VEHICLE,09LPEW2,1,270.0,1650.0,257.0,195.0,0.0,0.0,0.0,0.0,0.0,0.0,0.0,0.0,0.0,0.0,,,,0.3707865168539326,0.0,0.10749724366041896,0.0,0.11550561797752809,"{""a_pillar_base_asym_delta"": 0.0, ""delta_1"": 0.0, ""delta_10"": 0.0, ""delta_11"": 0.0, ""delta_12"": 0.0, ""delta_13"": 0.0, ""delta_14"": 0.0, ""delta_15"": 0.0, ""delta_16"": 0.0, ""delta_17"": 0.0, ""delta_18"": 0.0, ""delta_19"": 0.0, ""delta_2"": 0.0, ""delta_20"": 0.0, ""delta_21"": 0.0, ""delta_3"": null, ""delta_4"": 0.0, ""delta_5"": 0.0, ""delta_6"": 0.0, ""delta_7"": 0.0, ""delta_8"": 0.0, ""delta_9"": 0.0, ""door_leading_lower_asym_delta"": 0.0, ""door_leading_upper_asym_delta"": 0.0, ""door_trailing_lower_asym_delta"": 0.0, ""door_trailing_upper_asym_delta"": 0.0, ""firewall_side_asym_delta"": 0.0, ""front_bumper_left_delta"": 0.0, ""front_bumper_right_delta"": 0.0, ""front_engine_block_delta"": 0.0, ""front_engine_front_delta"": 0.0, ""front_firewall_center_delta"": null, ""front_firewall_left_delta"": 0.0, ""front_firewall_right_delta"": 0.0, ""front_left_right_asym_delta"": 0.0, ""front_left_right_bumper_asymmetry"": 0.0, ""front_structural_delta"": 0.0, ""front_structural_delta_median"": 0.0, ""front_total_length_shortening"": 0.0, ""rear_total_length_shortening"": null, ""total_length_shortening"": 0.0}",0.0,0.0,0.0,,61.53,closingSpeed,17.091666666666665,239980.74454861105,1643.0,1446.0,4450.0,1814.0,2630.0,1157.0,61.53,0.0,270.0,0.0,-750.0,0.0,0.0,0.0,NOT APPLICABLE,NO DIRECT ENGAGEMENT,DIRECT ENGAGEMENT,ITV
716,8060,857,1,side,subject_vehicle,C_MaxOnly,LEXUS,IS250,2013,FOUR DOOR SEDAN,09LPEW2,1,285.0,2850.0,93.0,506.0,0.0,0.0,0.0,0.0,0.0,0.0,0.0,0.0,0.0,0.0,,,,0.6685432793807178,0.0,0.2873367404883589,0.0,0.043631245601688955,"{""a_pillar_base_asym_delta"": 0.0, ""delta_1"": 0.0, ""delta_10"": 0.0, ""delta_11"": 0.0, ""delta_12"": 0.0, ""delta_13"": 0.0, ""delta_14"": 0.0, ""delta_15"": 0.0, ""delta_16"": 0.0, ""delta_17"": 0.0, ""delta_18"": 0.0, ""delta_19"": 0.0, ""delta_2"": 0.0, ""delta_20"": 0.0, ""delta_21"": 0.0, ""delta_3"": null, ""delta_4"": 0.0, ""delta_5"": 0.0, ""delta_6"": 0.0, ""delta_7"": 0.0, ""delta_8"": 0.0, ""delta_9"": 0.0, ""door_leading_lower_asym_delta"": 0.0, ""door_leading_upper_asym_delta"": 0.0, ""door_trailing_lower_asym_delta"": 0.0, ""door_trailing_upper_asym_delta"": 0.0, ""firewall_side_asym_delta"": 0.0, ""front_bumper_left_delta"": 0.0, ""front_bumper_right_delta"": 0.0, ""front_engine_block_delta"": 0.0, ""front_engine_front_delta"": 0.0, ""front_firewall_center_delta"": null, ""front_firewall_left_delta"": 0.0, ""front_firewall_right_delta"": 0.0, ""front_left_right_asym_delta"": 0.0, ""front_left_right_bumper_asymmetry"": 0.0, ""front_structural_delta"": 0.0, ""front_structural_delta_median"": 0.0, ""front_total_length_shortening"": 0.0, ""rear_total_length_shortening"": null, ""total_length_shortening"": 0.0}",0.0,0.0,0.0,,31.74,closingSpeed,8.816666666666666,64674.364444444436,1664.0,1588.0,4263.0,1761.0,2727.0,1335.0,31.74,31.74,270.0,0.0,103.0,285.0,0.0,0.0,NOT APPLICABLE,DIRECT ENGAGEMENT,DIRECT ENGAGEMENT,VTP
661,8062,792,1,frontal_barrier,subject_vehicle,X_Exclude,OTHER,OTHER,0,NOT APPLICABLE,,0,0.0,0.0,0.0,0.0,155.0,171.0,185.0,200.0,215.0,228.0,228.0,192.49999999999997,193.75009677416938,,0.0,0.09532467532467537,,,,,,,"{""a_pillar_base_asym_delta"": 0.0, ""delta_1"": 0.0, ""delta_10"": 0.0, ""delta_11"": 0.0, ""delta_12"": 0.0, ""delta_13"": 0.0, ""delta_14"": 0.0, ""delta_15"": 0.0, ""delta_16"": 0.0, ""delta_17"": 0.0, ""delta_18"": 0.0, ""delta_19"": 0.0, ""delta_2"": 0.0, ""delta_20"": 0.0, ""delta_21"": 0.0, ""delta_3"": null, ""delta_4"": 0.0, ""delta_5"": 0.0, ""delta_6"": 0.0, ""delta_7"": 0.0, ""delta_8"": 0.0, ""delta_9"": 0.0, ""door_leading_lower_asym_delta"": 0.0, ""door_leading_upper_asym_delta"": 0.0, ""door_trailing_lower_asym_delta"": 0.0, ""door_trailing_upper_asym_delta"": 0.0, ""firewall_side_asym_delta"": 0.0, ""front_bumper_left_delta"": 0.0, ""front_bumper_right_delta"": 0.0, ""front_engine_block_delta"": 0.0, ""front_engine_front_delta"": 0.0, ""front_firewall_center_delta"": null, ""front_firewall_left_delta"": 0.0, ""front_firewall_right_delta"": 0.0, ""front_left_right_asym_delta"": 0.0, ""front_left_right_bumper_asymmetry"": 0.0, ""front_structural_delta"": 0.0, ""front_structural_delta_median"": 0.0, ""front_total_length_shortening"": 0.0, ""rear_total_length_shortening"": null, ""total_length_shortening"": 0.0}",0.0,0.0,0.0,,0.0,closingSpeed,0.0,0.0,0.0,,0.0,0.0,0.0,0.0,0.0,36.0,0.0,0.0,0.0,27.0,0.0,0.0,NOT APPLICABLE,NOT APPLICABLE,NOT APPLICABLE,VTB
418,8067,504,1,side,subject_vehicle,C_MaxOnly,RAM,1500 CREW,2013,4 DOOR PICKUP,,0,345.0,0.0,-142.0,599.0,0.0,0.0,0.0,0.0,0.0,0.0,0.0,0.0,0.0,,,,,0.0,0.0,0.29697570649479427,,-0.048763736263736264,"{""a_pillar_base_asym_delta"": 0.0, ""delta_1"": 46.0, ""delta_10"": 0.0, ""delta_11"": 0.0, ""delta_12"": 0.0, ""delta_13"": 0.0, ""delta_14"": 0.0, ""delta_15"": 0.0, ""delta_16"": 0.0, ""delta_17"": 0.0, ""delta_18"": 0.0, ""delta_19"": -10.0, ""delta_2"": 0.0, ""delta_20"": 79.0, ""delta_21"": 0.0, ""delta_3"": null, ""delta_4"": 0.0, ""delta_5"": 0.0, ""delta_6"": 0.0, ""delta_7"": 0.0, ""delta_8"": 0.0, ""delta_9"": 0.0, ""door_leading_lower_asym_delta"": 0.0, ""door_leading_upper_asym_delta"": 0.0, ""door_trailing_lower_asym_delta"": 0.0, ""door_trailing_upper_asym_delta"": 0.0, ""firewall_side_asym_delta"": 0.0, ""front_bumper_left_delta"": 79.0, ""front_bumper_right_delta"": -10.0, ""front_engine_block_delta"": 0.0, ""front_engine_front_delta"": 0.0, ""front_firewall_center_delta"": null, ""front_firewall_left_delta"": 0.0, ""front_firewall_right_delta"": 0.0, ""front_left_right_asym_delta"": 89.0, ""front_left_right_bumper_asymmetry"": 89.0, ""front_structural_delta"": 0.0, ""front_structural_delta_median"": 0.0, ""front_total_length_shortening"": 46.0, ""rear_total_length_shortening"": null, ""total_length_shortening"": 46.0}",46.0,0.0,89.0,,31.99,closingSpeed,8.886111111111111,101427.93583719135,2569.0,2396.0,5824.0,2017.0,3570.0,1682.0,31.99,31.99,270.0,0.0,318.0,285.0,0.0,0.0,NOT APPLICABLE,DIRECT ENGAGEMENT,NO DIRECT ENGAGEMENT,VTP
742,8070,892,1,side,subject_vehicle,C_MaxOnly,FORD,CMAX HYBRID,2013,FIVE DOOR HATCHBACK,09LPAN3,1,285.0,3000.0,75.0,364.0,0.0,0.0,0.0,0.0,0.0,0.0,0.0,0.0,0.0,0.0,,,,0.679040289723857,0.0,0.2054176072234763,0.0,0.033952014486192846,"{""a_pillar_base_asym_delta"": 0.0, ""delta_1"": 114.0, ""delta_10"": 0.0, ""delta_11"": 0.0, ""delta_12"": 0.0, ""delta_13"": 0.0, ""delta_14"": 0.0, ""delta_15"": 0.0, ""delta_16"": 0.0, ""delta_17"": 0.0, ""delta_18"": 0.0, ""delta_19"": -19.0, ""delta_2"": 0.0, ""delta_20"": 146.0, ""delta_21"": 0.0, ""delta_3"": null, ""delta_4"": 0.0, ""delta_5"": 0.0, ""delta_6"": 0.0, ""delta_7"": 0.0, ""delta_8"": 0.0, ""delta_9"": 0.0, ""door_leading_lower_asym_delta"": 0.0, ""door_leading_upper_asym_delta"": 0.0, ""door_trailing_lower_asym_delta"": 0.0, ""door_trailing_upper_asym_delta"": 0.0, ""firewall_side_asym_delta"": 0.0, ""front_bumper_left_delta"": 146.0, ""front_bumper_right_delta"": -19.0, ""front_engine_block_delta"": 0.0, ""front_engine_front_delta"": 0.0, ""front_firewall_center_delta"": null, ""front_firewall_left_delta"": 0.0, ""front_firewall_right_delta"": 0.0, ""front_left_right_asym_delta"": 165.0, ""front_left_right_bumper_asymmetry"": 165.0, ""front_structural_delta"": 0.0, ""front_structural_delta_median"": 0.0, ""front_total_length_shortening"": 114.0, ""rear_total_length_shortening"": null, ""total_length_shortening"": 114.0}",114.0,0.0,165.0,,32.07,closingSpeed,8.908333333333333,68605.33920138888,1729.0,1649.0,4418.0,1772.0,2650.0,1179.0,32.07,32.07,270.0,0.0,0.0,285.0,0.0,0.0,NOT APPLICABLE,DIRECT ENGAGEMENT,NOT APPLICABLE,VTP
752,8073,905,1,side,subject_vehicle,C_MaxOnly,FORD,FUSION HYBRID,2013,FOUR DOOR SEDAN,09LPAN3,1,285.0,3000.0,68.0,396.0,0.0,0.0,0.0,0.0,0.0,0.0,0.0,0.0,0.0,0.0,,,,0.6142506142506142,0.0,0.2159214830970556,0.0,0.027846027846027847,"{""a_pillar_base_asym_delta"": 0.0, ""delta_1"": 146.0, ""delta_10"": 0.0, ""delta_11"": 0.0, ""delta_12"": 0.0, ""delta_13"": 0.0, ""delta_14"": 0.0, ""delta_15"": 0.0, ""delta_16"": 0.0, ""delta_17"": 0.0, ""delta_18"": 0.0, ""delta_19"": -12.0, ""delta_2"": 0.0, ""delta_20"": 170.0, ""delta_21"": 0.0, ""delta_3"": null, ""delta_4"": 0.0, ""delta_5"": 0.0, ""delta_6"": 0.0, ""delta_7"": 0.0, ""delta_8"": 0.0, ""delta_9"": 0.0, ""door_leading_lower_asym_delta"": 0.0, ""door_leading_upper_asym_delta"": 0.0, ""door_trailing_lower_asym_delta"": 0.0, ""door_trailing_upper_asym_delta"": 0.0, ""firewall_side_asym_delta"": 0.0, ""front_bumper_left_delta"": 170.0, ""front_bumper_right_delta"": -12.0, ""front_engine_block_delta"": 0.0, ""front_engine_front_delta"": 0.0, ""front_firewall_center_delta"": null, ""front_firewall_left_delta"": 0.0, ""front_firewall_right_delta"": 0.0, ""front_left_right_asym_delta"": 182.0, ""front_left_right_bumper_asymmetry"": 182.0, ""front_structural_delta"": 0.0, ""front_structural_delta_median"": 0.0, ""front_total_length_shortening"": 146.0, ""rear_total_length_shortening"": null, ""total_length_shortening"": 146.0}",146.0,0.0,182.0,,32.01,closingSpeed,8.891666666666666,69969.63645833332,1770.0,1680.0,4884.0,1834.0,2840.0,1236.0,32.01,32.01,270.0,0.0,0.0,285.0,0.0,0.0,NOT APPLICABLE,DIRECT ENGAGEMENT,NOT APPLICABLE,VTP
757,8075,911,1,side,subject_vehicle,C_MaxOnly,MERCEDES,C-CLASS,2013,FOUR DOOR SEDAN,09LPEW2,1,285.0,2850.0,50.0,408.0,0.0,0.0,0.0,0.0,0.0,0.0,0.0,0.0,0.0,0.0,,,,0.6226786104435219,0.0,0.22960045019696118,0.0,0.021848372296263928,"{""a_pillar_base_asym_delta"": 0.0, ""delta_1"": 0.0, ""delta_10"": 0.0, ""delta_11"": 0.0, ""delta_12"": 0.0, ""delta_13"": 0.0, ""delta_14"": 0.0, ""delta_15"": 0.0, ""delta_16"": 0.0, ""delta_17"": 0.0, ""delta_18"": 0.0, ""delta_19"": 0.0, ""delta_2"": 0.0, ""delta_20"": 0.0, ""delta_21"": 0.0, ""delta_3"": null, ""delta_4"": 0.0, ""delta_5"": 0.0, ""delta_6"": 0.0, ""delta_7"": 0.0, ""delta_8"": 0.0, ""delta_9"": 0.0, ""door_leading_lower_asym_delta"": 0.0, ""door_leading_upper_asym_delta"": 0.0, ""door_trailing_lower_asym_delta"": 0.0, ""door_trailing_upper_asym_delta"": 0.0, ""firewall_side_asym_delta"": 0.0, ""front_bumper_left_delta"": 0.0, ""front_bumper_right_delta"": 0.0, ""front_engine_block_delta"": 0.0, ""front_engine_front_delta"": 0.0, ""front_firewall_center_delta"": null, ""front_firewall_left_delta"": 0.0, ""front_firewall_right_delta"": 0.0, ""front_left_right_asym_delta"": 0.0, ""front_left_right_bumper_asymmetry"": 0.0, ""front_structural_delta"": 0.0, ""front_structural_delta_median"": 0.0, ""front_total_length_shortening"": 0.0, ""rear_total_length_shortening"": null, ""total_length_shortening"": 0.0}",0.0,0.0,0.0,,31.56,closingSpeed,8.766666666666666,63212.78055555554,1645.0,1561.0,4577.0,1777.0,2762.0,1321.0,31.56,31.56,270.0,0.0,60.0,285.0,0.0,0.0,NOT APPLICABLE,DIRECT ENGAGEMENT,DIRECT ENGAGEMENT,VTP
759,8078,914,2,side_impactor,subject_vehicle,C_MaxOnly,FORD,FUSION HYBRID,2013,FOUR DOOR SEDAN,03LPAW2,1,297.0,3450.0,0.0,268.0,0.0,0.0,0.0,0.0,0.0,0.0,0.0,0.0,0.0,0.0,,,,0.7063882063882064,0.0,0.14612868047982552,0.0,0.0,"{""a_pillar_base_asym_delta"": 0.0, ""delta_1"": 7.0, ""delta_10"": 0.0, ""delta_11"": 0.0, ""delta_12"": 0.0, ""delta_13"": 0.0, ""delta_14"": 0.0, ""delta_15"": 0.0, ""delta_16"": 0.0, ""delta_17"": 0.0, ""delta_18"": 0.0, ""delta_19"": -3.0, ""delta_2"": 0.0, ""delta_20"": 15.0, ""delta_21"": 0.0, ""delta_3"": null, ""delta_4"": 0.0, ""delta_5"": 0.0, ""delta_6"": 0.0, ""delta_7"": 0.0, ""delta_8"": 0.0, ""delta_9"": 0.0, ""door_leading_lower_asym_delta"": 0.0, ""door_leading_upper_asym_delta"": 0.0, ""door_trailing_lower_asym_delta"": 0.0, ""door_trailing_upper_asym_delta"": 0.0, ""firewall_side_asym_delta"": 0.0, ""front_bumper_left_delta"": 15.0, ""front_bumper_right_delta"": -3.0, ""front_engine_block_delta"": 0.0, ""front_engine_front_delta"": 0.0, ""front_firewall_center_delta"": null, ""front_firewall_left_delta"": 0.0, ""front_firewall_right_delta"": 0.0, ""front_left_right_asym_delta"": 18.0, ""front_left_right_bumper_asymmetry"": 18.0, ""front_structural_delta"": 0.0, ""front_structural_delta_median"": 0.0, ""front_total_length_shortening"": 7.0, ""rear_total_length_shortening"": null, ""total_length_shortening"": 7.0}",7.0,0.0,18.0,,62.16,closingSpeed,17.266666666666666,274883.03111111105,1844.0,1676.0,4884.0,1834.0,2840.0,1253.0,62.16,0.0,270.0,0.0,-60.0,0.0,27.0,0.0,NOT APPLICABLE,DIRECT ENGAGEMENT,NOT APPLICABLE,ITV
775,8083,935,1,side,subject_vehicle,C_MaxOnly,FORD,FOCUS BEV,2013,FIVE DOOR HATCHBACK,09LPEW2,1,285.0,2700.0,258.0,456.0,0.0,0.0,0.0,0.0,0.0,0.0,0.0,0.0,0.0,0.0,,,,0.6324666198172875,0.0,0.25617977528089886,0.0,0.12087139845397049,"{""a_pillar_base_asym_delta"": 0.0, ""delta_1"": 0.0, ""delta_10"": 0.0, ""delta_11"": 0.0, ""delta_12"": 0.0, ""delta_13"": 0.0, ""delta_14"": 0.0, ""delta_15"": 0.0, ""delta_16"": 0.0, ""delta_17"": 0.0, ""delta_18"": 0.0, ""delta_19"": 0.0, ""delta_2"": 0.0, ""delta_20"": 0.0, ""delta_21"": 0.0, ""delta_3"": null, ""delta_4"": 0.0, ""delta_5"": 0.0, ""delta_6"": 0.0, ""delta_7"": 0.0, ""delta_8"": 0.0, ""delta_9"": 0.0, ""door_leading_lower_asym_delta"": 0.0, ""door_leading_upper_asym_delta"": 0.0, ""door_trailing_lower_asym_delta"": 0.0, ""door_trailing_upper_asym_delta"": 0.0, ""firewall_side_asym_delta"": 0.0, ""front_bumper_left_delta"": 0.0, ""front_bumper_right_delta"": 0.0, ""front_engine_block_delta"": 0.0, ""front_engine_front_delta"": 0.0, ""front_firewall_center_delta"": null, ""front_firewall_left_delta"": 0.0, ""front_firewall_right_delta"": 0.0, ""front_left_right_asym_delta"": 0.0, ""front_left_right_bumper_asymmetry"": 0.0, ""front_structural_delta"": 0.0, ""front_structural_delta_median"": 0.0, ""front_total_length_shortening"": 0.0, ""rear_total_length_shortening"": null, ""total_length_shortening"": 0.0}",0.0,0.0,0.0,,32.51,closingSpeed,9.030555555555555,70174.57839891974,1721.0,1645.0,4269.0,1780.0,2649.0,1351.0,32.51,32.51,270.0,0.0,283.0,285.0,0.0,0.0,NOT APPLICABLE,DIRECT ENGAGEMENT,DIRECT ENGAGEMENT,VTP
777,8092,938,2,side_impactor,subject_vehicle,C_MaxOnly,MERCEDES,ML350,2013,UTILITY VEHICLE,03LPAW2,1,297.0,4050.0,0.0,202.0,0.0,0.0,0.0,0.0,0.0,0.0,0.0,0.0,0.0,0.0,,,,0.8425213230705222,0.0,0.10542797494780794,0.0,0.0,"{""a_pillar_base_asym_delta"": 0.0, ""delta_1"": 43.0, ""delta_10"": 0.0, ""delta_11"": 0.0, ""delta_12"": 0.0, ""delta_13"": 0.0, ""delta_14"": 0.0, ""delta_15"": 0.0, ""delta_16"": 0.0, ""delta_17"": 0.0, ""delta_18"": 0.0, ""delta_19"": -3.0, ""delta_2"": 0.0, ""delta_20"": 6.0, ""delta_21"": 0.0, ""delta_3"": null, ""delta_4"": 0.0, ""delta_5"": 0.0, ""delta_6"": 0.0, ""delta_7"": 0.0, ""delta_8"": 0.0, ""delta_9"": 0.0, ""door_leading_lower_asym_delta"": 0.0, ""door_leading_upper_asym_delta"": 0.0, ""door_trailing_lower_asym_delta"": 0.0, ""door_trailing_upper_asym_delta"": 0.0, ""firewall_side_asym_delta"": 0.0, ""front_bumper_left_delta"": 6.0, ""front_bumper_right_delta"": -3.0, ""front_engine_block_delta"": 0.0, ""front_engine_front_delta"": 0.0, ""front_firewall_center_delta"": null, ""front_firewall_left_delta"": 0.0, ""front_firewall_right_delta"": 0.0, ""front_left_right_asym_delta"": 9.0, ""front_left_right_bumper_asymmetry"": 9.0, ""front_structural_delta"": 0.0, ""front_structural_delta_median"": 0.0, ""front_total_length_shortening"": 43.0, ""rear_total_length_shortening"": null, ""total_length_shortening"": 43.0}",43.0,0.0,9.0,,62.16,closingSpeed,17.266666666666666,354933.02444444445,2381.0,2123.0,4807.0,1916.0,2915.0,1548.0,62.16,0.0,270.0,0.0,-207.0,0.0,27.0,0.0,NOT APPLICABLE,DIRECT ENGAGEMENT,NOT APPLICABLE,ITV
781,8093,943,1,side,subject_vehicle,C_MaxOnly,NISSAN,SENTRA,2013,FOUR DOOR SEDAN,09LPEW2,1,285.0,2850.0,127.0,440.0,0.0,0.0,0.0,0.0,0.0,0.0,0.0,0.0,0.0,0.0,,,,0.6171502815071459,0.0,0.2511415525114155,0.0,0.055002165439584236,"{""a_pillar_base_asym_delta"": 0.0, ""delta_1"": 0.0, ""delta_10"": 0.0, ""delta_11"": 0.0, ""delta_12"": 0.0, ""delta_13"": 0.0, ""delta_14"": 0.0, ""delta_15"": 0.0, ""delta_16"": 0.0, ""delta_17"": 0.0, ""delta_18"": 0.0, ""delta_19"": 0.0, ""delta_2"": 0.0, ""delta_20"": 0.0, ""delta_21"": 0.0, ""delta_3"": null, ""delta_4"": 0.0, ""delta_5"": 0.0, ""delta_6"": 0.0, ""delta_7"": 0.0, ""delta_8"": 0.0, ""delta_9"": 0.0, ""door_leading_lower_asym_delta"": 0.0, ""door_leading_upper_asym_delta"": 0.0, ""door_trailing_lower_asym_delta"": 0.0, ""door_trailing_upper_asym_delta"": 0.0, ""firewall_side_asym_delta"": 0.0, ""front_bumper_left_delta"": 0.0, ""front_bumper_right_delta"": 0.0, ""front_engine_block_delta"": 0.0, ""front_engine_front_delta"": 0.0, ""front_firewall_center_delta"": null, ""front_firewall_left_delta"": 0.0, ""front_firewall_right_delta"": 0.0, ""front_left_right_asym_delta"": 0.0, ""front_left_right_bumper_asymmetry"": 0.0, ""front_structural_delta"": 0.0, ""front_structural_delta_median"": 0.0, ""front_total_length_shortening"": 0.0, ""rear_total_length_shortening"": null, ""total_length_shortening"": 0.0}",0.0,0.0,0.0,,32.14,closingSpeed,8.927777777777777,55275.56733024691,1387.0,1294.0,4618.0,1752.0,2700.0,1128.0,32.14,32.14,270.0,0.0,133.0,285.0,0.0,0.0,NOT APPLICABLE,DIRECT ENGAGEMENT,DIRECT ENGAGEMENT,VTP
789,8098,953,1,side,subject_vehicle,C_MaxOnly,HONDA,ACCORD,2013,TWO DOOR COUPE,09LPEW2,1,285.0,2850.0,-31.0,376.0,0.0,0.0,0.0,0.0,0.0,0.0,0.0,0.0,0.0,0.0,,,,0.5935027072053312,0.0,0.2037940379403794,0.0,-0.012911286963765098,"{""a_pillar_base_asym_delta"": 0.0, ""delta_1"": 0.0, ""delta_10"": 0.0, ""delta_11"": 0.0, ""delta_12"": 0.0, ""delta_13"": 0.0, ""delta_14"": 0.0, ""delta_15"": 0.0, ""delta_16"": 0.0, ""delta_17"": 0.0, ""delta_18"": 0.0, ""delta_19"": 0.0, ""delta_2"": 0.0, ""delta_20"": 0.0, ""delta_21"": 0.0, ""delta_3"": null, ""delta_4"": 0.0, ""delta_5"": 0.0, ""delta_6"": 0.0, ""delta_7"": 0.0, ""delta_8"": 0.0, ""delta_9"": 0.0, ""door_leading_lower_asym_delta"": 0.0, ""door_leading_upper_asym_delta"": 0.0, ""door_trailing_lower_asym_delta"": 0.0, ""door_trailing_upper_asym_delta"": 0.0, ""firewall_side_asym_delta"": 0.0, ""front_bumper_left_delta"": 0.0, ""front_bumper_right_delta"": 0.0, ""front_engine_block_delta"": 0.0, ""front_engine_front_delta"": 0.0, ""front_firewall_center_delta"": null, ""front_firewall_left_delta"": 0.0, ""front_firewall_right_delta"": 0.0, ""front_left_right_asym_delta"": 0.0, ""front_left_right_bumper_asymmetry"": 0.0, ""front_structural_delta"": 0.0, ""front_structural_delta_median"": 0.0, ""front_total_length_shortening"": 0.0, ""rear_total_length_shortening"": null, ""total_length_shortening"": 0.0}",0.0,0.0,0.0,,32.08,closingSpeed,8.91111111111111,63446.91308641973,1598.0,1511.0,4802.0,1845.0,2726.0,1106.0,32.08,32.08,270.0,0.0,-25.0,285.0,0.0,0.0,NOT APPLICABLE,DIRECT ENGAGEMENT,DIRECT ENGAGEMENT,VTP
792,8101,957,2,side_impactor,subject_vehicle,C_MaxOnly,TOYOTA,AVALON,2013,FOUR DOOR SEDAN,03LPAW2,1,297.0,3900.0,0.0,267.0,0.0,0.0,0.0,0.0,0.0,0.0,0.0,0.0,0.0,0.0,,,,0.7866075030254135,0.0,0.14566284779050737,0.0,0.0,"{""a_pillar_base_asym_delta"": 0.0, ""delta_1"": 5.0, ""delta_10"": 0.0, ""delta_11"": 0.0, ""delta_12"": 0.0, ""delta_13"": 0.0, ""delta_14"": 0.0, ""delta_15"": 0.0, ""delta_16"": 0.0, ""delta_17"": 0.0, ""delta_18"": 0.0, ""delta_19"": -3.0, ""delta_2"": 0.0, ""delta_20"": 25.0, ""delta_21"": 0.0, ""delta_3"": null, ""delta_4"": 0.0, ""delta_5"": 0.0, ""delta_6"": 0.0, ""delta_7"": 0.0, ""delta_8"": 0.0, ""delta_9"": 0.0, ""door_leading_lower_asym_delta"": 0.0, ""door_leading_upper_asym_delta"": 0.0, ""door_trailing_lower_asym_delta"": 0.0, ""door_trailing_upper_asym_delta"": 0.0, ""firewall_side_asym_delta"": 0.0, ""front_bumper_left_delta"": 25.0, ""front_bumper_right_delta"": -3.0, ""front_engine_block_delta"": 0.0, ""front_engine_front_delta"": 0.0, ""front_firewall_center_delta"": null, ""front_firewall_left_delta"": 0.0, ""front_firewall_right_delta"": 0.0, ""front_left_right_asym_delta"": 28.0, ""front_left_right_bumper_asymmetry"": 28.0, ""front_structural_delta"": 0.0, ""front_structural_delta_median"": 0.0, ""front_total_length_shortening"": 5.0, ""rear_total_length_shortening"": null, ""total_length_shortening"": 5.0}",5.0,0.0,28.0,,62.28,closingSpeed,17.3,265470.23000000004,1774.0,1575.0,4958.0,1833.0,2810.0,1202.0,62.28,0.0,270.0,0.0,-113.0,0.0,27.0,0.0,NOT APPLICABLE,DIRECT ENGAGEMENT,NOT APPLICABLE,ITV
796,8103,963,1,side,subject_vehicle,C_MaxOnly,TOYOTA,AVALON,2013,FOUR DOOR SEDAN,09LPAN3,1,285.0,3900.0,69.0,430.0,0.0,0.0,0.0,0.0,0.0,0.0,0.0,0.0,0.0,0.0,,,,0.7866075030254135,0.0,0.23458810692853246,0.0,0.027833803953206938,"{""a_pillar_base_asym_delta"": 0.0, ""delta_1"": 0.0, ""delta_10"": 0.0, ""delta_11"": 0.0, ""delta_12"": 0.0, ""delta_13"": 0.0, ""delta_14"": 0.0, ""delta_15"": 0.0, ""delta_16"": 0.0, ""delta_17"": 0.0, ""delta_18"": 0.0, ""delta_19"": -15.0, ""delta_2"": 0.0, ""delta_20"": 150.0, ""delta_21"": 0.0, ""delta_3"": null, ""delta_4"": 0.0, ""delta_5"": 0.0, ""delta_6"": 0.0, ""delta_7"": 0.0, ""delta_8"": 0.0, ""delta_9"": 0.0, ""door_leading_lower_asym_delta"": 0.0, ""door_leading_upper_asym_delta"": 0.0, ""door_trailing_lower_asym_delta"": 0.0, ""door_trailing_upper_asym_delta"": 0.0, ""firewall_side_asym_delta"": 0.0, ""front_bumper_left_delta"": 150.0, ""front_bumper_right_delta"": -15.0, ""front_engine_block_delta"": 0.0, ""front_engine_front_delta"": 0.0, ""front_firewall_center_delta"": null, ""front_firewall_left_delta"": 0.0, ""front_firewall_right_delta"": 0.0, ""front_left_right_asym_delta"": 165.0, ""front_left_right_bumper_asymmetry"": 165.0, ""front_structural_delta"": 0.0, ""front_structural_delta_median"": 0.0, ""front_total_length_shortening"": 0.0, ""rear_total_length_shortening"": null, ""total_length_shortening"": 0.0}",0.0,0.0,165.0,,32.11,closingSpeed,8.919444444444444,67265.01161651235,1691.0,1570.0,4958.0,1833.0,2810.0,1166.0,32.11,32.11,270.0,0.0,0.0,285.0,0.0,0.0,NOT APPLICABLE,DIRECT ENGAGEMENT,NOT APPLICABLE,VTP
799,8105,967,2,side_impactor,subject_vehicle,C_MaxOnly,MAZDA,CX-9,2013,UTILITY VEHICLE,09LPEW2,1,270.0,1650.0,-131.0,273.0,0.0,0.0,0.0,0.0,0.0,0.0,0.0,0.0,0.0,0.0,,,,0.323846908734053,0.0,0.14101239669421486,0.0,-0.05142296368989205,"{""a_pillar_base_asym_delta"": 0.0, ""delta_1"": 0.0, ""delta_10"": 0.0, ""delta_11"": 0.0, ""delta_12"": 0.0, ""delta_13"": 0.0, ""delta_14"": 0.0, ""delta_15"": 0.0, ""delta_16"": 0.0, ""delta_17"": 0.0, ""delta_18"": 0.0, ""delta_19"": 0.0, ""delta_2"": 0.0, ""delta_20"": 0.0, ""delta_21"": 0.0, ""delta_3"": null, ""delta_4"": 0.0, ""delta_5"": 0.0, ""delta_6"": 0.0, ""delta_7"": 0.0, ""delta_8"": 0.0, ""delta_9"": 0.0, ""door_leading_lower_asym_delta"": 0.0, ""door_leading_upper_asym_delta"": 0.0, ""door_trailing_lower_asym_delta"": 0.0, ""door_trailing_upper_asym_delta"": 0.0, ""firewall_side_asym_delta"": 0.0, ""front_bumper_left_delta"": 0.0, ""front_bumper_right_delta"": 0.0, ""front_engine_block_delta"": 0.0, ""front_engine_front_delta"": 0.0, ""front_firewall_center_delta"": null, ""front_firewall_left_delta"": 0.0, ""front_firewall_right_delta"": 0.0, ""front_left_right_asym_delta"": 0.0, ""front_left_right_bumper_asymmetry"": 0.0, ""front_structural_delta"": 0.0, ""front_structural_delta_median"": 0.0, ""front_total_length_shortening"": 0.0, ""rear_total_length_shortening"": null, ""total_length_shortening"": 0.0}",0.0,0.0,0.0,,61.62,closingSpeed,17.116666666666667,306896.8409722222,2095.0,1912.0,5095.0,1936.0,2875.0,1285.0,61.62,0.0,270.0,0.0,-148.0,0.0,0.0,0.0,NOT APPLICABLE,NO DIRECT ENGAGEMENT,DIRECT ENGAGEMENT,ITV
802,8107,970,1,side,subject_vehicle,C_MaxOnly,MAZDA,CX-9,2013,UTILITY VEHICLE,10LPAN3,1,285.0,254.0,105.0,437.0,0.0,0.0,0.0,0.0,0.0,0.0,0.0,0.0,0.0,0.0,,,,0.049843014128728415,0.0,0.2223918575063613,0.0,0.04120879120879121,"{""a_pillar_base_asym_delta"": 0.0, ""delta_1"": 0.0, ""delta_10"": 0.0, ""delta_11"": 0.0, ""delta_12"": 0.0, ""delta_13"": 0.0, ""delta_14"": 0.0, ""delta_15"": 0.0, ""delta_16"": 0.0, ""delta_17"": 0.0, ""delta_18"": 0.0, ""delta_19"": 0.0, ""delta_2"": 0.0, ""delta_20"": 0.0, ""delta_21"": 0.0, ""delta_3"": null, ""delta_4"": 0.0, ""delta_5"": 0.0, ""delta_6"": 0.0, ""delta_7"": 0.0, ""delta_8"": 0.0, ""delta_9"": 0.0, ""door_leading_lower_asym_delta"": 0.0, ""door_leading_upper_asym_delta"": 0.0, ""door_trailing_lower_asym_delta"": 0.0, ""door_trailing_upper_asym_delta"": 0.0, ""firewall_side_asym_delta"": 0.0, ""front_bumper_left_delta"": 0.0, ""front_bumper_right_delta"": 0.0, ""front_engine_block_delta"": 0.0, ""front_engine_front_delta"": 0.0, ""front_firewall_center_delta"": null, ""front_firewall_left_delta"": 0.0, ""front_firewall_right_delta"": 0.0, ""front_left_right_asym_delta"": 0.0, ""front_left_right_bumper_asymmetry"": 0.0, ""front_structural_delta"": 0.0, ""front_structural_delta_median"": 0.0, ""front_total_length_shortening"": 0.0, ""rear_total_length_shortening"": null, ""total_length_shortening"": 0.0}",0.0,0.0,0.0,,32.19,closingSpeed,8.941666666666666,82112.14465277777,2054.0,1949.0,5096.0,1965.0,2875.0,1213.0,32.19,32.19,270.0,0.0,-45.0,285.0,0.0,75.0,NOT APPLICABLE,DIRECT ENGAGEMENT,NO DIRECT ENGAGEMENT,VTP
805,8110,975,1,side,subject_vehicle,C_MaxOnly,TOYOTA,PRIUS V,2013,STATION WAGON,09LPEW2,1,285.0,3150.0,190.0,434.0,0.0,0.0,0.0,0.0,0.0,0.0,0.0,0.0,0.0,0.0,,,,0.6837421315389625,0.0,0.24589235127478754,0.0,0.0824831777729542,"{""a_pillar_base_asym_delta"": 0.0, ""delta_1"": 0.0, ""delta_10"": 0.0, ""delta_11"": 0.0, ""delta_12"": 0.0, ""delta_13"": 0.0, ""delta_14"": 0.0, ""delta_15"": 0.0, ""delta_16"": 0.0, ""delta_17"": 0.0, ""delta_18"": 0.0, ""delta_19"": 0.0, ""delta_2"": 0.0, ""delta_20"": 0.0, ""delta_21"": 0.0, ""delta_3"": null, ""delta_4"": 0.0, ""delta_5"": 0.0, ""delta_6"": 0.0, ""delta_7"": 0.0, ""delta_8"": 0.0, ""delta_9"": 0.0, ""door_leading_lower_asym_delta"": 0.0, ""door_leading_upper_asym_delta"": 0.0, ""door_trailing_lower_asym_delta"": 0.0, ""door_trailing_upper_asym_delta"": 0.0, ""firewall_side_asym_delta"": 0.0, ""front_bumper_left_delta"": 0.0, ""front_bumper_right_delta"": 0.0, ""front_engine_block_delta"": 0.0, ""front_engine_front_delta"": 0.0, ""front_firewall_center_delta"": null, ""front_firewall_left_delta"": 0.0, ""front_firewall_right_delta"": 0.0, ""front_left_right_asym_delta"": 0.0, ""front_left_right_bumper_asymmetry"": 0.0, ""front_structural_delta"": 0.0, ""front_structural_delta_median"": 0.0, ""front_total_length_shortening"": 0.0, ""rear_total_length_shortening"": null, ""total_length_shortening"": 0.0}",0.0,0.0,0.0,,31.67,closingSpeed,8.797222222222222,62918.97960648149,1626.0,1514.0,4607.0,1765.0,2782.0,1214.0,31.67,31.67,270.0,0.0,191.0,285.0,0.0,0.0,NOT APPLICABLE,DIRECT ENGAGEMENT,DIRECT ENGAGEMENT,VTP
875,8148,1049,1,side,subject_vehicle,C_MaxOnly,TOYOTA,PRIUS C,2013,FIVE DOOR HATCHBACK,09LPEW2,1,285.0,2700.0,27.0,370.0,0.0,0.0,0.0,0.0,0.0,0.0,0.0,0.0,0.0,0.0,,,,0.7325013564839935,0.0,0.2201070791195717,0.0,0.01465002712967987,"{""a_pillar_base_asym_delta"": 0.0, ""delta_1"": 0.0, ""delta_10"": 0.0, ""delta_11"": 0.0, ""delta_12"": 0.0, ""delta_13"": 0.0, ""delta_14"": 0.0, ""delta_15"": 0.0, ""delta_16"": 0.0, ""delta_17"": 0.0, ""delta_18"": 0.0, ""delta_19"": 0.0, ""delta_2"": 0.0, ""delta_20"": 0.0, ""delta_21"": 0.0, ""delta_3"": null, ""delta_4"": 0.0, ""delta_5"": 0.0, ""delta_6"": 0.0, ""delta_7"": 0.0, ""delta_8"": 0.0, ""delta_9"": 0.0, ""door_leading_lower_asym_delta"": 0.0, ""door_leading_upper_asym_delta"": 0.0, ""door_trailing_lower_asym_delta"": 0.0, ""door_trailing_upper_asym_delta"": 0.0, ""firewall_side_asym_delta"": 0.0, ""front_bumper_left_delta"": 0.0, ""front_bumper_right_delta"": 0.0, ""front_engine_block_delta"": 0.0, ""front_engine_front_delta"": 0.0, ""front_firewall_center_delta"": null, ""front_firewall_left_delta"": 0.0, ""front_firewall_right_delta"": 0.0, ""front_left_right_asym_delta"": 0.0, ""front_left_right_bumper_asymmetry"": 0.0, ""front_structural_delta"": 0.0, ""front_structural_delta_median"": 0.0, ""front_total_length_shortening"": 0.0, ""rear_total_length_shortening"": null, ""total_length_shortening"": 0.0}",0.0,0.0,0.0,,32.43,closingSpeed,9.008333333333333,49501.542361111104,1220.0,1141.0,3686.0,1681.0,2547.0,1037.0,32.43,32.43,270.0,0.0,27.0,285.0,0.0,0.0,NOT APPLICABLE,DIRECT ENGAGEMENT,DIRECT ENGAGEMENT,VTP
884,8150,1060,2,side_impactor,subject_vehicle,C_MaxOnly,FORD,CMAX ENERGI,2013,FIVE DOOR HATCHBACK,03LPAW2,1,297.0,3150.0,0.0,184.0,0.0,0.0,0.0,0.0,0.0,0.0,0.0,0.0,0.0,0.0,,,,0.7142857142857143,0.0,0.1038374717832957,0.0,0.0,"{""a_pillar_base_asym_delta"": 0.0, ""delta_1"": 16.0, ""delta_10"": 0.0, ""delta_11"": 0.0, ""delta_12"": 0.0, ""delta_13"": 0.0, ""delta_14"": 0.0, ""delta_15"": 0.0, ""delta_16"": 0.0, ""delta_17"": 0.0, ""delta_18"": 0.0, ""delta_19"": 1.0, ""delta_2"": 0.0, ""delta_20"": 22.0, ""delta_21"": 0.0, ""delta_3"": null, ""delta_4"": 0.0, ""delta_5"": 0.0, ""delta_6"": 0.0, ""delta_7"": 0.0, ""delta_8"": 0.0, ""delta_9"": 0.0, ""door_leading_lower_asym_delta"": 0.0, ""door_leading_upper_asym_delta"": 0.0, ""door_trailing_lower_asym_delta"": 0.0, ""door_trailing_upper_asym_delta"": 0.0, ""firewall_side_asym_delta"": 0.0, ""front_bumper_left_delta"": 22.0, ""front_bumper_right_delta"": 1.0, ""front_engine_block_delta"": 0.0, ""front_engine_front_delta"": 0.0, ""front_firewall_center_delta"": null, ""front_firewall_left_delta"": 0.0, ""front_firewall_right_delta"": 0.0, ""front_left_right_asym_delta"": 21.0, ""front_left_right_bumper_asymmetry"": 21.0, ""front_structural_delta"": 0.0, ""front_structural_delta_median"": 0.0, ""front_total_length_shortening"": 16.0, ""rear_total_length_shortening"": null, ""total_length_shortening"": 16.0}",16.0,0.0,21.0,,62.22,closingSpeed,17.28333333333333,287661.20749999996,1926.0,1770.0,4410.0,1772.0,2648.0,1241.0,62.22,0.0,270.0,0.0,25.0,0.0,27.0,0.0,NOT APPLICABLE,DIRECT ENGAGEMENT,NOT APPLICABLE,ITV
888,8152,1064,1,side,subject_vehicle,C_MaxOnly,FORD,CMAX ENERGI,2013,FIVE DOOR HATCHBACK,09LPAN3,1,285.0,2850.0,101.0,393.0,0.0,0.0,0.0,0.0,0.0,0.0,0.0,0.0,0.0,0.0,,,,0.6462585034013606,0.0,0.22178329571106095,0.0,0.04580498866213152,"{""a_pillar_base_asym_delta"": 0.0, ""delta_1"": 150.0, ""delta_10"": 0.0, ""delta_11"": 0.0, ""delta_12"": 0.0, ""delta_13"": 0.0, ""delta_14"": 0.0, ""delta_15"": 0.0, ""delta_16"": 0.0, ""delta_17"": 0.0, ""delta_18"": 0.0, ""delta_19"": -12.0, ""delta_2"": 0.0, ""delta_20"": 171.0, ""delta_21"": 0.0, ""delta_3"": null, ""delta_4"": 0.0, ""delta_5"": 0.0, ""delta_6"": 0.0, ""delta_7"": 0.0, ""delta_8"": 0.0, ""delta_9"": 0.0, ""door_leading_lower_asym_delta"": 0.0, ""door_leading_upper_asym_delta"": 0.0, ""door_trailing_lower_asym_delta"": 0.0, ""door_trailing_upper_asym_delta"": 0.0, ""firewall_side_asym_delta"": 0.0, ""front_bumper_left_delta"": 171.0, ""front_bumper_right_delta"": -12.0, ""front_engine_block_delta"": 0.0, ""front_engine_front_delta"": 0.0, ""front_firewall_center_delta"": null, ""front_firewall_left_delta"": 0.0, ""front_firewall_right_delta"": 0.0, ""front_left_right_asym_delta"": 183.0, ""front_left_right_bumper_asymmetry"": 183.0, ""front_structural_delta"": 0.0, ""front_structural_delta_median"": 0.0, ""front_total_length_shortening"": 150.0, ""rear_total_length_shortening"": null, ""total_length_shortening"": 150.0}",150.0,0.0,183.0,,32.13,closingSpeed,8.925,73601.79750000002,1848.0,1769.0,4410.0,1772.0,2648.0,1202.0,32.13,32.13,270.0,0.0,0.0,285.0,0.0,0.0,NOT APPLICABLE,DIRECT ENGAGEMENT,NOT APPLICABLE,VTP
902,8180,1080,1,side,subject_vehicle,C_MaxOnly,HONDA,CIVIC,2013,TWO DOOR COUPE,09LPEW2,1,285.0,2850.0,-35.0,352.0,0.0,0.0,0.0,0.0,0.0,0.0,0.0,0.0,0.0,0.0,,,,0.6424706943192064,0.0,0.2018348623853211,0.0,-0.015779981965734897,"{""a_pillar_base_asym_delta"": 0.0, ""delta_1"": 0.0, ""delta_10"": 0.0, ""delta_11"": 0.0, ""delta_12"": 0.0, ""delta_13"": 0.0, ""delta_14"": 0.0, ""delta_15"": 0.0, ""delta_16"": 0.0, ""delta_17"": 0.0, ""delta_18"": 0.0, ""delta_19"": 0.0, ""delta_2"": 0.0, ""delta_20"": 0.0, ""delta_21"": 0.0, ""delta_3"": null, ""delta_4"": 0.0, ""delta_5"": 0.0, ""delta_6"": 0.0, ""delta_7"": 0.0, ""delta_8"": 0.0, ""delta_9"": 0.0, ""door_leading_lower_asym_delta"": 0.0, ""door_leading_upper_asym_delta"": 0.0, ""door_trailing_lower_asym_delta"": 0.0, ""door_trailing_upper_asym_delta"": 0.0, ""firewall_side_asym_delta"": 0.0, ""front_bumper_left_delta"": 0.0, ""front_bumper_right_delta"": 0.0, ""front_engine_block_delta"": 0.0, ""front_engine_front_delta"": 0.0, ""front_firewall_center_delta"": null, ""front_firewall_left_delta"": 0.0, ""front_firewall_right_delta"": 0.0, ""front_left_right_asym_delta"": 0.0, ""front_left_right_bumper_asymmetry"": 0.0, ""front_structural_delta"": 0.0, ""front_structural_delta_median"": 0.0, ""front_total_length_shortening"": 0.0, ""rear_total_length_shortening"": null, ""total_length_shortening"": 0.0}",0.0,0.0,0.0,,32.58,closingSpeed,9.049999999999999,55407.04124999998,1353.0,1264.0,4436.0,1744.0,2622.0,1049.0,32.58,32.58,270.0,0.0,-3.0,285.0,0.0,0.0,NOT APPLICABLE,DIRECT ENGAGEMENT,DIRECT ENGAGEMENT,VTP
909,8184,1088,2,side_impactor,subject_vehicle,C_MaxOnly,TOYOTA,RAV4,2013,UTILITY VEHICLE,03LPAW2,1,297.0,3450.0,0.0,232.0,0.0,0.0,0.0,0.0,0.0,0.0,0.0,0.0,0.0,0.0,,,,0.7549234135667396,0.0,0.12691466083150985,0.0,0.0,"{""a_pillar_base_asym_delta"": 0.0, ""delta_1"": 14.0, ""delta_10"": 0.0, ""delta_11"": 0.0, ""delta_12"": 0.0, ""delta_13"": 0.0, ""delta_14"": 0.0, ""delta_15"": 0.0, ""delta_16"": 0.0, ""delta_17"": 0.0, ""delta_18"": 0.0, ""delta_19"": 1.0, ""delta_2"": 0.0, ""delta_20"": 28.0, ""delta_21"": 0.0, ""delta_3"": null, ""delta_4"": 0.0, ""delta_5"": 0.0, ""delta_6"": 0.0, ""delta_7"": 0.0, ""delta_8"": 0.0, ""delta_9"": 0.0, ""door_leading_lower_asym_delta"": 0.0, ""door_leading_upper_asym_delta"": 0.0, ""door_trailing_lower_asym_delta"": 0.0, ""door_trailing_upper_asym_delta"": 0.0, ""firewall_side_asym_delta"": 0.0, ""front_bumper_left_delta"": 28.0, ""front_bumper_right_delta"": 1.0, ""front_engine_block_delta"": 0.0, ""front_engine_front_delta"": 0.0, ""front_firewall_center_delta"": null, ""front_firewall_left_delta"": 0.0, ""front_firewall_right_delta"": 0.0, ""front_left_right_asym_delta"": 27.0, ""front_left_right_bumper_asymmetry"": 27.0, ""front_structural_delta"": 0.0, ""front_structural_delta_median"": 0.0, ""front_total_length_shortening"": 14.0, ""rear_total_length_shortening"": null, ""total_length_shortening"": 14.0}",14.0,0.0,27.0,,62.44,closingSpeed,17.344444444444445,262925.20419753087,1748.0,1561.0,4570.0,1828.0,2664.0,1176.0,62.44,0.0,270.0,0.0,54.0,0.0,27.0,0.0,NOT APPLICABLE,DIRECT ENGAGEMENT,NOT APPLICABLE,ITV
910,8185,1090,2,side_impactor,subject_vehicle,C_MaxOnly,SUBARU,IMPREZA,2013,STATION WAGON,09LPEW2,1,270.0,1800.0,-136.0,229.0,0.0,0.0,0.0,0.0,0.0,0.0,0.0,0.0,0.0,0.0,,,,0.4072398190045249,0.0,0.13160919540229885,0.0,-0.06153846153846154,"{""a_pillar_base_asym_delta"": 0.0, ""delta_1"": 0.0, ""delta_10"": 0.0, ""delta_11"": 0.0, ""delta_12"": 0.0, ""delta_13"": 0.0, ""delta_14"": 0.0, ""delta_15"": 0.0, ""delta_16"": 0.0, ""delta_17"": 0.0, ""delta_18"": 0.0, ""delta_19"": 0.0, ""delta_2"": 0.0, ""delta_20"": 0.0, ""delta_21"": 0.0, ""delta_3"": null, ""delta_4"": 0.0, ""delta_5"": 0.0, ""delta_6"": 0.0, ""delta_7"": 0.0, ""delta_8"": 0.0, ""delta_9"": 0.0, ""door_leading_lower_asym_delta"": 0.0, ""door_leading_upper_asym_delta"": 0.0, ""door_trailing_lower_asym_delta"": 0.0, ""door_trailing_upper_asym_delta"": 0.0, ""firewall_side_asym_delta"": 0.0, ""front_bumper_left_delta"": 0.0, ""front_bumper_right_delta"": 0.0, ""front_engine_block_delta"": 0.0, ""front_engine_front_delta"": 0.0, ""front_firewall_center_delta"": null, ""front_firewall_left_delta"": 0.0, ""front_firewall_right_delta"": 0.0, ""front_left_right_asym_delta"": 0.0, ""front_left_right_bumper_asymmetry"": 0.0, ""front_structural_delta"": 0.0, ""front_structural_delta_median"": 0.0, ""front_total_length_shortening"": 0.0, ""rear_total_length_shortening"": null, ""total_length_shortening"": 0.0}",0.0,0.0,0.0,,62.02,closingSpeed,17.227777777777778,225120.01415123456,1517.0,1331.0,4420.0,1740.0,2655.0,1162.0,62.02,0.0,270.0,0.0,-167.0,0.0,0.0,0.0,NOT APPLICABLE,NO DIRECT ENGAGEMENT,DIRECT ENGAGEMENT,ITV
914,8190,1094,1,side,subject_vehicle,C_MaxOnly,TOYOTA,RAV4,2013,UTILITY VEHICLE,09LPAN3,1,285.0,3300.0,90.0,385.0,0.0,0.0,0.0,0.0,0.0,0.0,0.0,0.0,0.0,0.0,,,,0.7221006564551422,0.0,0.21061269146608316,0.0,0.03938730853391685,"{""a_pillar_base_asym_delta"": 0.0, ""delta_1"": 101.0, ""delta_10"": 0.0, ""delta_11"": 0.0, ""delta_12"": 0.0, ""delta_13"": 0.0, ""delta_14"": 0.0, ""delta_15"": 0.0, ""delta_16"": 0.0, ""delta_17"": 0.0, ""delta_18"": 0.0, ""delta_19"": 0.0, ""delta_2"": 0.0, ""delta_20"": 137.0, ""delta_21"": 0.0, ""delta_3"": null, ""delta_4"": 0.0, ""delta_5"": 0.0, ""delta_6"": 0.0, ""delta_7"": 0.0, ""delta_8"": 0.0, ""delta_9"": 0.0, ""door_leading_lower_asym_delta"": 0.0, ""door_leading_upper_asym_delta"": 0.0, ""door_trailing_lower_asym_delta"": 0.0, ""door_trailing_upper_asym_delta"": 0.0, ""firewall_side_asym_delta"": 0.0, ""front_bumper_left_delta"": 137.0, ""front_bumper_right_delta"": 0.0, ""front_engine_block_delta"": 0.0, ""front_engine_front_delta"": 0.0, ""front_firewall_center_delta"": null, ""front_firewall_left_delta"": 0.0, ""front_firewall_right_delta"": 0.0, ""front_left_right_asym_delta"": 137.0, ""front_left_right_bumper_asymmetry"": 137.0, ""front_structural_delta"": 0.0, ""front_structural_delta_median"": 0.0, ""front_total_length_shortening"": 101.0, ""rear_total_length_shortening"": null, ""total_length_shortening"": 101.0}",101.0,0.0,137.0,,32.24,closingSpeed,8.955555555555556,67048.8513580247,1672.0,1562.0,4570.0,1828.0,2664.0,1167.0,32.24,32.24,270.0,0.0,0.0,285.0,0.0,0.0,NOT APPLICABLE,DIRECT ENGAGEMENT,NOT APPLICABLE,VTP
932,8208,1115,1,side,subject_vehicle,C_MaxOnly,HONDA,CIVIC HYBRID,2013,FOUR DOOR SEDAN,09LPEW2,1,285.0,2850.0,57.0,395.0,0.0,0.0,0.0,0.0,0.0,0.0,0.0,0.0,0.0,0.0,,,,0.6308100929614874,0.0,0.22649082568807338,0.0,0.025232403718459494,"{""a_pillar_base_asym_delta"": 0.0, ""delta_1"": 0.0, ""delta_10"": 0.0, ""delta_11"": 0.0, ""delta_12"": 0.0, ""delta_13"": 0.0, ""delta_14"": 0.0, ""delta_15"": 0.0, ""delta_16"": 0.0, ""delta_17"": 0.0, ""delta_18"": 0.0, ""delta_19"": 0.0, ""delta_2"": 0.0, ""delta_20"": 0.0, ""delta_21"": 0.0, ""delta_3"": null, ""delta_4"": 0.0, ""delta_5"": 0.0, ""delta_6"": 0.0, ""delta_7"": 0.0, ""delta_8"": 0.0, ""delta_9"": 0.0, ""door_leading_lower_asym_delta"": 0.0, ""door_leading_upper_asym_delta"": 0.0, ""door_trailing_lower_asym_delta"": 0.0, ""door_trailing_upper_asym_delta"": 0.0, ""firewall_side_asym_delta"": 0.0, ""front_bumper_left_delta"": 0.0, ""front_bumper_right_delta"": 0.0, ""front_engine_block_delta"": 0.0, ""front_engine_front_delta"": 0.0, ""front_firewall_center_delta"": null, ""front_firewall_left_delta"": 0.0, ""front_firewall_right_delta"": 0.0, ""front_left_right_asym_delta"": 0.0, ""front_left_right_bumper_asymmetry"": 0.0, ""front_structural_delta"": 0.0, ""front_structural_delta_median"": 0.0, ""front_total_length_shortening"": 0.0, ""rear_total_length_shortening"": null, ""total_length_shortening"": 0.0}",0.0,0.0,0.0,,32.41,closingSpeed,9.002777777777776,56167.65534722221,1386.0,1301.0,4518.0,1744.0,2674.0,1144.0,32.41,32.41,270.0,0.0,77.0,285.0,0.0,0.0,NOT APPLICABLE,DIRECT ENGAGEMENT,DIRECT ENGAGEMENT,VTP
941,8211,1124,1,side,subject_vehicle,C_MaxOnly,BUICK,ENCORE,2013,UTILITY VEHICLE,09LPAN3,1,285.0,2700.0,-13.0,382.0,0.0,0.0,0.0,0.0,0.0,0.0,0.0,0.0,0.0,0.0,,,,0.6323185011709602,0.0,0.21878579610538373,0.0,-0.006088992974238876,"{""a_pillar_base_asym_delta"": 0.0, ""delta_1"": 72.0, ""delta_10"": 0.0, ""delta_11"": 0.0, ""delta_12"": 0.0, ""delta_13"": 0.0, ""delta_14"": 0.0, ""delta_15"": 0.0, ""delta_16"": 0.0, ""delta_17"": 0.0, ""delta_18"": 0.0, ""delta_19"": -25.0, ""delta_2"": 0.0, ""delta_20"": 71.0, ""delta_21"": 0.0, ""delta_3"": null, ""delta_4"": 0.0, ""delta_5"": 0.0, ""delta_6"": 0.0, ""delta_7"": 0.0, ""delta_8"": 0.0, ""delta_9"": 0.0, ""door_leading_lower_asym_delta"": 0.0, ""door_leading_upper_asym_delta"": 0.0, ""door_trailing_lower_asym_delta"": 0.0, ""door_trailing_upper_asym_delta"": 0.0, ""firewall_side_asym_delta"": 0.0, ""front_bumper_left_delta"": 71.0, ""front_bumper_right_delta"": -25.0, ""front_engine_block_delta"": 0.0, ""front_engine_front_delta"": 0.0, ""front_firewall_center_delta"": null, ""front_firewall_left_delta"": 0.0, ""front_firewall_right_delta"": 0.0, ""front_left_right_asym_delta"": 96.0, ""front_left_right_bumper_asymmetry"": 96.0, ""front_structural_delta"": 0.0, ""front_structural_delta_median"": 0.0, ""front_total_length_shortening"": 72.0, ""rear_total_length_shortening"": null, ""total_length_shortening"": 72.0}",72.0,0.0,96.0,,32.37,closingSpeed,8.991666666666665,64073.6800347222,1585.0,1452.0,4270.0,1746.0,2560.0,1089.0,32.37,32.37,270.0,0.0,0.0,285.0,0.0,0.0,NOT APPLICABLE,DIRECT ENGAGEMENT,NOT APPLICABLE,VTP
947,8214,1134,2,side_impactor,subject_vehicle,C_MaxOnly,BUICK,ENCORE,2013,UTILITY VEHICLE,03LPAW2,1,297.0,3000.0,0.0,217.0,0.0,0.0,0.0,0.0,0.0,0.0,0.0,0.0,0.0,0.0,,,,0.702576112412178,0.0,0.12428407789232532,0.0,0.0,"{""a_pillar_base_asym_delta"": 0.0, ""delta_1"": 13.0, ""delta_10"": 0.0, ""delta_11"": 0.0, ""delta_12"": 0.0, ""delta_13"": 0.0, ""delta_14"": 0.0, ""delta_15"": 0.0, ""delta_16"": 0.0, ""delta_17"": 0.0, ""delta_18"": 0.0, ""delta_19"": 0.0, ""delta_2"": 0.0, ""delta_20"": 5.0, ""delta_21"": 0.0, ""delta_3"": null, ""delta_4"": 0.0, ""delta_5"": 0.0, ""delta_6"": 0.0, ""delta_7"": 0.0, ""delta_8"": 0.0, ""delta_9"": 0.0, ""door_leading_lower_asym_delta"": 0.0, ""door_leading_upper_asym_delta"": 0.0, ""door_trailing_lower_asym_delta"": 0.0, ""door_trailing_upper_asym_delta"": 0.0, ""firewall_side_asym_delta"": 0.0, ""front_bumper_left_delta"": 5.0, ""front_bumper_right_delta"": 0.0, ""front_engine_block_delta"": 0.0, ""front_engine_front_delta"": 0.0, ""front_firewall_center_delta"": null, ""front_firewall_left_delta"": 0.0, ""front_firewall_right_delta"": 0.0, ""front_left_right_asym_delta"": 5.0, ""front_left_right_bumper_asymmetry"": 5.0, ""front_structural_delta"": 0.0, ""front_structural_delta_median"": 0.0, ""front_total_length_shortening"": 13.0, ""rear_total_length_shortening"": null, ""total_length_shortening"": 13.0}",13.0,0.0,5.0,,62.22,closingSpeed,17.28333333333333,247633.58361111104,1658.0,1447.0,4270.0,1746.0,2560.0,1105.0,62.22,0.0,270.0,0.0,-77.0,0.0,27.0,0.0,NOT APPLICABLE,DIRECT ENGAGEMENT,NOT APPLICABLE,ITV
948,8215,1135,1,side,subject_vehicle,C_MaxOnly,NISSAN,LEAF,2013,FIVE DOOR HATCHBACK,09LPAN3,1,285.0,2400.0,168.0,328.0,0.0,0.0,0.0,0.0,0.0,0.0,0.0,0.0,0.0,0.0,,,,0.5399325084364455,0.0,0.18594104308390022,0.0,0.07559055118110236,"{""a_pillar_base_asym_delta"": 0.0, ""delta_1"": 56.0, ""delta_10"": 0.0, ""delta_11"": 0.0, ""delta_12"": 0.0, ""delta_13"": 0.0, ""delta_14"": 0.0, ""delta_15"": 0.0, ""delta_16"": 0.0, ""delta_17"": 0.0, ""delta_18"": 0.0, ""delta_19"": -1.0, ""delta_2"": 0.0, ""delta_20"": 79.0, ""delta_21"": 0.0, ""delta_3"": null, ""delta_4"": 0.0, ""delta_5"": 0.0, ""delta_6"": 0.0, ""delta_7"": 0.0, ""delta_8"": 0.0, ""delta_9"": 0.0, ""door_leading_lower_asym_delta"": 0.0, ""door_leading_upper_asym_delta"": 0.0, ""door_trailing_lower_asym_delta"": 0.0, ""door_trailing_upper_asym_delta"": 0.0, ""firewall_side_asym_delta"": 0.0, ""front_bumper_left_delta"": 79.0, ""front_bumper_right_delta"": -1.0, ""front_engine_block_delta"": 0.0, ""front_engine_front_delta"": 0.0, ""front_firewall_center_delta"": null, ""front_firewall_left_delta"": 0.0, ""front_firewall_right_delta"": 0.0, ""front_left_right_asym_delta"": 80.0, ""front_left_right_bumper_asymmetry"": 80.0, ""front_structural_delta"": 0.0, ""front_structural_delta_median"": 0.0, ""front_total_length_shortening"": 56.0, ""rear_total_length_shortening"": null, ""total_length_shortening"": 56.0}",56.0,0.0,80.0,,32.37,closingSpeed,8.991666666666665,63750.27975694443,1577.0,1482.0,4445.0,1764.0,2706.0,1191.0,32.37,32.37,270.0,0.0,0.0,285.0,0.0,0.0,NOT APPLICABLE,DIRECT ENGAGEMENT,NOT APPLICABLE,VTP
949,8216,1137,2,side_impactor,subject_vehicle,C_MaxOnly,NISSAN,LEAF,2013,FIVE DOOR HATCHBACK,03LPAW2,1,297.0,3300.0,0.0,275.0,0.0,0.0,0.0,0.0,0.0,0.0,0.0,0.0,0.0,0.0,,,,0.7424071991001124,0.0,0.15589569160997732,0.0,0.0,"{""a_pillar_base_asym_delta"": 0.0, ""delta_1"": -10.0, ""delta_10"": 0.0, ""delta_11"": 0.0, ""delta_12"": 0.0, ""delta_13"": 0.0, ""delta_14"": 0.0, ""delta_15"": 0.0, ""delta_16"": 0.0, ""delta_17"": 0.0, ""delta_18"": 0.0, ""delta_19"": 3.0, ""delta_2"": 0.0, ""delta_20"": 25.0, ""delta_21"": 0.0, ""delta_3"": null, ""delta_4"": 0.0, ""delta_5"": 0.0, ""delta_6"": 0.0, ""delta_7"": 0.0, ""delta_8"": 0.0, ""delta_9"": 0.0, ""door_leading_lower_asym_delta"": 0.0, ""door_leading_upper_asym_delta"": 0.0, ""door_trailing_lower_asym_delta"": 0.0, ""door_trailing_upper_asym_delta"": 0.0, ""firewall_side_asym_delta"": 0.0, ""front_bumper_left_delta"": 25.0, ""front_bumper_right_delta"": 3.0, ""front_engine_block_delta"": 0.0, ""front_engine_front_delta"": 0.0, ""front_firewall_center_delta"": null, ""front_firewall_left_delta"": 0.0, ""front_firewall_right_delta"": 0.0, ""front_left_right_asym_delta"": 22.0, ""front_left_right_bumper_asymmetry"": 22.0, ""front_structural_delta"": 0.0, ""front_structural_delta_median"": 0.0, ""front_total_length_shortening"": -10.0, ""rear_total_length_shortening"": null, ""total_length_shortening"": -10.0}",-10.0,0.0,22.0,,62.59,closingSpeed,17.386111111111113,250436.37815200622,1657.0,1484.0,4445.0,1764.0,2706.0,1192.0,62.59,0.0,270.0,0.0,-69.0,0.0,27.0,0.0,NOT APPLICABLE,DIRECT ENGAGEMENT,NOT APPLICABLE,ITV
956,8219,1146,2,side_impactor,subject_vehicle,C_MaxOnly,FORD,FUSION ENERGI,2013,FOUR DOOR SEDAN,03LPAW2,1,297.0,3750.0,0.0,281.0,0.0,0.0,0.0,0.0,0.0,0.0,0.0,0.0,0.0,0.0,,,,0.7682851874615857,0.0,0.15338427947598254,0.0,0.0,"{""a_pillar_base_asym_delta"": 0.0, ""delta_1"": -4.0, ""delta_10"": 0.0, ""delta_11"": 0.0, ""delta_12"": 0.0, ""delta_13"": 0.0, ""delta_14"": 0.0, ""delta_15"": 0.0, ""delta_16"": 0.0, ""delta_17"": 0.0, ""delta_18"": 0.0, ""delta_19"": 3.0, ""delta_2"": 0.0, ""delta_20"": 22.0, ""delta_21"": 0.0, ""delta_3"": null, ""delta_4"": 0.0, ""delta_5"": 0.0, ""delta_6"": 0.0, ""delta_7"": 0.0, ""delta_8"": 0.0, ""delta_9"": 0.0, ""door_leading_lower_asym_delta"": 0.0, ""door_leading_upper_asym_delta"": 0.0, ""door_trailing_lower_asym_delta"": 0.0, ""door_trailing_upper_asym_delta"": 0.0, ""firewall_side_asym_delta"": 0.0, ""front_bumper_left_delta"": 22.0, ""front_bumper_right_delta"": 3.0, ""front_engine_block_delta"": 0.0, ""front_engine_front_delta"": 0.0, ""front_firewall_center_delta"": null, ""front_firewall_left_delta"": 0.0, ""front_firewall_right_delta"": 0.0, ""front_left_right_asym_delta"": 19.0, ""front_left_right_bumper_asymmetry"": 19.0, ""front_structural_delta"": 0.0, ""front_structural_delta_median"": 0.0, ""front_total_length_shortening"": -4.0, ""rear_total_length_shortening"": null, ""total_length_shortening"": -4.0}",-4.0,0.0,19.0,,62.07,closingSpeed,17.241666666666667,292667.30586805556,1969.0,1801.0,4881.0,1832.0,2838.0,1333.0,62.07,0.0,270.0,0.0,18.0,0.0,27.0,0.0,NOT APPLICABLE,DIRECT ENGAGEMENT,NOT APPLICABLE,ITV
1039,8291,1231,1,side,subject_vehicle,C_MaxOnly,CHEVROLET,IMPALA,2014,FOUR DOOR SEDAN,10LPAN3,1,285.0,254.0,-192.0,340.0,0.0,0.0,0.0,0.0,0.0,0.0,0.0,0.0,0.0,0.0,,,,0.0495609756097561,0.0,0.1827956989247312,0.0,-0.07492682926829268,"{""a_pillar_base_asym_delta"": 0.0, ""delta_1"": 0.0, ""delta_10"": 0.0, ""delta_11"": 0.0, ""delta_12"": 0.0, ""delta_13"": 0.0, ""delta_14"": 0.0, ""delta_15"": 0.0, ""delta_16"": 0.0, ""delta_17"": 0.0, ""delta_18"": 0.0, ""delta_19"": 0.0, ""delta_2"": 0.0, ""delta_20"": 0.0, ""delta_21"": 0.0, ""delta_3"": null, ""delta_4"": 0.0, ""delta_5"": 0.0, ""delta_6"": 0.0, ""delta_7"": 0.0, ""delta_8"": 0.0, ""delta_9"": 0.0, ""door_leading_lower_asym_delta"": 0.0, ""door_leading_upper_asym_delta"": 0.0, ""door_trailing_lower_asym_delta"": 0.0, ""door_trailing_upper_asym_delta"": 0.0, ""firewall_side_asym_delta"": 0.0, ""front_bumper_left_delta"": 0.0, ""front_bumper_right_delta"": 0.0, ""front_engine_block_delta"": 0.0, ""front_engine_front_delta"": 0.0, ""front_firewall_center_delta"": null, ""front_firewall_left_delta"": 0.0, ""front_firewall_right_delta"": 0.0, ""front_left_right_asym_delta"": 0.0, ""front_left_right_bumper_asymmetry"": 0.0, ""front_structural_delta"": 0.0, ""front_structural_delta_median"": 0.0, ""front_total_length_shortening"": 0.0, ""rear_total_length_shortening"": null, ""total_length_shortening"": 0.0}",0.0,0.0,0.0,,32.36,closingSpeed,8.988888888888889,71710.10956790124,1775.0,1644.0,5125.0,1860.0,2835.0,1179.0,32.36,32.36,270.0,0.0,42.0,285.0,0.0,75.0,NOT APPLICABLE,DIRECT ENGAGEMENT,NO DIRECT ENGAGEMENT,VTP
1040,8292,1233,2,side_impactor,subject_vehicle,C_MaxOnly,CHEVROLET,IMPALA,2014,FOUR DOOR SEDAN,09LPEW2,1,270.0,0.0,-991.0,206.0,0.0,0.0,0.0,0.0,0.0,0.0,0.0,0.0,0.0,,,,,0.0,0.0,0.110752688172043,,-0.3867317073170732,"{""a_pillar_base_asym_delta"": 0.0, ""delta_1"": 0.0, ""delta_10"": 0.0, ""delta_11"": 0.0, ""delta_12"": 0.0, ""delta_13"": 0.0, ""delta_14"": 0.0, ""delta_15"": 0.0, ""delta_16"": 0.0, ""delta_17"": 0.0, ""delta_18"": 0.0, ""delta_19"": 0.0, ""delta_2"": 0.0, ""delta_20"": 0.0, ""delta_21"": 0.0, ""delta_3"": null, ""delta_4"": 0.0, ""delta_5"": 0.0, ""delta_6"": 0.0, ""delta_7"": 0.0, ""delta_8"": 0.0, ""delta_9"": 0.0, ""door_leading_lower_asym_delta"": 0.0, ""door_leading_upper_asym_delta"": 0.0, ""door_trailing_lower_asym_delta"": 0.0, ""door_trailing_upper_asym_delta"": 0.0, ""firewall_side_asym_delta"": 0.0, ""front_bumper_left_delta"": 0.0, ""front_bumper_right_delta"": 0.0, ""front_engine_block_delta"": 0.0, ""front_engine_front_delta"": 0.0, ""front_firewall_center_delta"": null, ""front_firewall_left_delta"": 0.0, ""front_firewall_right_delta"": 0.0, ""front_left_right_asym_delta"": 0.0, ""front_left_right_bumper_asymmetry"": 0.0, ""front_structural_delta"": 0.0, ""front_structural_delta_median"": 0.0, ""front_total_length_shortening"": 0.0, ""rear_total_length_shortening"": null, ""total_length_shortening"": 0.0}",0.0,0.0,0.0,,61.53,closingSpeed,17.091666666666665,270069.62670138886,1849.0,1641.0,5125.0,1860.0,2835.0,1293.0,61.53,0.0,270.0,809.0,-167.0,0.0,0.0,0.0,NOT APPLICABLE,NO DIRECT ENGAGEMENT,DIRECT ENGAGEMENT,ITV
1079,8296,1273,2,side_impactor,subject_vehicle,C_MaxOnly,KIA,FORTE,2014,FOUR DOOR SEDAN,03LPAW2,1,297.0,3150.0,0.0,200.0,0.0,0.0,0.0,0.0,0.0,0.0,0.0,0.0,0.0,0.0,,,,0.6892778993435449,0.0,0.11299435028248588,0.0,0.0,"{""a_pillar_base_asym_delta"": 0.0, ""delta_1"": -10.0, ""delta_10"": 0.0, ""delta_11"": 0.0, ""delta_12"": 0.0, ""delta_13"": 0.0, ""delta_14"": 0.0, ""delta_15"": 0.0, ""delta_16"": 0.0, ""delta_17"": 0.0, ""delta_18"": 0.0, ""delta_19"": -5.0, ""delta_2"": 0.0, ""delta_20"": 15.0, ""delta_21"": 0.0, ""delta_3"": null, ""delta_4"": 0.0, ""delta_5"": 0.0, ""delta_6"": 0.0, ""delta_7"": 0.0, ""delta_8"": 0.0, ""delta_9"": 0.0, ""door_leading_lower_asym_delta"": 0.0, ""door_leading_upper_asym_delta"": 0.0, ""door_trailing_lower_asym_delta"": 0.0, ""door_trailing_upper_asym_delta"": 0.0, ""firewall_side_asym_delta"": 0.0, ""front_bumper_left_delta"": 15.0, ""front_bumper_right_delta"": -5.0, ""front_engine_block_delta"": 0.0, ""front_engine_front_delta"": 0.0, ""front_firewall_center_delta"": null, ""front_firewall_left_delta"": 0.0, ""front_firewall_right_delta"": 0.0, ""front_left_right_asym_delta"": 20.0, ""front_left_right_bumper_asymmetry"": 20.0, ""front_structural_delta"": 0.0, ""front_structural_delta_median"": 0.0, ""front_total_length_shortening"": -10.0, ""rear_total_length_shortening"": null, ""total_length_shortening"": -10.0}",-10.0,0.0,20.0,,62.1,closingSpeed,17.25,215137.6875,1446.0,1279.0,4570.0,1770.0,2700.0,1130.0,62.1,0.0,270.0,0.0,-103.0,0.0,27.0,0.0,NOT APPLICABLE,DIRECT ENGAGEMENT,NOT APPLICABLE,ITV
1091,8298,1285,1,side,subject_vehicle,C_MaxOnly,KIA,SORENTO,2014,UTILITY VEHICLE,09LPAN3,1,285.0,3600.0,152.0,381.0,0.0,0.0,0.0,0.0,0.0,0.0,0.0,0.0,0.0,0.0,,,,0.7677543186180422,0.0,0.20483870967741935,0.0,0.06483258690552357,"{""a_pillar_base_asym_delta"": 0.0, ""delta_1"": 90.0, ""delta_10"": 0.0, ""delta_11"": 0.0, ""delta_12"": 0.0, ""delta_13"": 0.0, ""delta_14"": 0.0, ""delta_15"": 0.0, ""delta_16"": 0.0, ""delta_17"": 0.0, ""delta_18"": 0.0, ""delta_19"": -3.0, ""delta_2"": 0.0, ""delta_20"": 132.0, ""delta_21"": 0.0, ""delta_3"": null, ""delta_4"": 0.0, ""delta_5"": 0.0, ""delta_6"": 0.0, ""delta_7"": 0.0, ""delta_8"": 0.0, ""delta_9"": 0.0, ""door_leading_lower_asym_delta"": 0.0, ""door_leading_upper_asym_delta"": 0.0, ""door_trailing_lower_asym_delta"": 0.0, ""door_trailing_upper_asym_delta"": 0.0, ""firewall_side_asym_delta"": 0.0, ""front_bumper_left_delta"": 132.0, ""front_bumper_right_delta"": -3.0, ""front_engine_block_delta"": 0.0, ""front_engine_front_delta"": 0.0, ""front_firewall_center_delta"": null, ""front_firewall_left_delta"": 0.0, ""front_firewall_right_delta"": 0.0, ""front_left_right_asym_delta"": 135.0, ""front_left_right_bumper_asymmetry"": 135.0, ""front_structural_delta"": 0.0, ""front_structural_delta_median"": 0.0, ""front_total_length_shortening"": 90.0, ""rear_total_length_shortening"": null, ""total_length_shortening"": 90.0}",90.0,0.0,135.0,,32.17,closingSpeed,8.936111111111112,70950.3516705247,1777.0,1651.0,4689.0,1860.0,2700.0,1223.0,32.17,32.17,270.0,0.0,0.0,285.0,0.0,0.0,NOT APPLICABLE,DIRECT ENGAGEMENT,NOT APPLICABLE,VTP
1101,8309,1298,1,side,subject_vehicle,C_MaxOnly,TESLA,MODEL S,2013,FIVE DOOR HATCHBACK,09LPEW2,1,285.0,3150.0,411.0,210.0,0.0,0.0,0.0,0.0,0.0,0.0,0.0,0.0,0.0,0.0,,,,0.6327842507030936,0.0,0.11122881355932203,0.0,0.16512655685014063,"{""a_pillar_base_asym_delta"": 0.0, ""delta_1"": 0.0, ""delta_10"": 0.0, ""delta_11"": 0.0, ""delta_12"": 0.0, ""delta_13"": 0.0, ""delta_14"": 0.0, ""delta_15"": 0.0, ""delta_16"": 0.0, ""delta_17"": 0.0, ""delta_18"": 0.0, ""delta_19"": 0.0, ""delta_2"": 0.0, ""delta_20"": 0.0, ""delta_21"": 0.0, ""delta_3"": null, ""delta_4"": 0.0, ""delta_5"": 0.0, ""delta_6"": 0.0, ""delta_7"": 0.0, ""delta_8"": 0.0, ""delta_9"": 0.0, ""door_leading_lower_asym_delta"": 0.0, ""door_leading_upper_asym_delta"": 0.0, ""door_trailing_lower_asym_delta"": 0.0, ""door_trailing_upper_asym_delta"": 0.0, ""firewall_side_asym_delta"": 0.0, ""front_bumper_left_delta"": 0.0, ""front_bumper_right_delta"": 0.0, ""front_engine_block_delta"": 0.0, ""front_engine_front_delta"": 0.0, ""front_firewall_center_delta"": null, ""front_firewall_left_delta"": 0.0, ""front_firewall_right_delta"": 0.0, ""front_left_right_asym_delta"": 0.0, ""front_left_right_bumper_asymmetry"": 0.0, ""front_structural_delta"": 0.0, ""front_structural_delta_median"": 0.0, ""front_total_length_shortening"": 0.0, ""rear_total_length_shortening"": null, ""total_length_shortening"": 0.0}",0.0,0.0,0.0,,32.28,closingSpeed,8.966666666666667,87838.2138888889,2185.0,1967.0,4978.0,1888.0,2965.0,1716.0,32.28,32.28,270.0,0.0,420.0,285.0,0.0,0.0,NOT APPLICABLE,DIRECT ENGAGEMENT,DIRECT ENGAGEMENT,VTP
1102,8311,1299,1,side,subject_vehicle,C_MaxOnly,SMART,Electric Drive,2013,TWO DOOR COUPE,09LPEW2,1,285.0,1800.0,35.0,239.0,0.0,0.0,0.0,0.0,0.0,0.0,0.0,0.0,0.0,0.0,,,,0.6622516556291391,0.0,0.16414835164835165,0.0,0.025754231052244298,"{""a_pillar_base_asym_delta"": 0.0, ""delta_1"": 0.0, ""delta_10"": 0.0, ""delta_11"": 0.0, ""delta_12"": 0.0, ""delta_13"": 0.0, ""delta_14"": 0.0, ""delta_15"": 0.0, ""delta_16"": 0.0, ""delta_17"": 0.0, ""delta_18"": 0.0, ""delta_19"": 0.0, ""delta_2"": 0.0, ""delta_20"": 0.0, ""delta_21"": 0.0, ""delta_3"": null, ""delta_4"": 0.0, ""delta_5"": 0.0, ""delta_6"": 0.0, ""delta_7"": 0.0, ""delta_8"": 0.0, ""delta_9"": 0.0, ""door_leading_lower_asym_delta"": 0.0, ""door_leading_upper_asym_delta"": 0.0, ""door_trailing_lower_asym_delta"": 0.0, ""door_trailing_upper_asym_delta"": 0.0, ""firewall_side_asym_delta"": 0.0, ""front_bumper_left_delta"": 0.0, ""front_bumper_right_delta"": 0.0, ""front_engine_block_delta"": 0.0, ""front_engine_front_delta"": 0.0, ""front_firewall_center_delta"": null, ""front_firewall_left_delta"": 0.0, ""front_firewall_right_delta"": 0.0, ""front_left_right_asym_delta"": 0.0, ""front_left_right_bumper_asymmetry"": 0.0, ""front_structural_delta"": 0.0, ""front_structural_delta_median"": 0.0, ""front_total_length_shortening"": 0.0, ""rear_total_length_shortening"": null, ""total_length_shortening"": 0.0}",0.0,0.0,0.0,,31.44,closingSpeed,8.733333333333334,40461.82444444445,1061.0,964.0,2718.0,1456.0,1873.0,1025.0,31.44,31.44,270.0,0.0,47.0,285.0,0.0,0.0,NOT APPLICABLE,DIRECT ENGAGEMENT,DIRECT ENGAGEMENT,VTP
1108,8317,1308,2,side_impactor,subject_vehicle,C_MaxOnly,SUBARU,FORESTER,2014,UTILITY VEHICLE,09LPEW2,1,270.0,0.0,-21.0,218.0,0.0,0.0,0.0,0.0,0.0,0.0,0.0,0.0,0.0,,,,,0.0,0.0,0.1217877094972067,,-0.009158307893589184,"{""a_pillar_base_asym_delta"": 0.0, ""delta_1"": 0.0, ""delta_10"": 0.0, ""delta_11"": 0.0, ""delta_12"": 0.0, ""delta_13"": 0.0, ""delta_14"": 0.0, ""delta_15"": 0.0, ""delta_16"": 0.0, ""delta_17"": 0.0, ""delta_18"": 0.0, ""delta_19"": 0.0, ""delta_2"": 0.0, ""delta_20"": 0.0, ""delta_21"": 0.0, ""delta_3"": null, ""delta_4"": 0.0, ""delta_5"": 0.0, ""delta_6"": 0.0, ""delta_7"": 0.0, ""delta_8"": 0.0, ""delta_9"": 0.0, ""door_leading_lower_asym_delta"": 0.0, ""door_leading_upper_asym_delta"": 0.0, ""door_trailing_lower_asym_delta"": 0.0, ""door_trailing_upper_asym_delta"": 0.0, ""firewall_side_asym_delta"": 0.0, ""front_bumper_left_delta"": 0.0, ""front_bumper_right_delta"": 0.0, ""front_engine_block_delta"": 0.0, ""front_engine_front_delta"": 0.0, ""front_firewall_center_delta"": null, ""front_firewall_left_delta"": 0.0, ""front_firewall_right_delta"": 0.0, ""front_left_right_asym_delta"": 0.0, ""front_left_right_bumper_asymmetry"": 0.0, ""front_structural_delta"": 0.0, ""front_structural_delta_median"": 0.0, ""front_total_length_shortening"": 0.0, ""rear_total_length_shortening"": null, ""total_length_shortening"": 0.0}",0.0,0.0,0.0,,62.26,closingSpeed,17.294444444444444,251391.70816358025,1681.0,1493.0,4586.0,1790.0,2647.0,0.0,62.26,0.0,270.0,0.0,-21.0,0.0,0.0,0.0,NOT APPLICABLE,NO DIRECT ENGAGEMENT,DIRECT ENGAGEMENT,ITV
1111,8319,1312,1,side,subject_vehicle,C_MaxOnly,SUBARU,FORESTER,2014,UTILITY VEHICLE,10LPAN3,1,285.0,0.0,0.0,342.0,0.0,0.0,0.0,0.0,0.0,0.0,0.0,0.0,0.0,,,,,0.0,0.0,0.19106145251396647,,0.0,"{""a_pillar_base_asym_delta"": 0.0, ""delta_1"": 0.0, ""delta_10"": 0.0, ""delta_11"": 0.0, ""delta_12"": 0.0, ""delta_13"": 0.0, ""delta_14"": 0.0, ""delta_15"": 0.0, ""delta_16"": 0.0, ""delta_17"": 0.0, ""delta_18"": 0.0, ""delta_19"": 0.0, ""delta_2"": 0.0, ""delta_20"": 0.0, ""delta_21"": 0.0, ""delta_3"": null, ""delta_4"": 0.0, ""delta_5"": 0.0, ""delta_6"": 0.0, ""delta_7"": 0.0, ""delta_8"": 0.0, ""delta_9"": 0.0, ""door_leading_lower_asym_delta"": 0.0, ""door_leading_upper_asym_delta"": 0.0, ""door_trailing_lower_asym_delta"": 0.0, ""door_trailing_upper_asym_delta"": 0.0, ""firewall_side_asym_delta"": 0.0, ""front_bumper_left_delta"": 0.0, ""front_bumper_right_delta"": 0.0, ""front_engine_block_delta"": 0.0, ""front_engine_front_delta"": 0.0, ""front_firewall_center_delta"": null, ""front_firewall_left_delta"": 0.0, ""front_firewall_right_delta"": 0.0, ""front_left_right_asym_delta"": 0.0, ""front_left_right_bumper_asymmetry"": 0.0, ""front_structural_delta"": 0.0, ""front_structural_delta_median"": 0.0, ""front_total_length_shortening"": 0.0, ""rear_total_length_shortening"": null, ""total_length_shortening"": 0.0}",0.0,0.0,0.0,,32.04,closingSpeed,8.9,63486.815,1603.0,1493.0,4580.0,1790.0,2645.0,1171.0,32.04,32.04,270.0,0.0,82.0,285.0,0.0,75.0,NOT APPLICABLE,DIRECT ENGAGEMENT,NO DIRECT ENGAGEMENT,VTP
563,8343,675,1,side,subject_vehicle,C_MaxOnly,OTHER,OTHER,0,NOT APPLICABLE,,0,0.0,0.0,0.0,277.0,0.0,0.0,0.0,0.0,0.0,0.0,0.0,0.0,0.0,,,,,,,,,,"{""a_pillar_base_asym_delta"": 0.0, ""delta_1"": 0.0, ""delta_10"": 0.0, ""delta_11"": 0.0, ""delta_12"": 0.0, ""delta_13"": 0.0, ""delta_14"": 0.0, ""delta_15"": 0.0, ""delta_16"": 0.0, ""delta_17"": 0.0, ""delta_18"": 0.0, ""delta_19"": 0.0, ""delta_2"": 0.0, ""delta_20"": 0.0, ""delta_21"": 0.0, ""delta_3"": null, ""delta_4"": 0.0, ""delta_5"": 0.0, ""delta_6"": 0.0, ""delta_7"": 0.0, ""delta_8"": 0.0, ""delta_9"": 0.0, ""door_leading_lower_asym_delta"": 0.0, ""door_leading_upper_asym_delta"": 0.0, ""door_trailing_lower_asym_delta"": 0.0, ""door_trailing_upper_asym_delta"": 0.0, ""firewall_side_asym_delta"": 0.0, ""front_bumper_left_delta"": 0.0, ""front_bumper_right_delta"": 0.0, ""front_engine_block_delta"": 0.0, ""front_engine_front_delta"": 0.0, ""front_firewall_center_delta"": null, ""front_firewall_left_delta"": 0.0, ""front_firewall_right_delta"": 0.0, ""front_left_right_asym_delta"": 0.0, ""front_left_right_bumper_asymmetry"": 0.0, ""front_structural_delta"": 0.0, ""front_structural_delta_median"": 0.0, ""front_total_length_shortening"": 0.0, ""rear_total_length_shortening"": null, ""total_length_shortening"": 0.0}",0.0,0.0,0.0,,61.7,closingSpeed,17.13888888888889,0.0,0.0,,0.0,0.0,0.0,1104.0,61.7,61.7,270.0,0.0,338.0,27.0,0.0,0.0,NOT APPLICABLE,NOT APPLICABLE,NOT APPLICABLE,ITV
563,8343,676,2,side,subject_vehicle,C_MaxOnly,FORD,F150 PICKUP,2010,PICKUP TRUCK,09LPAN3,1,297.0,0.0,0.0,216.0,0.0,0.0,0.0,0.0,0.0,0.0,0.0,0.0,0.0,,,,,0.0,0.0,0.108,,0.0,"{""a_pillar_base_asym_delta"": 0.0, ""delta_1"": 0.0, ""delta_10"": 0.0, ""delta_11"": 0.0, ""delta_12"": 0.0, ""delta_13"": 0.0, ""delta_14"": 0.0, ""delta_15"": 0.0, ""delta_16"": 0.0, ""delta_17"": 0.0, ""delta_18"": 0.0, ""delta_19"": 0.0, ""delta_2"": 0.0, ""delta_20"": 0.0, ""delta_21"": 0.0, ""delta_3"": null, ""delta_4"": 0.0, ""delta_5"": 0.0, ""delta_6"": 0.0, ""delta_7"": 0.0, ""delta_8"": 0.0, ""delta_9"": 0.0, ""door_leading_lower_asym_delta"": 0.0, ""door_leading_upper_asym_delta"": 0.0, ""door_trailing_lower_asym_delta"": 0.0, ""door_trailing_upper_asym_delta"": 0.0, ""firewall_side_asym_delta"": 0.0, ""front_bumper_left_delta"": 0.0, ""front_bumper_right_delta"": 0.0, ""front_engine_block_delta"": 0.0, ""front_engine_front_delta"": 0.0, ""front_firewall_center_delta"": null, ""front_firewall_left_delta"": 0.0, ""front_firewall_right_delta"": 0.0, ""front_left_right_asym_delta"": 0.0, ""front_left_right_bumper_asymmetry"": 0.0, ""front_structural_delta"": 0.0, ""front_structural_delta_median"": 0.0, ""front_total_length_shortening"": 0.0, ""rear_total_length_shortening"": null, ""total_length_shortening"": 0.0}",0.0,0.0,0.0,,61.7,closingSpeed,17.13888888888889,357924.03279320995,2437.0,,5880.0,2000.0,3680.0,1682.0,61.7,0.0,270.0,0.0,338.0,0.0,0.0,15.0,NOT APPLICABLE,NOT APPLICABLE,NOT APPLICABLE,ITV
618,8345,739,1,side,subject_vehicle,C_MaxOnly,OTHER,OTHER,0,NOT APPLICABLE,,0,0.0,0.0,0.0,269.0,0.0,0.0,0.0,0.0,0.0,0.0,0.0,0.0,0.0,,,,,,,,,,"{""a_pillar_base_asym_delta"": 0.0, ""delta_1"": 0.0, ""delta_10"": 0.0, ""delta_11"": 0.0, ""delta_12"": 0.0, ""delta_13"": 0.0, ""delta_14"": 0.0, ""delta_15"": 0.0, ""delta_16"": 0.0, ""delta_17"": 0.0, ""delta_18"": 0.0, ""delta_19"": 0.0, ""delta_2"": 0.0, ""delta_20"": 0.0, ""delta_21"": 0.0, ""delta_3"": null, ""delta_4"": 0.0, ""delta_5"": 0.0, ""delta_6"": 0.0, ""delta_7"": 0.0, ""delta_8"": 0.0, ""delta_9"": 0.0, ""door_leading_lower_asym_delta"": 0.0, ""door_leading_upper_asym_delta"": 0.0, ""door_trailing_lower_asym_delta"": 0.0, ""door_trailing_upper_asym_delta"": 0.0, ""firewall_side_asym_delta"": 0.0, ""front_bumper_left_delta"": 0.0, ""front_bumper_right_delta"": 0.0, ""front_engine_block_delta"": 0.0, ""front_engine_front_delta"": 0.0, ""front_firewall_center_delta"": null, ""front_firewall_left_delta"": 0.0, ""front_firewall_right_delta"": 0.0, ""front_left_right_asym_delta"": 0.0, ""front_left_right_bumper_asymmetry"": 0.0, ""front_structural_delta"": 0.0, ""front_structural_delta_median"": 0.0, ""front_total_length_shortening"": 0.0, ""rear_total_length_shortening"": null, ""total_length_shortening"": 0.0}",0.0,0.0,0.0,,61.4,closingSpeed,17.055555555555554,198970.11111111107,1368.0,,0.0,0.0,0.0,1120.0,61.4,61.4,270.0,0.0,-159.0,27.0,0.0,0.0,NOT APPLICABLE,NOT APPLICABLE,NOT APPLICABLE,ITV
618,8345,740,2,side,subject_vehicle,C_MaxOnly,JEEP,GRAND CHEROKEE,2011,UTILITY VEHICLE,,0,297.0,0.0,0.0,203.0,0.0,0.0,0.0,0.0,0.0,0.0,0.0,0.0,0.0,,,,,0.0,0.0,0.1041025641025641,,0.0,"{""a_pillar_base_asym_delta"": 0.0, ""delta_1"": 0.0, ""delta_10"": 0.0, ""delta_11"": 0.0, ""delta_12"": 0.0, ""delta_13"": 0.0, ""delta_14"": 0.0, ""delta_15"": 0.0, ""delta_16"": 0.0, ""delta_17"": 0.0, ""delta_18"": 0.0, ""delta_19"": 0.0, ""delta_2"": 0.0, ""delta_20"": 0.0, ""delta_21"": 0.0, ""delta_3"": null, ""delta_4"": 0.0, ""delta_5"": 0.0, ""delta_6"": 0.0, ""delta_7"": 0.0, ""delta_8"": 0.0, ""delta_9"": 0.0, ""door_leading_lower_asym_delta"": 0.0, ""door_leading_upper_asym_delta"": 0.0, ""door_trailing_lower_asym_delta"": 0.0, ""door_trailing_upper_asym_delta"": 0.0, ""firewall_side_asym_delta"": 0.0, ""front_bumper_left_delta"": 0.0, ""front_bumper_right_delta"": 0.0, ""front_engine_block_delta"": 0.0, ""front_engine_front_delta"": 0.0, ""front_firewall_center_delta"": null, ""front_firewall_left_delta"": 0.0, ""front_firewall_right_delta"": 0.0, ""front_left_right_asym_delta"": 0.0, ""front_left_right_bumper_asymmetry"": 0.0, ""front_structural_delta"": 0.0, ""front_structural_delta_median"": 0.0, ""front_total_length_shortening"": 0.0, ""rear_total_length_shortening"": null, ""total_length_shortening"": 0.0}",0.0,0.0,0.0,,61.4,closingSpeed,17.055555555555554,336271.12345679005,2312.0,,4830.0,1950.0,2920.0,1520.0,61.4,0.0,270.0,0.0,-159.0,0.0,0.0,0.0,NOT APPLICABLE,NOT APPLICABLE,NOT APPLICABLE,ITV
631,8346,754,1,side,subject_vehicle,C_MaxOnly,OTHER,OTHER,0,NOT APPLICABLE,,0,0.0,0.0,0.0,229.0,0.0,0.0,0.0,0.0,0.0,0.0,0.0,0.0,0.0,,,,,,,,,,"{""a_pillar_base_asym_delta"": 0.0, ""delta_1"": 0.0, ""delta_10"": 0.0, ""delta_11"": 0.0, ""delta_12"": 0.0, ""delta_13"": 0.0, ""delta_14"": 0.0, ""delta_15"": 0.0, ""delta_16"": 0.0, ""delta_17"": 0.0, ""delta_18"": 0.0, ""delta_19"": 0.0, ""delta_2"": 0.0, ""delta_20"": 0.0, ""delta_21"": 0.0, ""delta_3"": null, ""delta_4"": 0.0, ""delta_5"": 0.0, ""delta_6"": 0.0, ""delta_7"": 0.0, ""delta_8"": 0.0, ""delta_9"": 0.0, ""door_leading_lower_asym_delta"": 0.0, ""door_leading_upper_asym_delta"": 0.0, ""door_trailing_lower_asym_delta"": 0.0, ""door_trailing_upper_asym_delta"": 0.0, ""firewall_side_asym_delta"": 0.0, ""front_bumper_left_delta"": 0.0, ""front_bumper_right_delta"": 0.0, ""front_engine_block_delta"": 0.0, ""front_engine_front_delta"": 0.0, ""front_firewall_center_delta"": null, ""front_firewall_left_delta"": 0.0, ""front_firewall_right_delta"": 0.0, ""front_left_right_asym_delta"": 0.0, ""front_left_right_bumper_asymmetry"": 0.0, ""front_structural_delta"": 0.0, ""front_structural_delta_median"": 0.0, ""front_total_length_shortening"": 0.0, ""rear_total_length_shortening"": null, ""total_length_shortening"": 0.0}",0.0,0.0,0.0,,61.0,closingSpeed,16.944444444444443,196386.11111111107,1368.0,,0.0,0.0,0.0,1120.0,61.0,61.0,270.0,0.0,-97.0,27.0,0.0,0.0,NOT APPLICABLE,NOT APPLICABLE,NOT APPLICABLE,ITV
631,8346,755,2,side,subject_vehicle,C_MaxOnly,CADILLAC,CTS,2011,FOUR DOOR SEDAN,,0,297.0,0.0,0.0,215.0,0.0,0.0,0.0,0.0,0.0,0.0,0.0,0.0,0.0,,,,,0.0,0.0,0.11684782608695653,,0.0,"{""a_pillar_base_asym_delta"": 0.0, ""delta_1"": 0.0, ""delta_10"": 0.0, ""delta_11"": 0.0, ""delta_12"": 0.0, ""delta_13"": 0.0, ""delta_14"": 0.0, ""delta_15"": 0.0, ""delta_16"": 0.0, ""delta_17"": 0.0, ""delta_18"": 0.0, ""delta_19"": 0.0, ""delta_2"": 0.0, ""delta_20"": 0.0, ""delta_21"": 0.0, ""delta_3"": null, ""delta_4"": 0.0, ""delta_5"": 0.0, ""delta_6"": 0.0, ""delta_7"": 0.0, ""delta_8"": 0.0, ""delta_9"": 0.0, ""door_leading_lower_asym_delta"": 0.0, ""door_leading_upper_asym_delta"": 0.0, ""door_trailing_lower_asym_delta"": 0.0, ""door_trailing_upper_asym_delta"": 0.0, ""firewall_side_asym_delta"": 0.0, ""front_bumper_left_delta"": 0.0, ""front_bumper_right_delta"": 0.0, ""front_engine_block_delta"": 0.0, ""front_engine_front_delta"": 0.0, ""front_firewall_center_delta"": null, ""front_firewall_left_delta"": 0.0, ""front_firewall_right_delta"": 0.0, ""front_left_right_asym_delta"": 0.0, ""front_left_right_bumper_asymmetry"": 0.0, ""front_structural_delta"": 0.0, ""front_structural_delta_median"": 0.0, ""front_total_length_shortening"": 0.0, ""rear_total_length_shortening"": null, ""total_length_shortening"": 0.0}",0.0,0.0,0.0,,61.0,closingSpeed,16.944444444444443,274911.8441358024,1915.0,,4830.0,1840.0,2890.0,1428.0,61.0,0.0,270.0,0.0,-97.0,0.0,0.0,0.0,NOT APPLICABLE,NOT APPLICABLE,NOT APPLICABLE,ITV
700,8347,836,1,side,subject_vehicle,C_MaxOnly,OTHER,OTHER,0,NOT APPLICABLE,,0,0.0,0.0,0.0,193.0,0.0,0.0,0.0,0.0,0.0,0.0,0.0,0.0,0.0,,,,,,,,,,"{""a_pillar_base_asym_delta"": 0.0, ""delta_1"": 0.0, ""delta_10"": 0.0, ""delta_11"": 0.0, ""delta_12"": 0.0, ""delta_13"": 0.0, ""delta_14"": 0.0, ""delta_15"": 0.0, ""delta_16"": 0.0, ""delta_17"": 0.0, ""delta_18"": 0.0, ""delta_19"": 0.0, ""delta_2"": 0.0, ""delta_20"": 0.0, ""delta_21"": 0.0, ""delta_3"": null, ""delta_4"": 0.0, ""delta_5"": 0.0, ""delta_6"": 0.0, ""delta_7"": 0.0, ""delta_8"": 0.0, ""delta_9"": 0.0, ""door_leading_lower_asym_delta"": 0.0, ""door_leading_upper_asym_delta"": 0.0, ""door_trailing_lower_asym_delta"": 0.0, ""door_trailing_upper_asym_delta"": 0.0, ""firewall_side_asym_delta"": 0.0, ""front_bumper_left_delta"": 0.0, ""front_bumper_right_delta"": 0.0, ""front_engine_block_delta"": 0.0, ""front_engine_front_delta"": 0.0, ""front_firewall_center_delta"": null, ""front_firewall_left_delta"": 0.0, ""front_firewall_right_delta"": 0.0, ""front_left_right_asym_delta"": 0.0, ""front_left_right_bumper_asymmetry"": 0.0, ""front_structural_delta"": 0.0, ""front_structural_delta_median"": 0.0, ""front_total_length_shortening"": 0.0, ""rear_total_length_shortening"": null, ""total_length_shortening"": 0.0}",0.0,0.0,0.0,,61.24,closingSpeed,17.011111111111113,197789.7954938272,1367.0,,0.0,0.0,0.0,1120.0,61.24,61.24,270.0,0.0,-42.0,27.0,0.0,0.0,NOT APPLICABLE,NOT APPLICABLE,NOT APPLICABLE,ITV
700,8347,837,2,side,subject_vehicle,C_MaxOnly,HYUNDAI,TUCSON,2011,UTILITY VEHICLE,,0,293.0,0.0,0.0,224.0,0.0,0.0,0.0,0.0,0.0,0.0,0.0,0.0,0.0,,,,,0.0,0.0,0.12240437158469945,,0.0,"{""a_pillar_base_asym_delta"": 0.0, ""delta_1"": 0.0, ""delta_10"": 0.0, ""delta_11"": 0.0, ""delta_12"": 0.0, ""delta_13"": 0.0, ""delta_14"": 0.0, ""delta_15"": 0.0, ""delta_16"": 0.0, ""delta_17"": 0.0, ""delta_18"": 0.0, ""delta_19"": 0.0, ""delta_2"": 0.0, ""delta_20"": 0.0, ""delta_21"": 0.0, ""delta_3"": null, ""delta_4"": 0.0, ""delta_5"": 0.0, ""delta_6"": 0.0, ""delta_7"": 0.0, ""delta_8"": 0.0, ""delta_9"": 0.0, ""door_leading_lower_asym_delta"": 0.0, ""door_leading_upper_asym_delta"": 0.0, ""door_trailing_lower_asym_delta"": 0.0, ""door_trailing_upper_asym_delta"": 0.0, ""firewall_side_asym_delta"": 0.0, ""front_bumper_left_delta"": 0.0, ""front_bumper_right_delta"": 0.0, ""front_engine_block_delta"": 0.0, ""front_engine_front_delta"": 0.0, ""front_firewall_center_delta"": null, ""front_firewall_left_delta"": 0.0, ""front_firewall_right_delta"": 0.0, ""front_left_right_asym_delta"": 0.0, ""front_left_right_bumper_asymmetry"": 0.0, ""front_structural_delta"": 0.0, ""front_structural_delta_median"": 0.0, ""front_total_length_shortening"": 0.0, ""rear_total_length_shortening"": null, ""total_length_shortening"": 0.0}",0.0,0.0,0.0,,61.24,closingSpeed,17.011111111111113,235119.54475308646,1625.0,,4390.0,1830.0,2640.0,1184.0,61.24,0.0,270.0,0.0,-42.0,0.0,0.0,0.0,NOT APPLICABLE,NOT APPLICABLE,NOT APPLICABLE,ITV
723,8348,867,1,side,subject_vehicle,C_MaxOnly,OTHER,OTHER,0,NOT APPLICABLE,,0,0.0,0.0,0.0,155.0,0.0,0.0,0.0,0.0,0.0,0.0,0.0,0.0,0.0,,,,,,0.0,0.08244680851063829,,,"{""a_pillar_base_asym_delta"": 0.0, ""delta_1"": 0.0, ""delta_10"": 0.0, ""delta_11"": 0.0, ""delta_12"": 0.0, ""delta_13"": 0.0, ""delta_14"": 0.0, ""delta_15"": 0.0, ""delta_16"": 0.0, ""delta_17"": 0.0, ""delta_18"": 0.0, ""delta_19"": 0.0, ""delta_2"": 0.0, ""delta_20"": 0.0, ""delta_21"": 0.0, ""delta_3"": null, ""delta_4"": 0.0, ""delta_5"": 0.0, ""delta_6"": 0.0, ""delta_7"": 0.0, ""delta_8"": 0.0, ""delta_9"": 0.0, ""door_leading_lower_asym_delta"": 0.0, ""door_leading_upper_asym_delta"": 0.0, ""door_trailing_lower_asym_delta"": 0.0, ""door_trailing_upper_asym_delta"": 0.0, ""firewall_side_asym_delta"": 0.0, ""front_bumper_left_delta"": 0.0, ""front_bumper_right_delta"": 0.0, ""front_engine_block_delta"": 0.0, ""front_engine_front_delta"": 0.0, ""front_firewall_center_delta"": null, ""front_firewall_left_delta"": 0.0, ""front_firewall_right_delta"": 0.0, ""front_left_right_asym_delta"": 0.0, ""front_left_right_bumper_asymmetry"": 0.0, ""front_structural_delta"": 0.0, ""front_structural_delta_median"": 0.0, ""front_total_length_shortening"": 0.0, ""rear_total_length_shortening"": null, ""total_length_shortening"": 0.0}",0.0,0.0,0.0,,61.8,closingSpeed,17.166666666666664,201570.99999999994,1368.0,,0.0,1880.0,2591.0,1110.0,61.8,61.8,270.0,0.0,-110.0,27.0,0.0,0.0,NOT APPLICABLE,NOT APPLICABLE,NOT APPLICABLE,ITV
723,8348,868,2,side,subject_vehicle,C_MaxOnly,KIA,FORTE,2010,FOUR DOOR SEDAN,,0,297.0,0.0,0.0,261.0,0.0,0.0,0.0,0.0,0.0,0.0,0.0,0.0,0.0,,,,,0.0,0.0,0.14829545454545454,,0.0,"{""a_pillar_base_asym_delta"": 0.0, ""delta_1"": 0.0, ""delta_10"": 0.0, ""delta_11"": 0.0, ""delta_12"": 0.0, ""delta_13"": 0.0, ""delta_14"": 0.0, ""delta_15"": 0.0, ""delta_16"": 0.0, ""delta_17"": 0.0, ""delta_18"": 0.0, ""delta_19"": 0.0, ""delta_2"": 0.0, ""delta_20"": 0.0, ""delta_21"": 0.0, ""delta_3"": null, ""delta_4"": 0.0, ""delta_5"": 0.0, ""delta_6"": 0.0, ""delta_7"": 0.0, ""delta_8"": 0.0, ""delta_9"": 0.0, ""door_leading_lower_asym_delta"": 0.0, ""door_leading_upper_asym_delta"": 0.0, ""door_trailing_lower_asym_delta"": 0.0, ""door_trailing_upper_asym_delta"": 0.0, ""firewall_side_asym_delta"": 0.0, ""front_bumper_left_delta"": 0.0, ""front_bumper_right_delta"": 0.0, ""front_engine_block_delta"": 0.0, ""front_engine_front_delta"": 0.0, ""front_firewall_center_delta"": null, ""front_firewall_left_delta"": 0.0, ""front_firewall_right_delta"": 0.0, ""front_left_right_asym_delta"": 0.0, ""front_left_right_bumper_asymmetry"": 0.0, ""front_structural_delta"": 0.0, ""front_structural_delta_median"": 0.0, ""front_total_length_shortening"": 0.0, ""rear_total_length_shortening"": null, ""total_length_shortening"": 0.0}",0.0,0.0,0.0,,61.8,closingSpeed,17.166666666666664,206875.49999999994,1404.0,,4540.0,1760.0,2650.0,1103.0,61.8,0.0,270.0,0.0,-110.0,0.0,0.0,0.0,NOT APPLICABLE,NOT APPLICABLE,NOT APPLICABLE,ITV
766,8349,923,1,side,subject_vehicle,C_MaxOnly,OTHER,OTHER,0,NOT APPLICABLE,,0,0.0,0.0,0.0,372.0,0.0,0.0,0.0,0.0,0.0,0.0,0.0,0.0,0.0,,,,,,0.0,0.19787234042553192,,,"{""a_pillar_base_asym_delta"": 0.0, ""delta_1"": 0.0, ""delta_10"": 0.0, ""delta_11"": 0.0, ""delta_12"": 0.0, ""delta_13"": 0.0, ""delta_14"": 0.0, ""delta_15"": 0.0, ""delta_16"": 0.0, ""delta_17"": 0.0, ""delta_18"": 0.0, ""delta_19"": 0.0, ""delta_2"": 0.0, ""delta_20"": 0.0, ""delta_21"": 0.0, ""delta_3"": null, ""delta_4"": 0.0, ""delta_5"": 0.0, ""delta_6"": 0.0, ""delta_7"": 0.0, ""delta_8"": 0.0, ""delta_9"": 0.0, ""door_leading_lower_asym_delta"": 0.0, ""door_leading_upper_asym_delta"": 0.0, ""door_trailing_lower_asym_delta"": 0.0, ""door_trailing_upper_asym_delta"": 0.0, ""firewall_side_asym_delta"": 0.0, ""front_bumper_left_delta"": 0.0, ""front_bumper_right_delta"": 0.0, ""front_engine_block_delta"": 0.0, ""front_engine_front_delta"": 0.0, ""front_firewall_center_delta"": null, ""front_firewall_left_delta"": 0.0, ""front_firewall_right_delta"": 0.0, ""front_left_right_asym_delta"": 0.0, ""front_left_right_bumper_asymmetry"": 0.0, ""front_structural_delta"": 0.0, ""front_structural_delta_median"": 0.0, ""front_total_length_shortening"": 0.0, ""rear_total_length_shortening"": null, ""total_length_shortening"": 0.0}",0.0,0.0,0.0,,61.64,closingSpeed,17.122222222222224,200528.6177777778,1368.0,,0.0,1880.0,2591.0,1115.0,61.64,61.63,270.0,0.0,70.0,27.0,0.0,0.0,NOT APPLICABLE,NOT APPLICABLE,NOT APPLICABLE,ITV
794,8350,961,2,side,subject_vehicle,C_MaxOnly,HONDA,ODYSSEY,2011,MINIVAN,,0,297.0,0.0,0.0,248.0,0.0,0.0,0.0,0.0,0.0,0.0,0.0,0.0,0.0,,,,,0.0,0.0,0.124,,0.0,"{""a_pillar_base_asym_delta"": 0.0, ""delta_1"": 0.0, ""delta_10"": 0.0, ""delta_11"": 0.0, ""delta_12"": 0.0, ""delta_13"": 0.0, ""delta_14"": 0.0, ""delta_15"": 0.0, ""delta_16"": 0.0, ""delta_17"": 0.0, ""delta_18"": 0.0, ""delta_19"": 0.0, ""delta_2"": 0.0, ""delta_20"": 0.0, ""delta_21"": 0.0, ""delta_3"": null, ""delta_4"": 0.0, ""delta_5"": 0.0, ""delta_6"": 0.0, ""delta_7"": 0.0, ""delta_8"": 0.0, ""delta_9"": 0.0, ""door_leading_lower_asym_delta"": 0.0, ""door_leading_upper_asym_delta"": 0.0, ""door_trailing_lower_asym_delta"": 0.0, ""door_trailing_upper_asym_delta"": 0.0, ""firewall_side_asym_delta"": 0.0, ""front_bumper_left_delta"": 0.0, ""front_bumper_right_delta"": 0.0, ""front_engine_block_delta"": 0.0, ""front_engine_front_delta"": 0.0, ""front_firewall_center_delta"": null, ""front_firewall_left_delta"": 0.0, ""front_firewall_right_delta"": 0.0, ""front_left_right_asym_delta"": 0.0, ""front_left_right_bumper_asymmetry"": 0.0, ""front_structural_delta"": 0.0, ""front_structural_delta_median"": 0.0, ""front_total_length_shortening"": 0.0, ""rear_total_length_shortening"": null, ""total_length_shortening"": 0.0}",0.0,0.0,0.0,,62.15,closingSpeed,17.26388888888889,336191.21759259264,2256.0,,5147.0,2000.0,3010.0,1436.0,62.15,0.0,270.0,0.0,-94.0,0.0,0.0,0.0,NOT APPLICABLE,NOT APPLICABLE,NOT APPLICABLE,ITV
822,8351,994,1,side,subject_vehicle,C_MaxOnly,OTHER,OTHER,0,NOT APPLICABLE,,0,0.0,0.0,0.0,372.0,0.0,0.0,0.0,0.0,0.0,0.0,0.0,0.0,0.0,,,,,,0.0,0.19787234042553192,,,"{""a_pillar_base_asym_delta"": 0.0, ""delta_1"": 0.0, ""delta_10"": 0.0, ""delta_11"": 0.0, ""delta_12"": 0.0, ""delta_13"": 0.0, ""delta_14"": 0.0, ""delta_15"": 0.0, ""delta_16"": 0.0, ""delta_17"": 0.0, ""delta_18"": 0.0, ""delta_19"": 0.0, ""delta_2"": 0.0, ""delta_20"": 0.0, ""delta_21"": 0.0, ""delta_3"": null, ""delta_4"": 0.0, ""delta_5"": 0.0, ""delta_6"": 0.0, ""delta_7"": 0.0, ""delta_8"": 0.0, ""delta_9"": 0.0, ""door_leading_lower_asym_delta"": 0.0, ""door_leading_upper_asym_delta"": 0.0, ""door_trailing_lower_asym_delta"": 0.0, ""door_trailing_upper_asym_delta"": 0.0, ""firewall_side_asym_delta"": 0.0, ""front_bumper_left_delta"": 0.0, ""front_bumper_right_delta"": 0.0, ""front_engine_block_delta"": 0.0, ""front_engine_front_delta"": 0.0, ""front_firewall_center_delta"": null, ""front_firewall_left_delta"": 0.0, ""front_firewall_right_delta"": 0.0, ""front_left_right_asym_delta"": 0.0, ""front_left_right_bumper_asymmetry"": 0.0, ""front_structural_delta"": 0.0, ""front_structural_delta_median"": 0.0, ""front_total_length_shortening"": 0.0, ""rear_total_length_shortening"": null, ""total_length_shortening"": 0.0}",0.0,0.0,0.0,,61.51,closingSpeed,17.08611111111111,199683.6719444444,1368.0,,0.0,1880.0,2591.0,1126.0,61.51,61.51,270.0,0.0,-82.0,27.0,0.0,0.0,NOT APPLICABLE,NOT APPLICABLE,NOT APPLICABLE,ITV
822,8351,995,2,side,subject_vehicle,C_MaxOnly,HYUNDAI,SONATA,2011,FOUR DOOR SEDAN,,0,297.0,0.0,0.0,254.0,0.0,0.0,0.0,0.0,0.0,0.0,0.0,0.0,0.0,,,,,0.0,0.0,0.13879781420765028,,0.0,"{""a_pillar_base_asym_delta"": 0.0, ""delta_1"": 0.0, ""delta_10"": 0.0, ""delta_11"": 0.0, ""delta_12"": 0.0, ""delta_13"": 0.0, ""delta_14"": 0.0, ""delta_15"": 0.0, ""delta_16"": 0.0, ""delta_17"": 0.0, ""delta_18"": 0.0, ""delta_19"": 0.0, ""delta_2"": 0.0, ""delta_20"": 0.0, ""delta_21"": 0.0, ""delta_3"": null, ""delta_4"": 0.0, ""delta_5"": 0.0, ""delta_6"": 0.0, ""delta_7"": 0.0, ""delta_8"": 0.0, ""delta_9"": 0.0, ""door_leading_lower_asym_delta"": 0.0, ""door_leading_upper_asym_delta"": 0.0, ""door_trailing_lower_asym_delta"": 0.0, ""door_trailing_upper_asym_delta"": 0.0, ""firewall_side_asym_delta"": 0.0, ""front_bumper_left_delta"": 0.0, ""front_bumper_right_delta"": 0.0, ""front_engine_block_delta"": 0.0, ""front_engine_front_delta"": 0.0, ""front_firewall_center_delta"": null, ""front_firewall_left_delta"": 0.0, ""front_firewall_right_delta"": 0.0, ""front_left_right_asym_delta"": 0.0, ""front_left_right_bumper_asymmetry"": 0.0, ""front_structural_delta"": 0.0, ""front_structural_delta_median"": 0.0, ""front_total_length_shortening"": 0.0, ""rear_total_length_shortening"": null, ""total_length_shortening"": 0.0}",0.0,0.0,0.0,,61.51,closingSpeed,17.08611111111111,244349.75645833326,1674.0,,4820.0,1830.0,2800.0,1215.0,61.51,0.0,270.0,0.0,-82.0,0.0,0.0,0.0,NOT APPLICABLE,NOT APPLICABLE,NOT APPLICABLE,ITV
899,8352,1075,1,side,subject_vehicle,C_MaxOnly,OTHER,OTHER,0,NOT APPLICABLE,,0,0.0,0.0,0.0,372.0,0.0,0.0,0.0,0.0,0.0,0.0,0.0,0.0,0.0,,,,,,0.0,0.19787234042553192,,,"{""a_pillar_base_asym_delta"": 0.0, ""delta_1"": 0.0, ""delta_10"": 0.0, ""delta_11"": 0.0, ""delta_12"": 0.0, ""delta_13"": 0.0, ""delta_14"": 0.0, ""delta_15"": 0.0, ""delta_16"": 0.0, ""delta_17"": 0.0, ""delta_18"": 0.0, ""delta_19"": 0.0, ""delta_2"": 0.0, ""delta_20"": 0.0, ""delta_21"": 0.0, ""delta_3"": null, ""delta_4"": 0.0, ""delta_5"": 0.0, ""delta_6"": 0.0, ""delta_7"": 0.0, ""delta_8"": 0.0, ""delta_9"": 0.0, ""door_leading_lower_asym_delta"": 0.0, ""door_leading_upper_asym_delta"": 0.0, ""door_trailing_lower_asym_delta"": 0.0, ""door_trailing_upper_asym_delta"": 0.0, ""firewall_side_asym_delta"": 0.0, ""front_bumper_left_delta"": 0.0, ""front_bumper_right_delta"": 0.0, ""front_engine_block_delta"": 0.0, ""front_engine_front_delta"": 0.0, ""front_firewall_center_delta"": null, ""front_firewall_left_delta"": 0.0, ""front_firewall_right_delta"": 0.0, ""front_left_right_asym_delta"": 0.0, ""front_left_right_bumper_asymmetry"": 0.0, ""front_structural_delta"": 0.0, ""front_structural_delta_median"": 0.0, ""front_total_length_shortening"": 0.0, ""rear_total_length_shortening"": null, ""total_length_shortening"": 0.0}",0.0,0.0,0.0,,62.19,closingSpeed,17.275,203973.9146875,1367.0,,0.0,1880.0,2591.0,1117.0,62.19,62.19,270.0,0.0,-22.0,27.0,0.0,0.0,NOT APPLICABLE,NOT APPLICABLE,NOT APPLICABLE,ITV
899,8352,1076,2,side,subject_vehicle,C_MaxOnly,BUICK,LACROSSE,2011,FOUR DOOR SEDAN,,0,297.0,0.0,0.0,199.0,0.0,0.0,0.0,0.0,0.0,0.0,0.0,0.0,0.0,,,,,0.0,0.0,0.10698924731182796,,0.0,"{""a_pillar_base_asym_delta"": 0.0, ""delta_1"": 0.0, ""delta_10"": 0.0, ""delta_11"": 0.0, ""delta_12"": 0.0, ""delta_13"": 0.0, ""delta_14"": 0.0, ""delta_15"": 0.0, ""delta_16"": 0.0, ""delta_17"": 0.0, ""delta_18"": 0.0, ""delta_19"": 0.0, ""delta_2"": 0.0, ""delta_20"": 0.0, ""delta_21"": 0.0, ""delta_3"": null, ""delta_4"": 0.0, ""delta_5"": 0.0, ""delta_6"": 0.0, ""delta_7"": 0.0, ""delta_8"": 0.0, ""delta_9"": 0.0, ""door_leading_lower_asym_delta"": 0.0, ""door_leading_upper_asym_delta"": 0.0, ""door_trailing_lower_asym_delta"": 0.0, ""door_trailing_upper_asym_delta"": 0.0, ""firewall_side_asym_delta"": 0.0, ""front_bumper_left_delta"": 0.0, ""front_bumper_right_delta"": 0.0, ""front_engine_block_delta"": 0.0, ""front_engine_front_delta"": 0.0, ""front_firewall_center_delta"": null, ""front_firewall_left_delta"": 0.0, ""front_firewall_right_delta"": 0.0, ""front_left_right_asym_delta"": 0.0, ""front_left_right_bumper_asymmetry"": 0.0, ""front_structural_delta"": 0.0, ""front_structural_delta_median"": 0.0, ""front_total_length_shortening"": 0.0, ""rear_total_length_shortening"": null, ""total_length_shortening"": 0.0}",0.0,0.0,0.0,,62.19,closingSpeed,17.275,283802.7693749999,1902.0,,5010.0,1860.0,2839.0,1296.0,62.19,0.0,270.0,0.0,-22.0,0.0,0.0,0.0,NOT APPLICABLE,NOT APPLICABLE,NOT APPLICABLE,ITV
918,8353,1099,2,side,subject_vehicle,C_MaxOnly,ACURA,MDX,2010,UTILITY VEHICLE,,0,297.0,0.0,0.0,207.0,0.0,0.0,0.0,0.0,0.0,0.0,0.0,0.0,0.0,,,,,0.0,0.0,0.1035,,0.0,"{""a_pillar_base_asym_delta"": 0.0, ""delta_1"": 0.0, ""delta_10"": 0.0, ""delta_11"": 0.0, ""delta_12"": 0.0, ""delta_13"": 0.0, ""delta_14"": 0.0, ""delta_15"": 0.0, ""delta_16"": 0.0, ""delta_17"": 0.0, ""delta_18"": 0.0, ""delta_19"": 0.0, ""delta_2"": 0.0, ""delta_20"": 0.0, ""delta_21"": 0.0, ""delta_3"": null, ""delta_4"": 0.0, ""delta_5"": 0.0, ""delta_6"": 0.0, ""delta_7"": 0.0, ""delta_8"": 0.0, ""delta_9"": 0.0, ""door_leading_lower_asym_delta"": 0.0, ""door_leading_upper_asym_delta"": 0.0, ""door_trailing_lower_asym_delta"": 0.0, ""door_trailing_upper_asym_delta"": 0.0, ""firewall_side_asym_delta"": 0.0, ""front_bumper_left_delta"": 0.0, ""front_bumper_right_delta"": 0.0, ""front_engine_block_delta"": 0.0, ""front_engine_front_delta"": 0.0, ""front_firewall_center_delta"": null, ""front_firewall_left_delta"": 0.0, ""front_firewall_right_delta"": 0.0, ""front_left_right_asym_delta"": 0.0, ""front_left_right_bumper_asymmetry"": 0.0, ""front_structural_delta"": 0.0, ""front_structural_delta_median"": 0.0, ""front_total_length_shortening"": 0.0, ""rear_total_length_shortening"": null, ""total_length_shortening"": 0.0}",0.0,0.0,0.0,,61.86,closingSpeed,17.183333333333334,333799.2806944445,2261.0,,4850.0,2000.0,2760.0,1244.0,61.86,0.0,270.0,0.0,-30.0,0.0,0.0,0.0,NOT APPLICABLE,NOT APPLICABLE,NOT APPLICABLE,ITV
927,8354,1108,1,side,subject_vehicle,C_MaxOnly,OTHER,OTHER,0,NOT APPLICABLE,,0,0.0,0.0,0.0,372.0,0.0,0.0,0.0,0.0,0.0,0.0,0.0,0.0,0.0,,,,,,0.0,0.19787234042553192,,,"{""a_pillar_base_asym_delta"": 0.0, ""delta_1"": 0.0, ""delta_10"": 0.0, ""delta_11"": 0.0, ""delta_12"": 0.0, ""delta_13"": 0.0, ""delta_14"": 0.0, ""delta_15"": 0.0, ""delta_16"": 0.0, ""delta_17"": 0.0, ""delta_18"": 0.0, ""delta_19"": 0.0, ""delta_2"": 0.0, ""delta_20"": 0.0, ""delta_21"": 0.0, ""delta_3"": null, ""delta_4"": 0.0, ""delta_5"": 0.0, ""delta_6"": 0.0, ""delta_7"": 0.0, ""delta_8"": 0.0, ""delta_9"": 0.0, ""door_leading_lower_asym_delta"": 0.0, ""door_leading_upper_asym_delta"": 0.0, ""door_trailing_lower_asym_delta"": 0.0, ""door_trailing_upper_asym_delta"": 0.0, ""firewall_side_asym_delta"": 0.0, ""front_bumper_left_delta"": 0.0, ""front_bumper_right_delta"": 0.0, ""front_engine_block_delta"": 0.0, ""front_engine_front_delta"": 0.0, ""front_firewall_center_delta"": null, ""front_firewall_left_delta"": 0.0, ""front_firewall_right_delta"": 0.0, ""front_left_right_asym_delta"": 0.0, ""front_left_right_bumper_asymmetry"": 0.0, ""front_structural_delta"": 0.0, ""front_structural_delta_median"": 0.0, ""front_total_length_shortening"": 0.0, ""rear_total_length_shortening"": null, ""total_length_shortening"": 0.0}",0.0,0.0,0.0,,61.84,closingSpeed,17.177777777777777,201832.01777777777,1368.0,,0.0,1880.0,2591.0,1122.0,61.84,61.84,270.0,0.0,-79.0,27.0,0.0,0.0,NOT APPLICABLE,NOT APPLICABLE,NOT APPLICABLE,ITV
927,8354,1109,2,side,subject_vehicle,C_MaxOnly,CHEVROLET,TRAVERSE,2012,UTILITY VEHICLE,,0,297.0,0.0,0.0,223.0,0.0,0.0,0.0,0.0,0.0,0.0,0.0,0.0,0.0,,,,,0.0,0.0,0.1115,,0.0,"{""a_pillar_base_asym_delta"": 0.0, ""delta_1"": 0.0, ""delta_10"": 0.0, ""delta_11"": 0.0, ""delta_12"": 0.0, ""delta_13"": 0.0, ""delta_14"": 0.0, ""delta_15"": 0.0, ""delta_16"": 0.0, ""delta_17"": 0.0, ""delta_18"": 0.0, ""delta_19"": 0.0, ""delta_2"": 0.0, ""delta_20"": 0.0, ""delta_21"": 0.0, ""delta_3"": null, ""delta_4"": 0.0, ""delta_5"": 0.0, ""delta_6"": 0.0, ""delta_7"": 0.0, ""delta_8"": 0.0, ""delta_9"": 0.0, ""door_leading_lower_asym_delta"": 0.0, ""door_leading_upper_asym_delta"": 0.0, ""door_trailing_lower_asym_delta"": 0.0, ""door_trailing_upper_asym_delta"": 0.0, ""firewall_side_asym_delta"": 0.0, ""front_bumper_left_delta"": 0.0, ""front_bumper_right_delta"": 0.0, ""front_engine_block_delta"": 0.0, ""front_engine_front_delta"": 0.0, ""front_firewall_center_delta"": null, ""front_firewall_left_delta"": 0.0, ""front_firewall_right_delta"": 0.0, ""front_left_right_asym_delta"": 0.0, ""front_left_right_bumper_asymmetry"": 0.0, ""front_structural_delta"": 0.0, ""front_structural_delta_median"": 0.0, ""front_total_length_shortening"": 0.0, ""rear_total_length_shortening"": null, ""total_length_shortening"": 0.0}",0.0,0.0,0.0,,61.84,closingSpeed,17.177777777777777,374599.04469135805,2539.0,,5180.0,2000.0,3020.0,1428.0,61.84,0.0,270.0,0.0,-79.0,0.0,0.0,0.0,NOT APPLICABLE,NOT APPLICABLE,NOT APPLICABLE,ITV
943,8355,1126,1,side,subject_vehicle,C_MaxOnly,OTHER,OTHER,0,NOT APPLICABLE,,0,0.0,0.0,0.0,372.0,0.0,0.0,0.0,0.0,0.0,0.0,0.0,0.0,0.0,,,,,,0.0,0.19787234042553192,,,"{""a_pillar_base_asym_delta"": 0.0, ""delta_1"": 0.0, ""delta_10"": 0.0, ""delta_11"": 0.0, ""delta_12"": 0.0, ""delta_13"": 0.0, ""delta_14"": 0.0, ""delta_15"": 0.0, ""delta_16"": 0.0, ""delta_17"": 0.0, ""delta_18"": 0.0, ""delta_19"": 0.0, ""delta_2"": 0.0, ""delta_20"": 0.0, ""delta_21"": 0.0, ""delta_3"": null, ""delta_4"": 0.0, ""delta_5"": 0.0, ""delta_6"": 0.0, ""delta_7"": 0.0, ""delta_8"": 0.0, ""delta_9"": 0.0, ""door_leading_lower_asym_delta"": 0.0, ""door_leading_upper_asym_delta"": 0.0, ""door_trailing_lower_asym_delta"": 0.0, ""door_trailing_upper_asym_delta"": 0.0, ""firewall_side_asym_delta"": 0.0, ""front_bumper_left_delta"": 0.0, ""front_bumper_right_delta"": 0.0, ""front_engine_block_delta"": 0.0, ""front_engine_front_delta"": 0.0, ""front_firewall_center_delta"": null, ""front_firewall_left_delta"": 0.0, ""front_firewall_right_delta"": 0.0, ""front_left_right_asym_delta"": 0.0, ""front_left_right_bumper_asymmetry"": 0.0, ""front_structural_delta"": 0.0, ""front_structural_delta_median"": 0.0, ""front_total_length_shortening"": 0.0, ""rear_total_length_shortening"": null, ""total_length_shortening"": 0.0}",0.0,0.0,0.0,,61.94,closingSpeed,17.205555555555556,202337.28554012347,1367.0,,0.0,1880.0,2591.0,1124.0,61.94,61.94,270.0,0.0,-53.0,27.0,0.0,0.0,NOT APPLICABLE,NOT APPLICABLE,NOT APPLICABLE,ITV
943,8355,1127,2,side,subject_vehicle,C_MaxOnly,CHEVROLET,TRAVERSE,2013,UTILITY VEHICLE,,0,297.0,0.0,0.0,199.0,0.0,0.0,0.0,0.0,0.0,0.0,0.0,0.0,0.0,,,,,0.0,0.0,0.0995,,0.0,"{""a_pillar_base_asym_delta"": 0.0, ""delta_1"": 0.0, ""delta_10"": 0.0, ""delta_11"": 0.0, ""delta_12"": 0.0, ""delta_13"": 0.0, ""delta_14"": 0.0, ""delta_15"": 0.0, ""delta_16"": 0.0, ""delta_17"": 0.0, ""delta_18"": 0.0, ""delta_19"": 0.0, ""delta_2"": 0.0, ""delta_20"": 0.0, ""delta_21"": 0.0, ""delta_3"": null, ""delta_4"": 0.0, ""delta_5"": 0.0, ""delta_6"": 0.0, ""delta_7"": 0.0, ""delta_8"": 0.0, ""delta_9"": 0.0, ""door_leading_lower_asym_delta"": 0.0, ""door_leading_upper_asym_delta"": 0.0, ""door_trailing_lower_asym_delta"": 0.0, ""door_trailing_upper_asym_delta"": 0.0, ""firewall_side_asym_delta"": 0.0, ""front_bumper_left_delta"": 0.0, ""front_bumper_right_delta"": 0.0, ""front_engine_block_delta"": 0.0, ""front_engine_front_delta"": 0.0, ""front_firewall_center_delta"": null, ""front_firewall_left_delta"": 0.0, ""front_firewall_right_delta"": 0.0, ""front_left_right_asym_delta"": 0.0, ""front_left_right_bumper_asymmetry"": 0.0, ""front_structural_delta"": 0.0, ""front_structural_delta_median"": 0.0, ""front_total_length_shortening"": 0.0, ""rear_total_length_shortening"": null, ""total_length_shortening"": 0.0}",0.0,0.0,0.0,,61.94,closingSpeed,17.205555555555556,365894.49148148147,2472.0,,5155.0,2000.0,3020.0,1401.0,61.94,0.0,270.0,0.0,-53.0,0.0,0.0,0.0,NOT APPLICABLE,NOT APPLICABLE,NOT APPLICABLE,ITV
1198,8443,1420,1,side,subject_vehicle,C_MaxOnly,MERCEDES,E350,2014,FOUR DOOR SEDAN,10LPAN3,1,0.0,0.0,125.0,343.0,0.0,0.0,0.0,0.0,0.0,0.0,0.0,0.0,0.0,,,,,0.0,0.0,0.1854054054054054,,0.0511770726714432,"{""a_pillar_base_asym_delta"": 0.0, ""delta_1"": 0.0, ""delta_10"": 0.0, ""delta_11"": 0.0, ""delta_12"": 0.0, ""delta_13"": 0.0, ""delta_14"": 0.0, ""delta_15"": 0.0, ""delta_16"": 0.0, ""delta_17"": 0.0, ""delta_18"": 0.0, ""delta_19"": 0.0, ""delta_2"": 0.0, ""delta_20"": 0.0, ""delta_21"": 0.0, ""delta_3"": null, ""delta_4"": 0.0, ""delta_5"": 0.0, ""delta_6"": 0.0, ""delta_7"": 0.0, ""delta_8"": 0.0, ""delta_9"": 0.0, ""door_leading_lower_asym_delta"": 0.0, ""door_leading_upper_asym_delta"": 0.0, ""door_trailing_lower_asym_delta"": 0.0, ""door_trailing_upper_asym_delta"": 0.0, ""firewall_side_asym_delta"": 0.0, ""front_bumper_left_delta"": 0.0, ""front_bumper_right_delta"": 0.0, ""front_engine_block_delta"": 0.0, ""front_engine_front_delta"": 0.0, ""front_firewall_center_delta"": null, ""front_firewall_left_delta"": 0.0, ""front_firewall_right_delta"": 0.0, ""front_left_right_asym_delta"": 0.0, ""front_left_right_bumper_asymmetry"": 0.0, ""front_structural_delta"": 0.0, ""front_structural_delta_median"": 0.0, ""front_total_length_shortening"": 0.0, ""rear_total_length_shortening"": null, ""total_length_shortening"": 0.0}",0.0,0.0,0.0,,32.2,closingSpeed,8.944444444444445,74322.86728395062,1858.0,1780.0,4885.0,1850.0,2875.0,1391.0,32.2,32.2,270.0,0.0,125.0,285.0,0.0,0.0,NOT APPLICABLE,DIRECT ENGAGEMENT,NO DIRECT ENGAGEMENT,VTP
1204,8445,1429,2,side_impactor,subject_vehicle,C_MaxOnly,MERCEDES,E350,2014,FOUR DOOR SEDAN,09LPEW2,1,270.0,2100.0,-130.0,129.0,0.0,0.0,0.0,0.0,0.0,0.0,0.0,0.0,0.0,0.0,,,,0.430327868852459,0.0,0.07029972752043596,0.0,-0.05327868852459016,"{""a_pillar_base_asym_delta"": 0.0, ""delta_1"": 0.0, ""delta_10"": 0.0, ""delta_11"": 0.0, ""delta_12"": 0.0, ""delta_13"": 0.0, ""delta_14"": 0.0, ""delta_15"": 0.0, ""delta_16"": 0.0, ""delta_17"": 0.0, ""delta_18"": 0.0, ""delta_19"": 0.0, ""delta_2"": 0.0, ""delta_20"": 0.0, ""delta_21"": 0.0, ""delta_3"": null, ""delta_4"": 0.0, ""delta_5"": 0.0, ""delta_6"": 0.0, ""delta_7"": 0.0, ""delta_8"": 0.0, ""delta_9"": 0.0, ""door_leading_lower_asym_delta"": 0.0, ""door_leading_upper_asym_delta"": 0.0, ""door_trailing_lower_asym_delta"": 0.0, ""door_trailing_upper_asym_delta"": 0.0, ""firewall_side_asym_delta"": 0.0, ""front_bumper_left_delta"": 0.0, ""front_bumper_right_delta"": 0.0, ""front_engine_block_delta"": 0.0, ""front_engine_front_delta"": 0.0, ""front_firewall_center_delta"": null, ""front_firewall_left_delta"": 0.0, ""front_firewall_right_delta"": 0.0, ""front_left_right_asym_delta"": 0.0, ""front_left_right_bumper_asymmetry"": 0.0, ""front_structural_delta"": 0.0, ""front_structural_delta_median"": 0.0, ""front_total_length_shortening"": 0.0, ""rear_total_length_shortening"": null, ""total_length_shortening"": 0.0}",0.0,0.0,0.0,,61.47,closingSpeed,17.075,281642.73375,1932.0,1777.0,4880.0,1835.0,2880.0,0.0,61.47,0.0,270.0,0.0,82.0,0.0,0.0,0.0,NOT APPLICABLE,NO DIRECT ENGAGEMENT,DIRECT ENGAGEMENT,ITV
1224,8462,1458,1,side,subject_vehicle,C_MaxOnly,HONDA,ODYSSEY,2014,MINIVAN,,0,345.0,0.0,653.0,352.0,0.0,0.0,0.0,0.0,0.0,0.0,0.0,0.0,0.0,,,,,0.0,0.0,0.17732997481108312,,0.2535430013589594,"{""a_pillar_base_asym_delta"": 0.0, ""delta_1"": 18.0, ""delta_10"": 0.0, ""delta_11"": 0.0, ""delta_12"": 0.0, ""delta_13"": 0.0, ""delta_14"": 0.0, ""delta_15"": 0.0, ""delta_16"": 0.0, ""delta_17"": 0.0, ""delta_18"": 0.0, ""delta_19"": -19.0, ""delta_2"": 0.0, ""delta_20"": 46.0, ""delta_21"": 0.0, ""delta_3"": null, ""delta_4"": 0.0, ""delta_5"": 0.0, ""delta_6"": 0.0, ""delta_7"": 0.0, ""delta_8"": 0.0, ""delta_9"": 0.0, ""door_leading_lower_asym_delta"": 0.0, ""door_leading_upper_asym_delta"": 0.0, ""door_trailing_lower_asym_delta"": 0.0, ""door_trailing_upper_asym_delta"": 0.0, ""firewall_side_asym_delta"": 0.0, ""front_bumper_left_delta"": 46.0, ""front_bumper_right_delta"": -19.0, ""front_engine_block_delta"": 0.0, ""front_engine_front_delta"": 0.0, ""front_firewall_center_delta"": null, ""front_firewall_left_delta"": 0.0, ""front_firewall_right_delta"": 0.0, ""front_left_right_asym_delta"": 65.0, ""front_left_right_bumper_asymmetry"": 65.0, ""front_structural_delta"": 0.0, ""front_structural_delta_median"": 0.0, ""front_total_length_shortening"": 18.0, ""rear_total_length_shortening"": null, ""total_length_shortening"": 18.0}",18.0,0.0,65.0,,31.95,closingSpeed,8.875,85185.0234375,2163.0,1994.0,5151.0,1985.0,3005.0,1383.0,31.95,31.95,270.0,0.0,185.0,285.0,0.0,0.0,NOT APPLICABLE,DIRECT ENGAGEMENT,NO DIRECT ENGAGEMENT,VTP
1232,8466,1468,1,side,subject_vehicle,C_MaxOnly,CHEVROLET,SPARK,2014,FIVE DOOR HATCHBACK,,0,345.0,0.0,-96.0,324.0,0.0,0.0,0.0,0.0,0.0,0.0,0.0,0.0,0.0,,,,,0.0,0.0,0.20454545454545456,,-0.05284888521882741,"{""a_pillar_base_asym_delta"": 0.0, ""delta_1"": 13.0, ""delta_10"": 0.0, ""delta_11"": 0.0, ""delta_12"": 0.0, ""delta_13"": 0.0, ""delta_14"": 0.0, ""delta_15"": 0.0, ""delta_16"": 0.0, ""delta_17"": 0.0, ""delta_18"": 0.0, ""delta_19"": -19.0, ""delta_2"": 0.0, ""delta_20"": 40.0, ""delta_21"": 0.0, ""delta_3"": null, ""delta_4"": 0.0, ""delta_5"": 0.0, ""delta_6"": 0.0, ""delta_7"": 0.0, ""delta_8"": 0.0, ""delta_9"": 0.0, ""door_leading_lower_asym_delta"": 0.0, ""door_leading_upper_asym_delta"": 0.0, ""door_trailing_lower_asym_delta"": 0.0, ""door_trailing_upper_asym_delta"": 0.0, ""firewall_side_asym_delta"": 0.0, ""front_bumper_left_delta"": 40.0, ""front_bumper_right_delta"": -19.0, ""front_engine_block_delta"": 0.0, ""front_engine_front_delta"": 0.0, ""front_firewall_center_delta"": null, ""front_firewall_left_delta"": 0.0, ""front_firewall_right_delta"": 0.0, ""front_left_right_asym_delta"": 59.0, ""front_left_right_bumper_asymmetry"": 59.0, ""front_structural_delta"": 0.0, ""front_structural_delta_median"": 0.0, ""front_total_length_shortening"": 13.0, ""rear_total_length_shortening"": null, ""total_length_shortening"": 13.0}",13.0,0.0,59.0,,31.75,closingSpeed,8.819444444444445,42430.4084683642,1091.0,1027.0,3633.0,1584.0,2376.0,947.0,31.75,31.75,270.0,0.0,-56.0,285.0,0.0,0.0,NOT APPLICABLE,DIRECT ENGAGEMENT,NO DIRECT ENGAGEMENT,VTP
2317,11827,2778,1,frontal_barrier,subject_vehicle,D_DeltaOnly,OTHER,OTHER,2020,OTHER,0,0,0.0,0.0,0.0,0.0,0.0,0.0,0.0,0.0,0.0,0.0,0.0,0.0,0.0,,,,,0.0,,,,0.0,"{""a_pillar_base_asym_delta"": -25.0, ""delta_1"": -7.0, ""delta_10"": -31.0, ""delta_11"": 6.0, ""delta_12"": 8.0, ""delta_13"": -17.0, ""delta_14"": -17.0, ""delta_15"": -14.0, ""delta_16"": -14.0, ""delta_17"": -24.0, ""delta_18"": 18.0, ""delta_19"": 13.0, ""delta_2"": -12.0, ""delta_20"": -31.0, ""delta_21"": -37.0, ""delta_3"": -9.0, ""delta_4"": -9.0, ""delta_5"": 2.0, ""delta_6"": -1.0, ""delta_7"": 1.0, ""delta_8"": -1.0, ""delta_9"": -29.0, ""door_leading_lower_asym_delta"": 2.0, ""door_leading_upper_asym_delta"": 11.0, ""door_trailing_lower_asym_delta"": 37.0, ""door_trailing_upper_asym_delta"": -28.0, ""firewall_side_asym_delta"": 3.0, ""front_bumper_left_delta"": -31.0, ""front_bumper_right_delta"": 13.0, ""front_engine_block_delta"": -37.0, ""front_engine_front_delta"": -12.0, ""front_firewall_center_delta"": -9.0, ""front_firewall_left_delta"": -14.0, ""front_firewall_right_delta"": -17.0, ""front_left_right_asym_delta"": -44.0, ""front_left_right_bumper_asymmetry"": -44.0, ""front_structural_delta"": -13.0, ""front_structural_delta_median"": -13.0, ""front_total_length_shortening"": -7.0, ""rear_total_length_shortening"": null, ""total_length_shortening"": -7.0}",-7.0,-13.0,-44.0,,90.0,closingSpeed,25.0,500000.0,1600.0,,0.0,1800.0,0.0,0.0,90.0,90.0,15.0,-15.0,0.0,15.0,0.0,0.0,UNKNOWN,UNKNOWN,UNKNOWN,ITV
