test_no,model_year,make,model,body_style,crash_type,crash_type_rule,test_config_code,test_config_label,impact_speed_value,impact_speed_unit,load_cell_barrier_family,load_cell_barrier_classification_id,load_cell_barrier_config_version,test_weight_kg,curb_weight_kg,length_mm,width_mm,wheelbase_mm,vax_crush_distance_mm
7202,2011,KIA,FORTE,FOUR DOOR SEDAN,NEW CAR ASSESSMENT TEST,side,VTP,VEHICLE INTO POLE,32.3,km/h,side_pole_load_cell_barrier,side_pole_load_cell_8,2.2.2-db2011plus-shape-normalized-metadata-explicit-final,1390.0,1299.0,4535.0,1755.0,2653.0,393.0
7340,2011,FORD,RANGER,EXTENDED CAB PICKUP,NEW CAR ASSESSMENT TEST,side,VTP,VEHICLE INTO POLE,32.12,km/h,side_pole_load_cell_barrier,side_pole_load_cell_8,2.2.2-db2011plus-shape-normalized-metadata-explicit-final,1831.0,1673.0,5180.0,1744.0,3199.0,524.0
7344,2011,KIA,OPTIMA,FOUR DOOR SEDAN,NEW CAR ASSESSMENT TEST,side,VTP,VEHICLE INTO POLE,32.5,km/h,side_pole_load_cell_barrier,side_pole_load_cell_8,2.2.2-db2011plus-shape-normalized-metadata-explicit-final,1588.0,1473.0,4845.0,1805.0,2795.0,393.0
7345,2011,TOYOTA,TUNDRA DOUBLE CAB,4 DOOR PICKUP,NEW CAR ASSESSMENT TEST,side,VTP,VEHICLE INTO POLE,32.92,km/h,side_pole_load_cell_barrier,side_pole_load_cell_8,2.2.2-db2011plus-shape-normalized-metadata-explicit-final,2618.0,2441.0,5803.0,2022.0,3702.0,505.0
7348,2011,TOYOTA,COROLLA,FOUR DOOR SEDAN,NEW CAR ASSESSMENT TEST,side,VTP,VEHICLE INTO POLE,32.5,km/h,side_pole_load_cell_barrier,side_pole_load_cell_8,2.2.2-db2011plus-shape-normalized-metadata-explicit-final,1331.0,1257.0,4546.0,1760.0,2600.0,341.0
7349,2011,FORD,F150 SUPERCREW,4 DOOR PICKUP,NEW CAR ASSESSMENT TEST,side,VTP,VEHICLE INTO POLE,32.77,km/h,side_pole_load_cell_barrier,side_pole_load_cell_8,2.2.2-db2011plus-shape-normalized-metadata-explicit-final,2610.0,2433.0,5876.0,1985.0,3676.0,594.0
7351,2011,FORD,F150 SUPERCAB,EXTENDED CAB PICKUP,NEW CAR ASSESSMENT TEST,side,VTP,VEHICLE INTO POLE,32.67,km/h,side_pole_load_cell_barrier,side_pole_load_cell_8,2.2.2-db2011plus-shape-normalized-metadata-explicit-final,2526.0,2348.0,5871.0,1989.0,3673.0,572.0
7354,2011,TOYOTA,PRIUS,FIVE DOOR HATCHBACK,NEW CAR ASSESSMENT TEST,side,VTP,VEHICLE INTO POLE,32.5,km/h,side_pole_load_cell_barrier,side_pole_load_cell_8,2.2.2-db2011plus-shape-normalized-metadata-explicit-final,1472.0,1399.0,4460.0,1748.0,2700.0,334.0
7361,2011,TOYOTA,SCION TC,THREE DOOR HATCHBACK,OPTIONAL NEW CAR ASSESSMENT TEST,side,VTP,VEHICLE INTO POLE,32.5,km/h,side_pole_load_cell_barrier,side_pole_load_cell_8,2.2.2-db2011plus-shape-normalized-metadata-explicit-final,1495.0,1495.0,4420.0,1730.0,2700.0,333.0
7365,2011,BUICK,LUCERNE,FOUR DOOR SEDAN,OPTIONAL NEW CAR ASSESSMENT TEST,side,VTP,VEHICLE INTO POLE,32.3,km/h,side_pole_load_cell_barrier,side_pole_load_cell_8,2.2.2-db2011plus-shape-normalized-metadata-explicit-final,1864.0,1738.0,5190.0,1849.0,2937.0,451.0
7369,2011,BUICK,LACROSSE,FOUR DOOR SEDAN,OPTIONAL NEW CAR ASSESSMENT TEST,side,VTP,VEHICLE INTO POLE,32.5,km/h,side_pole_load_cell_barrier,side_pole_load_cell_8,2.2.2-db2011plus-shape-normalized-metadata-explicit-final,1845.0,1721.0,5014.0,1816.0,2840.0,295.0
7394,2011,CHEVROLET,VOLT,FOUR DOOR SEDAN,NEW CAR ASSESSMENT TEST,side,VTP,VEHICLE INTO POLE,32.4,km/h,side_pole_load_cell_barrier,side_pole_load_cell_8,2.2.2-db2011plus-shape-normalized-metadata-explicit-final,1827.0,1714.0,4500.0,1785.0,2685.0,305.0
7414,2011,ACURA,ZDX,UTILITY VEHICLE,OPTIONAL NEW CAR ASSESSMENT TEST,side,VTP,VEHICLE INTO POLE,32.5,km/h,side_pole_load_cell_barrier,side_pole_load_cell_8,2.2.2-db2011plus-shape-normalized-metadata-explicit-final,2096.0,2012.0,4895.0,1981.0,2755.0,423.0
7418,2011,NISSAN,LEAF,FIVE DOOR HATCHBACK,NEW CAR ASSESSMENT TEST,side,VTP,VEHICLE INTO POLE,32.5,km/h,side_pole_load_cell_barrier,side_pole_load_cell_8,2.2.2-db2011plus-shape-normalized-metadata-explicit-final,1626.0,1529.0,4461.0,1770.0,2700.0,322.0
7438,2012,KIA,SORENTO,UTILITY VEHICLE,OPTIONAL NEW CAR ASSESSMENT TEST,side,VTP,VEHICLE INTO POLE,32.0,km/h,side_pole_load_cell_barrier,side_pole_load_cell_8,2.2.2-db2011plus-shape-normalized-metadata-explicit-final,1792.0,1666.0,4675.0,1860.0,2710.0,414.0
7455,2012,CHRYSLER,TOWN AND COUNTRY,MINIVAN,NEW CAR ASSESSMENT TEST,side,VTP,VEHICLE INTO POLE,32.1,km/h,side_pole_load_cell_barrier,side_pole_load_cell_8,2.2.2-db2011plus-shape-normalized-metadata-explicit-final,2182.0,2090.0,5181.0,1970.0,3080.0,389.0
7462,2012,FORD,FOCUS,FOUR DOOR SEDAN,NEW CAR ASSESSMENT TEST,side,VTP,VEHICLE INTO POLE,31.53,km/h,side_pole_load_cell_barrier,side_pole_load_cell_8,2.2.2-db2011plus-shape-normalized-metadata-explicit-final,1407.0,1329.0,4495.0,1989.0,2649.0,416.0
7463,2012,FORD,MUSTANG,TWO DOOR COUPE,NEW CAR ASSESSMENT TEST,side,VTP,VEHICLE INTO POLE,31.6,km/h,side_pole_load_cell_barrier,side_pole_load_cell_8,2.2.2-db2011plus-shape-normalized-metadata-explicit-final,1654.0,1568.0,4559.0,1835.0,2726.0,501.0
7466,2012,DODGE,AVENGER,FOUR DOOR SEDAN,NEW CAR ASSESSMENT TEST,side,VTP,VEHICLE INTO POLE,32.0,km/h,side_pole_load_cell_barrier,side_pole_load_cell_8,2.2.2-db2011plus-shape-normalized-metadata-explicit-final,1735.0,1637.0,4895.0,1822.0,2765.0,432.0
7472,2012,DODGE,JOURNEY,UTILITY VEHICLE,NEW CAR ASSESSMENT TEST,side,VTP,VEHICLE INTO POLE,31.9,km/h,side_pole_load_cell_barrier,side_pole_load_cell_8,2.2.2-db2011plus-shape-normalized-metadata-explicit-final,1885.0,1788.0,4895.0,1830.0,2900.0,398.0
7474,2012,VOLKSWAGEN,PASSAT,FOUR DOOR SEDAN,OPTIONAL NEW CAR ASSESSMENT TEST,side,VTP,VEHICLE INTO POLE,32.1,km/h,side_pole_load_cell_barrier,side_pole_load_cell_8,2.2.2-db2011plus-shape-normalized-metadata-explicit-final,1668.0,1456.0,4866.0,1790.0,2805.0,377.0
7477,2012,CHRYSLER,200,FOUR DOOR SEDAN,NEW CAR ASSESSMENT TEST,side,VTP,VEHICLE INTO POLE,31.96,km/h,side_pole_load_cell_barrier,side_pole_load_cell_8,2.2.2-db2011plus-shape-normalized-metadata-explicit-final,1632.0,1545.0,4870.0,1802.0,2763.0,392.0
7485,2012,HYUNDAI,TUCSON,UTILITY VEHICLE,NEW CAR ASSESSMENT TEST,side,VTP,VEHICLE INTO POLE,32.46,km/h,side_pole_load_cell_barrier,side_pole_load_cell_8,2.2.2-db2011plus-shape-normalized-metadata-explicit-final,1609.0,1487.0,4307.0,1801.0,2644.0,484.0
7487,2012,FORD,EXPLORER,UTILITY VEHICLE,NEW CAR ASSESSMENT TEST,side,VTP,VEHICLE INTO POLE,32.0,km/h,side_pole_load_cell_barrier,side_pole_load_cell_8,2.2.2-db2011plus-shape-normalized-metadata-explicit-final,2191.0,2012.0,5009.0,1976.0,2865.0,588.0
7489,2012,CHEVROLET,CAMARO,TWO DOOR COUPE,NEW CAR ASSESSMENT TEST,side,VTP,VEHICLE INTO POLE,32.0,km/h,side_pole_load_cell_barrier,side_pole_load_cell_8,2.2.2-db2011plus-shape-normalized-metadata-explicit-final,1827.0,1722.0,4838.0,1828.0,2856.0,395.0
7496,2012,CHEVROLET,IMPALA,FOUR DOOR SEDAN,NEW CAR ASSESSMENT TEST,side,VTP,VEHICLE INTO POLE,32.22,km/h,side_pole_load_cell_barrier,side_pole_load_cell_8,2.2.2-db2011plus-shape-normalized-metadata-explicit-final,1753.0,1630.0,5096.0,1844.0,2806.0,392.0
7497,2012,HYUNDAI,ACCENT,FOUR DOOR SEDAN,NEW CAR ASSESSMENT TEST,side,VTP,VEHICLE INTO POLE,32.1,km/h,side_pole_load_cell_barrier,side_pole_load_cell_8,2.2.2-db2011plus-shape-normalized-metadata-explicit-final,1245.0,1154.0,4364.0,1688.0,2568.0,327.0
7506,2012,CHEVROLET,SUBURBAN,UTILITY VEHICLE,NEW CAR ASSESSMENT TEST,side,VTP,VEHICLE INTO POLE,31.9,km/h,side_pole_load_cell_barrier,side_pole_load_cell_8,2.2.2-db2011plus-shape-normalized-metadata-explicit-final,2690.0,2585.0,5655.0,1982.0,3310.0,432.0
7511,2012,FIAT,500,THREE DOOR HATCHBACK,NEW CAR ASSESSMENT TEST,side,VTP,VEHICLE INTO POLE,32.14,km/h,side_pole_load_cell_barrier,side_pole_load_cell_8,2.2.2-db2011plus-shape-normalized-metadata-explicit-final,1183.0,1071.0,3488.0,1583.0,2305.0,354.0
7512,2012,HONDA,PILOT,UTILITY VEHICLE,NEW CAR ASSESSMENT TEST,side,VTP,VEHICLE INTO POLE,31.9,km/h,side_pole_load_cell_barrier,side_pole_load_cell_8,2.2.2-db2011plus-shape-normalized-metadata-explicit-final,2034.0,1933.0,4856.0,1985.0,2776.0,520.0
7518,2012,CADILLAC,CTS,FOUR DOOR SEDAN,NEW CAR ASSESSMENT TEST,side,VTP,VEHICLE INTO POLE,32.19,km/h,side_pole_load_cell_barrier,side_pole_load_cell_8,2.2.2-db2011plus-shape-normalized-metadata-explicit-final,1868.0,1764.0,4832.0,1788.0,2882.0,420.0
7522,2012,CADILLAC,SRX,UTILITY VEHICLE,NEW CAR ASSESSMENT TEST,side,VTP,VEHICLE INTO POLE,32.0,km/h,side_pole_load_cell_barrier,side_pole_load_cell_8,2.2.2-db2011plus-shape-normalized-metadata-explicit-final,2182.0,2001.0,4832.0,1861.0,2817.0,394.0
7523,2012,TOYOTA,CAMRY,FOUR DOOR SEDAN,OPTIONAL NEW CAR ASSESSMENT TEST,side,VTP,VEHICLE INTO POLE,32.1,km/h,side_pole_load_cell_barrier,side_pole_load_cell_8,2.2.2-db2011plus-shape-normalized-metadata-explicit-final,1566.0,1455.0,4809.0,1821.0,2774.0,394.0
7524,2012,DODGE,DURANGO,UTILITY VEHICLE,NEW CAR ASSESSMENT TEST,side,VTP,VEHICLE INTO POLE,32.2,km/h,side_pole_load_cell_barrier,side_pole_load_cell_8,2.2.2-db2011plus-shape-normalized-metadata-explicit-final,2297.0,2189.0,5070.0,1930.0,3045.0,358.0
7529,2012,HYUNDAI,ELANTRA,FOUR DOOR SEDAN,NEW CAR ASSESSMENT TEST,side,VTP,VEHICLE INTO POLE,32.06,km/h,side_pole_load_cell_barrier,side_pole_load_cell_8,2.2.2-db2011plus-shape-normalized-metadata-explicit-final,1379.0,1298.0,4525.0,1770.0,2699.0,297.0
7532,2012,NISSAN,MAXIMA,FOUR DOOR SEDAN,NEW CAR ASSESSMENT TEST,side,VTP,VEHICLE INTO POLE,32.1,km/h,side_pole_load_cell_barrier,side_pole_load_cell_8,2.2.2-db2011plus-shape-normalized-metadata-explicit-final,1730.0,1616.0,4844.0,1812.0,2776.0,422.0
7533,2012,MAZDA,MAZDA6,FOUR DOOR SEDAN,NEW CAR ASSESSMENT TEST,side,VTP,VEHICLE INTO POLE,32.24,km/h,side_pole_load_cell_barrier,side_pole_load_cell_8,2.2.2-db2011plus-shape-normalized-metadata-explicit-final,1568.0,1486.0,4918.0,1841.0,2787.0,399.0
7538,2012,ACURA,TL,FOUR DOOR SEDAN,NEW CAR ASSESSMENT TEST,side,VTP,VEHICLE INTO POLE,31.59,km/h,side_pole_load_cell_barrier,side_pole_load_cell_8,2.2.2-db2011plus-shape-normalized-metadata-explicit-final,1785.0,1700.0,4901.0,1851.0,2771.0,465.0
7540,2012,CHEVROLET,SONIC,FOUR DOOR SEDAN,NEW CAR ASSESSMENT TEST,side,VTP,VEHICLE INTO POLE,32.1,km/h,side_pole_load_cell_barrier,side_pole_load_cell_8,2.2.2-db2011plus-shape-normalized-metadata-explicit-final,1363.0,1252.0,4421.0,1691.0,2530.0,351.0
7542,2012,JEEP,LIBERTY,UTILITY VEHICLE,NEW CAR ASSESSMENT TEST,side,VTP,VEHICLE INTO POLE,32.41,km/h,side_pole_load_cell_barrier,side_pole_load_cell_8,2.2.2-db2011plus-shape-normalized-metadata-explicit-final,1921.0,1795.0,4496.0,1767.0,2696.0,426.0
7565,2012,FORD,EXPEDITION,UTILITY VEHICLE,NEW CAR ASSESSMENT TEST,side,VTP,VEHICLE INTO POLE,32.3,km/h,side_pole_load_cell_barrier,side_pole_load_cell_8,2.2.2-db2011plus-shape-normalized-metadata-explicit-final,2716.0,2538.0,5200.0,2000.0,3010.0,449.0
7568,2012,HONDA,FIT,FIVE DOOR HATCHBACK,NEW CAR ASSESSMENT TEST,side,VTP,VEHICLE INTO POLE,32.0,km/h,side_pole_load_cell_barrier,side_pole_load_cell_8,2.2.2-db2011plus-shape-normalized-metadata-explicit-final,1244.0,1162.0,4105.0,1694.0,2500.0,381.0
7570,2012,HYUNDAI,SANTA FE,UTILITY VEHICLE,NEW CAR ASSESSMENT TEST,side,VTP,VEHICLE INTO POLE,32.0,km/h,side_pole_load_cell_barrier,side_pole_load_cell_8,2.2.2-db2011plus-shape-normalized-metadata-explicit-final,1818.0,1691.0,4656.0,1846.0,2700.0,372.0
7581,2012,VOLVO,S60,FOUR DOOR SEDAN,NEW CAR ASSESSMENT TEST,side,VTP,VEHICLE INTO POLE,32.03,km/h,side_pole_load_cell_barrier,side_pole_load_cell_8,2.2.2-db2011plus-shape-normalized-metadata-explicit-final,1772.0,1603.0,4620.0,1825.0,2774.0,417.0
7583,2012,KIA,SPORTAGE,UTILITY VEHICLE,NEW CAR ASSESSMENT TEST,side,VTP,VEHICLE INTO POLE,32.4,km/h,side_pole_load_cell_barrier,side_pole_load_cell_8,2.2.2-db2011plus-shape-normalized-metadata-explicit-final,1577.0,1461.0,4446.0,1799.0,2640.0,368.0
7584,2012,CHEVROLET,SILVERADO2500,4 DOOR PICKUP,NEW CAR ASSESSMENT TEST,side,VTP,VEHICLE INTO POLE,32.0,km/h,side_pole_load_cell_barrier,side_pole_load_cell_8,2.2.2-db2011plus-shape-normalized-metadata-explicit-final,3068.0,2887.0,6105.0,2004.0,3915.0,447.0
7590,2012,CHRYSLER,300,FOUR DOOR SEDAN,NEW CAR ASSESSMENT TEST,side,VTP,VEHICLE INTO POLE,32.0,km/h,side_pole_load_cell_barrier,side_pole_load_cell_8,2.2.2-db2011plus-shape-normalized-metadata-explicit-final,1908.0,1811.0,5050.0,1876.0,3052.0,356.0
7591,2012,TOYOTA,TUNDRA,4 DOOR PICKUP,NEW CAR ASSESSMENT TEST,side,VTP,VEHICLE INTO POLE,31.5,km/h,side_pole_load_cell_barrier,side_pole_load_cell_8,2.2.2-db2011plus-shape-normalized-metadata-explicit-final,2647.0,2469.0,5816.0,2037.0,3706.0,454.0
7600,2012,TOYOTA,YARIS,FIVE DOOR HATCHBACK,NEW CAR ASSESSMENT TEST,side,VTP,VEHICLE INTO POLE,32.83,km/h,side_pole_load_cell_barrier,side_pole_load_cell_8,2.2.2-db2011plus-shape-normalized-metadata-explicit-final,1170.0,1094.0,3739.0,1693.0,2512.0,349.0
7601,2012,DODGE,CHARGER,FOUR DOOR SEDAN,NEW CAR ASSESSMENT TEST,side,VTP,VEHICLE INTO POLE,32.0,km/h,side_pole_load_cell_barrier,side_pole_load_cell_8,2.2.2-db2011plus-shape-normalized-metadata-explicit-final,1899.0,1802.0,5080.0,1891.0,3053.0,370.0
7603,2012,VOLKSWAGEN,BEETLE,TWO DOOR COUPE,NEW CAR ASSESSMENT TEST,side,VTP,VEHICLE INTO POLE,32.3,km/h,side_pole_load_cell_barrier,side_pole_load_cell_8,2.2.2-db2011plus-shape-normalized-metadata-explicit-final,1518.0,1377.0,4270.0,1800.0,2540.0,312.0
7610,2012,SUZUKI,SX4,FOUR DOOR SEDAN,NEW CAR ASSESSMENT TEST,side,VTP,VEHICLE INTO POLE,32.1,km/h,side_pole_load_cell_barrier,side_pole_load_cell_8,2.2.2-db2011plus-shape-normalized-metadata-explicit-final,1348.0,1258.0,4488.0,1706.0,2506.0,348.0
7621,2012,ACURA,MDX,UTILITY VEHICLE,NEW CAR ASSESSMENT TEST,side,VTP,VEHICLE INTO POLE,32.0,km/h,side_pole_load_cell_barrier,side_pole_load_cell_8,2.2.2-db2011plus-shape-normalized-metadata-explicit-final,2168.0,2086.0,4863.0,1972.0,2750.0,507.0
7630,2012,NISSAN,JUKE,UTILITY VEHICLE,NEW CAR ASSESSMENT TEST,side,VTP,VEHICLE INTO POLE,32.0,km/h,side_pole_load_cell_barrier,side_pole_load_cell_8,2.2.2-db2011plus-shape-normalized-metadata-explicit-final,1448.0,1352.0,4124.0,1728.0,2535.0,412.0
7634,2012,NISSAN,VERSA,FOUR DOOR SEDAN,NEW CAR ASSESSMENT TEST,side,VTP,VEHICLE INTO POLE,31.95,km/h,side_pole_load_cell_barrier,side_pole_load_cell_8,2.2.2-db2011plus-shape-normalized-metadata-explicit-final,1191.0,1105.0,4417.0,1690.0,2602.0,427.0
7635,2012,KIA,SOUL,UTILITY VEHICLE,NEW CAR ASSESSMENT TEST,side,VTP,VEHICLE INTO POLE,31.91,km/h,side_pole_load_cell_barrier,side_pole_load_cell_8,2.2.2-db2011plus-shape-normalized-metadata-explicit-final,1354.0,1269.0,4006.0,1776.0,2553.0,434.0
7638,2012,LEXUS,ES 350,FOUR DOOR SEDAN,NEW CAR ASSESSMENT TEST,side,VTP,VEHICLE INTO POLE,31.74,km/h,side_pole_load_cell_barrier,side_pole_load_cell_8,2.2.2-db2011plus-shape-normalized-metadata-explicit-final,1765.0,1654.0,4870.0,1809.0,2772.0,526.0
7639,2012,FORD,TRANSIT CONNECT,TRUCK,NEW CAR ASSESSMENT TEST,side,VTP,VEHICLE INTO POLE,32.54,km/h,side_pole_load_cell_barrier,side_pole_load_cell_8,2.2.2-db2011plus-shape-normalized-metadata-explicit-final,1753.0,1580.0,4578.0,1757.0,2913.0,448.0
7649,2012,HONDA,CIVIC,TWO DOOR COUPE,NEW CAR ASSESSMENT TEST,side,VTP,VEHICLE INTO POLE,32.24,km/h,side_pole_load_cell_barrier,side_pole_load_cell_8,2.2.2-db2011plus-shape-normalized-metadata-explicit-final,1307.0,1220.0,4252.0,1752.0,2623.0,360.0
7651,2012,FORD,F250 PICKUP,4 DOOR PICKUP,NEW CAR ASSESSMENT TEST,side,VTP,VEHICLE INTO POLE,32.69,km/h,side_pole_load_cell_barrier,side_pole_load_cell_8,2.2.2-db2011plus-shape-normalized-metadata-explicit-final,3154.0,2975.0,6257.0,2024.0,3984.0,699.0
7715,2012,HONDA,CIVIC HYBRID,FOUR DOOR SEDAN,NEW CAR ASSESSMENT TEST,side,VTP,VEHICLE INTO POLE,32.0,km/h,side_pole_load_cell_barrier,side_pole_load_cell_8,2.2.2-db2011plus-shape-normalized-metadata-explicit-final,1383.0,1292.0,4507.0,1744.0,2670.0,370.0
7718,2012,SUBARU,IMPREZA,FOUR DOOR SEDAN,NEW CAR ASSESSMENT TEST,side,VTP,VEHICLE INTO POLE,32.0,km/h,side_pole_load_cell_barrier,side_pole_load_cell_8,2.2.2-db2011plus-shape-normalized-metadata-explicit-final,1450.0,1359.0,4580.0,1741.0,2654.0,388.0
7719,2012,HONDA,CR-V,UTILITY VEHICLE,NEW CAR ASSESSMENT TEST,side,VTP,VEHICLE INTO POLE,31.9,km/h,side_pole_load_cell_barrier,side_pole_load_cell_8,2.2.2-db2011plus-shape-normalized-metadata-explicit-final,1591.0,1509.0,4530.0,1820.0,2625.0,460.0
7730,2012,MITSUBISHI,LANCER,FOUR DOOR SEDAN,NEW CAR ASSESSMENT TEST,side,VTP,VEHICLE INTO POLE,32.1,km/h,side_pole_load_cell_barrier,side_pole_load_cell_8,2.2.2-db2011plus-shape-normalized-metadata-explicit-final,1426.0,1344.0,4572.0,1742.0,2634.0,383.0
7735,2012,TOYOTA,SCION IQ,THREE DOOR HATCHBACK,NEW CAR ASSESSMENT TEST,side,VTP,VEHICLE INTO POLE,32.72,km/h,side_pole_load_cell_barrier,side_pole_load_cell_8,2.2.2-db2011plus-shape-normalized-metadata-explicit-final,1032.0,974.0,3011.0,1670.0,2000.0,295.0
7736,2012,MITSUBISHI,OUTLANDER SPORT,UTILITY VEHICLE,NEW CAR ASSESSMENT TEST,side,VTP,VEHICLE INTO POLE,32.1,km/h,side_pole_load_cell_barrier,side_pole_load_cell_8,2.2.2-db2011plus-shape-normalized-metadata-explicit-final,1492.0,1411.0,4295.0,1764.0,2667.0,360.0
7742,2012,BUICK,REGAL EASSIST,FOUR DOOR SEDAN,NEW CAR ASSESSMENT TEST,side,VTP,VEHICLE INTO POLE,32.1,km/h,side_pole_load_cell_barrier,side_pole_load_cell_8,2.2.2-db2011plus-shape-normalized-metadata-explicit-final,1762.0,1647.0,4846.0,1819.0,2735.0,368.0
7746,2012,RAM,2500,4 DOOR PICKUP,NEW CAR ASSESSMENT TEST,side,VTP,VEHICLE INTO POLE,32.54,km/h,side_pole_load_cell_barrier,side_pole_load_cell_8,2.2.2-db2011plus-shape-normalized-metadata-explicit-final,2892.0,2714.0,6042.0,2005.0,3803.0,686.0
7748,2012,TOYOTA,COROLLA,FOUR DOOR SEDAN,NEW CAR ASSESSMENT TEST,side,VTP,VEHICLE INTO POLE,32.0,km/h,side_pole_load_cell_barrier,side_pole_load_cell_8,2.2.2-db2011plus-shape-normalized-metadata-explicit-final,1323.0,1253.0,4520.0,1760.0,2600.0,347.0
7754,2012,KIA,RIO,FOUR DOOR SEDAN,NEW CAR ASSESSMENT TEST,side,VTP,VEHICLE INTO POLE,32.3,km/h,side_pole_load_cell_barrier,side_pole_load_cell_8,2.2.2-db2011plus-shape-normalized-metadata-explicit-final,1291.0,1166.0,4364.0,1709.0,2570.0,345.0
7756,2012,TOYOTA,4RUNNER,UTILITY VEHICLE,NEW CAR ASSESSMENT TEST,side,VTP,VEHICLE INTO POLE,32.64,km/h,side_pole_load_cell_barrier,side_pole_load_cell_8,2.2.2-db2011plus-shape-normalized-metadata-explicit-final,2145.0,2058.0,4786.0,1835.0,2793.0,500.0
7854,2013,CHEVROLET,MALIBU ECO EASSIST,FOUR DOOR SEDAN,NEW CAR ASSESSMENT TEST,side,VTP,VEHICLE INTO POLE,32.2,km/h,side_pole_load_cell_barrier,side_pole_load_cell_8,2.2.2-db2011plus-shape-normalized-metadata-explicit-final,1741.0,1626.0,4890.0,1820.0,2740.0,368.0
7859,2012,BMW,328 I,FOUR DOOR SEDAN,NEW CAR ASSESSMENT TEST,side,VTP,VEHICLE INTO POLE,31.91,km/h,side_pole_load_cell_barrier,side_pole_load_cell_8,2.2.2-db2011plus-shape-normalized-metadata-explicit-final,1632.0,1520.0,4553.0,1807.0,2813.0,427.0
7870,2012,MITSUBISHI,IMiEV,FIVE DOOR HATCHBACK,NEW CAR ASSESSMENT TEST,side,VTP,VEHICLE INTO POLE,32.2,km/h,side_pole_load_cell_barrier,side_pole_load_cell_8,2.2.2-db2011plus-shape-normalized-metadata-explicit-final,1246.0,1171.0,3649.0,1585.0,2552.0,316.0
7875,2013,LEXUS,RX 350,UTILITY VEHICLE,NEW CAR ASSESSMENT TEST,side,VTP,VEHICLE INTO POLE,32.63,km/h,side_pole_load_cell_barrier,side_pole_load_cell_8,2.2.2-db2011plus-shape-normalized-metadata-explicit-final,2008.0,1913.0,4696.0,1882.0,2741.0,499.0
7878,2012,TOYOTA,PRIUS PLUG-IN,FIVE DOOR HATCHBACK,OPTIONAL NEW CAR ASSESSMENT TEST,side,VTP,VEHICLE INTO POLE,32.12,km/h,side_pole_load_cell_barrier,side_pole_load_cell_8,2.2.2-db2011plus-shape-normalized-metadata-explicit-final,1519.0,1442.0,4440.0,1746.0,2700.0,356.0
7932,2013,MAZDA,CX-5,UTILITY VEHICLE,NEW CAR ASSESSMENT TEST,side,VTP,VEHICLE INTO POLE,32.25,km/h,side_pole_load_cell_barrier,side_pole_load_cell_8,2.2.2-db2011plus-shape-normalized-metadata-explicit-final,1547.0,1457.0,4545.0,1840.0,2698.0,381.0
7935,2013,FORD,ESCAPE,UTILITY VEHICLE,NEW CAR ASSESSMENT TEST,side,VTP,VEHICLE INTO POLE,32.54,km/h,side_pole_load_cell_barrier,side_pole_load_cell_8,2.2.2-db2011plus-shape-normalized-metadata-explicit-final,1667.0,1589.0,4493.0,1797.0,2691.0,446.0
7943,2012,CHEVROLET,SILVERADO2500,4 DOOR PICKUP,OPTIONAL NEW CAR ASSESSMENT TEST,side,VTP,VEHICLE INTO POLE,32.11,km/h,side_pole_load_cell_barrier,side_pole_load_cell_8,2.2.2-db2011plus-shape-normalized-metadata-explicit-final,3087.0,2906.0,6101.0,2004.0,3910.0,447.0
7946,2012,CODA,CODA,FOUR DOOR SEDAN,NEW CAR ASSESSMENT TEST,side,VTP,VEHICLE INTO POLE,32.86,km/h,side_pole_load_cell_barrier,side_pole_load_cell_8,2.2.2-db2011plus-shape-normalized-metadata-explicit-final,1748.0,1673.0,4354.0,1703.0,2618.0,312.0
7952,2013,INFINITI,M37,FOUR DOOR SEDAN,OPTIONAL NEW CAR ASSESSMENT TEST,side,VTP,VEHICLE INTO POLE,31.67,km/h,side_pole_load_cell_barrier,side_pole_load_cell_8,2.2.2-db2011plus-shape-normalized-metadata-explicit-final,1848.0,1756.0,4937.0,1842.0,2895.0,490.0
7955,2013,NISSAN,ALTIMA,FOUR DOOR SEDAN,NEW CAR ASSESSMENT TEST,side,VTP,VEHICLE INTO POLE,32.15,km/h,side_pole_load_cell_barrier,side_pole_load_cell_8,2.2.2-db2011plus-shape-normalized-metadata-explicit-final,1539.0,1425.0,4864.0,1817.0,2770.0,418.0
7979,2013,VOLKSWAGEN,TIGUAN,UTILITY VEHICLE,NEW CAR ASSESSMENT TEST,side,VTP,VEHICLE INTO POLE,32.17,km/h,side_pole_load_cell_barrier,side_pole_load_cell_8,2.2.2-db2011plus-shape-normalized-metadata-explicit-final,1721.0,1540.0,4441.0,1783.0,2601.0,383.0
7980,2013,DODGE,DART,FOUR DOOR SEDAN,NEW CAR ASSESSMENT TEST,side,VTP,VEHICLE INTO POLE,32.32,km/h,side_pole_load_cell_barrier,side_pole_load_cell_8,2.2.2-db2011plus-shape-normalized-metadata-explicit-final,1586.0,1513.0,4678.0,1836.0,2704.0,348.0
7982,2013,BMW,X5,UTILITY VEHICLE,NEW CAR ASSESSMENT TEST,side,VTP,VEHICLE INTO POLE,32.57,km/h,side_pole_load_cell_barrier,side_pole_load_cell_8,2.2.2-db2011plus-shape-normalized-metadata-explicit-final,2285.0,2107.0,4816.0,1916.0,2936.0,470.0
7987,2013,CHEVROLET,SILVERADO2500,EXTENDED CAB PICKUP,NEW CAR ASSESSMENT TEST,side,VTP,VEHICLE INTO POLE,32.09,km/h,side_pole_load_cell_barrier,side_pole_load_cell_8,2.2.2-db2011plus-shape-normalized-metadata-explicit-final,2979.0,2802.0,5830.0,2034.0,3660.0,546.0
7988,2013,CADILLAC,XTS,FOUR DOOR SEDAN,NEW CAR ASSESSMENT TEST,side,VTP,VEHICLE INTO POLE,32.2,km/h,side_pole_load_cell_barrier,side_pole_load_cell_8,2.2.2-db2011plus-shape-normalized-metadata-explicit-final,1979.0,1853.0,5133.0,1828.0,2834.0,390.0
7996,2013,BUICK,VERANO,FOUR DOOR SEDAN,NEW CAR ASSESSMENT TEST,side,VTP,VEHICLE INTO POLE,32.06,km/h,side_pole_load_cell_barrier,side_pole_load_cell_8,2.2.2-db2011plus-shape-normalized-metadata-explicit-final,1653.0,1549.0,4670.0,1790.0,2690.0,337.0
7997,2013,HYUNDAI,SANTA FE SPORT,UTILITY VEHICLE,NEW CAR ASSESSMENT TEST,side,VTP,VEHICLE INTO POLE,32.12,km/h,side_pole_load_cell_barrier,side_pole_load_cell_8,2.2.2-db2011plus-shape-normalized-metadata-explicit-final,1761.0,1635.0,4692.0,1880.0,2700.0,378.0
7999,2013,FORD,FOCUS,FOUR DOOR SEDAN,NEW CAR ASSESSMENT TEST,side,VTP,VEHICLE INTO POLE,32.18,km/h,side_pole_load_cell_barrier,side_pole_load_cell_8,2.2.2-db2011plus-shape-normalized-metadata-explicit-final,1401.0,1327.0,4534.0,1783.0,2647.0,362.0
8028,2013,JEEP,PATRIOT,UTILITY VEHICLE,NEW CAR ASSESSMENT TEST,side,VTP,VEHICLE INTO POLE,32.26,km/h,side_pole_load_cell_barrier,side_pole_load_cell_8,2.2.2-db2011plus-shape-normalized-metadata-explicit-final,1570.0,1447.0,4415.0,1780.0,2640.0,373.0
8029,2013,ACURA,ILX,FOUR DOOR SEDAN,OPTIONAL NEW CAR ASSESSMENT TEST,side,VTP,VEHICLE INTO POLE,32.21,km/h,side_pole_load_cell_barrier,side_pole_load_cell_8,2.2.2-db2011plus-shape-normalized-metadata-explicit-final,1435.0,1344.0,4558.0,1786.0,2674.0,379.0
8032,2013,HONDA,ACCORD,FOUR DOOR SEDAN,NEW CAR ASSESSMENT TEST,side,VTP,VEHICLE INTO POLE,32.32,km/h,side_pole_load_cell_barrier,side_pole_load_cell_8,2.2.2-db2011plus-shape-normalized-metadata-explicit-final,1607.0,1522.0,4832.0,1843.0,2780.0,413.0
8034,2013,JEEP,COMPASS,UTILITY VEHICLE,NEW CAR ASSESSMENT TEST,side,VTP,VEHICLE INTO POLE,32.05,km/h,side_pole_load_cell_barrier,side_pole_load_cell_8,2.2.2-db2011plus-shape-normalized-metadata-explicit-final,1556.0,1437.0,4450.0,1810.0,2630.0,375.0
8037,2013,LEXUS,ES 350,FOUR DOOR SEDAN,OPTIONAL NEW CAR ASSESSMENT TEST,side,VTP,VEHICLE INTO POLE,32.18,km/h,side_pole_load_cell_barrier,side_pole_load_cell_8,2.2.2-db2011plus-shape-normalized-metadata-explicit-final,1731.0,1619.0,4891.0,1796.0,2808.0,406.0
8040,2013,SUBARU,OUTBACK,UTILITY VEHICLE,OPTIONAL NEW CAR ASSESSMENT TEST,side,VTP,VEHICLE INTO POLE,32.5,km/h,side_pole_load_cell_barrier,side_pole_load_cell_8,2.2.2-db2011plus-shape-normalized-metadata-explicit-final,1658.0,1554.0,4799.0,1780.0,2742.0,406.0
8046,2013,CADILLAC,ATS,FOUR DOOR SEDAN,NEW CAR ASSESSMENT TEST,side,VTP,VEHICLE INTO POLE,31.75,km/h,side_pole_load_cell_barrier,side_pole_load_cell_8,2.2.2-db2011plus-shape-normalized-metadata-explicit-final,1613.0,1517.0,4583.0,1747.0,2779.0,400.0
8050,2013,TOYOTA,TACOMA,EXTENDED CAB PICKUP,NEW CAR ASSESSMENT TEST,side,VTP,VEHICLE INTO POLE,32.37,km/h,side_pole_load_cell_barrier,side_pole_load_cell_8,2.2.2-db2011plus-shape-normalized-metadata-explicit-final,1818.0,1646.0,5286.0,1811.0,3231.0,438.0
8052,2013,DODGE,CHALLENGER,TWO DOOR COUPE,NEW CAR ASSESSMENT TEST,side,VTP,VEHICLE INTO POLE,32.17,km/h,side_pole_load_cell_barrier,side_pole_load_cell_8,2.2.2-db2011plus-shape-normalized-metadata-explicit-final,1869.0,1772.0,5024.0,1918.0,2955.0,427.0
8056,2013,INFINITI,JX,UTILITY VEHICLE,OPTIONAL NEW CAR ASSESSMENT TEST,side,VTP,VEHICLE INTO POLE,32.14,km/h,side_pole_load_cell_barrier,side_pole_load_cell_8,2.2.2-db2011plus-shape-normalized-metadata-explicit-final,2053.0,1963.0,4990.0,1945.0,2901.0,449.0
8060,2013,LEXUS,IS250,FOUR DOOR SEDAN,NEW CAR ASSESSMENT TEST,side,VTP,VEHICLE INTO POLE,31.74,km/h,side_pole_load_cell_barrier,side_pole_load_cell_8,2.2.2-db2011plus-shape-normalized-metadata-explicit-final,1664.0,1588.0,4263.0,1761.0,2727.0,506.0
8067,2013,RAM,1500 CREW,4 DOOR PICKUP,NEW CAR ASSESSMENT TEST,side,VTP,VEHICLE INTO POLE,31.99,km/h,side_pole_load_cell_barrier,side_pole_load_cell_8,2.2.2-db2011plus-shape-normalized-metadata-explicit-final,2569.0,2396.0,5824.0,2017.0,3570.0,599.0
8070,2013,FORD,CMAX HYBRID,FIVE DOOR HATCHBACK,NEW CAR ASSESSMENT TEST,side,VTP,VEHICLE INTO POLE,32.07,km/h,side_pole_load_cell_barrier,side_pole_load_cell_8,2.2.2-db2011plus-shape-normalized-metadata-explicit-final,1729.0,1649.0,4418.0,1772.0,2650.0,364.0
8073,2013,FORD,FUSION HYBRID,FOUR DOOR SEDAN,NEW CAR ASSESSMENT TEST,side,VTP,VEHICLE INTO POLE,32.01,km/h,side_pole_load_cell_barrier,side_pole_load_cell_8,2.2.2-db2011plus-shape-normalized-metadata-explicit-final,1770.0,1680.0,4884.0,1834.0,2840.0,396.0
8075,2013,MERCEDES,C-CLASS,FOUR DOOR SEDAN,NEW CAR ASSESSMENT TEST,side,VTP,VEHICLE INTO POLE,31.56,km/h,side_pole_load_cell_barrier,side_pole_load_cell_8,2.2.2-db2011plus-shape-normalized-metadata-explicit-final,1645.0,1561.0,4577.0,1777.0,2762.0,408.0
8076,2013,RAM,1500 QUAD,EXTENDED CAB PICKUP,NEW CAR ASSESSMENT TEST,side,VTP,VEHICLE INTO POLE,31.93,km/h,side_pole_load_cell_barrier,side_pole_load_cell_8,2.2.2-db2011plus-shape-normalized-metadata-explicit-final,2517.0,2324.0,5819.0,2017.0,3570.0,603.0
8083,2013,FORD,FOCUS BEV,FIVE DOOR HATCHBACK,NEW CAR ASSESSMENT TEST,side,VTP,VEHICLE INTO POLE,32.51,km/h,side_pole_load_cell_barrier,side_pole_load_cell_8,2.2.2-db2011plus-shape-normalized-metadata-explicit-final,1721.0,1645.0,4269.0,1780.0,2649.0,456.0
8090,2013,MERCEDES,ML350,UTILITY VEHICLE,NEW CAR ASSESSMENT TEST,side,VTP,VEHICLE INTO POLE,32.05,km/h,side_pole_load_cell_barrier,side_pole_load_cell_8,2.2.2-db2011plus-shape-normalized-metadata-explicit-final,2306.0,2124.0,4807.0,1916.0,2915.0,392.0
8093,2013,NISSAN,SENTRA,FOUR DOOR SEDAN,NEW CAR ASSESSMENT TEST,side,VTP,VEHICLE INTO POLE,32.14,km/h,side_pole_load_cell_barrier,side_pole_load_cell_8,2.2.2-db2011plus-shape-normalized-metadata-explicit-final,1387.0,1294.0,4618.0,1752.0,2700.0,440.0
8098,2013,HONDA,ACCORD,TWO DOOR COUPE,NEW CAR ASSESSMENT TEST,side,VTP,VEHICLE INTO POLE,32.08,km/h,side_pole_load_cell_barrier,side_pole_load_cell_8,2.2.2-db2011plus-shape-normalized-metadata-explicit-final,1598.0,1511.0,4802.0,1845.0,2726.0,376.0
8103,2013,TOYOTA,AVALON,FOUR DOOR SEDAN,OPTIONAL NEW CAR ASSESSMENT TEST,side,VTP,VEHICLE INTO POLE,32.11,km/h,side_pole_load_cell_barrier,side_pole_load_cell_8,2.2.2-db2011plus-shape-normalized-metadata-explicit-final,1691.0,1570.0,4958.0,1833.0,2810.0,430.0
8107,2013,MAZDA,CX-9,UTILITY VEHICLE,NEW CAR ASSESSMENT TEST,side,VTP,VEHICLE INTO POLE,32.19,km/h,side_pole_load_cell_barrier,side_pole_load_cell_8,2.2.2-db2011plus-shape-normalized-metadata-explicit-final,2054.0,1949.0,5096.0,1965.0,2875.0,437.0
8110,2013,TOYOTA,PRIUS V,STATION WAGON,NEW CAR ASSESSMENT TEST,side,VTP,VEHICLE INTO POLE,31.67,km/h,side_pole_load_cell_barrier,side_pole_load_cell_8,2.2.2-db2011plus-shape-normalized-metadata-explicit-final,1626.0,1514.0,4607.0,1765.0,2782.0,434.0
8118,2013,CHEVROLET,TRAVERSE,UTILITY VEHICLE,NEW CAR ASSESSMENT TEST,side,VTP,VEHICLE INTO POLE,32.53,km/h,side_pole_load_cell_barrier,side_pole_load_cell_8,2.2.2-db2011plus-shape-normalized-metadata-explicit-final,2309.0,2134.0,5173.0,1958.0,3021.0,323.0
8148,2013,TOYOTA,PRIUS C,FIVE DOOR HATCHBACK,NEW CAR ASSESSMENT TEST,side,VTP,VEHICLE INTO POLE,32.43,km/h,side_pole_load_cell_barrier,side_pole_load_cell_8,2.2.2-db2011plus-shape-normalized-metadata-explicit-final,1220.0,1141.0,3686.0,1681.0,2547.0,370.0
8152,2013,FORD,CMAX ENERGI,FIVE DOOR HATCHBACK,NEW CAR ASSESSMENT TEST,side,VTP,VEHICLE INTO POLE,32.13,km/h,side_pole_load_cell_barrier,side_pole_load_cell_8,2.2.2-db2011plus-shape-normalized-metadata-explicit-final,1848.0,1769.0,4410.0,1772.0,2648.0,393.0
8180,2013,HONDA,CIVIC,TWO DOOR COUPE,NEW CAR ASSESSMENT TEST,side,VTP,VEHICLE INTO POLE,32.58,km/h,side_pole_load_cell_barrier,side_pole_load_cell_8,2.2.2-db2011plus-shape-normalized-metadata-explicit-final,1353.0,1264.0,4436.0,1744.0,2622.0,352.0
8190,2013,TOYOTA,RAV4,UTILITY VEHICLE,OPTIONAL NEW CAR ASSESSMENT TEST,side,VTP,VEHICLE INTO POLE,32.24,km/h,side_pole_load_cell_barrier,side_pole_load_cell_8,2.2.2-db2011plus-shape-normalized-metadata-explicit-final,1672.0,1562.0,4570.0,1828.0,2664.0,385.0
8208,2013,HONDA,CIVIC HYBRID,FOUR DOOR SEDAN,NEW CAR ASSESSMENT TEST,side,VTP,VEHICLE INTO POLE,32.41,km/h,side_pole_load_cell_barrier,side_pole_load_cell_8,2.2.2-db2011plus-shape-normalized-metadata-explicit-final,1386.0,1301.0,4518.0,1744.0,2674.0,395.0
8211,2013,BUICK,ENCORE,UTILITY VEHICLE,OPTIONAL NEW CAR ASSESSMENT TEST,side,VTP,VEHICLE INTO POLE,32.37,km/h,side_pole_load_cell_barrier,side_pole_load_cell_8,2.2.2-db2011plus-shape-normalized-metadata-explicit-final,1585.0,1452.0,4270.0,1746.0,2560.0,382.0
8215,2013,NISSAN,LEAF,FIVE DOOR HATCHBACK,NEW CAR ASSESSMENT TEST,side,VTP,VEHICLE INTO POLE,32.37,km/h,side_pole_load_cell_barrier,side_pole_load_cell_8,2.2.2-db2011plus-shape-normalized-metadata-explicit-final,1577.0,1482.0,4445.0,1764.0,2706.0,328.0
8218,2013,FORD,FUSION ENERGI,FOUR DOOR SEDAN,NEW CAR ASSESSMENT TEST,side,VTP,VEHICLE INTO POLE,32.32,km/h,side_pole_load_cell_barrier,side_pole_load_cell_8,2.2.2-db2011plus-shape-normalized-metadata-explicit-final,1884.0,1796.0,4881.0,1832.0,2838.0,440.0
8291,2014,CHEVROLET,IMPALA,FOUR DOOR SEDAN,NEW CAR ASSESSMENT TEST,side,VTP,VEHICLE INTO POLE,32.36,km/h,side_pole_load_cell_barrier,side_pole_load_cell_8,2.2.2-db2011plus-shape-normalized-metadata-explicit-final,1775.0,1644.0,5125.0,1860.0,2835.0,340.0
8295,2014,KIA,FORTE,FOUR DOOR SEDAN,NEW CAR ASSESSMENT TEST,side,VTP,VEHICLE INTO POLE,32.08,km/h,side_pole_load_cell_barrier,side_pole_load_cell_8,2.2.2-db2011plus-shape-normalized-metadata-explicit-final,1370.0,1280.0,4570.0,1770.0,2700.0,355.0
8298,2014,KIA,SORENTO,UTILITY VEHICLE,OPTIONAL NEW CAR ASSESSMENT TEST,side,VTP,VEHICLE INTO POLE,32.17,km/h,side_pole_load_cell_barrier,side_pole_load_cell_8,2.2.2-db2011plus-shape-normalized-metadata-explicit-final,1777.0,1651.0,4689.0,1860.0,2700.0,381.0
8309,2013,TESLA,MODEL S,FIVE DOOR HATCHBACK,NEW CAR ASSESSMENT TEST,side,VTP,VEHICLE INTO POLE,32.28,km/h,side_pole_load_cell_barrier,side_pole_load_cell_8,2.2.2-db2011plus-shape-normalized-metadata-explicit-final,2185.0,1967.0,4978.0,1888.0,2965.0,210.0
8311,2013,SMART,Electric Drive,TWO DOOR COUPE,NEW CAR ASSESSMENT TEST,side,VTP,VEHICLE INTO POLE,31.44,km/h,side_pole_load_cell_barrier,side_pole_load_cell_8,2.2.2-db2011plus-shape-normalized-metadata-explicit-final,1061.0,964.0,2718.0,1456.0,1873.0,239.0
8318,2014,CHEVROLET,SILVERADO 1500,4 DOOR PICKUP,NEW CAR ASSESSMENT TEST,side,VTP,VEHICLE INTO POLE,32.05,km/h,side_pole_load_cell_barrier,side_pole_load_cell_8,2.2.2-db2011plus-shape-normalized-metadata-explicit-final,2566.0,2385.0,5852.0,2000.0,3664.0,424.0
8319,2014,SUBARU,FORESTER,UTILITY VEHICLE,OPTIONAL NEW CAR ASSESSMENT TEST,side,VTP,VEHICLE INTO POLE,32.04,km/h,side_pole_load_cell_barrier,side_pole_load_cell_8,2.2.2-db2011plus-shape-normalized-metadata-explicit-final,1603.0,1493.0,4580.0,1790.0,2645.0,342.0
8320,2014,LEXUS,IS250,FOUR DOOR SEDAN,NEW CAR ASSESSMENT TEST,side,VTP,VEHICLE INTO POLE,32.01,km/h,side_pole_load_cell_barrier,side_pole_load_cell_8,2.2.2-db2011plus-shape-normalized-metadata-explicit-final,1709.0,1633.0,4668.0,1780.0,2796.0,375.0
8330,2014,NISSAN,VERSA NOTE,FIVE DOOR HATCHBACK,NEW CAR ASSESSMENT TEST,side,VTP,VEHICLE INTO POLE,32.49,km/h,side_pole_load_cell_barrier,side_pole_load_cell_8,2.2.2-db2011plus-shape-normalized-metadata-explicit-final,1088.0,1176.0,4134.0,1695.0,2600.0,428.0
8359,2014,ACURA,RDX,UTILITY VEHICLE,OPTIONAL NEW CAR ASSESSMENT TEST,side,VTP,VEHICLE INTO POLE,32.09,km/h,side_pole_load_cell_barrier,side_pole_load_cell_8,2.2.2-db2011plus-shape-normalized-metadata-explicit-final,1778.0,1679.0,4655.0,1862.0,2680.0,404.0
8386,2014,ACURA,MDX,UTILITY VEHICLE,OPTIONAL NEW CAR ASSESSMENT TEST,side,VTP,VEHICLE INTO POLE,32.1,km/h,side_pole_load_cell_barrier,side_pole_load_cell_8,2.2.2-db2011plus-shape-normalized-metadata-explicit-final,1927.0,1826.0,4925.0,1926.0,2826.0,333.0
8403,2014,TOYOTA,SIENNA,MINIVAN,OPTIONAL NEW CAR ASSESSMENT TEST,side,VTP,VEHICLE INTO POLE,32.1,km/h,side_pole_load_cell_barrier,side_pole_load_cell_8,2.2.2-db2011plus-shape-normalized-metadata-explicit-final,2103.0,1993.0,5090.0,1986.0,3020.0,412.0
8406,2014,TOYOTA,COROLLA,FOUR DOOR SEDAN,OPTIONAL NEW CAR ASSESSMENT TEST,side,VTP,VEHICLE INTO POLE,32.12,km/h,side_pole_load_cell_barrier,side_pole_load_cell_8,2.2.2-db2011plus-shape-normalized-metadata-explicit-final,1389.0,0.0,4634.0,1764.0,2710.0,335.0
8408,2014,KIA,SEDONA,MINIVAN,OPTIONAL NEW CAR ASSESSMENT TEST,side,VTP,VEHICLE INTO POLE,32.05,km/h,side_pole_load_cell_barrier,side_pole_load_cell_8,2.2.2-db2011plus-shape-normalized-metadata-explicit-final,2115.0,2021.0,5158.0,1952.0,3020.0,446.0
8410,2014,INFINITI,Q50,FOUR DOOR SEDAN,NEW CAR ASSESSMENT TEST,side,VTP,VEHICLE INTO POLE,31.85,km/h,side_pole_load_cell_barrier,side_pole_load_cell_8,2.2.2-db2011plus-shape-normalized-metadata-explicit-final,1754.0,1643.0,4774.0,1793.0,2847.0,479.0
8443,2014,MERCEDES,E350,FOUR DOOR SEDAN,NEW CAR ASSESSMENT TEST,side,VTP,VEHICLE INTO POLE,32.2,km/h,side_pole_load_cell_barrier,side_pole_load_cell_8,2.2.2-db2011plus-shape-normalized-metadata-explicit-final,1858.0,1780.0,4885.0,1850.0,2875.0,343.0
8444,2014,JEEP,PATRIOT,UTILITY VEHICLE,NEW CAR ASSESSMENT TEST,side,VTP,VEHICLE INTO POLE,31.83,km/h,side_pole_load_cell_barrier,side_pole_load_cell_8,2.2.2-db2011plus-shape-normalized-metadata-explicit-final,1522.0,1460.0,4415.0,1765.0,2635.0,478.0
8448,2014,BUICK,LACROSSE,FOUR DOOR SEDAN,OPTIONAL NEW CAR ASSESSMENT TEST,side,VTP,VEHICLE INTO POLE,32.12,km/h,side_pole_load_cell_barrier,side_pole_load_cell_8,2.2.2-db2011plus-shape-normalized-metadata-explicit-final,1905.0,1780.0,5005.0,1816.0,2836.0,373.0
8450,2014,JEEP,COMPASS,UTILITY VEHICLE,NEW CAR ASSESSMENT TEST,side,VTP,VEHICLE INTO POLE,31.93,km/h,side_pole_load_cell_barrier,side_pole_load_cell_8,2.2.2-db2011plus-shape-normalized-metadata-explicit-final,1528.0,1412.0,3942.0,1765.0,2635.0,460.0
8453,2014,VOLKSWAGEN,JETTA,FOUR DOOR SEDAN,OPTIONAL NEW CAR ASSESSMENT TEST,side,VTP,VEHICLE INTO POLE,32.8,km/h,side_pole_load_cell_barrier,side_pole_load_cell_8,2.2.2-db2011plus-shape-normalized-metadata-explicit-final,1537.0,1325.0,4633.0,1780.0,2652.0,461.0
8454,2014,CHEVROLET,SILVERADO 1500,EXTENDED CAB PICKUP,NEW CAR ASSESSMENT TEST,side,VTP,VEHICLE INTO POLE,32.07,km/h,side_pole_load_cell_barrier,side_pole_load_cell_8,2.2.2-db2011plus-shape-normalized-metadata-explicit-final,2453.0,2272.0,5853.0,2000.0,3660.0,435.0
8461,2014,KIA,SOUL,UTILITY VEHICLE,OPTIONAL NEW CAR ASSESSMENT TEST,side,VTP,VEHICLE INTO POLE,31.95,km/h,side_pole_load_cell_barrier,side_pole_load_cell_8,2.2.2-db2011plus-shape-normalized-metadata-explicit-final,1344.0,1264.0,4137.0,1753.0,2572.0,344.0
8462,2014,HONDA,ODYSSEY,MINIVAN,NEW CAR ASSESSMENT TEST,side,VTP,VEHICLE INTO POLE,31.95,km/h,side_pole_load_cell_barrier,side_pole_load_cell_8,2.2.2-db2011plus-shape-normalized-metadata-explicit-final,2163.0,1994.0,5151.0,1985.0,3005.0,352.0
8463,2014,TOYOTA,PRIUS,FIVE DOOR HATCHBACK,NEW CAR ASSESSMENT TEST,side,VTP,VEHICLE INTO POLE,31.78,km/h,side_pole_load_cell_barrier,side_pole_load_cell_8,2.2.2-db2011plus-shape-normalized-metadata-explicit-final,1475.0,1408.0,4351.0,1743.0,2697.0,360.0
8466,2014,CHEVROLET,SPARK,FIVE DOOR HATCHBACK,NEW CAR ASSESSMENT TEST,side,VTP,VEHICLE INTO POLE,31.75,km/h,side_pole_load_cell_barrier,side_pole_load_cell_8,2.2.2-db2011plus-shape-normalized-metadata-explicit-final,1091.0,1027.0,3633.0,1584.0,2376.0,324.0
8469,2014,NISSAN,PATHFINDER,UTILITY VEHICLE,OPTIONAL NEW CAR ASSESSMENT TEST,side,VTP,VEHICLE INTO POLE,31.96,km/h,side_pole_load_cell_barrier,side_pole_load_cell_8,2.2.2-db2011plus-shape-normalized-metadata-explicit-final,2005.0,1912.0,5015.0,1958.0,2900.0,460.0
8471,2014,CHEVROLET,MALIBU,FOUR DOOR SEDAN,NEW CAR ASSESSMENT TEST,side,VTP,VEHICLE INTO POLE,32.35,km/h,side_pole_load_cell_barrier,side_pole_load_cell_8,2.2.2-db2011plus-shape-normalized-metadata-explicit-final,1682.0,1558.0,4880.0,1850.0,2740.0,351.0
8479,2014,RAM,2500,4 DOOR PICKUP,NEW CAR ASSESSMENT TEST,side,VTP,VEHICLE INTO POLE,32.02,km/h,side_pole_load_cell_barrier,side_pole_load_cell_8,2.2.2-db2011plus-shape-normalized-metadata-explicit-final,3096.0,2915.0,6032.0,2020.0,3785.0,473.0
8481,2014,TOYOTA,SCION FR-S,TWO DOOR COUPE,NEW CAR ASSESSMENT TEST,side,VTP,VEHICLE INTO POLE,31.89,km/h,side_pole_load_cell_barrier,side_pole_load_cell_8,2.2.2-db2011plus-shape-normalized-metadata-explicit-final,1328.0,1246.0,4242.0,1737.0,2575.0,441.0
8489,2014,FORD,FIESTA,FOUR DOOR SEDAN,NEW CAR ASSESSMENT TEST,side,VTP,VEHICLE INTO POLE,32.54,km/h,side_pole_load_cell_barrier,side_pole_load_cell_8,2.2.2-db2011plus-shape-normalized-metadata-explicit-final,1243.0,1166.0,4415.0,1690.0,2500.0,303.0
8492,2014,MAZDA,MAZDA6,FOUR DOOR SEDAN,NEW CAR ASSESSMENT TEST,side,VTP,VEHICLE INTO POLE,32.42,km/h,side_pole_load_cell_barrier,side_pole_load_cell_8,2.2.2-db2011plus-shape-normalized-metadata-explicit-final,1534.0,1447.0,4885.0,1840.0,2830.0,352.0
8497,2014,MAZDA,MAZDA3,FOUR DOOR SEDAN,NEW CAR ASSESSMENT TEST,side,VTP,VEHICLE INTO POLE,32.14,km/h,side_pole_load_cell_barrier,side_pole_load_cell_8,2.2.2-db2011plus-shape-normalized-metadata-explicit-final,1372.0,1283.0,4570.0,1805.0,2695.0,346.0
8499,2014,JEEP,CHEROKEE,UTILITY VEHICLE,NEW CAR ASSESSMENT TEST,side,VTP,VEHICLE INTO POLE,32.26,km/h,side_pole_load_cell_barrier,side_pole_load_cell_8,2.2.2-db2011plus-shape-normalized-metadata-explicit-final,1874.0,1721.0,4620.0,1840.0,2700.0,352.0
8523,2014,MITSUBISHI,OUTLANDER,UTILITY VEHICLE,NEW CAR ASSESSMENT TEST,side,VTP,VEHICLE INTO POLE,31.78,km/h,side_pole_load_cell_barrier,side_pole_load_cell_8,2.2.2-db2011plus-shape-normalized-metadata-explicit-final,1566.0,1480.0,4661.0,1770.0,2670.0,444.0
8524,2014,AUDI,A6,FOUR DOOR SEDAN,OPTIONAL NEW CAR ASSESSMENT TEST,side,VTP,VEHICLE INTO POLE,32.06,km/h,side_pole_load_cell_barrier,side_pole_load_cell_8,2.2.2-db2011plus-shape-normalized-metadata-explicit-final,1914.0,1708.0,4926.0,1868.0,2916.0,417.0
8528,2014,TOYOTA,TUNDRA,TRUCK,NEW CAR ASSESSMENT TEST,side,VTP,VEHICLE INTO POLE,32.4,km/h,side_pole_load_cell_barrier,side_pole_load_cell_8,2.2.2-db2011plus-shape-normalized-metadata-explicit-final,2504.0,2327.0,5800.0,2030.0,3700.0,349.0
8532,2014,AUDI,Q5,UTILITY VEHICLE,NEW CAR ASSESSMENT TEST,side,VTP,VEHICLE INTO POLE,32.01,km/h,side_pole_load_cell_barrier,side_pole_load_cell_8,2.2.2-db2011plus-shape-normalized-metadata-explicit-final,2034.0,1855.0,4632.0,1884.0,2807.0,467.0
8534,2014,TOYOTA,HIGHLANDER,UTILITY VEHICLE,OPTIONAL NEW CAR ASSESSMENT TEST,side,VTP,VEHICLE INTO POLE,32.02,km/h,side_pole_load_cell_barrier,side_pole_load_cell_8,2.2.2-db2011plus-shape-normalized-metadata-explicit-final,2045.0,1893.0,4855.0,1896.0,2790.0,394.0
8544,2014,NISSAN,ROGUE,UTILITY VEHICLE,NEW CAR ASSESSMENT TEST,side,VTP,VEHICLE INTO POLE,32.72,km/h,side_pole_load_cell_barrier,side_pole_load_cell_8,2.2.2-db2011plus-shape-normalized-metadata-explicit-final,1658.0,1546.0,4640.0,1835.0,2706.0,373.0
8556,2014,HYUNDAI,VELOSTER,THREE DOOR COUPE,NEW CAR ASSESSMENT TEST,side,VTP,VEHICLE INTO POLE,31.97,km/h,side_pole_load_cell_barrier,side_pole_load_cell_8,2.2.2-db2011plus-shape-normalized-metadata-explicit-final,1343.0,1252.0,4214.0,1758.0,2650.0,290.0
8558,2014,TOYOTA,CAMRY,FOUR DOOR SEDAN,NEW CAR ASSESSMENT TEST,side,VTP,VEHICLE INTO POLE,31.95,km/h,side_pole_load_cell_barrier,side_pole_load_cell_8,2.2.2-db2011plus-shape-normalized-metadata-explicit-final,1579.0,1469.0,4806.0,1974.0,2768.0,379.0
8561,2014,TOYOTA,TUNDRA,4 DOOR PICKUP,NEW CAR ASSESSMENT TEST,side,VTP,VEHICLE INTO POLE,32.28,km/h,side_pole_load_cell_barrier,side_pole_load_cell_8,2.2.2-db2011plus-shape-normalized-metadata-explicit-final,2607.0,0.0,5800.0,2030.0,3700.0,396.0
8568,2014,FORD,TRANSIT CONNECT,TRUCK,NEW CAR ASSESSMENT TEST,side,VTP,VEHICLE INTO POLE,31.9,km/h,side_pole_load_cell_barrier,side_pole_load_cell_8,2.2.2-db2011plus-shape-normalized-metadata-explicit-final,1831.0,1650.0,4424.0,1807.0,2664.0,327.0
8640,2015,CHEVROLET,TAHOE,UTILITY VEHICLE,NEW CAR ASSESSMENT TEST,side,VTP,VEHICLE INTO POLE,32.09,km/h,side_pole_load_cell_barrier,side_pole_load_cell_8,2.2.2-db2011plus-shape-normalized-metadata-explicit-final,2633.0,2455.0,5170.0,2040.0,2950.0,454.0
8648,2014,TOYOTA,4RUNNER,UTILITY VEHICLE,NEW CAR ASSESSMENT TEST,side,VTP,VEHICLE INTO POLE,31.6,km/h,side_pole_load_cell_barrier,side_pole_load_cell_8,2.2.2-db2011plus-shape-normalized-metadata-explicit-final,2163.0,1984.0,4832.0,1831.0,2791.0,496.0
8661,2015,CHEVROLET,SILVERADO2500,4 DOOR PICKUP,NEW CAR ASSESSMENT TEST,side,VTP,VEHICLE INTO POLE,31.9,km/h,side_pole_load_cell_barrier,side_pole_load_cell_8,2.2.2-db2011plus-shape-normalized-metadata-explicit-final,3069.0,2889.0,6130.0,2000.0,3915.0,445.0
8663,2015,CHEVROLET,SILVERADO 2500,EXTENDED CAB PICKUP,NEW CAR ASSESSMENT TEST,side,VTP,VEHICLE INTO POLE,32.06,km/h,side_pole_load_cell_barrier,side_pole_load_cell_8,2.2.2-db2011plus-shape-normalized-metadata-explicit-final,2978.0,2797.0,5875.0,2000.0,3672.0,455.0
8665,2014,CHEVROLET,CAPTIVA,UTILITY VEHICLE,NEW CAR ASSESSMENT TEST,side,VTP,VEHICLE INTO POLE,32.2,km/h,side_pole_load_cell_barrier,side_pole_load_cell_8,2.2.2-db2011plus-shape-normalized-metadata-explicit-final,1853.0,1708.0,4587.0,1786.0,2705.0,427.0
8749,2015,CHEVROLET,SUBURBAN,UTILITY VEHICLE,NEW CAR ASSESSMENT TEST,side,VTP,VEHICLE INTO POLE,32.15,km/h,side_pole_load_cell_barrier,side_pole_load_cell_8,2.2.2-db2011plus-shape-normalized-metadata-explicit-final,2699.0,2518.0,5693.0,2003.0,3310.0,446.0
8758,2014,MINI,COOPER HARDTOP,THREE DOOR HATCHBACK,NEW CAR ASSESSMENT TEST,side,VTP,VEHICLE INTO POLE,31.94,km/h,side_pole_load_cell_barrier,side_pole_load_cell_8,2.2.2-db2011plus-shape-normalized-metadata-explicit-final,1335.0,1260.0,3794.0,1691.0,2487.0,316.0
8780,2015,LEXUS,RX 350,UTILITY VEHICLE,NEW CAR ASSESSMENT TEST,side,VTP,VEHICLE INTO POLE,31.57,km/h,side_pole_load_cell_barrier,side_pole_load_cell_8,2.2.2-db2011plus-shape-normalized-metadata-explicit-final,1998.0,1901.0,4720.0,1885.0,2738.0,501.0
8783,2015,HYUNDAI,GENESIS,FOUR DOOR SEDAN,OPTIONAL NEW CAR ASSESSMENT TEST,side,VTP,VEHICLE INTO POLE,32.18,km/h,side_pole_load_cell_barrier,side_pole_load_cell_8,2.2.2-db2011plus-shape-normalized-metadata-explicit-final,2103.0,1988.0,4987.0,1880.0,3010.0,265.0
8785,2014,MITSUBISHI,OUTLANDER SPORT,UTILITY VEHICLE,OPTIONAL NEW CAR ASSESSMENT TEST,side,VTP,VEHICLE INTO POLE,32.0,km/h,side_pole_load_cell_barrier,side_pole_load_cell_8,2.2.2-db2011plus-shape-normalized-metadata-explicit-final,1491.0,1418.0,4301.0,1765.0,2670.0,418.0
8792,2014,CADILLAC,CTS,FOUR DOOR SEDAN,OPTIONAL NEW CAR ASSESSMENT TEST,side,VTP,VEHICLE INTO POLE,32.26,km/h,side_pole_load_cell_barrier,side_pole_load_cell_8,2.2.2-db2011plus-shape-normalized-metadata-explicit-final,1815.0,1706.0,4973.0,1805.0,2910.0,360.0
8880,2015,HYUNDAI,SONATA,FOUR DOOR SEDAN,OPTIONAL NEW CAR ASSESSMENT TEST,side,VTP,VEHICLE INTO POLE,32.26,km/h,side_pole_load_cell_barrier,side_pole_load_cell_8,2.2.2-db2011plus-shape-normalized-metadata-explicit-final,1619.0,1503.0,4870.0,1820.0,2810.0,348.0
8908,2015,KIA,FORTE,FOUR DOOR SEDAN,OPTIONAL NEW CAR ASSESSMENT TEST,side,VTP,VEHICLE INTO POLE,32.24,km/h,side_pole_load_cell_barrier,side_pole_load_cell_8,2.2.2-db2011plus-shape-normalized-metadata-explicit-final,1387.0,1296.0,4492.0,1768.0,2698.0,279.0
8938,2015,LINCOLN,MKC,UTILITY VEHICLE,NEW CAR ASSESSMENT TEST,side,VTP,VEHICLE INTO POLE,32.18,km/h,side_pole_load_cell_barrier,side_pole_load_cell_8,2.2.2-db2011plus-shape-normalized-metadata-explicit-final,1793.0,1713.0,4555.0,1820.0,2682.0,384.0
8940,2015,NISSAN,ALTIMA,FOUR DOOR SEDAN,NEW CAR ASSESSMENT TEST,side,VTP,VEHICLE INTO POLE,31.62,km/h,side_pole_load_cell_barrier,side_pole_load_cell_8,2.2.2-db2011plus-shape-normalized-metadata-explicit-final,1558.0,1448.0,4863.0,1821.0,2774.0,419.0
8981,2015,CADILLAC,ATS,FOUR DOOR SEDAN,NEW CAR ASSESSMENT TEST,side,VTP,VEHICLE INTO POLE,32.21,km/h,side_pole_load_cell_barrier,side_pole_load_cell_8,2.2.2-db2011plus-shape-normalized-metadata-explicit-final,1643.0,1542.0,4657.0,1758.0,2777.0,339.0
8985,2015,CHRYSLER,200,FOUR DOOR SEDAN,OPTIONAL NEW CAR ASSESSMENT TEST,side,VTP,VEHICLE INTO POLE,32.12,km/h,side_pole_load_cell_barrier,side_pole_load_cell_8,2.2.2-db2011plus-shape-normalized-metadata-explicit-final,1680.0,0.0,4888.0,1872.0,2730.0,349.0
8990,2015,SUBARU,OUTBACK,UTILITY VEHICLE,OPTIONAL NEW CAR ASSESSMENT TEST,side,VTP,VEHICLE INTO POLE,31.65,km/h,side_pole_load_cell_barrier,side_pole_load_cell_8,2.2.2-db2011plus-shape-normalized-metadata-explicit-final,1757.0,1647.0,4812.0,1823.0,2744.0,423.0
8994,2015,TOYOTA,TACOMA,EXTENDED CAB PICKUP,NEW CAR ASSESSMENT TEST,side,VTP,VEHICLE INTO POLE,32.07,km/h,side_pole_load_cell_barrier,side_pole_load_cell_8,2.2.2-db2011plus-shape-normalized-metadata-explicit-final,1810.0,1634.0,5280.0,1799.0,3231.0,516.0
8995,2015,FORD,TRANSIT VAN,VAN,NEW CAR ASSESSMENT TEST,side,VTP,VEHICLE INTO POLE,32.05,km/h,side_pole_load_cell_barrier,side_pole_load_cell_8,2.2.2-db2011plus-shape-normalized-metadata-explicit-final,2773.0,0.0,5582.0,2018.0,3300.0,422.0
8996,2015,TOYOTA,TACOMA,4 DOOR PICKUP,NEW CAR ASSESSMENT TEST,side,VTP,VEHICLE INTO POLE,32.71,km/h,side_pole_load_cell_barrier,side_pole_load_cell_8,2.2.2-db2011plus-shape-normalized-metadata-explicit-final,1946.0,1766.0,5281.0,1807.0,3245.0,476.0
9003,2015,BMW,X5,UTILITY VEHICLE,NEW CAR ASSESSMENT TEST,side,VTP,VEHICLE INTO POLE,32.21,km/h,side_pole_load_cell_barrier,side_pole_load_cell_8,2.2.2-db2011plus-shape-normalized-metadata-explicit-final,2274.0,2095.0,4874.0,1930.0,2934.0,440.0
9004,2015,TOYOTA,CAMRY,FOUR DOOR SEDAN,NEW CAR ASSESSMENT TEST,side,VTP,VEHICLE INTO POLE,32.23,km/h,side_pole_load_cell_barrier,side_pole_load_cell_8,2.2.2-db2011plus-shape-normalized-metadata-explicit-final,1593.0,1481.0,4850.0,1816.0,2773.0,378.0
9007,2015,AUDI,A3,FOUR DOOR SEDAN,OPTIONAL NEW CAR ASSESSMENT TEST,side,VTP,VEHICLE INTO POLE,32.26,km/h,side_pole_load_cell_barrier,side_pole_load_cell_8,2.2.2-db2011plus-shape-normalized-metadata-explicit-final,1628.0,1424.0,4464.0,1782.0,2632.0,300.0
9014,2015,TOYOTA,SIENNA,MINIVAN,OPTIONAL NEW CAR ASSESSMENT TEST,side,VTP,VEHICLE INTO POLE,32.15,km/h,side_pole_load_cell_barrier,side_pole_load_cell_8,2.2.2-db2011plus-shape-normalized-metadata-explicit-final,2162.0,1981.0,5090.0,1985.0,3032.0,419.0
9016,2015,DODGE,CHALLENGER,TWO DOOR COUPE,NEW CAR ASSESSMENT TEST,side,VTP,VEHICLE INTO POLE,32.14,km/h,side_pole_load_cell_barrier,side_pole_load_cell_8,2.2.2-db2011plus-shape-normalized-metadata-explicit-final,1857.0,1761.0,5009.0,1917.0,2951.0,476.0
9031,2015,MITSUBISHI,MIRAGE,FIVE DOOR HATCHBACK,NEW CAR ASSESSMENT TEST,side,VTP,VEHICLE INTO POLE,32.3,km/h,side_pole_load_cell_barrier,side_pole_load_cell_8,2.2.2-db2011plus-shape-normalized-metadata-explicit-final,993.0,913.0,3640.0,1646.0,2450.0,326.0
9034,2015,HONDA,FIT,FIVE DOOR HATCHBACK,NEW CAR ASSESSMENT TEST,side,VTP,VEHICLE INTO POLE,32.14,km/h,side_pole_load_cell_barrier,side_pole_load_cell_8,2.2.2-db2011plus-shape-normalized-metadata-explicit-final,1221.0,1138.0,4068.0,1694.0,2530.0,250.0
9044,2015,BMW,X3,UTILITY VEHICLE,NEW CAR ASSESSMENT TEST,side,VTP,VEHICLE INTO POLE,31.68,km/h,side_pole_load_cell_barrier,side_pole_load_cell_8,2.2.2-db2011plus-shape-normalized-metadata-explicit-final,1955.0,1843.0,4635.0,1843.0,2806.0,404.0
9045,2015,HONDA,CR-V,UTILITY VEHICLE,NEW CAR ASSESSMENT TEST,side,VTP,VEHICLE INTO POLE,32.53,km/h,side_pole_load_cell_barrier,side_pole_load_cell_8,2.2.2-db2011plus-shape-normalized-metadata-explicit-final,1611.0,1531.0,4556.0,1830.0,2622.0,340.0
9049,2015,FORD,EXPEDITION,UTILITY VEHICLE,NEW CAR ASSESSMENT TEST,side,VTP,VEHICLE INTO POLE,32.3,km/h,side_pole_load_cell_barrier,side_pole_load_cell_8,2.2.2-db2011plus-shape-normalized-metadata-explicit-final,2752.0,2571.0,5230.0,1976.0,3012.0,399.0
9053,2015,MAZDA,CX-9,UTILITY VEHICLE,NEW CAR ASSESSMENT TEST,side,VTP,VEHICLE INTO POLE,32.18,km/h,side_pole_load_cell_barrier,side_pole_load_cell_8,2.2.2-db2011plus-shape-normalized-metadata-explicit-final,2017.0,1909.0,5096.0,1922.0,2875.0,456.0
9055,2015,BUICK,ENCORE,UTILITY VEHICLE,OPTIONAL NEW CAR ASSESSMENT TEST,side,VTP,VEHICLE INTO POLE,32.13,km/h,side_pole_load_cell_barrier,side_pole_load_cell_8,2.2.2-db2011plus-shape-normalized-metadata-explicit-final,1586.0,1454.0,4273.0,1748.0,2554.0,363.0
9061,2015,FORD,MUSTANG,TWO DOOR COUPE,NEW CAR ASSESSMENT TEST,side,VTP,VEHICLE INTO POLE,32.05,km/h,side_pole_load_cell_barrier,side_pole_load_cell_8,2.2.2-db2011plus-shape-normalized-metadata-explicit-final,1672.0,1598.0,4688.0,1820.0,2716.0,362.0
9062,2015,MINI,COOPER HARDTOP,THREE DOOR HATCHBACK,NEW CAR ASSESSMENT TEST,side,VTP,VEHICLE INTO POLE,31.63,km/h,side_pole_load_cell_barrier,side_pole_load_cell_8,2.2.2-db2011plus-shape-normalized-metadata-explicit-final,1255.0,1180.0,3795.0,1692.0,2496.0,295.0
9066,2015,ACURA,TLX,FOUR DOOR SEDAN,NEW CAR ASSESSMENT TEST,side,VTP,VEHICLE INTO POLE,32.09,km/h,side_pole_load_cell_barrier,side_pole_load_cell_8,2.2.2-db2011plus-shape-normalized-metadata-explicit-final,1722.0,1632.0,4830.0,1850.0,2776.0,353.0
9071,2015,TOYOTA,RAV4,UTILITY VEHICLE,NEW CAR ASSESSMENT TEST,side,VTP,VEHICLE INTO POLE,32.63,km/h,side_pole_load_cell_barrier,side_pole_load_cell_8,2.2.2-db2011plus-shape-normalized-metadata-explicit-final,1688.0,1578.0,4572.0,1823.0,2661.0,340.0
9072,2015,LEXUS,NX200t,UTILITY VEHICLE,OPTIONAL NEW CAR ASSESSMENT TEST,side,VTP,VEHICLE INTO POLE,32.15,km/h,side_pole_load_cell_barrier,side_pole_load_cell_8,2.2.2-db2011plus-shape-normalized-metadata-explicit-final,1882.0,1774.0,4630.0,1814.0,2670.0,389.0
9075,2015,VOLKSWAGEN,GOLF,TWO DOOR SEDAN,OPTIONAL NEW CAR ASSESSMENT TEST,side,VTP,VEHICLE INTO POLE,32.23,km/h,side_pole_load_cell_barrier,side_pole_load_cell_8,2.2.2-db2011plus-shape-normalized-metadata-explicit-final,1471.0,1310.0,4281.0,1767.0,2628.0,333.0
9082,2015,CHEVROLET,COLORADO,EXTENDED CAB PICKUP,NEW CAR ASSESSMENT TEST,side,VTP,VEHICLE INTO POLE,32.48,km/h,side_pole_load_cell_barrier,side_pole_load_cell_8,2.2.2-db2011plus-shape-normalized-metadata-explicit-final,1968.0,1787.0,5402.0,1763.0,3265.0,253.0
9085,2015,FORD,FOCUS,FOUR DOOR SEDAN,NEW CAR ASSESSMENT TEST,side,VTP,VEHICLE INTO POLE,32.58,km/h,side_pole_load_cell_barrier,side_pole_load_cell_8,2.2.2-db2011plus-shape-normalized-metadata-explicit-final,1439.0,1361.0,4541.0,1789.0,2653.0,348.0
9088,2015,FORD,F150 SUPERCREW,4 DOOR PICKUP,NEW CAR ASSESSMENT TEST,side,VTP,VEHICLE INTO POLE,32.06,km/h,side_pole_load_cell_barrier,side_pole_load_cell_8,2.2.2-db2011plus-shape-normalized-metadata-explicit-final,2214.0,2032.0,5892.0,2030.0,3682.0,313.0
9100,2015,FORD,F150 SUPERCAB,EXTENDED CAB PICKUP,NEW CAR ASSESSMENT TEST,side,VTP,VEHICLE INTO POLE,32.11,km/h,side_pole_load_cell_barrier,side_pole_load_cell_8,2.2.2-db2011plus-shape-normalized-metadata-explicit-final,2180.0,1999.0,5890.0,2020.0,3684.0,273.0
9120,2015,KIA,SEDONA,MINIVAN,NEW CAR ASSESSMENT TEST,side,VTP,VEHICLE INTO POLE,32.16,km/h,side_pole_load_cell_barrier,side_pole_load_cell_8,2.2.2-db2011plus-shape-normalized-metadata-explicit-final,2109.0,2016.0,5119.0,1960.0,3058.0,391.0
9158,2016,KIA,SORENTO,UTILITY VEHICLE,NEW CAR ASSESSMENT TEST,side,VTP,VEHICLE INTO POLE,32.06,km/h,side_pole_load_cell_barrier,side_pole_load_cell_8,2.2.2-db2011plus-shape-normalized-metadata-explicit-final,1817.0,1691.0,4762.0,1862.0,2780.0,314.0
9161,2015,NISSAN,MURANO,UTILITY VEHICLE,OPTIONAL NEW CAR ASSESSMENT TEST,side,VTP,VEHICLE INTO POLE,32.05,km/h,side_pole_load_cell_barrier,side_pole_load_cell_8,2.2.2-db2011plus-shape-normalized-metadata-explicit-final,1834.0,1720.0,4884.0,1916.0,2822.0,426.0
9167,2015,ACURA,RLX,FOUR DOOR SEDAN,OPTIONAL NEW CAR ASSESSMENT TEST,side,VTP,VEHICLE INTO POLE,32.11,km/h,side_pole_load_cell_barrier,side_pole_load_cell_8,2.2.2-db2011plus-shape-normalized-metadata-explicit-final,1894.0,1803.0,4984.0,1886.0,2850.0,360.0
9169,2015,MERCEDES,C300,FOUR DOOR SEDAN,NEW CAR ASSESSMENT TEST,side,VTP,VEHICLE INTO POLE,30.76,km/h,side_pole_load_cell_barrier,side_pole_load_cell_8,2.2.2-db2011plus-shape-normalized-metadata-explicit-final,1618.0,1556.0,4648.0,1797.0,2835.0,302.0
9251,2015,FORD,EDGE,UTILITY VEHICLE,NEW CAR ASSESSMENT TEST,side,VTP,VEHICLE INTO POLE,31.88,km/h,side_pole_load_cell_barrier,side_pole_load_cell_8,2.2.2-db2011plus-shape-normalized-metadata-explicit-final,1959.0,1829.0,4778.0,1921.0,2850.0,455.0
9253,2016,ACURA,ILX,FOUR DOOR SEDAN,OPTIONAL NEW CAR ASSESSMENT TEST,side,VTP,VEHICLE INTO POLE,32.08,km/h,side_pole_load_cell_barrier,side_pole_load_cell_8,2.2.2-db2011plus-shape-normalized-metadata-explicit-final,1498.0,1409.0,4620.0,1742.0,2670.0,349.0
9293,2016,NISSAN,MAXIMA,FOUR DOOR SEDAN,NEW CAR ASSESSMENT TEST,side,VTP,VEHICLE INTO POLE,32.08,km/h,side_pole_load_cell_barrier,side_pole_load_cell_8,2.2.2-db2011plus-shape-normalized-metadata-explicit-final,1703.0,1589.0,4900.0,1856.0,2768.0,416.0
9297,2016,HONDA,HR-V,UTILITY VEHICLE,OPTIONAL NEW CAR ASSESSMENT TEST,side,VTP,VEHICLE INTO POLE,32.18,km/h,side_pole_load_cell_barrier,side_pole_load_cell_8,2.2.2-db2011plus-shape-normalized-metadata-explicit-final,1397.0,1306.0,4285.0,1770.0,2614.0,314.0
9300,2016,ACURA,RDX,UTILITY VEHICLE,OPTIONAL NEW CAR ASSESSMENT TEST,side,VTP,VEHICLE INTO POLE,32.13,km/h,side_pole_load_cell_barrier,side_pole_load_cell_8,2.2.2-db2011plus-shape-normalized-metadata-explicit-final,1798.0,1699.0,4678.0,1860.0,2690.0,335.0
9325,2016,HONDA,PILOT,UTILITY VEHICLE,OPTIONAL NEW CAR ASSESSMENT TEST,side,VTP,VEHICLE INTO POLE,32.0,km/h,side_pole_load_cell_barrier,side_pole_load_cell_8,2.2.2-db2011plus-shape-normalized-metadata-explicit-final,1947.0,1838.0,4942.0,1994.0,2818.0,384.0
9351,2016,HYUNDAI,TUCSON,UTILITY VEHICLE,NEW CAR ASSESSMENT TEST,side,VTP,VEHICLE INTO POLE,32.13,km/h,side_pole_load_cell_barrier,side_pole_load_cell_8,2.2.2-db2011plus-shape-normalized-metadata-explicit-final,1656.0,1509.0,4477.0,1808.0,2670.0,346.0
9352,2016,JEEP,PATRIOT,UTILITY VEHICLE,NEW CAR ASSESSMENT TEST,side,VTP,VEHICLE INTO POLE,32.72,km/h,side_pole_load_cell_barrier,side_pole_load_cell_8,2.2.2-db2011plus-shape-normalized-metadata-explicit-final,1575.0,1454.0,4426.0,1757.0,2633.0,452.0
9469,2016,FORD,F250 PICKUP,4 DOOR PICKUP,NEW CAR ASSESSMENT TEST,side,VTP,VEHICLE INTO POLE,32.24,km/h,side_pole_load_cell_barrier,side_pole_load_cell_8,2.2.2-db2011plus-shape-normalized-metadata-explicit-final,3189.0,3012.0,6280.0,2025.0,3988.0,603.0
9472,2016,DODGE,JOURNEY,UTILITY VEHICLE,NEW CAR ASSESSMENT TEST,side,VTP,VEHICLE INTO POLE,32.24,km/h,side_pole_load_cell_barrier,side_pole_load_cell_8,2.2.2-db2011plus-shape-normalized-metadata-explicit-final,1860.0,1764.0,4895.0,1830.0,2896.0,414.0
9473,2016,FORD,F250 PICKUP,EXTENDED CAB PICKUP,NEW CAR ASSESSMENT TEST,side,VTP,VEHICLE INTO POLE,32.28,km/h,side_pole_load_cell_barrier,side_pole_load_cell_8,2.2.2-db2011plus-shape-normalized-metadata-explicit-final,3092.0,2913.0,5938.0,2032.0,3620.0,683.0
9485,2016,FORD,EXPLORER,UTILITY VEHICLE,NEW CAR ASSESSMENT TEST,side,VTP,VEHICLE INTO POLE,32.75,km/h,side_pole_load_cell_barrier,side_pole_load_cell_8,2.2.2-db2011plus-shape-normalized-metadata-explicit-final,2187.0,2015.0,5043.0,1970.0,2865.0,421.0
9489,2016,LEXUS,ES 350,FOUR DOOR SEDAN,NEW CAR ASSESSMENT TEST,side,VTP,VEHICLE INTO POLE,32.54,km/h,side_pole_load_cell_barrier,side_pole_load_cell_8,2.2.2-db2011plus-shape-normalized-metadata-explicit-final,1741.0,1632.0,4885.0,1798.0,2812.0,443.0
9490,2016,MAZDA,CX-3,UTILITY VEHICLE,NEW CAR ASSESSMENT TEST,side,VTP,VEHICLE INTO POLE,32.84,km/h,side_pole_load_cell_barrier,side_pole_load_cell_8,2.2.2-db2011plus-shape-normalized-metadata-explicit-final,1355.0,1270.0,4268.0,1705.0,2566.0,344.0
9495,2016,CHRYSLER,300,FOUR DOOR SEDAN,NEW CAR ASSESSMENT TEST,side,VTP,VEHICLE INTO POLE,32.19,km/h,side_pole_load_cell_barrier,side_pole_load_cell_8,2.2.2-db2011plus-shape-normalized-metadata-explicit-final,1906.0,1811.0,5060.0,1895.0,3055.0,365.0
9496,2016,VOLVO,S60I,FOUR DOOR SEDAN,OPTIONAL NEW CAR ASSESSMENT TEST,side,VTP,VEHICLE INTO POLE,32.64,km/h,side_pole_load_cell_barrier,side_pole_load_cell_8,2.2.2-db2011plus-shape-normalized-metadata-explicit-final,1841.0,1682.0,4717.0,1822.0,2856.0,383.0
9502,2016,DODGE,CHARGER,FOUR DOOR SEDAN,NEW CAR ASSESSMENT TEST,side,VTP,VEHICLE INTO POLE,32.22,km/h,side_pole_load_cell_barrier,side_pole_load_cell_8,2.2.2-db2011plus-shape-normalized-metadata-explicit-final,1896.0,1799.0,5042.0,1895.0,3050.0,330.0
9507,2016,NISSAN,VERSA,FOUR DOOR SEDAN,NEW CAR ASSESSMENT TEST,side,VTP,VEHICLE INTO POLE,32.18,km/h,side_pole_load_cell_barrier,side_pole_load_cell_8,2.2.2-db2011plus-shape-normalized-metadata-explicit-final,1186.0,1099.0,4497.0,1693.0,2600.0,436.0
9509,2016,CHEVROLET,COLORADO,4 DOOR PICKUP,NEW CAR ASSESSMENT TEST,side,VTP,VEHICLE INTO POLE,32.79,km/h,side_pole_load_cell_barrier,side_pole_load_cell_8,2.2.2-db2011plus-shape-normalized-metadata-explicit-final,1981.0,1802.0,5391.0,1757.0,3259.0,244.0
9514,2016,JEEP,RENEGADE,UTILITY VEHICLE,NEW CAR ASSESSMENT TEST,side,VTP,VEHICLE INTO POLE,32.25,km/h,side_pole_load_cell_barrier,side_pole_load_cell_8,2.2.2-db2011plus-shape-normalized-metadata-explicit-final,1550.0,1455.0,4231.0,1768.0,2564.0,338.0
9515,2016,NISSAN,VERSA NOTE,FIVE DOOR HATCHBACK,NEW CAR ASSESSMENT TEST,side,VTP,VEHICLE INTO POLE,32.57,km/h,side_pole_load_cell_barrier,side_pole_load_cell_8,2.2.2-db2011plus-shape-normalized-metadata-explicit-final,1210.0,1123.0,4079.0,1690.0,2601.0,451.0
9548,2016,KIA,OPTIMA,FOUR DOOR SEDAN,NEW CAR ASSESSMENT TEST,side,VTP,VEHICLE INTO POLE,32.14,km/h,side_pole_load_cell_barrier,side_pole_load_cell_8,2.2.2-db2011plus-shape-normalized-metadata-explicit-final,1577.0,1467.0,4848.0,1840.0,2802.0,337.0
9551,2016,VOLKSWAGEN,Golf SportWagen,STATION WAGON,NEW CAR ASSESSMENT TEST,side,VTP,VEHICLE INTO POLE,32.47,km/h,side_pole_load_cell_barrier,side_pole_load_cell_8,2.2.2-db2011plus-shape-normalized-metadata-explicit-final,1569.0,1414.0,4561.0,1775.0,2628.0,348.0
9554,2016,VOLKSWAGEN,PASSAT,FOUR DOOR SEDAN,OPTIONAL NEW CAR ASSESSMENT TEST,side,VTP,VEHICLE INTO POLE,32.2,km/h,side_pole_load_cell_barrier,side_pole_load_cell_8,2.2.2-db2011plus-shape-normalized-metadata-explicit-final,1709.0,1492.0,4890.0,1790.0,2804.0,388.0
9556,2016,HONDA,CIVIC,FOUR DOOR SEDAN,NEW CAR ASSESSMENT TEST,side,VTP,VEHICLE INTO POLE,32.2,km/h,side_pole_load_cell_barrier,side_pole_load_cell_8,2.2.2-db2011plus-shape-normalized-metadata-explicit-final,1339.0,1250.0,4625.0,1790.0,2699.0,287.0
9559,2016,VOLVO,XC90 T6,UTILITY VEHICLE,OPTIONAL NEW CAR ASSESSMENT TEST,side,VTP,VEHICLE INTO POLE,32.17,km/h,side_pole_load_cell_barrier,side_pole_load_cell_8,2.2.2-db2011plus-shape-normalized-metadata-explicit-final,2203.0,2083.0,4950.0,1918.0,2985.0,303.0
9565,2016,CHEVROLET,MALIBU,FOUR DOOR SEDAN,NEW CAR ASSESSMENT TEST,side,VTP,VEHICLE INTO POLE,31.82,km/h,side_pole_load_cell_barrier,side_pole_load_cell_8,2.2.2-db2011plus-shape-normalized-metadata-explicit-final,1510.0,1400.0,4907.0,1850.0,2828.0,317.0
9584,2016,LEXUS,RX 350,UTILITY VEHICLE,NEW CAR ASSESSMENT TEST,side,VTP,VEHICLE INTO POLE,32.25,km/h,side_pole_load_cell_barrier,side_pole_load_cell_8,2.2.2-db2011plus-shape-normalized-metadata-explicit-final,2034.0,1926.0,4870.0,1897.0,2791.0,342.0
9589,2016,TOYOTA,PRIUS,FIVE DOOR HATCHBACK,NEW CAR ASSESSMENT TEST,side,VTP,VEHICLE INTO POLE,32.32,km/h,side_pole_load_cell_barrier,side_pole_load_cell_8,2.2.2-db2011plus-shape-normalized-metadata-explicit-final,1481.0,1408.0,4469.0,1757.0,2695.0,374.0
9590,2016,TOYOTA,AVALON,FOUR DOOR SEDAN,NEW CAR ASSESSMENT TEST,side,VTP,VEHICLE INTO POLE,32.52,km/h,side_pole_load_cell_barrier,side_pole_load_cell_8,2.2.2-db2011plus-shape-normalized-metadata-explicit-final,1707.0,1588.0,4967.0,1833.0,2812.0,369.0
9594,2016,TOYOTA,TACOMA,4 DOOR PICKUP,NEW CAR ASSESSMENT TEST,side,VTP,VEHICLE INTO POLE,31.96,km/h,side_pole_load_cell_barrier,side_pole_load_cell_8,2.2.2-db2011plus-shape-normalized-metadata-explicit-final,2009.0,1829.0,5410.0,1890.0,3255.0,325.0
9698,2016,VOLVO,XC90 T8,UTILITY VEHICLE,OPTIONAL NEW CAR ASSESSMENT TEST,side,VTP,VEHICLE INTO POLE,32.15,km/h,side_pole_load_cell_barrier,side_pole_load_cell_8,2.2.2-db2011plus-shape-normalized-metadata-explicit-final,2430.0,2311.0,4940.0,1921.0,2993.0,306.0
9746,2017,KIA,SPORTAGE,UTILITY VEHICLE,OPTIONAL NEW CAR ASSESSMENT TEST,side,VTP,VEHICLE INTO POLE,32.2,km/h,side_pole_load_cell_barrier,side_pole_load_cell_8,2.2.2-db2011plus-shape-normalized-metadata-explicit-final,1647.0,1502.0,4484.0,1810.0,2668.0,324.0
9776,2017,FORD,FUSION,FOUR DOOR SEDAN,NEW CAR ASSESSMENT TEST,side,VTP,VEHICLE INTO POLE,32.33,km/h,side_pole_load_cell_barrier,side_pole_load_cell_8,2.2.2-db2011plus-shape-normalized-metadata-explicit-final,1664.0,1585.0,4847.0,1836.0,2847.0,399.0
9779,2016,CHEVROLET,CRUZE,FOUR DOOR SEDAN,NEW CAR ASSESSMENT TEST,side,VTP,VEHICLE INTO POLE,32.06,km/h,side_pole_load_cell_barrier,side_pole_load_cell_8,2.2.2-db2011plus-shape-normalized-metadata-explicit-final,1417.0,1320.0,4663.0,1787.0,2705.0,320.0
9780,2016,NISSAN,ROGUE,UTILITY VEHICLE,Validation New Car Assessment Test,side,VTP,VEHICLE INTO POLE,32.25,km/h,side_pole_load_cell_barrier,side_pole_load_cell_8,2.2.2-db2011plus-shape-normalized-metadata-explicit-final,1740.0,,4650.0,1841.0,2706.0,390.0
9782,2016,CHEVROLET,MALIBU,FOUR DOOR SEDAN,VALIDATION NEW CAR ASSESSMENT TEST,side,VTP,VEHICLE INTO POLE,32.43,km/h,side_pole_load_cell_barrier,side_pole_load_cell_8,2.2.2-db2011plus-shape-normalized-metadata-explicit-final,1688.0,1539.0,4880.0,1851.0,2747.0,345.0
9783,2016,HONDA,FIT,FIVE DOOR HATCHBACK,VALIDATION NEW CAR ASSESSMENT TEST,side,VTP,VEHICLE INTO POLE,31.89,km/h,side_pole_load_cell_barrier,side_pole_load_cell_8,2.2.2-db2011plus-shape-normalized-metadata-explicit-final,1270.0,1156.0,4070.0,1695.0,2530.0,274.0
9784,2016,FORD,F150 PICKUP,4 DOOR PICKUP,Validation New Car Assessment Test,side,VTP,VEHICLE INTO POLE,32.23,km/h,side_pole_load_cell_barrier,side_pole_load_cell_8,2.2.2-db2011plus-shape-normalized-metadata-explicit-final,2343.0,,4070.0,1695.0,2530.0,394.0
9785,2016,TOYOTA,SIENNA,MINIVAN,Validation New Car Assessment Test,side,VTP,VEHICLE INTO POLE,32.23,km/h,side_pole_load_cell_barrier,side_pole_load_cell_8,2.2.2-db2011plus-shape-normalized-metadata-explicit-final,2155.0,,5080.0,1980.0,3030.0,345.0
9792,2017,HYUNDAI,ELANTRA,FOUR DOOR SEDAN,NEW CAR ASSESSMENT TEST,side,VTP,VEHICLE INTO POLE,32.4,km/h,side_pole_load_cell_barrier,side_pole_load_cell_8,2.2.2-db2011plus-shape-normalized-metadata-explicit-final,1375.0,1291.0,4574.0,1776.0,2700.0,263.0
9803,2016,BUICK,CASCADA,CONVERTIBLE,OPTIONAL NEW CAR ASSESSMENT TEST,side,VTP,VEHICLE INTO POLE,32.29,km/h,side_pole_load_cell_barrier,side_pole_load_cell_8,2.2.2-db2011plus-shape-normalized-metadata-explicit-final,1913.0,1804.0,4741.0,1782.0,2706.0,260.0
9809,2016,HONDA,CIVIC,TWO DOOR COUPE,OPTIONAL NEW CAR ASSESSMENT TEST,side,VTP,VEHICLE INTO POLE,32.2,km/h,side_pole_load_cell_barrier,side_pole_load_cell_8,2.2.2-db2011plus-shape-normalized-metadata-explicit-final,1336.0,1245.0,4454.0,1777.0,2702.0,280.0
9941,2017,MITSUBISHI,MIRAGE,FIVE DOOR HATCHBACK,OPTIONAL NEW CAR ASSESSMENT TEST,side,VTP,VEHICLE INTO POLE,32.24,km/h,side_pole_load_cell_barrier,side_pole_load_cell_8,2.2.2-db2011plus-shape-normalized-metadata-explicit-final,1001.0,922.0,3613.0,1648.0,2456.0,327.0
9947,2017,GMC,ACADIA,UTILITY VEHICLE,NEW CAR ASSESSMENT TEST,side,VTP,VEHICLE INTO POLE,32.17,km/h,side_pole_load_cell_barrier,side_pole_load_cell_8,2.2.2-db2011plus-shape-normalized-metadata-explicit-final,2109.0,1932.0,4932.0,1910.0,2858.0,342.0
9963,2016,BUICK,ENVISION,UTILITY VEHICLE,OPTIONAL NEW CAR ASSESSMENT TEST,side,VTP,VEHICLE INTO POLE,32.18,km/h,side_pole_load_cell_barrier,side_pole_load_cell_8,2.2.2-db2011plus-shape-normalized-metadata-explicit-final,1980.0,1843.0,4681.0,1810.0,2752.0,289.0
9967,2017,CHEVROLET,CAMARO,TWO DOOR COUPE,NEW CAR ASSESSMENT TEST,side,VTP,VEHICLE INTO POLE,32.19,km/h,side_pole_load_cell_barrier,side_pole_load_cell_8,2.2.2-db2011plus-shape-normalized-metadata-explicit-final,1604.0,1508.0,4774.0,1896.0,2821.0,283.0
9971,2017,CHRYSLER,PACIFICA,MINIVAN,OPTIONAL NEW CAR ASSESSMENT TEST,side,VTP,VEHICLE INTO POLE,32.29,km/h,side_pole_load_cell_barrier,side_pole_load_cell_8,2.2.2-db2011plus-shape-normalized-metadata-explicit-final,2046.0,1956.0,5171.0,2022.0,3096.0,324.0
9974,2017,CADILLAC,XT5,UTILITY VEHICLE,NEW CAR ASSESSMENT TEST,side,VTP,VEHICLE INTO POLE,32.79,km/h,side_pole_load_cell_barrier,side_pole_load_cell_8,2.2.2-db2011plus-shape-normalized-metadata-explicit-final,1973.0,1799.0,4819.0,1875.0,2856.0,308.0
9979,2017,FORD,F250 CREW CAB,4 DOOR PICKUP,NEW CAR ASSESSMENT TEST,side,VTP,VEHICLE INTO POLE,31.97,km/h,side_pole_load_cell_barrier,side_pole_load_cell_8,2.2.2-db2011plus-shape-normalized-metadata-explicit-final,2932.0,2753.0,6346.0,2022.0,4058.0,326.0
9981,2017,TOYOTA,YARIS IA,FOUR DOOR SEDAN,NEW CAR ASSESSMENT TEST,side,VTP,VEHICLE INTO POLE,32.47,km/h,side_pole_load_cell_barrier,side_pole_load_cell_8,2.2.2-db2011plus-shape-normalized-metadata-explicit-final,1185.0,1102.0,4362.0,1693.0,2566.0,265.0
9985,2017,TOYOTA,COROLLA,FOUR DOOR SEDAN,NEW CAR ASSESSMENT TEST,side,VTP,VEHICLE INTO POLE,32.18,km/h,side_pole_load_cell_barrier,side_pole_load_cell_8,2.2.2-db2011plus-shape-normalized-metadata-explicit-final,1398.0,1316.0,4633.0,1763.0,2700.0,330.0
9988,2017,BUICK,LACROSSE,FOUR DOOR SEDAN,NEW CAR ASSESSMENT TEST,side,VTP,VEHICLE INTO POLE,32.88,km/h,side_pole_load_cell_barrier,side_pole_load_cell_8,2.2.2-db2011plus-shape-normalized-metadata-explicit-final,1749.0,1638.0,5019.0,1833.0,2903.0,342.0
9993,2017,AUDI,A4,FOUR DOOR SEDAN,OPTIONAL NEW CAR ASSESSMENT TEST,side,VTP,VEHICLE INTO POLE,32.14,km/h,side_pole_load_cell_barrier,side_pole_load_cell_8,2.2.2-db2011plus-shape-normalized-metadata-explicit-final,1764.0,1578.0,4741.0,1822.0,2818.0,337.0
9994,2017,MERCEDES,E-CLASS,FOUR DOOR SEDAN,NEW CAR ASSESSMENT TEST,side,VTP,VEHICLE INTO POLE,32.05,km/h,side_pole_load_cell_barrier,side_pole_load_cell_8,2.2.2-db2011plus-shape-normalized-metadata-explicit-final,1948.0,1763.0,4945.0,1860.0,2940.0,282.0
10004,2017,CHEVROLET,VOLT,FIVE DOOR HATCHBACK,NEW CAR ASSESSMENT TEST,side,VTP,VEHICLE INTO POLE,32.58,km/h,side_pole_load_cell_barrier,side_pole_load_cell_8,2.2.2-db2011plus-shape-normalized-metadata-explicit-final,1695.0,1611.0,4586.0,1787.0,2694.0,256.0
10006,2017,FORD,F250 SUPERCAB,EXTENDED CAB PICKUP,NEW CAR ASSESSMENT TEST,side,VTP,VEHICLE INTO POLE,32.09,km/h,side_pole_load_cell_barrier,side_pole_load_cell_8,2.2.2-db2011plus-shape-normalized-metadata-explicit-final,2883.0,2705.0,6074.0,2030.0,3765.0,465.0
10033,2017,HONDA,RIDGELINE,4 DOOR PICKUP,NEW CAR ASSESSMENT TEST,side,VTP,VEHICLE INTO POLE,32.44,km/h,side_pole_load_cell_barrier,side_pole_load_cell_8,2.2.2-db2011plus-shape-normalized-metadata-explicit-final,2106.0,1933.0,5332.0,1977.0,3182.0,346.0
10036,2017,NISSAN,TITAN,4 DOOR PICKUP,NEW CAR ASSESSMENT TEST,side,VTP,VEHICLE INTO POLE,32.76,km/h,side_pole_load_cell_barrier,side_pole_load_cell_8,2.2.2-db2011plus-shape-normalized-metadata-explicit-final,2713.0,2539.0,5795.0,2005.0,3556.0,414.0
10037,2017,SMART,FORTWO,TWO DOOR COUPE,OPTIONAL NEW CAR ASSESSMENT TEST,side,VTP,VEHICLE INTO POLE,31.74,km/h,side_pole_load_cell_barrier,side_pole_load_cell_8,2.2.2-db2011plus-shape-normalized-metadata-explicit-final,1104.0,988.0,2754.0,1630.0,1869.0,219.0
10044,2017,LEXUS,IS200t,FOUR DOOR SEDAN,NEW CAR ASSESSMENT TEST,side,VTP,VEHICLE INTO POLE,32.49,km/h,side_pole_load_cell_barrier,side_pole_load_cell_8,2.2.2-db2011plus-shape-normalized-metadata-explicit-final,1781.0,1706.0,4680.0,1810.0,2800.0,359.0
10047,2017,NISSAN,FRONTIER,4 DOOR PICKUP,NEW CAR ASSESSMENT TEST,side,VTP,VEHICLE INTO POLE,32.86,km/h,side_pole_load_cell_barrier,side_pole_load_cell_8,2.2.2-db2011plus-shape-normalized-metadata-explicit-final,2124.0,1944.0,5235.0,1780.0,3203.0,265.0
10051,2016,TOYOTA,PRIUS,FOUR DOOR SEDAN,VALIDATION NEW CAR ASSESSMENT TEST,side,VTP,VEHICLE INTO POLE,32.24,km/h,side_pole_load_cell_barrier,side_pole_load_cell_8,2.2.2-db2011plus-shape-normalized-metadata-explicit-final,1508.0,,4524.0,1759.0,2695.0,272.0
10052,2016,JEEP,PATRIOT,UTILITY VEHICLE,VALIDATION NEW CAR ASSESSMENT TEST,side,VTP,VEHICLE INTO POLE,32.27,km/h,side_pole_load_cell_barrier,side_pole_load_cell_8,2.2.2-db2011plus-shape-normalized-metadata-explicit-final,1595.0,,4429.0,1777.0,2640.0,361.0
10053,2016,FORD,EXPEDITION,UTILITY VEHICLE,VALIDATION NEW CAR ASSESSMENT TEST,side,VTP,VEHICLE INTO POLE,32.23,km/h,side_pole_load_cell_barrier,side_pole_load_cell_8,2.2.2-db2011plus-shape-normalized-metadata-explicit-final,2768.0,,5225.0,2030.0,3020.0,423.0
10059,2017,SUBARU,IMPREZA,FOUR DOOR SEDAN,OPTIONAL NEW CAR ASSESSMENT TEST,side,VTP,VEHICLE INTO POLE,32.23,km/h,side_pole_load_cell_barrier,side_pole_load_cell_8,2.2.2-db2011plus-shape-normalized-metadata-explicit-final,1485.0,1403.0,4624.0,1774.0,2675.0,314.0
10061,2017,HONDA,CR-V,UTILITY VEHICLE,OPTIONAL NEW CAR ASSESSMENT TEST,side,VTP,VEHICLE INTO POLE,32.24,km/h,side_pole_load_cell_barrier,side_pole_load_cell_8,2.2.2-db2011plus-shape-normalized-metadata-explicit-final,1586.0,1495.0,4578.0,1844.0,2660.0,337.0
10067,2017,FORD,FOCUS RS,FIVE DOOR HATCHBACK,NEW CAR ASSESSMENT TEST,side,VTP,VEHICLE INTO POLE,32.05,km/h,side_pole_load_cell_barrier,side_pole_load_cell_8,2.2.2-db2011plus-shape-normalized-metadata-explicit-final,1663.0,1587.0,4384.0,1810.0,2649.0,398.0
10070,2017,HYUNDAI,ELANTRA,FOUR DOOR SEDAN,OPTIONAL NEW CAR ASSESSMENT TEST,side,VTP,VEHICLE INTO POLE,32.21,km/h,side_pole_load_cell_barrier,side_pole_load_cell_8,2.2.2-db2011plus-shape-normalized-metadata-explicit-final,1383.0,1293.0,4572.0,1775.0,2700.0,303.0
10073,2017,MAZDA,CX-5,UTILITY VEHICLE,NEW CAR ASSESSMENT TEST,side,VTP,VEHICLE INTO POLE,32.66,km/h,side_pole_load_cell_barrier,side_pole_load_cell_8,2.2.2-db2011plus-shape-normalized-metadata-explicit-final,1617.0,1536.0,4553.0,1836.0,2698.0,308.0
10084,2017,TESLA,MODEL X,UTILITY VEHICLE,OPTIONAL NEW CAR ASSESSMENT TEST,side,VTP,VEHICLE INTO POLE,32.06,km/h,side_pole_load_cell_barrier,side_pole_load_cell_8,2.2.2-db2011plus-shape-normalized-metadata-explicit-final,2426.0,2335.0,4997.0,1920.0,2963.0,194.0
10093,2017,LINCOLN,CONTINENTAL,FOUR DOOR SEDAN,OPTIONAL NEW CAR ASSESSMENT TEST,side,VTP,VEHICLE INTO POLE,32.17,km/h,side_pole_load_cell_barrier,side_pole_load_cell_8,2.2.2-db2011plus-shape-normalized-metadata-explicit-final,2024.0,1910.0,5138.0,1866.0,2980.0,389.0
10130,2018,HONDA,ODYSSEY,MINIVAN,OPTIONAL NEW CAR ASSESSMENT TEST,side,VTP,VEHICLE INTO POLE,32.13,km/h,side_pole_load_cell_barrier,side_pole_load_cell_8,2.2.2-db2011plus-shape-normalized-metadata-explicit-final,2122.0,2013.0,5164.0,1963.0,3000.0,297.0
10135,2018,VOLKSWAGEN,ATLAS,UTILITY VEHICLE,OPTIONAL NEW CAR ASSESSMENT TEST,side,VTP,VEHICLE INTO POLE,32.55,km/h,side_pole_load_cell_barrier,side_pole_load_cell_8,2.2.2-db2011plus-shape-normalized-metadata-explicit-final,2112.0,1992.0,5020.0,1980.0,2979.0,344.0
10145,2018,TOYOTA,CAMRY HYBRID,FOUR DOOR SEDAN,NEW CAR ASSESSMENT TEST,side,VTP,VEHICLE INTO POLE,31.94,km/h,side_pole_load_cell_barrier,side_pole_load_cell_8,2.2.2-db2011plus-shape-normalized-metadata-explicit-final,1709.0,1591.0,4865.0,1837.0,2824.0,347.0
10147,2018,CHEVROLET,EQUINOX,UTILITY VEHICLE,NEW CAR ASSESSMENT TEST,side,VTP,VEHICLE INTO POLE,32.49,km/h,side_pole_load_cell_barrier,side_pole_load_cell_8,2.2.2-db2011plus-shape-normalized-metadata-explicit-final,1675.0,1495.0,4605.0,1840.0,2729.0,320.0
10152,2018,TOYOTA,C-HR,FIVE DOOR HATCHBACK,NEW CAR ASSESSMENT TEST,side,VTP,VEHICLE INTO POLE,32.25,km/h,side_pole_load_cell_barrier,side_pole_load_cell_8,2.2.2-db2011plus-shape-normalized-metadata-explicit-final,1572.0,1497.0,4417.0,1767.0,2636.0,339.0
10155,2018,CHEVROLET,TRAVERSE,UTILITY VEHICLE,NEW CAR ASSESSMENT TEST,side,VTP,VEHICLE INTO POLE,32.95,km/h,side_pole_load_cell_barrier,side_pole_load_cell_8,2.2.2-db2011plus-shape-normalized-metadata-explicit-final,2150.0,1967.0,5192.0,1953.0,3071.0,332.0
10158,2018,JEEP,COMPASS,UTILITY VEHICLE,NEW CAR ASSESSMENT TEST,side,VTP,VEHICLE INTO POLE,31.72,km/h,side_pole_load_cell_barrier,side_pole_load_cell_8,2.2.2-db2011plus-shape-normalized-metadata-explicit-final,1554.0,1460.0,4355.0,1781.0,2623.0,294.0
10161,2018,TOYOTA,PRIUS C,FIVE DOOR HATCHBACK,NEW CAR ASSESSMENT TEST,side,VTP,VEHICLE INTO POLE,31.67,km/h,side_pole_load_cell_barrier,side_pole_load_cell_8,2.2.2-db2011plus-shape-normalized-metadata-explicit-final,1252.0,1168.0,4061.0,1694.0,2550.0,289.0
10163,2018,FORD,F150 SUPERCAB,EXTENDED CAB PICKUP,NEW CAR ASSESSMENT TEST,side,VTP,VEHICLE INTO POLE,31.94,km/h,side_pole_load_cell_barrier,side_pole_load_cell_8,2.2.2-db2011plus-shape-normalized-metadata-explicit-final,2218.0,2040.0,5878.0,2030.0,3685.0,387.0
10166,2018,HYUNDAI,SANTA FE,UTILITY VEHICLE,NEW CAR ASSESSMENT TEST,side,VTP,VEHICLE INTO POLE,32.38,km/h,side_pole_load_cell_barrier,side_pole_load_cell_8,2.2.2-db2011plus-shape-normalized-metadata-explicit-final,1990.0,1833.0,4907.0,1848.0,2800.0,377.0
10171,2018,FORD,F150 SUPERCREW,4 DOOR PICKUP,NEW CAR ASSESSMENT TEST,side,VTP,VEHICLE INTO POLE,31.93,km/h,side_pole_load_cell_barrier,side_pole_load_cell_8,2.2.2-db2011plus-shape-normalized-metadata-explicit-final,2307.0,2128.0,5870.0,2030.0,3685.0,384.0
10173,2018,AUDI,Q5,UTILITY VEHICLE,NEW CAR ASSESSMENT TEST,side,VTP,VEHICLE INTO POLE,32.57,km/h,side_pole_load_cell_barrier,side_pole_load_cell_8,2.2.2-db2011plus-shape-normalized-metadata-explicit-final,2048.0,1870.0,4667.0,1889.0,2819.0,374.0
10177,2018,BMW,X1,UTILITY VEHICLE,NEW CAR ASSESSMENT TEST,side,VTP,VEHICLE INTO POLE,32.39,km/h,side_pole_load_cell_barrier,side_pole_load_cell_8,2.2.2-db2011plus-shape-normalized-metadata-explicit-final,1680.0,1567.0,4443.0,1823.0,2666.0,338.0
10179,2018,NISSAN,VERSA,FOUR DOOR SEDAN,NEW CAR ASSESSMENT TEST,side,VTP,VEHICLE INTO POLE,32.19,km/h,side_pole_load_cell_barrier,side_pole_load_cell_8,2.2.2-db2011plus-shape-normalized-metadata-explicit-final,1173.0,1085.0,4500.0,1700.0,2601.0,365.0
10182,2018,NISSAN,ARMADA,UTILITY VEHICLE,NEW CAR ASSESSMENT TEST,side,VTP,VEHICLE INTO POLE,32.79,km/h,side_pole_load_cell_barrier,side_pole_load_cell_8,2.2.2-db2011plus-shape-normalized-metadata-explicit-final,2695.0,2518.0,5303.0,1994.0,3076.0,395.0
10184,2018,FORD,MUSTANG,TWO DOOR COUPE,NEW CAR ASSESSMENT TEST,side,VTP,VEHICLE INTO POLE,32.41,km/h,side_pole_load_cell_barrier,side_pole_load_cell_8,2.2.2-db2011plus-shape-normalized-metadata-explicit-final,1666.0,1591.0,4792.0,1821.0,2717.0,323.0
10188,2018,VOLKSWAGEN,TIGUAN,UTILITY VEHICLE,NEW CAR ASSESSMENT TEST,side,VTP,VEHICLE INTO POLE,32.14,km/h,side_pole_load_cell_barrier,side_pole_load_cell_8,2.2.2-db2011plus-shape-normalized-metadata-explicit-final,1824.0,1709.0,4720.0,1840.0,2789.0,312.0
10192,2018,HONDA,ACCORD,FOUR DOOR SEDAN,NEW CAR ASSESSMENT TEST,side,VTP,VEHICLE INTO POLE,32.34,km/h,side_pole_load_cell_barrier,side_pole_load_cell_8,2.2.2-db2011plus-shape-normalized-metadata-explicit-final,1508.0,1418.0,4889.0,1842.0,2830.0,337.0
10194,2018,MERCEDES,GLC CLASS,UTILITY VEHICLE,NEW CAR ASSESSMENT TEST,side,VTP,VEHICLE INTO POLE,32.87,km/h,side_pole_load_cell_barrier,side_pole_load_cell_8,2.2.2-db2011plus-shape-normalized-metadata-explicit-final,1883.0,1748.0,4648.0,1842.0,2874.0,318.0
10314,2018,DODGE,DURANGO,UTILITY VEHICLE,NEW CAR ASSESSMENT TEST,side,VTP,VEHICLE INTO POLE,32.19,km/h,side_pole_load_cell_barrier,side_pole_load_cell_8,2.2.2-db2011plus-shape-normalized-metadata-explicit-final,2272.0,2161.0,5080.0,1920.0,3049.0,382.0
10318,2018,CHEVROLET,BOLT,FIVE DOOR HATCHBACK,NEW CAR ASSESSMENT TEST,side,VTP,VEHICLE INTO POLE,31.89,km/h,side_pole_load_cell_barrier,side_pole_load_cell_8,2.2.2-db2011plus-shape-normalized-metadata-explicit-final,1702.0,1515.0,4207.0,1756.0,2602.0,252.0
10322,2018,TOYOTA,SIENNA,MINIVAN,NEW CAR ASSESSMENT TEST,side,VTP,VEHICLE INTO POLE,32.2,km/h,side_pole_load_cell_barrier,side_pole_load_cell_8,2.2.2-db2011plus-shape-normalized-metadata-explicit-final,2144.0,2039.0,5080.0,1990.0,3020.0,378.0
10324,2018,DODGE,GRAND CARAVAN,MINIVAN,NEW CAR ASSESSMENT TEST,side,VTP,VEHICLE INTO POLE,32.68,km/h,side_pole_load_cell_barrier,side_pole_load_cell_8,2.2.2-db2011plus-shape-normalized-metadata-explicit-final,2105.0,2015.0,5154.0,1962.0,3074.0,394.0
10345,2018,FORD,EXPEDITION,UTILITY VEHICLE,NEW CAR ASSESSMENT TEST,side,VTP,VEHICLE INTO POLE,32.7,km/h,side_pole_load_cell_barrier,side_pole_load_cell_8,2.2.2-db2011plus-shape-normalized-metadata-explicit-final,2619.0,2438.0,5348.0,2031.0,3105.0,321.0
10348,2018,MAZDA,CX-9,UTILITY VEHICLE,OPTIONAL NEW CAR ASSESSMENT TEST,side,VTP,VEHICLE INTO POLE,32.0,km/h,side_pole_load_cell_barrier,side_pole_load_cell_8,2.2.2-db2011plus-shape-normalized-metadata-explicit-final,1937.0,1828.0,5068.0,1948.0,2932.0,379.0
10352,2018,FORD,ECOSPORT,UTILITY VEHICLE,NEW CAR ASSESSMENT TEST,side,VTP,VEHICLE INTO POLE,32.62,km/h,side_pole_load_cell_barrier,side_pole_load_cell_8,2.2.2-db2011plus-shape-normalized-metadata-explicit-final,1461.0,1382.0,4098.0,1722.0,2519.0,298.0
10354,2018,FORD,FIESTA,FOUR DOOR SEDAN,NEW CAR ASSESSMENT TEST,side,VTP,VEHICLE INTO POLE,32.54,km/h,side_pole_load_cell_barrier,side_pole_load_cell_8,2.2.2-db2011plus-shape-normalized-metadata-explicit-final,1238.0,1161.0,4403.0,1684.0,2494.0,293.0
10356,2018,NISSAN,ROGUE SPORT,UTILITY VEHICLE,NEW CAR ASSESSMENT TEST,side,VTP,VEHICLE INTO POLE,32.61,km/h,side_pole_load_cell_barrier,side_pole_load_cell_8,2.2.2-db2011plus-shape-normalized-metadata-explicit-final,1571.0,1460.0,4376.0,1790.0,2645.0,324.0
10359,2018,DODGE,JOURNEY,UTILITY VEHICLE,NEW CAR ASSESSMENT TEST,side,VTP,VEHICLE INTO POLE,32.08,km/h,side_pole_load_cell_barrier,side_pole_load_cell_8,2.2.2-db2011plus-shape-normalized-metadata-explicit-final,1884.0,1790.0,4881.0,1868.0,2888.0,410.0
10365,2019,ACURA,RDX,UTILITY VEHICLE,OPTIONAL NEW CAR ASSESSMENT TEST,side,VTP,VEHICLE INTO POLE,32.71,km/h,side_pole_load_cell_barrier,side_pole_load_cell_8,2.2.2-db2011plus-shape-normalized-metadata-explicit-final,1795.0,1708.0,4746.0,1900.0,2748.0,284.0
10385,2018,TESLA,MODEL 3,FOUR DOOR SEDAN,OPTIONAL NEW CAR ASSESSMENT TEST,side,VTP,VEHICLE INTO POLE,32.08,km/h,side_pole_load_cell_barrier,side_pole_load_cell_8,2.2.2-db2011plus-shape-normalized-metadata-explicit-final,1873.0,0.0,4654.0,1829.0,2879.0,174.0
10386,2019,HONDA,INSIGHT,FOUR DOOR SEDAN,OPTIONAL NEW CAR ASSESSMENT TEST,side,VTP,VEHICLE INTO POLE,32.11,km/h,side_pole_load_cell_barrier,side_pole_load_cell_8,2.2.2-db2011plus-shape-normalized-metadata-explicit-final,1440.0,1350.0,4570.0,1793.0,2700.0,342.0
10389,2019,SUBARU,ASCENT,UTILITY VEHICLE,OPTIONAL NEW CAR ASSESSMENT TEST,side,VTP,VEHICLE INTO POLE,32.04,km/h,side_pole_load_cell_barrier,side_pole_load_cell_8,2.2.2-db2011plus-shape-normalized-metadata-explicit-final,2104.0,2007.0,4994.0,1931.0,2888.0,468.0
10554,2018,NISSAN,TITAN,4 DOOR PICKUP,OPTIONAL NEW CAR ASSESSMENT TEST,side,VTP,VEHICLE INTO POLE,32.28,km/h,side_pole_load_cell_barrier,side_pole_load_cell_8,2.2.2-db2011plus-shape-normalized-metadata-explicit-final,2704.0,2525.0,5799.0,2005.0,3558.0,423.0
10558,2019,RAM,1500 CLASSIC QUAD,EXTENDED CAB PICKUP,NEW CAR ASSESSMENT TEST,side,VTP,VEHICLE INTO POLE,32.68,km/h,side_pole_load_cell_barrier,side_pole_load_cell_8,2.2.2-db2011plus-shape-normalized-metadata-explicit-final,2506.0,2329.0,5823.0,2014.0,3566.0,527.0
10568,2019,DODGE,DURANGO,UTILITY VEHICLE,NEW CAR ASSESSMENT TEST,side,VTP,VEHICLE INTO POLE,32.29,km/h,side_pole_load_cell_barrier,side_pole_load_cell_8,2.2.2-db2011plus-shape-normalized-metadata-explicit-final,2277.0,2165.0,5085.0,1915.0,3050.0,401.0
10569,2019,NISSAN,FRONTIER,4 DOOR PICKUP,NEW CAR ASSESSMENT TEST,side,VTP,VEHICLE INTO POLE,32.32,km/h,side_pole_load_cell_barrier,side_pole_load_cell_8,2.2.2-db2011plus-shape-normalized-metadata-explicit-final,2079.0,1901.0,5213.0,1779.0,3200.0,478.0
10627,2019,SUBARU,FORESTER,UTILITY VEHICLE,OPTIONAL NEW CAR ASSESSMENT TEST,side,VTP,VEHICLE INTO POLE,32.1,km/h,side_pole_load_cell_barrier,side_pole_load_cell_8,2.2.2-db2011plus-shape-normalized-metadata-explicit-final,1692.0,1582.0,4623.0,1815.0,2674.0,409.0
10637,2018,MITSUBISHI,OUTLANDER PHEV,UTILITY VEHICLE,OPTIONAL NEW CAR ASSESSMENT TEST,side,VTP,VEHICLE INTO POLE,32.28,km/h,side_pole_load_cell_barrier,side_pole_load_cell_8,2.2.2-db2011plus-shape-normalized-metadata-explicit-final,2011.0,1929.0,4690.0,1766.0,2670.0,360.0
10639,2019,DODGE,GRAND CARAVAN,MINIVAN,NEW CAR ASSESSMENT TEST,side,VTP,VEHICLE INTO POLE,32.1,km/h,side_pole_load_cell_barrier,side_pole_load_cell_8,2.2.2-db2011plus-shape-normalized-metadata-explicit-final,2087.0,2002.0,5133.0,1958.0,3076.0,443.0
10640,2019,BMW,X5,UTILITY VEHICLE,NEW CAR ASSESSMENT TEST,side,VTP,VEHICLE INTO POLE,32.22,km/h,side_pole_load_cell_barrier,side_pole_load_cell_8,2.2.2-db2011plus-shape-normalized-metadata-explicit-final,2248.0,2160.0,4900.0,2010.0,2975.0,344.0
10644,2019,HYUNDAI,SANTA FE,UTILITY VEHICLE,NEW CAR ASSESSMENT TEST,side,VTP,VEHICLE INTO POLE,32.24,km/h,side_pole_load_cell_barrier,side_pole_load_cell_8,2.2.2-db2011plus-shape-normalized-metadata-explicit-final,1813.0,1632.0,4764.0,1884.0,2766.0,338.0
10649,2019,FORD,EDGE,UTILITY VEHICLE,NEW CAR ASSESSMENT TEST,side,VTP,VEHICLE INTO POLE,32.22,km/h,side_pole_load_cell_barrier,side_pole_load_cell_8,2.2.2-db2011plus-shape-normalized-metadata-explicit-final,1931.0,1799.0,4796.0,1917.0,2842.0,392.0
10650,2019,TOYOTA,COROLLA,FIVE DOOR HATCHBACK,OPTIONAL NEW CAR ASSESSMENT TEST,side,VTP,VEHICLE INTO POLE,32.25,km/h,side_pole_load_cell_barrier,side_pole_load_cell_8,2.2.2-db2011plus-shape-normalized-metadata-explicit-final,1458.0,1369.0,4373.0,1770.0,2640.0,305.0
10655,2019,TOYOTA,AVALON,FOUR DOOR SEDAN,OPTIONAL NEW CAR ASSESSMENT TEST,side,VTP,VEHICLE INTO POLE,32.1,km/h,side_pole_load_cell_barrier,side_pole_load_cell_8,2.2.2-db2011plus-shape-normalized-metadata-explicit-final,1766.0,1643.0,4976.0,1836.0,2874.0,331.0
10657,2019,LEXUS,ES 350,FOUR DOOR SEDAN,OPTIONAL NEW CAR ASSESSMENT TEST,side,VTP,VEHICLE INTO POLE,32.19,km/h,side_pole_load_cell_barrier,side_pole_load_cell_8,2.2.2-db2011plus-shape-normalized-metadata-explicit-final,1802.0,1697.0,4977.0,1834.0,2870.0,333.0
10659,2019,AUDI,Q8,UTILITY VEHICLE,OPTIONAL NEW CAR ASSESSMENT TEST,side,VTP,VEHICLE INTO POLE,32.42,km/h,side_pole_load_cell_barrier,side_pole_load_cell_8,2.2.2-db2011plus-shape-normalized-metadata-explicit-final,2418.0,2237.0,4975.0,1996.0,2996.0,365.0
10661,2019,HYUNDAI,KONA,UTILITY VEHICLE,NEW CAR ASSESSMENT TEST,side,VTP,VEHICLE INTO POLE,31.81,km/h,side_pole_load_cell_barrier,side_pole_load_cell_8,2.2.2-db2011plus-shape-normalized-metadata-explicit-final,1391.0,1301.0,4164.0,1776.0,2600.0,336.0
10662,2019,VOLKSWAGEN,JETTA,FOUR DOOR SEDAN,NEW CAR ASSESSMENT TEST,side,VTP,VEHICLE INTO POLE,32.26,km/h,side_pole_load_cell_barrier,side_pole_load_cell_8,2.2.2-db2011plus-shape-normalized-metadata-explicit-final,1488.0,1346.0,4704.0,1795.0,2684.0,317.0
10677,2019,NISSAN,MURANO,UTILITY VEHICLE,NEW CAR ASSESSMENT TEST,side,VTP,VEHICLE INTO POLE,32.17,km/h,side_pole_load_cell_barrier,side_pole_load_cell_8,2.2.2-db2011plus-shape-normalized-metadata-explicit-final,1837.0,1725.0,4891.0,1915.0,2832.0,423.0
10684,2019,BMW,X3,UTILITY VEHICLE,NEW CAR ASSESSMENT TEST,side,VTP,VEHICLE INTO POLE,31.42,km/h,side_pole_load_cell_barrier,side_pole_load_cell_8,2.2.2-db2011plus-shape-normalized-metadata-explicit-final,1947.0,1820.0,4699.0,1878.0,2862.0,324.0
10685,2019,CADILLAC,XT4,UTILITY VEHICLE,NEW CAR ASSESSMENT TEST,side,VTP,VEHICLE INTO POLE,32.32,km/h,side_pole_load_cell_barrier,side_pole_load_cell_8,2.2.2-db2011plus-shape-normalized-metadata-explicit-final,1832.0,1653.0,4650.0,1865.0,2775.0,330.0
10687,2019,KIA,FORTE,FOUR DOOR SEDAN,NEW CAR ASSESSMENT TEST,side,VTP,VEHICLE INTO POLE,32.21,km/h,side_pole_load_cell_barrier,side_pole_load_cell_8,2.2.2-db2011plus-shape-normalized-metadata-explicit-final,1355.0,1268.0,4638.0,1770.0,2700.0,296.0
10701,2019,CHEVROLET,SILVERADO 1500,4 DOOR PICKUP,NEW CAR ASSESSMENT TEST,side,VTP,VEHICLE INTO POLE,32.29,km/h,side_pole_load_cell_barrier,side_pole_load_cell_8,2.2.2-db2011plus-shape-normalized-metadata-explicit-final,2378.0,0.0,5944.0,2030.0,3754.0,375.0
10703,2019,TOYOTA,RAV4,UTILITY VEHICLE,NEW CAR ASSESSMENT TEST,side,VTP,VEHICLE INTO POLE,32.23,km/h,side_pole_load_cell_barrier,side_pole_load_cell_8,2.2.2-db2011plus-shape-normalized-metadata-explicit-final,1637.0,1536.0,4589.0,1823.0,2686.0,325.0
10707,2019,CHEVROLET,SILVERADO 1500,EXTENDED CAB PICKUP,NEW CAR ASSESSMENT TEST,side,VTP,VEHICLE INTO POLE,32.23,km/h,side_pole_load_cell_barrier,side_pole_load_cell_8,2.2.2-db2011plus-shape-normalized-metadata-explicit-final,2346.0,2165.0,5882.0,2034.0,3748.0,372.0
10711,2019,NISSAN,KICKS,UTILITY VEHICLE,NEW CAR ASSESSMENT TEST,side,VTP,VEHICLE INTO POLE,32.47,km/h,side_pole_load_cell_barrier,side_pole_load_cell_8,2.2.2-db2011plus-shape-normalized-metadata-explicit-final,1276.0,1190.0,4281.0,1736.0,2624.0,336.0
10715,2019,FORD,F250 CREW CAB,4 DOOR PICKUP,NEW CAR ASSESSMENT TEST,side,VTP,VEHICLE INTO POLE,32.28,km/h,side_pole_load_cell_barrier,side_pole_load_cell_8,2.2.2-db2011plus-shape-normalized-metadata-explicit-final,2927.0,2748.0,6347.0,2020.0,4061.0,283.0
10717,2019,INFINITI,QX50,UTILITY VEHICLE,NEW CAR ASSESSMENT TEST,side,VTP,VEHICLE INTO POLE,32.72,km/h,side_pole_load_cell_barrier,side_pole_load_cell_8,2.2.2-db2011plus-shape-normalized-metadata-explicit-final,1836.0,1744.0,4690.0,1900.0,2790.0,384.0
10720,2019,LEXUS,UX 200,FIVE DOOR HATCHBACK,NEW CAR ASSESSMENT TEST,side,VTP,VEHICLE INTO POLE,32.4,km/h,side_pole_load_cell_barrier,side_pole_load_cell_8,2.2.2-db2011plus-shape-normalized-metadata-explicit-final,1607.0,1506.0,4492.0,1799.0,2644.0,316.0
10723,2019,RAM,1500 QUAD,EXTENDED CAB PICKUP,NEW CAR ASSESSMENT TEST,side,VTP,VEHICLE INTO POLE,32.22,km/h,side_pole_load_cell_barrier,side_pole_load_cell_8,2.2.2-db2011plus-shape-normalized-metadata-explicit-final,2485.0,2329.0,5818.0,2033.0,3577.0,389.0
10734,2019,RAM,1500 CREW,4 DOOR PICKUP,NEW CAR ASSESSMENT TEST,side,VTP,VEHICLE INTO POLE,32.24,km/h,side_pole_load_cell_barrier,side_pole_load_cell_8,2.2.2-db2011plus-shape-normalized-metadata-explicit-final,2423.0,1744.0,5918.0,2040.0,3675.0,416.0
10738,2019,CHEVROLET,BLAZER,UTILITY VEHICLE,NEW CAR ASSESSMENT TEST,side,VTP,VEHICLE INTO POLE,32.28,km/h,side_pole_load_cell_barrier,side_pole_load_cell_8,2.2.2-db2011plus-shape-normalized-metadata-explicit-final,1926.0,1749.0,4855.0,1950.0,2863.0,320.0
10765,2019,KIA,NIRO,UTILITY VEHICLE,NEW CAR ASSESSMENT TEST,side,VTP,VEHICLE INTO POLE,31.87,km/h,side_pole_load_cell_barrier,side_pole_load_cell_8,2.2.2-db2011plus-shape-normalized-metadata-explicit-final,1511.0,1424.0,4349.0,1795.0,2699.0,288.0
10766,2019,CHEVROLET,CRUZE,FOUR DOOR SEDAN,NEW CAR ASSESSMENT TEST,side,VTP,VEHICLE INTO POLE,32.36,km/h,side_pole_load_cell_barrier,side_pole_load_cell_8,2.2.2-db2011plus-shape-normalized-metadata-explicit-final,1386.0,1289.0,4659.0,1787.0,2701.0,309.0
10772,2019,NISSAN,ALTIMA,FOUR DOOR SEDAN,OPTIONAL NEW CAR ASSESSMENT TEST,side,VTP,VEHICLE INTO POLE,32.22,km/h,side_pole_load_cell_barrier,side_pole_load_cell_8,2.2.2-db2011plus-shape-normalized-metadata-explicit-final,1577.0,1463.0,4900.0,1836.0,2818.0,169.0
10773,2019,HONDA,CR-V,UTILITY VEHICLE,NEW CAR ASSESSMENT TEST,side,VTP,VEHICLE INTO POLE,32.25,km/h,side_pole_load_cell_barrier,side_pole_load_cell_8,2.2.2-db2011plus-shape-normalized-metadata-explicit-final,1587.0,1501.0,4567.0,1842.0,2660.0,308.0
10777,2019,FORD,F150 SUPERCAB,EXTENDED CAB PICKUP,NEW CAR ASSESSMENT TEST,side,VTP,VEHICLE INTO POLE,32.53,km/h,side_pole_load_cell_barrier,side_pole_load_cell_8,2.2.2-db2011plus-shape-normalized-metadata-explicit-final,2276.0,2097.0,5879.0,2031.0,3679.0,348.0
10779,2019,JEEP,GRAND CHEROKEE,UTILITY VEHICLE,NEW CAR ASSESSMENT TEST,side,VTP,VEHICLE INTO POLE,32.45,km/h,side_pole_load_cell_barrier,side_pole_load_cell_8,2.2.2-db2011plus-shape-normalized-metadata-explicit-final,2224.0,2048.0,4830.0,1919.0,2921.0,335.0
10791,2019,FORD,F250 SUPERCAB,EXTENDED CAB PICKUP,NEW CAR ASSESSMENT TEST,side,VTP,VEHICLE INTO POLE,32.35,km/h,side_pole_load_cell_barrier,side_pole_load_cell_8,2.2.2-db2011plus-shape-normalized-metadata-explicit-final,2906.0,2725.0,6059.0,2028.0,3759.0,383.0
10817,2019,FORD,RANGER,4 DOOR PICKUP,NEW CAR ASSESSMENT TEST,side,VTP,VEHICLE INTO POLE,31.87,km/h,side_pole_load_cell_barrier,side_pole_load_cell_8,2.2.2-db2011plus-shape-normalized-metadata-explicit-final,2092.0,1914.0,5350.0,1865.0,3220.0,404.0
10821,2019,AUDI,Q3,UTILITY VEHICLE,NEW CAR ASSESSMENT TEST,side,VTP,VEHICLE INTO POLE,32.39,km/h,side_pole_load_cell_barrier,side_pole_load_cell_8,2.2.2-db2011plus-shape-normalized-metadata-explicit-final,1942.0,1760.0,4484.0,1819.0,2682.0,320.0
10828,2019,AUDI,e-tron,UTILITY VEHICLE,OPTIONAL NEW CAR ASSESSMENT TEST,side,VTP,VEHICLE INTO POLE,32.49,km/h,side_pole_load_cell_barrier,side_pole_load_cell_8,2.2.2-db2011plus-shape-normalized-metadata-explicit-final,2807.0,2624.0,4907.0,1938.0,2931.0,194.0
10829,2019,CHEVROLET,MALIBU,FOUR DOOR SEDAN,NEW CAR ASSESSMENT TEST,side,VTP,VEHICLE INTO POLE,32.38,km/h,side_pole_load_cell_barrier,side_pole_load_cell_8,2.2.2-db2011plus-shape-normalized-metadata-explicit-final,1523.0,1417.0,4930.0,1860.0,2829.0,344.0
10834,2020,MITSUBISHI,ECLIPSE CROSS,UTILITY VEHICLE,NEW CAR ASSESSMENT TEST,side,VTP,VEHICLE INTO POLE,32.39,km/h,side_pole_load_cell_barrier,side_pole_load_cell_8,2.2.2-db2011plus-shape-normalized-metadata-explicit-final,1568.0,1491.0,4402.0,1808.0,2666.0,334.0
10838,2020,KIA,TELLURIDE,UTILITY VEHICLE,NEW CAR ASSESSMENT TEST,side,VTP,VEHICLE INTO POLE,32.48,km/h,side_pole_load_cell_barrier,side_pole_load_cell_8,2.2.2-db2011plus-shape-normalized-metadata-explicit-final,2044.0,1944.0,4994.0,1949.0,2900.0,357.0
10846,2020,SUBARU,LEGACY,FOUR DOOR SEDAN,OPTIONAL NEW CAR ASSESSMENT TEST,side,VTP,VEHICLE INTO POLE,31.59,km/h,side_pole_load_cell_barrier,side_pole_load_cell_8,2.2.2-db2011plus-shape-normalized-metadata-explicit-final,1673.0,1587.0,4826.0,1836.0,2751.0,356.0
10911,2020,SUBARU,OUTBACK,UTILITY VEHICLE,OPTIONAL NEW CAR ASSESSMENT TEST,side,VTP,VEHICLE INTO POLE,32.54,km/h,side_pole_load_cell_barrier,side_pole_load_cell_8,2.2.2-db2011plus-shape-normalized-metadata-explicit-final,1830.0,1652.0,4839.0,1824.0,2730.0,350.0
10916,2020,VOLVO,XC40 T4,UTILITY VEHICLE,OPTIONAL NEW CAR ASSESSMENT TEST,side,VTP,VEHICLE INTO POLE,32.3,km/h,side_pole_load_cell_barrier,side_pole_load_cell_8,2.2.2-db2011plus-shape-normalized-metadata-explicit-final,1805.0,1681.0,4448.0,1875.0,2710.0,329.0
10922,2020,CADILLAC,XT6,UTILITY VEHICLE,NEW CAR ASSESSMENT TEST,side,VTP,VEHICLE INTO POLE,31.95,km/h,side_pole_load_cell_barrier,side_pole_load_cell_8,2.2.2-db2011plus-shape-normalized-metadata-explicit-final,2190.0,2013.0,5050.0,1955.0,2865.0,362.0
10923,2020,SUBARU,WRX,FOUR DOOR SEDAN,NEW CAR ASSESSMENT TEST,side,VTP,VEHICLE INTO POLE,32.19,km/h,side_pole_load_cell_barrier,side_pole_load_cell_8,2.2.2-db2011plus-shape-normalized-metadata-explicit-final,1584.0,1497.0,4598.0,1721.0,2651.0,342.0
10927,2020,NISSAN,VERSA,FOUR DOOR SEDAN,NEW CAR ASSESSMENT TEST,side,VTP,VEHICLE INTO POLE,32.11,km/h,side_pole_load_cell_barrier,side_pole_load_cell_8,2.2.2-db2011plus-shape-normalized-metadata-explicit-final,1259.0,1173.0,4489.0,1725.0,2620.0,250.0
10928,2020,JEEP,RENEGADE,UTILITY VEHICLE,NEW CAR ASSESSMENT TEST,side,VTP,VEHICLE INTO POLE,32.02,km/h,side_pole_load_cell_barrier,side_pole_load_cell_8,2.2.2-db2011plus-shape-normalized-metadata-explicit-final,1545.0,1455.0,4230.0,1805.0,2575.0,327.0
10960,2020,NISSAN,MAXIMA,FOUR DOOR SEDAN,NEW CAR ASSESSMENT TEST,side,VTP,VEHICLE INTO POLE,32.5,km/h,side_pole_load_cell_barrier,side_pole_load_cell_8,2.2.2-db2011plus-shape-normalized-metadata-explicit-final,1728.0,1614.0,4904.0,1859.0,2772.0,433.0
10967,2020,FORD,ESCAPE HYBRID,UTILITY VEHICLE,NEW CAR ASSESSMENT TEST,side,VTP,VEHICLE INTO POLE,32.36,km/h,side_pole_load_cell_barrier,side_pole_load_cell_8,2.2.2-db2011plus-shape-normalized-metadata-explicit-final,1762.0,1647.0,4588.0,1808.0,2709.0,280.0
10969,2020,HYUNDAI,ACCENT,FOUR DOOR SEDAN,NEW CAR ASSESSMENT TEST,side,VTP,VEHICLE INTO POLE,32.47,km/h,side_pole_load_cell_barrier,side_pole_load_cell_8,2.2.2-db2011plus-shape-normalized-metadata-explicit-final,1240.0,1150.0,4385.0,1710.0,2578.0,303.0
10973,2020,MAZDA,MAZDA3,FOUR DOOR SEDAN,NEW CAR ASSESSMENT TEST,side,VTP,VEHICLE INTO POLE,32.05,km/h,side_pole_load_cell_barrier,side_pole_load_cell_8,2.2.2-db2011plus-shape-normalized-metadata-explicit-final,1474.0,1387.0,4616.0,1800.0,2720.0,264.0
10975,2020,HYUNDAI,VENUE,FIVE DOOR HATCHBACK,NEW CAR ASSESSMENT TEST,side,VTP,VEHICLE INTO POLE,32.25,km/h,side_pole_load_cell_barrier,side_pole_load_cell_8,2.2.2-db2011plus-shape-normalized-metadata-explicit-final,1275.0,1192.0,4040.0,1780.0,2520.0,313.0
10980,2020,VOLVO,XC60 T5,UTILITY VEHICLE,NEW CAR ASSESSMENT TEST,side,VTP,VEHICLE INTO POLE,32.03,km/h,side_pole_load_cell_barrier,side_pole_load_cell_8,2.2.2-db2011plus-shape-normalized-metadata-explicit-final,1947.0,1814.0,4664.0,1901.0,2851.0,309.0
10983,2019,AUDI,A6,FOUR DOOR SEDAN,OPTIONAL NEW CAR ASSESSMENT TEST,side,VTP,VEHICLE INTO POLE,32.46,km/h,side_pole_load_cell_barrier,side_pole_load_cell_8,2.2.2-db2011plus-shape-normalized-metadata-explicit-final,2029.0,1824.0,4910.0,1875.0,2930.0,320.0
10984,2020,MAZDA,CX-30,UTILITY VEHICLE,NEW CAR ASSESSMENT TEST,side,VTP,VEHICLE INTO POLE,32.28,km/h,side_pole_load_cell_barrier,side_pole_load_cell_8,2.2.2-db2011plus-shape-normalized-metadata-explicit-final,1507.0,1420.0,4399.0,1770.0,2648.0,263.0
10987,2020,KIA,SOUL,UTILITY VEHICLE,NEW CAR ASSESSMENT TEST,side,VTP,VEHICLE INTO POLE,32.23,km/h,side_pole_load_cell_barrier,side_pole_load_cell_8,2.2.2-db2011plus-shape-normalized-metadata-explicit-final,1401.0,1310.0,4200.0,1800.0,2604.0,321.0
10989,2020,HYUNDAI,PALISADE,UTILITY VEHICLE,NEW CAR ASSESSMENT TEST,side,VTP,VEHICLE INTO POLE,31.7,km/h,side_pole_load_cell_barrier,side_pole_load_cell_8,2.2.2-db2011plus-shape-normalized-metadata-explicit-final,1994.0,1895.0,4958.0,1944.0,2904.0,349.0
10991,2020,GMC,ACADIA,UTILITY VEHICLE,NEW CAR ASSESSMENT TEST,side,VTP,VEHICLE INTO POLE,32.26,km/h,side_pole_load_cell_barrier,side_pole_load_cell_8,2.2.2-db2011plus-shape-normalized-metadata-explicit-final,2049.0,1866.0,4932.0,1875.0,2860.0,358.0
10996,2020,NISSAN,KICKS,UTILITY VEHICLE,NEW CAR ASSESSMENT TEST,side,VTP,VEHICLE INTO POLE,31.49,km/h,side_pole_load_cell_barrier,side_pole_load_cell_8,2.2.2-db2011plus-shape-normalized-metadata-explicit-final,1310.0,1223.0,4297.0,1736.0,2623.0,314.0
10997,2020,VOLKSWAGEN,PASSAT,FOUR DOOR SEDAN,NEW CAR ASSESSMENT TEST,side,VTP,VEHICLE INTO POLE,32.39,km/h,side_pole_load_cell_barrier,side_pole_load_cell_8,2.2.2-db2011plus-shape-normalized-metadata-explicit-final,1627.0,1504.0,4918.0,1794.0,2802.0,359.0
11045,2020,VOLVO,S60,FOUR DOOR SEDAN,NEW CAR ASSESSMENT TEST,side,VTP,VEHICLE INTO POLE,32.21,km/h,side_pole_load_cell_barrier,side_pole_load_cell_8,2.2.2-db2011plus-shape-normalized-metadata-explicit-final,1798.0,1690.0,4764.0,1852.0,2875.0,312.0
11050,2020,HYUNDAI,SONATA,FOUR DOOR SEDAN,OPTIONAL NEW CAR ASSESSMENT TEST,side,VTP,VEHICLE INTO POLE,32.42,km/h,side_pole_load_cell_barrier,side_pole_load_cell_8,2.2.2-db2011plus-shape-normalized-metadata-explicit-final,1547.0,1432.0,4903.0,1831.0,2840.0,331.0
11051,2020,FORD,EXPLORER HYBRID,UTILITY VEHICLE,NEW CAR ASSESSMENT TEST,side,VTP,VEHICLE INTO POLE,32.53,km/h,side_pole_load_cell_barrier,side_pole_load_cell_8,2.2.2-db2011plus-shape-normalized-metadata-explicit-final,2437.0,1718.0,5052.0,1982.0,3020.0,308.0
11054,2020,BUICK,ENCORE GX,UTILITY VEHICLE,NEW CAR ASSESSMENT TEST,side,VTP,VEHICLE INTO POLE,32.33,km/h,side_pole_load_cell_barrier,side_pole_load_cell_8,2.2.2-db2011plus-shape-normalized-metadata-explicit-final,1517.0,1386.0,4345.0,1773.0,2593.0,313.0
11063,2020,KIA,STINGER,FOUR DOOR SEDAN,NEW CAR ASSESSMENT TEST,side,VTP,VEHICLE INTO POLE,32.22,km/h,side_pole_load_cell_barrier,side_pole_load_cell_8,2.2.2-db2011plus-shape-normalized-metadata-explicit-final,1812.0,1699.0,4832.0,1816.0,2908.0,330.0
11067,2020,CHRYSLER,PACIFICA HYBRID,MINIVAN,NEW CAR ASSESSMENT TEST,side,VTP,VEHICLE INTO POLE,32.21,km/h,side_pole_load_cell_barrier,side_pole_load_cell_8,2.2.2-db2011plus-shape-normalized-metadata-explicit-final,2344.0,2279.0,5173.0,2021.0,3091.0,338.0
11069,2020,NISSAN,SENTRA,FOUR DOOR SEDAN,NEW CAR ASSESSMENT TEST,side,VTP,VEHICLE INTO POLE,32.27,km/h,side_pole_load_cell_barrier,side_pole_load_cell_8,2.2.2-db2011plus-shape-normalized-metadata-explicit-final,1475.0,1375.0,4637.0,1806.0,2713.0,297.0
11072,2020,NISSAN,LEAF PLUS,FIVE DOOR HATCHBACK,OPTIONAL NEW CAR ASSESSMENT TEST,side,VTP,VEHICLE INTO POLE,32.22,km/h,side_pole_load_cell_barrier,side_pole_load_cell_8,2.2.2-db2011plus-shape-normalized-metadata-explicit-final,1863.0,1770.0,4480.0,1773.0,2701.0,282.0
11076,2020,TOYOTA,TACOMA,EXTENDED CAB PICKUP,NEW CAR ASSESSMENT TEST,side,VTP,VEHICLE INTO POLE,32.28,km/h,side_pole_load_cell_barrier,side_pole_load_cell_8,2.2.2-db2011plus-shape-normalized-metadata-explicit-final,1970.0,1790.0,5380.0,1805.0,3253.0,251.0
11078,2021,KIA,SELTOS,UTILITY VEHICLE,OPTIONAL NEW CAR ASSESSMENT TEST,side,VTP,VEHICLE INTO POLE,32.52,km/h,side_pole_load_cell_barrier,side_pole_load_cell_8,2.2.2-db2011plus-shape-normalized-metadata-explicit-final,1436.0,1342.0,4367.0,1768.0,2634.0,328.0
11082,2020,CADILLAC,CT5,FOUR DOOR SEDAN,NEW CAR ASSESSMENT TEST,side,VTP,VEHICLE INTO POLE,32.61,km/h,side_pole_load_cell_barrier,side_pole_load_cell_8,2.2.2-db2011plus-shape-normalized-metadata-explicit-final,1785.0,1684.0,4919.0,1809.0,2945.0,333.0
11128,2020,NISSAN,TITAN,4 DOOR PICKUP,NEW CAR ASSESSMENT TEST,side,VTP,VEHICLE INTO POLE,32.5,km/h,side_pole_load_cell_barrier,side_pole_load_cell_8,2.2.2-db2011plus-shape-normalized-metadata-explicit-final,2710.0,2529.0,5792.0,2008.0,3558.0,436.0
11136,2020,DODGE,CHALLENGER,TWO DOOR COUPE,NEW CAR ASSESSMENT TEST,side,VTP,VEHICLE INTO POLE,32.22,km/h,side_pole_load_cell_barrier,side_pole_load_cell_8,2.2.2-db2011plus-shape-normalized-metadata-explicit-final,1838.0,1741.0,5037.0,1917.0,2956.0,398.0
11148,2020,NISSAN,LEAF,FIVE DOOR HATCHBACK,NEW CAR ASSESSMENT TEST,side,VTP,VEHICLE INTO POLE,32.36,km/h,side_pole_load_cell_barrier,side_pole_load_cell_8,2.2.2-db2011plus-shape-normalized-metadata-explicit-final,1692.0,1770.0,4491.0,1773.0,2700.0,333.0
11154,2020,TOYOTA,HIGHLANDER,UTILITY VEHICLE,NEW CAR ASSESSMENT TEST,side,VTP,VEHICLE INTO POLE,32.13,km/h,side_pole_load_cell_barrier,side_pole_load_cell_8,2.2.2-db2011plus-shape-normalized-metadata-explicit-final,1998.0,1878.0,4946.0,1909.0,2855.0,366.0
11159,2020,RAM,1500 CLASSIC CREW,4 DOOR PICKUP,NEW CAR ASSESSMENT TEST,side,VTP,VEHICLE INTO POLE,32.0,km/h,side_pole_load_cell_barrier,side_pole_load_cell_8,2.2.2-db2011plus-shape-normalized-metadata-explicit-final,2602.0,2423.0,5836.0,2014.0,3569.0,431.0
11161,2020,VOLKSWAGEN,ATLAS CROSS SPORT,UTILITY VEHICLE,NEW CAR ASSESSMENT TEST,side,VTP,VEHICLE INTO POLE,32.67,km/h,side_pole_load_cell_barrier,side_pole_load_cell_8,2.2.2-db2011plus-shape-normalized-metadata-explicit-final,2049.0,1870.0,4961.0,1979.0,5969.0,320.0
11266,2020,RAM,2500,4 DOOR PICKUP,NEW CAR ASSESSMENT TEST,side,VTP,VEHICLE INTO POLE,32.27,km/h,side_pole_load_cell_barrier,side_pole_load_cell_8,2.2.2-db2011plus-shape-normalized-metadata-explicit-final,3105.0,2926.0,6045.0,2010.0,3785.0,547.0
11269,2021,KIA,K5,FOUR DOOR SEDAN,OPTIONAL NEW CAR ASSESSMENT TEST,side,VTP,VEHICLE INTO POLE,32.38,km/h,side_pole_load_cell_barrier,side_pole_load_cell_8,2.2.2-db2011plus-shape-normalized-metadata-explicit-final,1549.0,1433.0,4905.0,1895.0,2852.0,345.0
11290,2021,FORD,TRANSIT CONNECT,VAN,NEW CAR ASSESSMENT TEST,side,VTP,VEHICLE INTO POLE,32.14,km/h,side_pole_load_cell_barrier,side_pole_load_cell_8,2.2.2-db2011plus-shape-normalized-metadata-explicit-final,1985.0,1819.0,4868.0,1804.0,3068.0,316.0
11294,2020,TESLA,MODEL Y,UTILITY VEHICLE,OPTIONAL NEW CAR ASSESSMENT TEST,side,VTP,VEHICLE INTO POLE,32.59,km/h,side_pole_load_cell_barrier,side_pole_load_cell_8,2.2.2-db2011plus-shape-normalized-metadata-explicit-final,2064.0,1988.0,4721.0,1855.0,2886.0,184.0
11344,2021,NISSAN,ROGUE,UTILITY VEHICLE,NEW CAR ASSESSMENT TEST,side,VTP,VEHICLE INTO POLE,32.22,km/h,side_pole_load_cell_barrier,side_pole_load_cell_8,2.2.2-db2011plus-shape-normalized-metadata-explicit-final,1644.0,1535.0,4650.0,1830.0,2704.0,330.0
11349,2021,CHEVROLET,TAHOE,UTILITY VEHICLE,NEW CAR ASSESSMENT TEST,side,VTP,VEHICLE INTO POLE,32.12,km/h,side_pole_load_cell_barrier,side_pole_load_cell_8,2.2.2-db2011plus-shape-normalized-metadata-explicit-final,2638.0,2458.0,5334.0,1999.0,3060.0,351.0
11353,2021,ACURA,TLX,FOUR DOOR SEDAN,OPTIONAL NEW CAR ASSESSMENT TEST,side,VTP,VEHICLE INTO POLE,32.33,km/h,side_pole_load_cell_barrier,side_pole_load_cell_8,2.2.2-db2011plus-shape-normalized-metadata-explicit-final,1770.0,1685.0,4946.0,1915.0,2875.0,305.0
11358,2021,CADILLAC,XT6,UTILITY VEHICLE,NEW CAR ASSESSMENT TEST,side,VTP,VEHICLE INTO POLE,32.22,km/h,side_pole_load_cell_barrier,side_pole_load_cell_8,2.2.2-db2011plus-shape-normalized-metadata-explicit-final,2139.0,1960.0,5052.0,1877.0,2863.0,284.0
11359,2021,NISSAN,MAXIMA,FOUR DOOR SEDAN,NEW CAR ASSESSMENT TEST,side,VTP,VEHICLE INTO POLE,32.19,km/h,side_pole_load_cell_barrier,side_pole_load_cell_8,2.2.2-db2011plus-shape-normalized-metadata-explicit-final,1741.0,1631.0,4898.0,1859.0,2768.0,376.0
11375,2021,MERCEDES,GLE CLASS,UTILITY VEHICLE,NEW CAR ASSESSMENT TEST,side,VTP,VEHICLE INTO POLE,32.84,km/h,side_pole_load_cell_barrier,side_pole_load_cell_8,2.2.2-db2011plus-shape-normalized-metadata-explicit-final,2268.0,2137.0,4925.0,1932.0,2990.0,294.0
11381,2021,MERCEDES,C-CLASS,FOUR DOOR SEDAN,NEW CAR ASSESSMENT TEST,side,VTP,VEHICLE INTO POLE,32.21,km/h,side_pole_load_cell_barrier,side_pole_load_cell_8,2.2.2-db2011plus-shape-normalized-metadata-explicit-final,1738.0,1592.0,4690.0,1797.0,2838.0,300.0
11384,2021,MERCEDES,GLB CLASS,UTILITY VEHICLE,NEW CAR ASSESSMENT TEST,side,VTP,VEHICLE INTO POLE,32.18,km/h,side_pole_load_cell_barrier,side_pole_load_cell_8,2.2.2-db2011plus-shape-normalized-metadata-explicit-final,1784.0,1662.0,4618.0,1807.0,2828.0,300.0
11385,2021,LEXUS,IS300,FOUR DOOR SEDAN,OPTIONAL NEW CAR ASSESSMENT TEST,side,VTP,VEHICLE INTO POLE,32.27,km/h,side_pole_load_cell_barrier,side_pole_load_cell_8,2.2.2-db2011plus-shape-normalized-metadata-explicit-final,1796.0,1721.0,4705.0,1780.0,2803.0,386.0
11387,2021,GENESIS,GV80,UTILITY VEHICLE,OPTIONAL NEW CAR ASSESSMENT TEST,side,VTP,VEHICLE INTO POLE,32.32,km/h,side_pole_load_cell_barrier,side_pole_load_cell_8,2.2.2-db2011plus-shape-normalized-metadata-explicit-final,2215.0,2103.0,4943.0,1933.0,2958.0,354.0
11395,2021,FORD,BRONCO SPORT,UTILITY VEHICLE,NEW CAR ASSESSMENT TEST,side,VTP,VEHICLE INTO POLE,32.2,km/h,side_pole_load_cell_barrier,side_pole_load_cell_8,2.2.2-db2011plus-shape-normalized-metadata-explicit-final,1750.0,1574.0,4380.0,1830.0,2670.0,323.0
11398,2021,TOYOTA,PRIUS PRIME,FIVE DOOR HATCHBACK,OPTIONAL NEW CAR ASSESSMENT TEST,side,VTP,VEHICLE INTO POLE,32.37,km/h,side_pole_load_cell_barrier,side_pole_load_cell_8,2.2.2-db2011plus-shape-normalized-metadata-explicit-final,1629.0,1545.0,4624.0,1753.0,2700.0,332.0
11487,2021,BUICK,ENVISION,UTILITY VEHICLE,NEW CAR ASSESSMENT TEST,side,VTP,VEHICLE INTO POLE,32.22,km/h,side_pole_load_cell_barrier,side_pole_load_cell_8,2.2.2-db2011plus-shape-normalized-metadata-explicit-final,1871.0,1692.0,4639.0,1861.0,2779.0,366.0
11489,2021,TOYOTA,SIENNA HYBRID,MINIVAN,OPTIONAL NEW CAR ASSESSMENT TEST,side,VTP,VEHICLE INTO POLE,32.31,km/h,side_pole_load_cell_barrier,side_pole_load_cell_8,2.2.2-db2011plus-shape-normalized-metadata-explicit-final,2196.0,2063.0,5174.0,2004.0,3070.0,297.0
11494,2021,FORD,F150 SUPERCREW,4 DOOR PICKUP,NEW CAR ASSESSMENT TEST,side,VTP,VEHICLE INTO POLE,32.27,km/h,side_pole_load_cell_barrier,side_pole_load_cell_8,2.2.2-db2011plus-shape-normalized-metadata-explicit-final,2310.0,2128.0,5883.0,2056.0,3704.0,334.0
11498,2021,BMW,3 SERIES,FOUR DOOR SEDAN,NEW CAR ASSESSMENT TEST,side,VTP,VEHICLE INTO POLE,31.91,km/h,side_pole_load_cell_barrier,side_pole_load_cell_8,2.2.2-db2011plus-shape-normalized-metadata-explicit-final,1669.0,1598.0,4705.0,1830.0,2851.0,326.0
11577,2021,HYUNDAI,ELANTRA,FOUR DOOR SEDAN,OPTIONAL NEW CAR ASSESSMENT TEST,side,VTP,VEHICLE INTO POLE,32.24,km/h,side_pole_load_cell_barrier,side_pole_load_cell_8,2.2.2-db2011plus-shape-normalized-metadata-explicit-final,1358.0,1269.0,4681.0,1835.0,2720.0,288.0
11582,2021,KIA,SORENTO,UTILITY VEHICLE,OPTIONAL NEW CAR ASSESSMENT TEST,side,VTP,VEHICLE INTO POLE,32.25,km/h,side_pole_load_cell_barrier,side_pole_load_cell_8,2.2.2-db2011plus-shape-normalized-metadata-explicit-final,1800.0,1685.0,4823.0,1944.0,2820.0,376.0
11586,2021,TOYOTA,PRIUS,FIVE DOOR HATCHBACK,OPTIONAL NEW CAR ASSESSMENT TEST,side,VTP,VEHICLE INTO POLE,32.31,km/h,side_pole_load_cell_barrier,side_pole_load_cell_8,2.2.2-db2011plus-shape-normalized-metadata-explicit-final,1471.0,1400.0,4487.0,1778.0,2696.0,297.0
11588,2021,FORD,F250 CREW CAB,4 DOOR PICKUP,NEW CAR ASSESSMENT TEST,side,VTP,VEHICLE INTO POLE,32.09,km/h,side_pole_load_cell_barrier,side_pole_load_cell_8,2.2.2-db2011plus-shape-normalized-metadata-explicit-final,2922.0,0.0,6362.0,2026.0,4062.0,348.0
11592,2021,HYUNDAI,SANTA FE,UTILITY VEHICLE,OPTIONAL NEW CAR ASSESSMENT TEST,side,VTP,VEHICLE INTO POLE,32.41,km/h,side_pole_load_cell_barrier,side_pole_load_cell_8,2.2.2-db2011plus-shape-normalized-metadata-explicit-final,1844.0,1663.0,4781.0,1900.0,2770.0,356.0
11593,2021,FORD,F150 SUPERCAB,EXTENDED CAB PICKUP,NEW CAR ASSESSMENT TEST,side,VTP,VEHICLE INTO POLE,32.38,km/h,side_pole_load_cell_barrier,side_pole_load_cell_8,2.2.2-db2011plus-shape-normalized-metadata-explicit-final,2229.0,2048.0,5884.0,2032.0,3703.0,327.0
11595,2021,INFINITI,QX50,UTILITY VEHICLE,OPTIONAL NEW CAR ASSESSMENT TEST,side,VTP,VEHICLE INTO POLE,32.27,km/h,side_pole_load_cell_barrier,side_pole_load_cell_8,2.2.2-db2011plus-shape-normalized-metadata-explicit-final,1879.0,1784.0,4760.0,1906.0,2796.0,424.0
11619,2021,GENESIS,G80,FOUR DOOR SEDAN,OPTIONAL NEW CAR ASSESSMENT TEST,side,VTP,VEHICLE INTO POLE,32.3,km/h,side_pole_load_cell_barrier,side_pole_load_cell_8,2.2.2-db2011plus-shape-normalized-metadata-explicit-final,1907.0,1804.0,4989.0,1973.0,2994.0,335.0
11627,2021,VOLKSWAGEN,ID.4,UTILITY VEHICLE,NEW CAR ASSESSMENT TEST,side,VTP,VEHICLE INTO POLE,31.91,km/h,side_pole_load_cell_barrier,side_pole_load_cell_8,2.2.2-db2011plus-shape-normalized-metadata-explicit-final,2206.0,2074.0,4587.0,1834.0,2757.0,160.0
11662,2022,ACURA,MDX,UTILITY VEHICLE,OPTIONAL NEW CAR ASSESSMENT TEST,side,VTP,VEHICLE INTO POLE,32.21,km/h,side_pole_load_cell_barrier,side_pole_load_cell_8,2.2.2-db2011plus-shape-normalized-metadata-explicit-final,2031.0,1930.0,4994.0,2008.0,2890.0,296.0
11667,2022,HYUNDAI,TUCSON,UTILITY VEHICLE,NEW CAR ASSESSMENT TEST,side,VTP,VEHICLE INTO POLE,32.27,km/h,side_pole_load_cell_barrier,side_pole_load_cell_8,2.2.2-db2011plus-shape-normalized-metadata-explicit-final,1710.0,1585.0,4637.0,1860.0,2756.0,340.0
11825,2018,AUDI,Q7,UTILITY VEHICLE,OPTIONAL NEW CAR ASSESSMENT TEST,side,VTP,VEHICLE INTO POLE,32.29,km/h,side_pole_load_cell_barrier,side_pole_load_cell_8,2.2.2-db2011plus-shape-normalized-metadata-explicit-final,2342.0,2173.0,5025.0,1956.0,2992.0,367.0
14050,2022,HONDA,CIVIC,FOUR DOOR SEDAN,OPTIONAL NEW CAR ASSESSMENT TEST,side,VTP,VEHICLE INTO POLE,32.25,km/h,side_pole_load_cell_barrier,side_pole_load_cell_8,2.2.2-db2011plus-shape-normalized-metadata-explicit-final,1387.0,1298.0,4645.0,1796.0,2740.0,295.0
14052,2022,MAZDA,MX-30,FIVE DOOR HATCHBACK,OPTIONAL NEW CAR ASSESSMENT TEST,side,VTP,VEHICLE INTO POLE,32.44,km/h,side_pole_load_cell_barrier,side_pole_load_cell_8,2.2.2-db2011plus-shape-normalized-metadata-explicit-final,1757.0,1665.0,4372.0,1796.0,2648.0,289.0
14057,2022,KIA,NIRO ELECTRIC,UTILITY VEHICLE,NEW CAR ASSESSMENT TEST,side,VTP,VEHICLE INTO POLE,32.25,km/h,side_pole_load_cell_barrier,side_pole_load_cell_8,2.2.2-db2011plus-shape-normalized-metadata-explicit-final,1824.0,1736.0,4369.0,1797.0,2698.0,149.0
14058,2022,HYUNDAI,TUCSON,UTILITY VEHICLE,OPTIONAL NEW CAR ASSESSMENT TEST,side,VTP,VEHICLE INTO POLE,32.21,km/h,side_pole_load_cell_barrier,side_pole_load_cell_8,2.2.2-db2011plus-shape-normalized-metadata-explicit-final,1706.0,1580.0,4632.0,1872.0,2755.0,355.0
14061,2022,NISSAN,ALTIMA,FOUR DOOR SEDAN,NEW CAR ASSESSMENT TEST,side,VTP,VEHICLE INTO POLE,32.15,km/h,side_pole_load_cell_barrier,side_pole_load_cell_8,2.2.2-db2011plus-shape-normalized-metadata-explicit-final,1619.0,1507.0,4901.0,1832.0,2825.0,349.0
14064,2022,JEEP,COMPASS,UTILITY VEHICLE,NEW CAR ASSESSMENT TEST,side,VTP,VEHICLE INTO POLE,32.19,km/h,side_pole_load_cell_barrier,side_pole_load_cell_8,2.2.2-db2011plus-shape-normalized-metadata-explicit-final,1585.0,1507.0,4395.0,1774.0,2630.0,294.0
14073,2022,NISSAN,FRONTIER,4 DOOR PICKUP,NEW CAR ASSESSMENT TEST,side,VTP,VEHICLE INTO POLE,32.21,km/h,side_pole_load_cell_barrier,side_pole_load_cell_8,2.2.2-db2011plus-shape-normalized-metadata-explicit-final,2194.0,2013.0,5331.0,1846.0,3210.0,331.0
14074,2022,FORD,ESCAPE PHEV,UTILITY VEHICLE,NEW CAR ASSESSMENT TEST,side,VTP,VEHICLE INTO POLE,32.2,km/h,side_pole_load_cell_barrier,side_pole_load_cell_8,2.2.2-db2011plus-shape-normalized-metadata-explicit-final,1905.0,1771.0,4551.0,1924.0,2713.0,225.0
14076,2021,FORD,MUSTANG MACH-E,UTILITY VEHICLE,NEW CAR ASSESSMENT TEST,side,VTP,VEHICLE INTO POLE,31.92,km/h,side_pole_load_cell_barrier,side_pole_load_cell_8,2.2.2-db2011plus-shape-normalized-metadata-explicit-final,2111.0,1964.0,4714.0,1845.0,2983.0,184.0
14083,2022,VOLKSWAGEN,TAOS,UTILITY VEHICLE,NEW CAR ASSESSMENT TEST,side,VTP,VEHICLE INTO POLE,32.31,km/h,side_pole_load_cell_barrier,side_pole_load_cell_8,2.2.2-db2011plus-shape-normalized-metadata-explicit-final,1587.0,1461.0,4457.0,1785.0,2688.0,298.0
14088,2022,NISSAN,PATHFINDER,UTILITY VEHICLE,NEW CAR ASSESSMENT TEST,side,VTP,VEHICLE INTO POLE,32.24,km/h,side_pole_load_cell_barrier,side_pole_load_cell_8,2.2.2-db2011plus-shape-normalized-metadata-explicit-final,2060.0,,5005.0,1950.0,2894.0,338.0
14092,2022,HYUNDAI,IONIQ 5,UTILITY VEHICLE,NEW CAR ASSESSMENT TEST,side,VTP,VEHICLE INTO POLE,32.24,km/h,side_pole_load_cell_barrier,side_pole_load_cell_8,2.2.2-db2011plus-shape-normalized-metadata-explicit-final,2043.0,1951.0,4634.0,1874.0,3005.0,197.0
14098,2022,CHEVROLET,BOLT EUV,UTILITY VEHICLE,NEW CAR ASSESSMENT TEST,side,VTP,VEHICLE INTO POLE,32.24,km/h,side_pole_load_cell_barrier,side_pole_load_cell_8,2.2.2-db2011plus-shape-normalized-metadata-explicit-final,1758.0,1660.0,4312.0,1768.0,2670.0,250.0
14128,2022,FORD,MAVERICK,4 DOOR PICKUP,NEW CAR ASSESSMENT TEST,side,VTP,VEHICLE INTO POLE,32.23,km/h,side_pole_load_cell_barrier,side_pole_load_cell_8,2.2.2-db2011plus-shape-normalized-metadata-explicit-final,1778.0,1600.0,5078.0,1824.0,3074.0,312.0
14213,2022,FORD,F250 SUPERCAB,EXTENDED CAB PICKUP,NEW CAR ASSESSMENT TEST,side,VTP,VEHICLE INTO POLE,32.36,km/h,side_pole_load_cell_barrier,side_pole_load_cell_8,2.2.2-db2011plus-shape-normalized-metadata-explicit-final,2846.0,2666.0,6030.0,2023.0,3766.0,404.0
14215,2022,POLESTAR,POLESTAR 2,FIVE DOOR HATCHBACK,NEW CAR ASSESSMENT TEST,side,VTP,VEHICLE INTO POLE,32.33,km/h,side_pole_load_cell_barrier,side_pole_load_cell_8,2.2.2-db2011plus-shape-normalized-metadata-explicit-final,2112.0,1990.0,4606.0,1817.0,2738.0,184.0
14217,2022,CHEVROLET,Bolt EV,FIVE DOOR HATCHBACK,NEW CAR ASSESSMENT TEST,side,VTP,VEHICLE INTO POLE,32.2,km/h,side_pole_load_cell_barrier,side_pole_load_cell_8,2.2.2-db2011plus-shape-normalized-metadata-explicit-final,1711.0,2417.0,4137.0,1752.0,2601.0,249.0
14220,2022,NISSAN,ROGUE SPORT,UTILITY VEHICLE,NEW CAR ASSESSMENT TEST,side,VTP,VEHICLE INTO POLE,32.21,km/h,side_pole_load_cell_barrier,side_pole_load_cell_8,2.2.2-db2011plus-shape-normalized-metadata-explicit-final,1624.0,1511.0,4392.0,1810.0,2640.0,350.0
14244,2022,CHEVROLET,TRAVERSE,UTILITY VEHICLE,NEW CAR ASSESSMENT TEST,side,VTP,VEHICLE INTO POLE,32.08,km/h,side_pole_load_cell_barrier,side_pole_load_cell_8,2.2.2-db2011plus-shape-normalized-metadata-explicit-final,2131.0,1952.0,5218.0,1990.0,3086.0,376.0
14247,2022,FORD,F150 SUPERCREW,PICKUP TRUCK,NEW CAR ASSESSMENT TEST,side,VTP,VEHICLE INTO POLE,32.27,km/h,side_pole_load_cell_barrier,side_pole_load_cell_8,2.2.2-db2011plus-shape-normalized-metadata-explicit-final,2630.0,2102.0,5898.0,2034.0,4026.0,343.0
14249,2022,JEEP,GRAND CHEROKEE L,UTILITY VEHICLE,NEW CAR ASSESSMENT TEST,side,VTP,VEHICLE INTO POLE,32.03,km/h,side_pole_load_cell_barrier,side_pole_load_cell_8,2.2.2-db2011plus-shape-normalized-metadata-explicit-final,2280.0,2102.0,5210.0,1898.0,3100.0,372.0
14250,2022,AUDI,Q4 e-tron,UTILITY VEHICLE,NEW CAR ASSESSMENT TEST,side,VTP,VEHICLE INTO POLE,32.12,km/h,side_pole_load_cell_barrier,side_pole_load_cell_8,2.2.2-db2011plus-shape-normalized-metadata-explicit-final,2382.0,2256.0,4595.0,1859.0,2766.0,153.0
14254,2022,TOYOTA,TUNDRA,PICKUP TRUCK,NEW CAR ASSESSMENT TEST,side,VTP,VEHICLE INTO POLE,32.05,km/h,side_pole_load_cell_barrier,side_pole_load_cell_8,2.2.2-db2011plus-shape-normalized-metadata-explicit-final,2595.0,2417.0,5906.0,1999.0,3699.0,257.0
14256,2022,TOYOTA,COROLLA CROSS,UTILITY VEHICLE,OPTIONAL NEW CAR ASSESSMENT TEST,side,VTP,VEHICLE INTO POLE,32.17,km/h,side_pole_load_cell_barrier,side_pole_load_cell_8,2.2.2-db2011plus-shape-normalized-metadata-explicit-final,1533.0,1403.0,4450.0,1823.0,2652.0,345.0
14260,2023,ACURA,INTEGRA,FIVE DOOR HATCHBACK,OPTIONAL NEW CAR ASSESSMENT TEST,side,VTP,VEHICLE INTO POLE,32.15,km/h,side_pole_load_cell_barrier,side_pole_load_cell_8,2.2.2-db2011plus-shape-normalized-metadata-explicit-final,1483.0,1392.0,4711.0,1821.0,2736.0,293.0
14265,2022,KIA,EV6,UTILITY VEHICLE,NEW CAR ASSESSMENT TEST,side,VTP,VEHICLE INTO POLE,32.43,km/h,side_pole_load_cell_barrier,side_pole_load_cell_8,2.2.2-db2011plus-shape-normalized-metadata-explicit-final,2030.0,,4674.0,1861.0,2904.0,214.0
14267,2022,SUBARU,WRX,FOUR DOOR SEDAN,OPTIONAL NEW CAR ASSESSMENT TEST,side,VTP,VEHICLE INTO POLE,32.3,km/h,side_pole_load_cell_barrier,side_pole_load_cell_8,2.2.2-db2011plus-shape-normalized-metadata-explicit-final,1634.0,1547.0,4672.0,1760.0,2670.0,364.0
14276,2023,CHEVROLET,MALIBU,FOUR DOOR SEDAN,NEW CAR ASSESSMENT TEST,side,VTP,VEHICLE INTO POLE,32.03,km/h,side_pole_load_cell_barrier,side_pole_load_cell_8,2.2.2-db2011plus-shape-normalized-metadata-explicit-final,1545.0,1678.0,4934.0,1834.0,2829.0,358.0
14277,2023,JEEP,GRAND CHEROKEE,UTILITY VEHICLE,NEW CAR ASSESSMENT TEST,side,VTP,VEHICLE INTO POLE,32.32,km/h,side_pole_load_cell_barrier,side_pole_load_cell_8,2.2.2-db2011plus-shape-normalized-metadata-explicit-final,2122.0,1947.0,4900.0,1895.0,2960.0,364.0
14278,2023,KIA,SPORTAGE,UTILITY VEHICLE,NEW CAR ASSESSMENT TEST,side,VTP,VEHICLE INTO POLE,32.17,km/h,side_pole_load_cell_barrier,side_pole_load_cell_8,2.2.2-db2011plus-shape-normalized-metadata-explicit-final,1699.0,1576.0,4655.0,1840.0,2758.0,334.0
14280,2023,NISSAN,ARMADA,UTILITY VEHICLE,NEW CAR ASSESSMENT TEST,side,VTP,VEHICLE INTO POLE,32.13,km/h,side_pole_load_cell_barrier,side_pole_load_cell_8,2.2.2-db2011plus-shape-normalized-metadata-explicit-final,2734.0,2556.0,5276.0,1995.0,3075.0,413.0
14285,2023,JEEP,GRAND CHEROKEE 4XE,UTILITY VEHICLE,NEW CAR ASSESSMENT TEST,side,VTP,VEHICLE INTO POLE,32.2,km/h,side_pole_load_cell_barrier,side_pole_load_cell_8,2.2.2-db2011plus-shape-normalized-metadata-explicit-final,2626.0,2448.0,4913.0,1897.0,2966.0,281.0
14287,2023,MITSUBISHI,OUTLANDER,UTILITY VEHICLE,NEW CAR ASSESSMENT TEST,side,VTP,VEHICLE INTO POLE,32.15,km/h,side_pole_load_cell_barrier,side_pole_load_cell_8,2.2.2-db2011plus-shape-normalized-metadata-explicit-final,1768.0,1678.0,4697.0,1804.0,2712.0,342.0
14288,2023,HYUNDAI,SANTA CRUZ,4 DOOR PICKUP,NEW CAR ASSESSMENT TEST,side,VTP,VEHICLE INTO POLE,32.47,km/h,side_pole_load_cell_barrier,side_pole_load_cell_8,2.2.2-db2011plus-shape-normalized-metadata-explicit-final,1897.0,1718.0,4981.0,1832.0,3008.0,379.0
14291,2023,HONDA,HR-V,UTILITY VEHICLE,OPTIONAL NEW CAR ASSESSMENT TEST,side,VTP,VEHICLE INTO POLE,32.11,km/h,side_pole_load_cell_barrier,side_pole_load_cell_8,2.2.2-db2011plus-shape-normalized-metadata-explicit-final,1507.0,1423.0,4544.0,1859.0,2658.0,293.0
14293,2022,FORD,RANGER SUPERCAB,EXTENDED CAB PICKUP,NEW CAR ASSESSMENT TEST,side,VTP,VEHICLE INTO POLE,32.24,km/h,side_pole_load_cell_barrier,side_pole_load_cell_8,2.2.2-db2011plus-shape-normalized-metadata-explicit-final,2059.0,1878.0,5364.0,1891.0,3228.0,325.0
14308,2023,KIA,TELLURIDE,UTILITY VEHICLE,NEW CAR ASSESSMENT TEST,side,VTP,VEHICLE INTO POLE,32.18,km/h,side_pole_load_cell_barrier,side_pole_load_cell_8,2.2.2-db2011plus-shape-normalized-metadata-explicit-final,2022.0,1920.0,5006.0,2007.0,2903.0,369.0
14320,2022,FORD,F-150 LIGHTNING,4 DOOR PICKUP,NEW CAR ASSESSMENT TEST,side,VTP,VEHICLE INTO POLE,32.26,km/h,side_pole_load_cell_barrier,side_pole_load_cell_8,2.2.2-db2011plus-shape-normalized-metadata-explicit-final,3036.0,2855.0,5920.0,2082.0,3710.0,347.0
14329,2023,HYUNDAI,KONA ELECTRIC,UTILITY VEHICLE,NEW CAR ASSESSMENT TEST,side,VTP,VEHICLE INTO POLE,32.38,km/h,side_pole_load_cell_barrier,side_pole_load_cell_8,2.2.2-db2011plus-shape-normalized-metadata-explicit-final,1780.0,1687.0,4190.0,1770.0,2610.0,235.0
14364,2023,KIA,NIRO,UTILITY VEHICLE,NEW CAR ASSESSMENT TEST,side,VTP,VEHICLE INTO POLE,32.13,km/h,side_pole_load_cell_barrier,side_pole_load_cell_8,2.2.2-db2011plus-shape-normalized-metadata-explicit-final,1548.0,1453.0,4434.0,1857.0,2725.0,320.0
14380,2023,NISSAN,ARIYA,UTILITY VEHICLE,NEW CAR ASSESSMENT TEST,side,VTP,VEHICLE INTO POLE,32.19,km/h,side_pole_load_cell_barrier,side_pole_load_cell_8,2.2.2-db2011plus-shape-normalized-metadata-explicit-final,2084.0,1983.0,4645.0,1883.0,2778.0,188.0
14382,2023,BMW,X1,UTILITY VEHICLE,NEW CAR ASSESSMENT TEST,side,VTP,VEHICLE INTO POLE,32.45,km/h,side_pole_load_cell_barrier,side_pole_load_cell_8,2.2.2-db2011plus-shape-normalized-metadata-explicit-final,1811.0,1657.0,4490.0,1821.0,2681.0,347.0
14387,2022,LEXUS,NX 250,UTILITY VEHICLE,OPTIONAL NEW CAR ASSESSMENT TEST,side,VTP,VEHICLE INTO POLE,32.15,km/h,side_pole_load_cell_barrier,side_pole_load_cell_8,2.2.2-db2011plus-shape-normalized-metadata-explicit-final,1750.0,1659.0,4658.0,1897.0,2693.0,323.0
14389,2023,MAZDA,CX-50,UTILITY VEHICLE,NEW CAR ASSESSMENT TEST,side,VTP,VEHICLE INTO POLE,32.21,km/h,side_pole_load_cell_barrier,side_pole_load_cell_8,2.2.2-db2011plus-shape-normalized-metadata-explicit-final,1747.0,1657.0,4717.0,1936.0,2815.0,310.0
14397,2023,MINI,COUNTRYMAN,FIVE DOOR HATCHBACK,NEW CAR ASSESSMENT TEST,side,VTP,VEHICLE INTO POLE,32.29,km/h,side_pole_load_cell_barrier,side_pole_load_cell_8,2.2.2-db2011plus-shape-normalized-metadata-explicit-final,1712.0,1581.0,4302.0,1782.0,2675.0,311.0
14399,2023,SUBARU,SOLTERRA,UTILITY VEHICLE,OPTIONAL NEW CAR ASSESSMENT TEST,side,VTP,VEHICLE INTO POLE,32.3,km/h,side_pole_load_cell_barrier,side_pole_load_cell_8,2.2.2-db2011plus-shape-normalized-metadata-explicit-final,2195.0,2016.0,4684.0,1893.0,2855.0,237.0
14426,2023,LEXUS,RX 350,UTILITY VEHICLE,OPTIONAL NEW CAR ASSESSMENT TEST,side,VTP,VEHICLE INTO POLE,32.2,km/h,side_pole_load_cell_barrier,side_pole_load_cell_8,2.2.2-db2011plus-shape-normalized-metadata-explicit-final,2078.0,1896.0,4894.0,1959.0,2848.0,382.0
14429,2023,CHEVROLET,COLORADO,4 DOOR PICKUP,NEW CAR ASSESSMENT TEST,side,VTP,VEHICLE INTO POLE,32.23,km/h,side_pole_load_cell_barrier,side_pole_load_cell_8,2.2.2-db2011plus-shape-normalized-metadata-explicit-final,2111.0,1932.0,5419.0,1812.0,3337.0,225.0
14432,2024,SUBARU,CROSSTREK,STATION WAGON,OPTIONAL NEW CAR ASSESSMENT TEST,side,VTP,VEHICLE INTO POLE,32.32,km/h,side_pole_load_cell_barrier,side_pole_load_cell_8,2.2.2-db2011plus-shape-normalized-metadata-explicit-final,1605.0,1495.0,4477.0,1800.0,2672.0,336.0
14434,2023,GENESIS,GV70,UTILITY VEHICLE,NEW CAR ASSESSMENT TEST,side,VTP,VEHICLE INTO POLE,32.07,km/h,side_pole_load_cell_barrier,side_pole_load_cell_8,2.2.2-db2011plus-shape-normalized-metadata-explicit-final,2133.0,1967.0,4712.0,1891.0,2874.0,290.0
14437,2023,MAZDA,CX-30,UTILITY VEHICLE,OPTIONAL NEW CAR ASSESSMENT TEST,side,VTP,VEHICLE INTO POLE,31.91,km/h,side_pole_load_cell_barrier,side_pole_load_cell_8,2.2.2-db2011plus-shape-normalized-metadata-explicit-final,1597.0,1508.0,4378.0,1797.0,2652.0,326.0
14443,2023,HONDA,CR-V,UTILITY VEHICLE,OPTIONAL NEW CAR ASSESSMENT TEST,side,VTP,VEHICLE INTO POLE,32.18,km/h,side_pole_load_cell_barrier,side_pole_load_cell_8,2.2.2-db2011plus-shape-normalized-metadata-explicit-final,1671.0,1580.0,4684.0,1870.0,2706.0,301.0
14450,2023,MAZDA,MAZDA3,FOUR DOOR SEDAN,OPTIONAL NEW CAR ASSESSMENT TEST,side,VTP,VEHICLE INTO POLE,32.21,km/h,side_pole_load_cell_barrier,side_pole_load_cell_8,2.2.2-db2011plus-shape-normalized-metadata-explicit-final,1587.0,1498.0,4662.0,1800.0,2723.0,284.0
14460,2023,LEXUS,GX 460,UTILITY VEHICLE,NEW CAR ASSESSMENT TEST,side,VTP,VEHICLE INTO POLE,32.04,km/h,side_pole_load_cell_barrier,side_pole_load_cell_8,2.2.2-db2011plus-shape-normalized-metadata-explicit-final,2504.0,2357.0,4886.0,1878.0,2793.0,290.0
14468,2024,GENESIS,G80,FOUR DOOR SEDAN,OPTIONAL NEW CAR ASSESSMENT TEST,side,VTP,VEHICLE INTO POLE,32.43,km/h,side_pole_load_cell_barrier,side_pole_load_cell_8,2.2.2-db2011plus-shape-normalized-metadata-explicit-final,2131.0,2028.0,4991.0,1879.0,3003.0,322.0
14469,2023,JEEP,WAGONEER,UTILITY VEHICLE,NEW CAR ASSESSMENT TEST,side,VTP,VEHICLE INTO POLE,32.17,km/h,side_pole_load_cell_barrier,side_pole_load_cell_8,2.2.2-db2011plus-shape-normalized-metadata-explicit-final,2846.0,2667.0,5457.0,2038.0,3138.0,367.0
14473,2024,MAZDA,CX-90 PHEV,UTILITY VEHICLE,OPTIONAL NEW CAR ASSESSMENT TEST,side,VTP,VEHICLE INTO POLE,32.22,km/h,side_pole_load_cell_barrier,side_pole_load_cell_8,2.2.2-db2011plus-shape-normalized-metadata-explicit-final,2486.0,2377.0,5104.0,1960.0,3116.0,313.0
14481,2023,HYUNDAI,PALISADE,UTILITY VEHICLE,OPTIONAL NEW CAR ASSESSMENT TEST,side,VTP,VEHICLE INTO POLE,32.28,km/h,side_pole_load_cell_barrier,side_pole_load_cell_8,2.2.2-db2011plus-shape-normalized-metadata-explicit-final,2090.0,1989.0,4997.0,1927.0,2903.0,395.0
14486,2023,TOYOTA,PRIUS PRIME,FIVE DOOR HATCHBACK,OPTIONAL NEW CAR ASSESSMENT TEST,side,VTP,VEHICLE INTO POLE,32.19,km/h,side_pole_load_cell_barrier,side_pole_load_cell_8,2.2.2-db2011plus-shape-normalized-metadata-explicit-final,1649.0,1563.0,4549.0,1765.0,2749.0,327.0
14489,2024,HYUNDAI,ELANTRA,FOUR DOOR SEDAN,OPTIONAL NEW CAR ASSESSMENT TEST,side,VTP,VEHICLE INTO POLE,32.14,km/h,side_pole_load_cell_barrier,side_pole_load_cell_8,2.2.2-db2011plus-shape-normalized-metadata-explicit-final,1425.0,1335.0,4698.0,1794.0,2721.0,313.0
14492,2023,LUCID,AIR,FOUR DOOR SEDAN,OPTIONAL NEW CAR ASSESSMENT TEST,side,VTP,VEHICLE INTO POLE,32.2,km/h,side_pole_load_cell_barrier,side_pole_load_cell_8,2.2.2-db2011plus-shape-normalized-metadata-explicit-final,2482.0,2377.0,4977.0,1867.0,2955.0,171.0
14493,2024,KIA,SORENTO,UTILITY VEHICLE,OPTIONAL NEW CAR ASSESSMENT TEST,side,VTP,VEHICLE INTO POLE,32.17,km/h,side_pole_load_cell_barrier,side_pole_load_cell_8,2.2.2-db2011plus-shape-normalized-metadata-explicit-final,1839.0,1723.0,4812.0,1850.0,2820.0,378.0
14494,2024,HYUNDAI,SONATA,FOUR DOOR SEDAN,OPTIONAL NEW CAR ASSESSMENT TEST,side,VTP,VEHICLE INTO POLE,32.17,km/h,side_pole_load_cell_barrier,side_pole_load_cell_8,2.2.2-db2011plus-shape-normalized-metadata-explicit-final,1663.0,1548.0,4911.0,1855.0,2839.0,374.0
14498,2024,FORD,MUSTANG,TWO DOOR COUPE,NEW CAR ASSESSMENT TEST,side,VTP,VEHICLE INTO POLE,32.09,km/h,side_pole_load_cell_barrier,side_pole_load_cell_8,2.2.2-db2011plus-shape-normalized-metadata-explicit-final,1681.0,1627.0,4801.0,1809.0,2720.0,333.0
14505,2024,CADILLAC,LYRIQ,UTILITY VEHICLE,NEW CAR ASSESSMENT TEST,side,VTP,VEHICLE INTO POLE,32.33,km/h,side_pole_load_cell_barrier,side_pole_load_cell_8,2.2.2-db2011plus-shape-normalized-metadata-explicit-final,2702.0,2522.0,4998.0,1958.0,3092.0,183.0
14507,2024,HYUNDAI,KONA,UTILITY VEHICLE,NEW CAR ASSESSMENT TEST,side,VTP,VEHICLE INTO POLE,32.08,km/h,side_pole_load_cell_barrier,side_pole_load_cell_8,2.2.2-db2011plus-shape-normalized-metadata-explicit-final,1464.0,1371.0,4354.0,1799.0,2663.0,286.0
14973,2023,TOYOTA,RAV4 PRIME,UTILITY VEHICLE,NEW CAR ASSESSMENT TEST,side,VTP,VEHICLE INTO POLE,32.13,km/h,side_pole_load_cell_barrier,side_pole_load_cell_8,2.2.2-db2011plus-shape-normalized-metadata-explicit-final,2082.0,1947.0,4596.0,1877.0,2685.0,362.0
14989,2024,HYUNDAI,TUCSON,UTILITY VEHICLE,OPTIONAL NEW CAR ASSESSMENT TEST,side,VTP,VEHICLE INTO POLE,32.27,km/h,side_pole_load_cell_barrier,side_pole_load_cell_8,2.2.2-db2011plus-shape-normalized-metadata-explicit-final,1703.0,1580.0,4628.0,1817.0,2756.0,331.0
14997,2024,GENESIS,GV60,UTILITY VEHICLE,OPTIONAL NEW CAR ASSESSMENT TEST,side,VTP,VEHICLE INTO POLE,32.02,km/h,side_pole_load_cell_barrier,side_pole_load_cell_8,2.2.2-db2011plus-shape-normalized-metadata-explicit-final,2132.0,2038.0,4517.0,1829.0,2902.0,204.0
15003,2023,HONDA,PILOT,UTILITY VEHICLE,OPTIONAL NEW CAR ASSESSMENT TEST,side,VTP,VEHICLE INTO POLE,32.18,km/h,side_pole_load_cell_barrier,side_pole_load_cell_8,2.2.2-db2011plus-shape-normalized-metadata-explicit-final,2042.0,1934.0,5062.0,2022.0,2896.0,259.0
15007,2023,HONDA,ACCORD HYBRID,FOUR DOOR SEDAN,OPTIONAL NEW CAR ASSESSMENT TEST,side,VTP,VEHICLE INTO POLE,32.19,km/h,side_pole_load_cell_barrier,side_pole_load_cell_8,2.2.2-db2011plus-shape-normalized-metadata-explicit-final,1559.0,1466.0,4969.0,1864.0,2835.0,306.0
15008,2024,GENESIS,GV70,UTILITY VEHICLE,OPTIONAL NEW CAR ASSESSMENT TEST,side,VTP,VEHICLE INTO POLE,32.12,km/h,side_pole_load_cell_barrier,side_pole_load_cell_8,2.2.2-db2011plus-shape-normalized-metadata-explicit-final,2150.0,1986.0,4710.0,1888.0,2874.0,303.0
15015,2023,TOYOTA,PRIUS,FIVE DOOR HATCHBACK,OPTIONAL NEW CAR ASSESSMENT TEST,side,VTP,VEHICLE INTO POLE,32.19,km/h,side_pole_load_cell_barrier,side_pole_load_cell_8,2.2.2-db2011plus-shape-normalized-metadata-explicit-final,1495.0,1408.0,4529.0,1716.0,2747.0,288.0
15023,2023,TOYOTA,CROWN HYBRID,FOUR DOOR SEDAN,OPTIONAL NEW CAR ASSESSMENT TEST,side,VTP,VEHICLE INTO POLE,32.28,km/h,side_pole_load_cell_barrier,side_pole_load_cell_8,2.2.2-db2011plus-shape-normalized-metadata-explicit-final,1923.0,1814.0,4984.0,1702.0,2859.0,339.0
15025,2024,HYUNDAI,IONIQ 5,UTILITY VEHICLE,OPTIONAL NEW CAR ASSESSMENT TEST,side,VTP,VEHICLE INTO POLE,32.29,km/h,side_pole_load_cell_barrier,side_pole_load_cell_8,2.2.2-db2011plus-shape-normalized-metadata-explicit-final,1990.0,1855.0,4634.0,1876.0,3004.0,210.0
15028,2023,LEXUS,RZ 450e,UTILITY VEHICLE,OPTIONAL NEW CAR ASSESSMENT TEST,side,VTP,VEHICLE INTO POLE,32.17,km/h,side_pole_load_cell_barrier,side_pole_load_cell_8,2.2.2-db2011plus-shape-normalized-metadata-explicit-final,2220.0,2099.0,4799.0,1862.0,2840.0,248.0
15030,2024,KIA,SPORTAGE,UTILITY VEHICLE,OPTIONAL NEW CAR ASSESSMENT TEST,side,VTP,VEHICLE INTO POLE,32.19,km/h,side_pole_load_cell_barrier,side_pole_load_cell_8,2.2.2-db2011plus-shape-normalized-metadata-explicit-final,1703.0,1581.0,4659.0,1841.0,2758.0,326.0
15032,2023,HYUNDAI,IONIQ 6,FOUR DOOR SEDAN,OPTIONAL NEW CAR ASSESSMENT TEST,side,VTP,VEHICLE INTO POLE,32.22,km/h,side_pole_load_cell_barrier,side_pole_load_cell_8,2.2.2-db2011plus-shape-normalized-metadata-explicit-final,2032.0,1936.0,4858.0,1878.0,2956.0,246.0
15035,2024,MAZDA,CX-90 MHEV,UTILITY VEHICLE,OPTIONAL NEW CAR ASSESSMENT TEST,side,VTP,VEHICLE INTO POLE,32.18,km/h,side_pole_load_cell_barrier,side_pole_load_cell_8,2.2.2-db2011plus-shape-normalized-metadata-explicit-final,2256.0,2147.0,5094.0,2019.0,3116.0,354.0
15048,2024,KIA,SELTOS,UTILITY VEHICLE,NEW CAR ASSESSMENT TEST,side,VTP,VEHICLE INTO POLE,32.06,km/h,side_pole_load_cell_barrier,side_pole_load_cell_8,2.2.2-db2011plus-shape-normalized-metadata-explicit-final,1437.0,1344.0,4387.0,1771.0,2633.0,303.0
15049,2024,MAZDA,CX-50,UTILITY VEHICLE,NEW CAR ASSESSMENT TEST,side,VTP,VEHICLE INTO POLE,32.15,km/h,side_pole_load_cell_barrier,side_pole_load_cell_8,2.2.2-db2011plus-shape-normalized-metadata-explicit-final,1720.0,1632.0,4715.0,1834.0,2817.0,320.0
15062,2024,VOLVO,XC60 RECHARGE,UTILITY VEHICLE,OPTIONAL NEW CAR ASSESSMENT TEST,side,VTP,VEHICLE INTO POLE,32.14,km/h,side_pole_load_cell_barrier,side_pole_load_cell_8,2.2.2-db2011plus-shape-normalized-metadata-explicit-final,2278.0,,4701.0,1881.0,2867.0,357.0
15067,2024,MITSUBISHI,OUTLANDER,UTILITY VEHICLE,NEW CAR ASSESSMENT TEST,side,VTP,VEHICLE INTO POLE,32.13,km/h,side_pole_load_cell_barrier,side_pole_load_cell_8,2.2.2-db2011plus-shape-normalized-metadata-explicit-final,1732.0,1641.0,4702.0,1833.0,2705.0,349.0
15071,2024,VinFast,VF8,UTILITY VEHICLE,NEW CAR ASSESSMENT TEST,side,VTP,VEHICLE INTO POLE,32.1,km/h,side_pole_load_cell_barrier,side_pole_load_cell_8,2.2.2-db2011plus-shape-normalized-metadata-explicit-final,2615.0,2462.0,4747.0,1910.0,2955.0,195.0
15072,2024,HYUNDAI,SANTA CRUZ,4 DOOR PICKUP,NEW CAR ASSESSMENT TEST,side,VTP,VEHICLE INTO POLE,32.19,km/h,side_pole_load_cell_barrier,side_pole_load_cell_8,2.2.2-db2011plus-shape-normalized-metadata-explicit-final,1899.0,1720.0,4972.0,1837.0,3010.0,402.0
15077,2024,CHEVROLET,BLAZER EV,UTILITY VEHICLE,NEW CAR ASSESSMENT TEST,side,VTP,VEHICLE INTO POLE,32.22,km/h,side_pole_load_cell_barrier,side_pole_load_cell_8,2.2.2-db2011plus-shape-normalized-metadata-explicit-final,2657.0,2475.0,4883.0,1922.0,3098.0,200.0
15082,2024,KIA,CARNIVAL,MINIVAN,NEW CAR ASSESSMENT TEST,side,VTP,VEHICLE INTO POLE,32.17,km/h,side_pole_load_cell_barrier,side_pole_load_cell_8,2.2.2-db2011plus-shape-normalized-metadata-explicit-final,2161.0,,5158.0,1988.0,3094.0,357.0
15095,2024,CHEVROLET,EQUINOX EV,UTILITY VEHICLE,NEW CAR ASSESSMENT TEST,side,VTP,VEHICLE INTO POLE,31.9,km/h,side_pole_load_cell_barrier,side_pole_load_cell_8,2.2.2-db2011plus-shape-normalized-metadata-explicit-final,2361.0,,4840.0,1868.0,2958.0,164.0
15102,2024,HONDA,PROLOGUE,UTILITY VEHICLE,OPTIONAL NEW CAR ASSESSMENT TEST,side,VTP,VEHICLE INTO POLE,32.12,km/h,side_pole_load_cell_barrier,side_pole_load_cell_8,2.2.2-db2011plus-shape-normalized-metadata-explicit-final,2429.0,2248.0,4891.0,1938.0,3098.0,223.0
15183,2024,ACURA,ZDX,UTILITY VEHICLE,OPTIONAL NEW CAR ASSESSMENT TEST,side,VTP,VEHICLE INTO POLE,32.24,km/h,side_pole_load_cell_barrier,side_pole_load_cell_8,2.2.2-db2011plus-shape-normalized-metadata-explicit-final,2694.0,2513.0,5007.0,1926.0,3096.0,178.0
15200,2024,FORD,RANGER,4 DOOR PICKUP,NEW CAR ASSESSMENT TEST,side,VTP,VEHICLE INTO POLE,32.1,km/h,side_pole_load_cell_barrier,side_pole_load_cell_8,2.2.2-db2011plus-shape-normalized-metadata-explicit-final,2065.0,1887.0,5357.0,1723.0,3273.0,387.0
15238,2024,BUICK,ENVISION,UTILITY VEHICLE,NEW CAR ASSESSMENT TEST,side,VTP,VEHICLE INTO POLE,32.08,km/h,side_pole_load_cell_barrier,side_pole_load_cell_8,2.2.2-db2011plus-shape-normalized-metadata-explicit-final,1966.0,1789.0,4642.0,1860.0,2779.0,379.0
15252,2024,CHEVROLET,TRAVERSE,UTILITY VEHICLE,NEW CAR ASSESSMENT TEST,side,VTP,VEHICLE INTO POLE,32.17,km/h,side_pole_load_cell_barrier,side_pole_load_cell_8,2.2.2-db2011plus-shape-normalized-metadata-explicit-final,2193.0,2014.0,5188.0,1968.0,3066.0,335.0
15253,2024,SUBARU,WRX,FOUR DOOR SEDAN,OPTIONAL NEW CAR ASSESSMENT TEST,side,VTP,VEHICLE INTO POLE,32.08,km/h,side_pole_load_cell_barrier,side_pole_load_cell_8,2.2.2-db2011plus-shape-normalized-metadata-explicit-final,1640.0,1640.0,4664.0,1756.0,2672.0,362.0
15256,2024,TOYOTA,TACOMA,4 DOOR PICKUP,NEW CAR ASSESSMENT TEST,side,VTP,VEHICLE INTO POLE,32.2,km/h,side_pole_load_cell_barrier,side_pole_load_cell_8,2.2.2-db2011plus-shape-normalized-metadata-explicit-final,2132.0,1952.0,5408.0,1815.0,3356.0,336.0
15260,2024,KIA,EV9,UTILITY VEHICLE,OPTIONAL NEW CAR ASSESSMENT TEST,side,VTP,VEHICLE INTO POLE,32.33,km/h,side_pole_load_cell_barrier,side_pole_load_cell_8,2.2.2-db2011plus-shape-normalized-metadata-explicit-final,2529.0,2414.0,5008.0,1988.0,3102.0,205.0
15265,2025,TOYOTA,CAMRY HYBRID,FOUR DOOR SEDAN,OPTIONAL NEW CAR ASSESSMENT TEST,side,VTP,VEHICLE INTO POLE,32.26,km/h,side_pole_load_cell_barrier,side_pole_load_cell_8,2.2.2-db2011plus-shape-normalized-metadata-explicit-final,1738.0,1622.0,4915.0,1844.0,2824.0,365.0
15269,2024,CHEVROLET,TRAX,UTILITY VEHICLE,NEW CAR ASSESSMENT TEST,side,VTP,VEHICLE INTO POLE,32.28,km/h,side_pole_load_cell_barrier,side_pole_load_cell_8,2.2.2-db2011plus-shape-normalized-metadata-explicit-final,1473.0,1342.0,4520.0,1787.0,2705.0,326.0
15300,2024,CHEVROLET,SILVERADO 2500,4 DOOR PICKUP,NEW CAR ASSESSMENT TEST,side,VTP,VEHICLE INTO POLE,32.29,km/h,side_pole_load_cell_barrier,side_pole_load_cell_8,2.2.2-db2011plus-shape-normalized-metadata-explicit-final,3213.0,3033.0,6360.0,2036.0,4039.0,431.0
15304,2024,HYUNDAI,SANTA FE,UTILITY VEHICLE,NEW CAR ASSESSMENT TEST,side,VTP,VEHICLE INTO POLE,32.22,km/h,side_pole_load_cell_barrier,side_pole_load_cell_8,2.2.2-db2011plus-shape-normalized-metadata-explicit-final,1926.0,1879.0,4829.0,1902.0,2817.0,379.0
15307,2025,SUBARU,FORESTER,UTILITY VEHICLE,OPTIONAL NEW CAR ASSESSMENT TEST,side,VTP,VEHICLE INTO POLE,32.28,km/h,side_pole_load_cell_barrier,side_pole_load_cell_8,2.2.2-db2011plus-shape-normalized-metadata-explicit-final,1701.0,1590.0,4656.0,1829.0,2666.0,352.0
15309,2025,NISSAN,KICKS,UTILITY VEHICLE,NEW CAR ASSESSMENT TEST,side,VTP,VEHICLE INTO POLE,32.18,km/h,side_pole_load_cell_barrier,side_pole_load_cell_8,2.2.2-db2011plus-shape-normalized-metadata-explicit-final,1445.0,1365.0,4313.0,1750.0,2654.0,287.0
15313,2024,TESLA,CYBERTRUCK,4 DOOR PICKUP,OPTIONAL NEW CAR ASSESSMENT TEST,side,VTP,VEHICLE INTO POLE,32.05,km/h,side_pole_load_cell_barrier,side_pole_load_cell_8,2.2.2-db2011plus-shape-normalized-metadata-explicit-final,3311.0,3134.0,5662.0,1944.0,3641.0,188.0
15321,2025,KIA,K4,FOUR DOOR SEDAN,NEW CAR ASSESSMENT TEST,side,VTP,VEHICLE INTO POLE,32.07,km/h,side_pole_load_cell_barrier,side_pole_load_cell_8,2.2.2-db2011plus-shape-normalized-metadata-explicit-final,1436.0,1348.0,4713.0,1814.0,2722.0,264.0
15323,2025,TOYOTA,COROLLA HYBRID,FOUR DOOR SEDAN,NEW CAR ASSESSMENT TEST,side,VTP,VEHICLE INTO POLE,32.04,km/h,side_pole_load_cell_barrier,side_pole_load_cell_8,2.2.2-db2011plus-shape-normalized-metadata-explicit-final,1443.0,1348.0,4629.0,1781.0,2700.0,320.0
15325,2025,BMW,X3,UTILITY VEHICLE,NEW CAR ASSESSMENT TEST,side,VTP,VEHICLE INTO POLE,32.16,km/h,side_pole_load_cell_barrier,side_pole_load_cell_8,2.2.2-db2011plus-shape-normalized-metadata-explicit-final,2084.0,1905.0,4639.0,1683.0,2860.0,322.0
15334,2025,CHEVROLET,EQUINOX,UTILITY VEHICLE,NEW CAR ASSESSMENT TEST,side,VTP,VEHICLE INTO POLE,32.12,km/h,side_pole_load_cell_barrier,side_pole_load_cell_8,2.2.2-db2011plus-shape-normalized-metadata-explicit-final,1722.0,1545.0,4642.0,1822.0,2738.0,308.0
15341,2025,TOYOTA,GRAND HIGHLANDER,UTILITY VEHICLE,NEW CAR ASSESSMENT TEST,side,VTP,VEHICLE INTO POLE,32.29,km/h,side_pole_load_cell_barrier,side_pole_load_cell_8,2.2.2-db2011plus-shape-normalized-metadata-explicit-final,2188.0,,5086.0,1932.0,2943.0,440.0
15350,2025,TOYOTA,LAND CRUISER,UTILITY VEHICLE,NEW CAR ASSESSMENT TEST,side,VTP,VEHICLE INTO POLE,31.9,km/h,side_pole_load_cell_barrier,side_pole_load_cell_8,2.2.2-db2011plus-shape-normalized-metadata-explicit-final,2613.0,2434.0,4981.0,1887.0,2856.0,319.0
15404,2025,LINCOLN,NAUTILUS,UTILITY VEHICLE,NEW CAR ASSESSMENT TEST,side,VTP,VEHICLE INTO POLE,32.33,km/h,side_pole_load_cell_barrier,side_pole_load_cell_8,2.2.2-db2011plus-shape-normalized-metadata-explicit-final,2060.0,1948.0,4912.0,1946.0,2898.0,264.0
15407,2025,NISSAN,MURANO,UTILITY VEHICLE,NEW CAR ASSESSMENT TEST,side,VTP,VEHICLE INTO POLE,32.11,km/h,side_pole_load_cell_barrier,side_pole_load_cell_8,2.2.2-db2011plus-shape-normalized-metadata-explicit-final,1985.0,1876.0,4890.0,1950.0,2805.0,304.0
15418,2025,TOYOTA,COROLLA CROSS,UTILITY VEHICLE,NEW CAR ASSESSMENT TEST,side,VTP,VEHICLE INTO POLE,32.18,km/h,side_pole_load_cell_barrier,side_pole_load_cell_8,2.2.2-db2011plus-shape-normalized-metadata-explicit-final,1528.0,,4449.0,1778.0,2642.0,330.0
15422,2025,AUDI,Q6 E-TRON,UTILITY VEHICLE,NEW CAR ASSESSMENT TEST,side,VTP,VEHICLE INTO POLE,31.93,km/h,side_pole_load_cell_barrier,side_pole_load_cell_8,2.2.2-db2011plus-shape-normalized-metadata-explicit-final,2442.0,2269.0,4773.0,1940.0,2891.0,178.0
15426,2025,CHEVROLET,TAHOE,UTILITY VEHICLE,NEW CAR ASSESSMENT TEST,side,VTP,VEHICLE INTO POLE,31.91,km/h,side_pole_load_cell_barrier,side_pole_load_cell_8,2.2.2-db2011plus-shape-normalized-metadata-explicit-final,2686.0,,5364.0,2055.0,3067.0,364.0
15458,2025,MITSUBISHI,OUTLANDER,UTILITY VEHICLE,NEW CAR ASSESSMENT TEST,side,VTP,VEHICLE INTO POLE,32.07,km/h,side_pole_load_cell_barrier,side_pole_load_cell_8,2.2.2-db2011plus-shape-normalized-metadata-explicit-final,1775.0,1683.0,4717.0,1788.0,2703.0,334.0
15466,2025,ACURA,ADX,UTILITY VEHICLE,OPTIONAL NEW CAR ASSESSMENT TEST,side,VTP,VEHICLE INTO POLE,32.08,km/h,side_pole_load_cell_barrier,side_pole_load_cell_8,2.2.2-db2011plus-shape-normalized-metadata-explicit-final,1618.0,,4700.0,1815.0,2652.0,314.0
15467,2025,FORD,EXPEDITION,UTILITY VEHICLE,NEW CAR ASSESSMENT TEST,side,VTP,VEHICLE INTO POLE,32.19,km/h,side_pole_load_cell_barrier,side_pole_load_cell_8,2.2.2-db2011plus-shape-normalized-metadata-explicit-final,2654.0,2476.0,5322.0,2087.0,3116.0,402.0
15472,2025,VOLKSWAGEN,TIGUAN,UTILITY VEHICLE,NEW CAR ASSESSMENT TEST,side,VTP,VEHICLE INTO POLE,32.29,km/h,side_pole_load_cell_barrier,side_pole_load_cell_8,2.2.2-db2011plus-shape-normalized-metadata-explicit-final,1770.0,1632.0,4686.0,1843.0,2786.0,304.0
15474,2025,TOYOTA,4RUNNER,UTILITY VEHICLE,NEW CAR ASSESSMENT TEST,side,VTP,VEHICLE INTO POLE,32.29,km/h,side_pole_load_cell_barrier,side_pole_load_cell_8,2.2.2-db2011plus-shape-normalized-metadata-explicit-final,2113.0,,4932.0,1814.0,2858.0,354.0
15478,2025,KIA,EV6,UTILITY VEHICLE,OPTIONAL NEW CAR ASSESSMENT TEST,side,VTP,VEHICLE INTO POLE,32.0,km/h,side_pole_load_cell_barrier,side_pole_load_cell_8,2.2.2-db2011plus-shape-normalized-metadata-explicit-final,2065.0,1986.0,4689.0,1859.0,2904.0,212.0
15508,2025,VOLKSWAGEN,ID.BUZZ,UTILITY VEHICLE,OPTIONAL NEW CAR ASSESSMENT TEST,side,VTP,VEHICLE INTO POLE,32.32,km/h,side_pole_load_cell_barrier,side_pole_load_cell_8,2.2.2-db2011plus-shape-normalized-metadata-explicit-final,2809.0,,4939.0,1953.0,3237.0,196.0
15517,2026,HYUNDAI,IONIQ 9,UTILITY VEHICLE,OPTIONAL NEW CAR ASSESSMENT TEST,side,VTP,VEHICLE INTO POLE,32.26,km/h,side_pole_load_cell_barrier,side_pole_load_cell_8,2.2.2-db2011plus-shape-normalized-metadata-explicit-final,2664.0,2538.0,5058.0,1948.0,3137.0,184.0
15531,2026,TESLA,MODEL Y,UTILITY VEHICLE,OPTIONAL NEW CAR ASSESSMENT TEST,side,VTP,VEHICLE INTO POLE,32.28,km/h,side_pole_load_cell_barrier,side_pole_load_cell_8,2.2.2-db2011plus-shape-normalized-metadata-explicit-final,2074.0,1895.0,4789.0,1920.0,2899.0,189.0
15540,2026,CHEVROLET,SILVERADO 1500,FOUR DOOR PICKUP,OPTIONAL NEW CAR ASSESSMENT TEST,side,VTP,VEHICLE INTO POLE,32.26,km/h,side_pole_load_cell_barrier,side_pole_load_cell_8,2.2.2-db2011plus-shape-normalized-metadata-explicit-final,2371.0,,5924.0,2011.0,3751.0,399.0
