test_no,test_date,test_family,impact_direction,load_cell_classification_id,source_vehicle_id,source_vehicle_no,participant_kind,participant_kind_source,vin,make,model,model_year,body_type,engine_type,engine_displacement_l,transmission,vehicle_speed_kph,vehicle_test_weight_kg,curb_weight_kg,vehicle_length_mm,vehicle_width_mm,wheelbase_mm,vax_crush_distance_mm,vehicle_cg_mm,vehicle_orientation_deg,source_row_hash
7202,2011-01-04,side,side,side_pole_load_cell_8,2,1,subject_vehicle,single_vehicle_inferred_subject,KNAFT4A24B5344944,KIA,FORTE,2011,FOUR DOOR SEDAN,4 CYLINDER TRANSVERSE FRONT,2.0,AUTOMATIC - FRONT WHEEL DRIVE,32.3,1390.0,1299.0,4535.0,1755.0,2653.0,393.0,1028.0,0.0,3b40db53145fb7165a88727eda7eeb87d250c0998f9ee0ff770f9a6c2480ca48
7340,2011-01-18,side,side,side_pole_load_cell_8,11,1,subject_vehicle,single_vehicle_inferred_subject,1FTKR4EEXBPA18607,FORD,RANGER,2011,EXTENDED CAB PICKUP,V6 TRANSVERSE FRONT,4.0,AUTOMATIC - REAR WHEEL DRIVE,32.12,1831.0,1673.0,5180.0,1744.0,3199.0,524.0,1418.0,0.0,431a27d204ea425aa32051cd1e566622c657990ca26588898c709e4bd65986fd
7344,2011-02-01,side,side,side_pole_load_cell_8,17,1,subject_vehicle,single_vehicle_inferred_subject,KNAGM4A76B5066447,KIA,OPTIMA,2011,FOUR DOOR SEDAN,4 CYLINDER TRANSVERSE FRONT,2.4,MANUAL - FRONT WHEEL DRIVE,32.5,1588.0,1473.0,4845.0,1805.0,2795.0,393.0,1228.0,0.0,569709d7d1cd8a2feed5d0017364d98910a934d98618c6e6e5317c5f90353883
7345,2011-02-02,side,side,side_pole_load_cell_8,18,1,subject_vehicle,single_vehicle_inferred_subject,5TFRY5F13BX103372,TOYOTA,TUNDRA DOUBLE CAB,2011,4 DOOR PICKUP,V8 INLINE FRONT,5.7,AUTOMATIC - REAR WHEEL DRIVE,32.92,2618.0,2441.0,5803.0,2022.0,3702.0,505.0,1692.0,0.0,2a3ec72223f1c8afc5e4ca2d9149067f5f930b6695ac9d5f7577bfea9cd1f3a8
7348,2011-02-07,side,side,side_pole_load_cell_8,24,1,subject_vehicle,single_vehicle_inferred_subject,2T1BU4EE5BC542051,TOYOTA,COROLLA,2011,FOUR DOOR SEDAN,4 CYLINDER TRANSVERSE FRONT,1.8,AUTOMATIC - FRONT WHEEL DRIVE,32.5,1331.0,1257.0,4546.0,1760.0,2600.0,341.0,1057.0,0.0,7c0ac4d37aaa8dd3569dc844066426194b4a2568c6e0659937c24fff1e2158f9
7349,2011-02-09,side,side,side_pole_load_cell_8,26,1,subject_vehicle,single_vehicle_inferred_subject,1FTFW1CF2BFA07496,FORD,F150 SUPERCREW,2011,4 DOOR PICKUP,V8 INLINE FRONT,5.0,AUTOMATIC - REAR WHEEL DRIVE,32.77,2610.0,2433.0,5876.0,1985.0,3676.0,594.0,1757.0,0.0,a55cec43c990146dd19fef71130d24c219b776ff6dc7c7cd6c490dd8d3bbb69b
7351,2011-02-10,side,side,side_pole_load_cell_8,30,1,subject_vehicle,single_vehicle_inferred_subject,1FTEX1CMXBFA43718,FORD,F150 SUPERCAB,2011,EXTENDED CAB PICKUP,V6 INLINE FRONT,3.7,AUTOMATIC - REAR WHEEL DRIVE,32.67,2526.0,2348.0,5871.0,1989.0,3673.0,572.0,1711.0,0.0,88170f1e3cff63075213fd31827f2666e23bdf2339360abacbaf6d58d37b011b
7354,2011-02-14,side,side,side_pole_load_cell_8,33,1,subject_vehicle,single_vehicle_inferred_subject,JTDKN3DU2B0255857,TOYOTA,PRIUS,2011,FIVE DOOR HATCHBACK,4 CYLINDER TRANSVERSE FRONT,1.8,AUTOMATIC - FRONT WHEEL DRIVE,32.5,1472.0,1399.0,4460.0,1748.0,2700.0,334.0,1123.0,0.0,7333343e67857dfdffab5df04aee89f72ddddfc89c4be1f923c35d55016261db
7361,2011-02-21,side,side,side_pole_load_cell_8,42,1,subject_vehicle,single_vehicle_inferred_subject,JTKJF5C75B3016908,TOYOTA,SCION TC,2011,THREE DOOR HATCHBACK,4 CYLINDER TRANSVERSE FRONT,2.5,MANUAL - FRONT WHEEL DRIVE,32.5,1495.0,1495.0,4420.0,1730.0,2700.0,333.0,1065.0,0.0,77530e2f2629924284c33a6b2d1f4ce364a095faa7b364fd5e13c4b4e81402ef
7365,2011-02-25,side,side,side_pole_load_cell_8,51,1,subject_vehicle,single_vehicle_inferred_subject,1G4HA5EM7BU130812,BUICK,LUCERNE,2011,FOUR DOOR SEDAN,V6 TRANSVERSE FRONT,3.9,AUTOMATIC - FRONT WHEEL DRIVE,32.3,1864.0,1738.0,5190.0,1849.0,2937.0,451.0,1274.0,0.0,f8cff30cb75d1a04f5452457d2cf06d4ee3cb142f92e17aaa4e8353ae6a080ef
7369,2011-02-28,side,side,side_pole_load_cell_8,54,1,subject_vehicle,single_vehicle_inferred_subject,1G4GA5EC0BF206796,BUICK,LACROSSE,2011,FOUR DOOR SEDAN,4 CYLINDER TRANSVERSE FRONT,2.4,AUTOMATIC - FRONT WHEEL DRIVE,32.5,1845.0,1721.0,5014.0,1816.0,2840.0,295.0,1278.0,0.0,993b92c47ca3f47b61643aedea53b68f472bff21e6e32b38d3a45258bbab5330
7394,2011-05-12,side,side,side_pole_load_cell_8,120,1,subject_vehicle,single_vehicle_inferred_subject,1G1RD6E44BU102786,CHEVROLET,VOLT,2011,FOUR DOOR SEDAN,4 CYLINDER TRANSVERSE FRONT,1.4,AUTOMATIC - FRONT WHEEL DRIVE,32.4,1827.0,1714.0,4500.0,1785.0,2685.0,305.0,1061.0,0.0,c460f500edf638f4115cafbd1be327f21dad7e1922e87c4b3550ef960320c477
7414,2011-06-15,side,side,side_pole_load_cell_8,139,1,subject_vehicle,single_vehicle_inferred_subject,2HNYB1H49BH500161,ACURA,ZDX,2011,UTILITY VEHICLE,V6 INLINE FRONT,3.7,AUTOMATIC - FOUR WHEEL DRIVE,32.5,2096.0,2012.0,4895.0,1981.0,2755.0,423.0,1191.0,0.0,088db9a29301ca87f06c42872011e486f1715ca7f7f3779702ec20d83adb9fef
7418,2011-06-21,side,side,side_pole_load_cell_8,149,1,subject_vehicle,single_vehicle_inferred_subject,JN1AZ0CP8BT002473,NISSAN,LEAF,2011,FIVE DOOR HATCHBACK,ELECTRIC MOTOR,0.0,AUTOMATIC - FRONT WHEEL DRIVE,32.5,1626.0,1529.0,4461.0,1770.0,2700.0,322.0,1214.0,0.0,18d6fa8634a7c4606e6a05ebb7c5835bf00585533d575ed3a5e348437730ae79
7438,2011-08-08,side,side,side_pole_load_cell_8,207,1,subject_vehicle,single_vehicle_inferred_subject,5XYKT3A17CG204379,KIA,SORENTO,2012,UTILITY VEHICLE,4 CYLINDER TRANSVERSE FRONT,2.4,AUTOMATIC - FRONT WHEEL DRIVE,32.0,1792.0,1666.0,4675.0,1860.0,2710.0,414.0,1228.0,0.0,e457fb8f7df64dcf6717f264cd848308c5535819144cef6befd24f3b9b16dd50
7455,2011-09-26,side,side,side_pole_load_cell_8,253,1,subject_vehicle,single_vehicle_inferred_subject,2C4RC1BG0CR107123,CHRYSLER,TOWN AND COUNTRY,2012,MINIVAN,V6 TRANSVERSE FRONT,3.6,AUTOMATIC - FRONT WHEEL DRIVE,32.1,2182.0,2090.0,5181.0,1970.0,3080.0,389.0,1430.0,0.0,4af50b2fb41ab91c31683ec41a4a83b27fa908cb6af8c61d4d08a7c29d2f7be6
7462,2011-10-03,side,side,side_pole_load_cell_8,260,1,subject_vehicle,single_vehicle_inferred_subject,1FAHP3E2XCL222466,FORD,FOCUS,2012,FOUR DOOR SEDAN,4 CYLINDER TRANSVERSE FRONT,2.0,MANUAL - FRONT WHEEL DRIVE,31.53,1407.0,1329.0,4495.0,1989.0,2649.0,416.0,1234.0,0.0,62bfe8e2cb67390c1da08be28d71a3a41b482f944cef39edd974f9c68d606aeb
7463,2011-10-04,side,side,side_pole_load_cell_8,262,1,subject_vehicle,single_vehicle_inferred_subject,1ZVBP8AM4C5245599,FORD,MUSTANG,2012,TWO DOOR COUPE,V6 INLINE FRONT,3.7,MANUAL - REAR WHEEL DRIVE,31.6,1654.0,1568.0,4559.0,1835.0,2726.0,501.0,1298.0,0.0,4770c918dc0ddcd86249b408f08c478147b3427fda414e37fac5f2b094c9dc52
7466,2011-10-04,side,side,side_pole_load_cell_8,263,1,subject_vehicle,single_vehicle_inferred_subject,1C3CDZEG2CN112533,DODGE,AVENGER,2012,FOUR DOOR SEDAN,V6 TRANSVERSE FRONT,3.6,AUTOMATIC - FRONT WHEEL DRIVE,32.0,1735.0,1637.0,4895.0,1822.0,2765.0,432.0,1125.0,0.0,1e3508da712f32663ed9c171e4bac1b77c38bbef94cf2f8809162e5fe8d4ddbb
7472,2011-10-06,side,side,side_pole_load_cell_8,271,1,subject_vehicle,single_vehicle_inferred_subject,3C4PDCAB1CT141459,DODGE,JOURNEY,2012,UTILITY VEHICLE,4 CYLINDER TRANSVERSE FRONT,2.4,AUTOMATIC - FRONT WHEEL DRIVE,31.9,1885.0,1788.0,4895.0,1830.0,2900.0,398.0,1342.0,0.0,ae288d7ceac50e7f01b07982aca18a4dadeb6eb53a3e0d92059b5a24f2d0e1dd
7474,2011-10-10,side,side,side_pole_load_cell_8,274,1,subject_vehicle,single_vehicle_inferred_subject,1VWAP7A37CC006976,VOLKSWAGEN,PASSAT,2012,FOUR DOOR SEDAN,5 CYLINDER TRANSVERSE FRONT,2.5,MANUAL - FRONT WHEEL DRIVE,32.1,1668.0,1456.0,4866.0,1790.0,2805.0,377.0,1342.0,0.0,88ff29a1d4b47e574e600c116b2b18713579b55a2d72a9fe360da024d5ebcd30
7477,2011-10-12,side,side,side_pole_load_cell_8,286,1,subject_vehicle,single_vehicle_inferred_subject,1C3CCBAB8CN106241,CHRYSLER,200,2012,FOUR DOOR SEDAN,4 CYLINDER TRANSVERSE FRONT,2.4,AUTOMATIC - FRONT WHEEL DRIVE,31.96,1632.0,1545.0,4870.0,1802.0,2763.0,392.0,1103.0,0.0,8a73acc45e07cdaf9ec6f449ad84ebc585192c5b2c192a50f6aaa28d9274b4c6
7485,2011-10-19,side,side,side_pole_load_cell_8,294,1,subject_vehicle,single_vehicle_inferred_subject,KM8JU3AC1CU365508,HYUNDAI,TUCSON,2012,UTILITY VEHICLE,4 CYLINDER TRANSVERSE FRONT,2.4,AUTOMATIC - FRONT WHEEL DRIVE,32.46,1609.0,1487.0,4307.0,1801.0,2644.0,484.0,1147.0,0.0,b38c80f7786c79e02ffe074f50bfff0f0f8f6e88ecaf231d044467a33a01c95f
7487,2011-10-25,side,side,side_pole_load_cell_8,312,1,subject_vehicle,single_vehicle_inferred_subject,1FMHK7B81CGA12075,FORD,EXPLORER,2012,UTILITY VEHICLE,V6 TRANSVERSE FRONT,3.0,AUTOMATIC - REAR WHEEL DRIVE,32.0,2191.0,2012.0,5009.0,1976.0,2865.0,588.0,1272.0,0.0,33f91453cfd2cddc88d8f152f14bc3a4c274f6eaacf3c30105f282d40626885d
7489,2011-10-24,side,side,side_pole_load_cell_8,311,1,subject_vehicle,single_vehicle_inferred_subject,2G1FE1E35C9117533,CHEVROLET,CAMARO,2012,TWO DOOR COUPE,V6 INLINE FRONT,3.6,MANUAL - REAR WHEEL DRIVE,32.0,1827.0,1722.0,4838.0,1828.0,2856.0,395.0,1452.0,0.0,9e1e1d48381ce4fa5211712f61b5544581489414ca239330e552bd90ec8a324d
7496,2011-10-31,side,side,side_pole_load_cell_8,319,1,subject_vehicle,single_vehicle_inferred_subject,2G1WA5E37C1129622,CHEVROLET,IMPALA,2012,FOUR DOOR SEDAN,V6 TRANSVERSE FRONT,3.6,AUTOMATIC - FRONT WHEEL DRIVE,32.22,1753.0,1630.0,5096.0,1844.0,2806.0,392.0,1167.0,0.0,650d05d393786f42eedb357eec46113a4a38bd6283758aeed72e29c4843a6966
7497,2011-11-01,side,side,side_pole_load_cell_8,320,1,subject_vehicle,single_vehicle_inferred_subject,KMHCT4AE3CU086581,HYUNDAI,ACCENT,2012,FOUR DOOR SEDAN,4 CYLINDER TRANSVERSE FRONT,1.6,AUTOMATIC - FRONT WHEEL DRIVE,32.1,1245.0,1154.0,4364.0,1688.0,2568.0,327.0,1044.0,0.0,d43ebad184f3f8cfbeecba0e9f6e51e6a21a12811bad9856b7b214283e15314f
7506,2011-11-07,side,side,side_pole_load_cell_8,327,1,subject_vehicle,single_vehicle_inferred_subject,1GNSCHE08CR128257,CHEVROLET,SUBURBAN,2012,UTILITY VEHICLE,V8 INLINE FRONT,5.3,AUTOMATIC - REAR WHEEL DRIVE,31.9,2690.0,2585.0,5655.0,1982.0,3310.0,432.0,1673.0,0.0,19c00d54c07968db28a1f5882854273746548fbec0c6af1b0a414d03f48edc2b
7511,2011-11-10,side,side,side_pole_load_cell_8,336,1,subject_vehicle,single_vehicle_inferred_subject,3C3CFFAR6CT119548,FIAT,500,2012,THREE DOOR HATCHBACK,4 CYLINDER TRANSVERSE FRONT,1.4,MANUAL - FRONT WHEEL DRIVE,32.14,1183.0,1071.0,3488.0,1583.0,2305.0,354.0,910.0,0.0,b3da43c46d213a3789d5475f2fd2c878e11f1ee7ee62a8197bf9f4d78ebdb0d0
7512,2011-11-10,side,side,side_pole_load_cell_8,337,1,subject_vehicle,single_vehicle_inferred_subject,5FNYF3H28CB005722,HONDA,PILOT,2012,UTILITY VEHICLE,V6 TRANSVERSE FRONT,3.5,AUTOMATIC - FRONT WHEEL DRIVE,31.9,2034.0,1933.0,4856.0,1985.0,2776.0,520.0,1239.0,0.0,3726e2d9db3e37a0c966e6723e1e1ba4783cb02c2afab94952ee7f04a9205c70
7518,2011-11-14,side,side,side_pole_load_cell_8,341,1,subject_vehicle,single_vehicle_inferred_subject,1G6DA5E54C0102750,CADILLAC,CTS,2012,FOUR DOOR SEDAN,V6 INLINE FRONT,3.0,AUTOMATIC - REAR WHEEL DRIVE,32.19,1868.0,1764.0,4832.0,1788.0,2882.0,420.0,1420.0,0.0,ac0c3c910a98905cd7e4787f411eb6b26e85e8045655b964915f7f1c78612a03
7522,2011-11-30,side,side,side_pole_load_cell_8,363,1,subject_vehicle,single_vehicle_inferred_subject,3GYFNAE37CS503861,CADILLAC,SRX,2012,UTILITY VEHICLE,V6 TRANSVERSE FRONT,3.6,AUTOMATIC - FRONT WHEEL DRIVE,32.0,2182.0,2001.0,4832.0,1861.0,2817.0,394.0,1287.0,0.0,95061f3c2697cdb96941af2f43379724cf3fa02dbc01dc3e34f8aabae22fca5a
7523,2011-11-16,side,side,side_pole_load_cell_8,347,1,subject_vehicle,single_vehicle_inferred_subject,4T4BF1FK9CR159958,TOYOTA,CAMRY,2012,FOUR DOOR SEDAN,4 CYLINDER TRANSVERSE FRONT,2.5,AUTOMATIC - FRONT WHEEL DRIVE,32.1,1566.0,1455.0,4809.0,1821.0,2774.0,394.0,1165.0,0.0,101cabc4dd2db30311b908b5401f947f3b66ab20977b1e8f55e967e7929eb4ff
7524,2011-11-16,side,side,side_pole_load_cell_8,348,1,subject_vehicle,single_vehicle_inferred_subject,1C4RDHAG3CC130153,DODGE,DURANGO,2012,UTILITY VEHICLE,V6 INLINE FRONT,3.6,AUTOMATIC - REAR WHEEL DRIVE,32.2,2297.0,2189.0,5070.0,1930.0,3045.0,358.0,1525.0,0.0,4c1ad68395e5594d0eb75da5506d112667db96793ce5ca77b172199b9455135d
7529,2011-11-15,side,side,side_pole_load_cell_8,345,1,subject_vehicle,single_vehicle_inferred_subject,KMHDH4AE4CU258008,HYUNDAI,ELANTRA,2012,FOUR DOOR SEDAN,4 CYLINDER INLINE FRONT,1.8,AUTOMATIC - FRONT WHEEL DRIVE,32.06,1379.0,1298.0,4525.0,1770.0,2699.0,297.0,1102.0,0.0,3ff6ade22cb825f8a59ad30388f0749caf779544cc21f039af0d778c440a054d
7532,2011-11-28,side,side,side_pole_load_cell_8,357,1,subject_vehicle,single_vehicle_inferred_subject,1N4AA5AP8CC808583,NISSAN,MAXIMA,2012,FOUR DOOR SEDAN,V6 TRANSVERSE FRONT,3.5,AUTOMATIC - FRONT WHEEL DRIVE,32.1,1730.0,1616.0,4844.0,1812.0,2776.0,422.0,1138.0,0.0,2e82862353730c99bc86a07854b9a9b7324223ff5d9642d5753541aa80e08e03
7533,2011-11-28,side,side,side_pole_load_cell_8,358,1,subject_vehicle,single_vehicle_inferred_subject,1YVHZ8BH4C5M00610,MAZDA,MAZDA6,2012,FOUR DOOR SEDAN,NOT APPLICABLE,2.5,AUTOMATIC - FRONT WHEEL DRIVE,32.24,1568.0,1486.0,4918.0,1841.0,2787.0,399.0,1170.0,0.0,9789d4dfcf4c5c15a33ba3ebc8e8b20b158481cb986ba49634ada13b7c972e52
7538,2011-12-05,side,side,side_pole_load_cell_8,368,1,subject_vehicle,single_vehicle_inferred_subject,19UUA8F29CA006062,ACURA,TL,2012,FOUR DOOR SEDAN,V6 TRANSVERSE FRONT,3.5,AUTOMATIC - FRONT WHEEL DRIVE,31.59,1785.0,1700.0,4901.0,1851.0,2771.0,465.0,1110.0,0.0,0eaad363b679c4a33a34b2937091938c7c9b7b56d0a245c696e454f2136eef0a
7540,2011-12-05,side,side,side_pole_load_cell_8,369,1,subject_vehicle,single_vehicle_inferred_subject,1G1JD5SH4C4109107,CHEVROLET,SONIC,2012,FOUR DOOR SEDAN,4 CYLINDER TRANSVERSE FRONT,1.8,MANUAL - FRONT WHEEL DRIVE,32.1,1363.0,1252.0,4421.0,1691.0,2530.0,351.0,1070.0,0.0,87e3240ae799517b14ade3519caeb1a8866d852ef7bac0703fd743e84368cfae
7542,2011-12-05,side,side,side_pole_load_cell_8,372,1,subject_vehicle,single_vehicle_inferred_subject,1C4PJLAK0CW109122,JEEP,LIBERTY,2012,UTILITY VEHICLE,V6 INLINE FRONT,3.7,AUTOMATIC - REAR WHEEL DRIVE,32.41,1921.0,1795.0,4496.0,1767.0,2696.0,426.0,1398.0,0.0,885105af9b4d4725593ab7bcc086cd82e80b9f631a731a2c73a0d137965c1a3e
7565,2011-12-06,side,side,side_pole_load_cell_8,377,1,subject_vehicle,single_vehicle_inferred_subject,1FMJU1F54CEF02630,FORD,EXPEDITION,2012,UTILITY VEHICLE,V8 INLINE FRONT,5.4,AUTOMATIC - REAR WHEEL DRIVE,32.3,2716.0,2538.0,5200.0,2000.0,3010.0,449.0,1564.0,75.0,1f8cf41d4f3c2516516142c0fee0dd58a0ead841fc73cf318f9e0b47176739e3
7568,2011-12-09,side,side,side_pole_load_cell_8,381,1,subject_vehicle,single_vehicle_inferred_subject,JHMGE8H31CC005089,HONDA,FIT,2012,FIVE DOOR HATCHBACK,4 CYLINDER TRANSVERSE FRONT,1.5,AUTOMATIC - FRONT WHEEL DRIVE,32.0,1244.0,1162.0,4105.0,1694.0,2500.0,381.0,939.0,0.0,8800256108ced2e1c20012d7f87244b8806a0df3bc61e2ba4e3ac2e4ca223593
7570,2011-12-12,side,side,side_pole_load_cell_8,384,1,subject_vehicle,single_vehicle_inferred_subject,5XYZG3AB6CG103782,HYUNDAI,SANTA FE,2012,UTILITY VEHICLE,4 CYLINDER TRANSVERSE FRONT,2.4,AUTOMATIC - FRONT WHEEL DRIVE,32.0,1818.0,1691.0,4656.0,1846.0,2700.0,372.0,1226.0,0.0,9019a45acb843181ea9c379224c78517c51db17026bd240c99fa59b084a2689d
7581,2011-12-16,side,side,side_pole_load_cell_8,398,1,subject_vehicle,single_vehicle_inferred_subject,YV1622FS6C2089004,VOLVO,S60,2012,FOUR DOOR SEDAN,5 CYLINDER TRANSVERSE FRONT,2.5,AUTOMATIC - FRONT WHEEL DRIVE,32.03,1772.0,1603.0,4620.0,1825.0,2774.0,417.0,1197.0,0.0,a3f75b366800f702fd65d082e0d2257dcc25c46a4a6eacc564a034cf9149f430
7583,2011-12-19,side,side,side_pole_load_cell_8,402,1,subject_vehicle,single_vehicle_inferred_subject,KNDPB3A2XC7215312,KIA,SPORTAGE,2012,UTILITY VEHICLE,4 CYLINDER INLINE FRONT,2.4,AUTOMATIC - FRONT WHEEL DRIVE,32.4,1577.0,1461.0,4446.0,1799.0,2640.0,368.0,1147.0,0.0,8978c06cf2dfd6e8c154381ff5be507316a81d9cd08775bc50fe9d6d45f85ff6
7584,2011-12-20,side,side,side_pole_load_cell_8,403,1,subject_vehicle,single_vehicle_inferred_subject,1GC1CXCG0CF104003,CHEVROLET,SILVERADO2500,2012,4 DOOR PICKUP,V8 INLINE FRONT,6.0,AUTOMATIC - REAR WHEEL DRIVE,32.0,3068.0,2887.0,6105.0,2004.0,3915.0,447.0,1843.0,0.0,24cee20681f14599d65603e9e56d08485f7219f7d3772e66e3cca2e290b02cd2
7590,2011-12-22,side,side,side_pole_load_cell_8,412,1,subject_vehicle,single_vehicle_inferred_subject,2C3CCAAG0CH104742,CHRYSLER,300,2012,FOUR DOOR SEDAN,V6 INLINE FRONT,3.6,AUTOMATIC - REAR WHEEL DRIVE,32.0,1908.0,1811.0,5050.0,1876.0,3052.0,356.0,1513.0,0.0,abe26991cdeea0e0ef6bf573c5954dfe066681d7e8c95ef789e7249f24d28e9d
7591,2011-12-22,side,side,side_pole_load_cell_8,413,1,subject_vehicle,single_vehicle_inferred_subject,5TFEM5F17CX036383,TOYOTA,TUNDRA,2012,4 DOOR PICKUP,V8 INLINE FRONT,4.6,AUTOMATIC - REAR WHEEL DRIVE,31.5,2647.0,2469.0,5816.0,2037.0,3706.0,454.0,1741.0,0.0,73395e9bc9957dc518e8e861d928a775632855a18539459ddae41c0e3cc12f63
7600,2012-01-03,side,side,side_pole_load_cell_8,419,1,subject_vehicle,single_vehicle_inferred_subject,JTDKTUD35CD503712,TOYOTA,YARIS,2012,FIVE DOOR HATCHBACK,4 CYLINDER TRANSVERSE FRONT,1.5,AUTOMATIC - FRONT WHEEL DRIVE,32.83,1170.0,1094.0,3739.0,1693.0,2512.0,349.0,985.0,0.0,8e1af4670ce459f44331cf7f0189d56aba235c31201c38a39b00087a35b43e2b
7601,2012-01-04,side,side,side_pole_load_cell_8,421,1,subject_vehicle,single_vehicle_inferred_subject,2C3CDXBG5CH103682,DODGE,CHARGER,2012,FOUR DOOR SEDAN,V6 INLINE FRONT,3.6,AUTOMATIC - REAR WHEEL DRIVE,32.0,1899.0,1802.0,5080.0,1891.0,3053.0,370.0,1525.0,0.0,8743dd653a91bb1f48602de1272da2169c7f5f6c843631981ad050417ad53597
7603,2012-01-04,side,side,side_pole_load_cell_8,424,1,subject_vehicle,single_vehicle_inferred_subject,3VWJX7AT1CM612661,VOLKSWAGEN,BEETLE,2012,TWO DOOR COUPE,4 CYLINDER TRANSVERSE FRONT,2.5,AUTOMATIC - FRONT WHEEL DRIVE,32.3,1518.0,1377.0,4270.0,1800.0,2540.0,312.0,999.0,75.0,bea5ab94acf2b1a9632ee5e0cbc53bed9e97cd8f3a1958bc75c67205e16d9eea
7610,2012-01-09,side,side,side_pole_load_cell_8,430,1,subject_vehicle,single_vehicle_inferred_subject,JS2YC5A36C6300360,SUZUKI,SX4,2012,FOUR DOOR SEDAN,4 CYLINDER TRANSVERSE FRONT,2.0,MANUAL - FRONT WHEEL DRIVE,32.1,1348.0,1258.0,4488.0,1706.0,2506.0,348.0,1076.0,0.0,9ad991f6af16127a04a1afef25505c9dbfc33aff4c1d4691bc76fd66963a456e
7621,2012-01-13,side,side,side_pole_load_cell_8,444,1,subject_vehicle,single_vehicle_inferred_subject,2HNYD2H2XCH501075,ACURA,MDX,2012,UTILITY VEHICLE,V6 TRANSVERSE FRONT,3.7,AUTOMATIC - FOUR WHEEL DRIVE,32.0,2168.0,2086.0,4863.0,1972.0,2750.0,507.0,1249.0,0.0,eed5d8ca221b3f041e8692b832c78f4856b0a3af5845685d50b3cd81be1726f7
7630,2012-01-20,side,side,side_pole_load_cell_8,455,1,subject_vehicle,single_vehicle_inferred_subject,JN8AF5MR5CT102913,NISSAN,JUKE,2012,UTILITY VEHICLE,4 CYLINDER TRANSVERSE FRONT,1.6,AUTOMATIC - FRONT WHEEL DRIVE,32.0,1448.0,1352.0,4124.0,1728.0,2535.0,412.0,990.0,0.0,783972e2fd94e62c61890b95bb43da0e1ee2f8b1b6ae97a5066225565ac06f78
7634,2012-01-23,side,side,side_pole_load_cell_8,456,1,subject_vehicle,single_vehicle_inferred_subject,3N1CN7AP8CL820758,NISSAN,VERSA,2012,FOUR DOOR SEDAN,4 CYLINDER TRANSVERSE FRONT,1.6,AUTOMATIC - FRONT WHEEL DRIVE,31.95,1191.0,1105.0,4417.0,1690.0,2602.0,427.0,1119.0,0.0,052dbffb1eb6ae591aa2ea62b0af75edffaa19ae779fabbd8ba313798bc15788
7635,2012-01-27,side,side,side_pole_load_cell_8,467,1,subject_vehicle,single_vehicle_inferred_subject,KNDJT2A55C7381552,KIA,SOUL,2012,UTILITY VEHICLE,4 CYLINDER TRANSVERSE FRONT,1.6,AUTOMATIC - FRONT WHEEL DRIVE,31.91,1354.0,1269.0,4006.0,1776.0,2553.0,434.0,1054.0,0.0,74d8a0c3ebc121b2f5dd9446efaba265b19a542a95850fbfca82d7aed38a246f
7638,2012-01-31,side,side,side_pole_load_cell_8,470,1,subject_vehicle,single_vehicle_inferred_subject,JTHBK1EG6C2481703,LEXUS,ES 350,2012,FOUR DOOR SEDAN,V6 TRANSVERSE FRONT,3.5,AUTOMATIC - FRONT WHEEL DRIVE,31.74,1765.0,1654.0,4870.0,1809.0,2772.0,526.0,1177.0,0.0,6682829baf31a7a4dc6fe9b06400c30e6a04df63db38924bb61666e8d6df6125
7639,2012-02-01,side,side,side_pole_load_cell_8,471,1,subject_vehicle,single_vehicle_inferred_subject,NM0KS9CN4CT082006,FORD,TRANSIT CONNECT,2012,TRUCK,4 CYLINDER INLINE FRONT,2.0,AUTOMATIC - FRONT WHEEL DRIVE,32.54,1753.0,1580.0,4578.0,1757.0,2913.0,448.0,1399.0,0.0,a2107a48954bb2e925bf91c5f2a9cccd3e4c37e22842c24aefa40106756b6296
7649,2012-02-07,side,side,side_pole_load_cell_8,481,1,subject_vehicle,single_vehicle_inferred_subject,2HGFG3B58CH512266,HONDA,CIVIC,2012,TWO DOOR COUPE,4 CYLINDER TRANSVERSE FRONT,1.8,AUTOMATIC - FRONT WHEEL DRIVE,32.24,1307.0,1220.0,4252.0,1752.0,2623.0,360.0,1045.0,0.0,d338a15be5a343c5b3515100bb747ae5c6bf80fcbf6f34bc0436f1f0cd250fc6
7651,2012-02-09,side,side,side_pole_load_cell_8,486,1,subject_vehicle,single_vehicle_inferred_subject,1FT7W2A64CEA49544,FORD,F250 PICKUP,2012,4 DOOR PICKUP,V8 INLINE FRONT,6.2,AUTOMATIC - REAR WHEEL DRIVE,32.69,3154.0,2975.0,6257.0,2024.0,3984.0,699.0,1858.0,0.0,fb66aaade20db8069b7429f8d7bec4a081896f5e8917a91ebed3a28a164f5611
7656,2011-06-30,research_other,side,side_pole_load_cell_8,161,1,subject_vehicle,single_vehicle_inferred_subject,2HNYD2H27AH533642,ACURA,MDX,2010,UTILITY VEHICLE,V6 TRANSVERSE FRONT,3.7,AUTOMATIC - FOUR WHEEL DRIVE,32.1,2180.0,,4860.0,1460.0,2750.0,4.0,0.0,15.0,6caa38b3e043925b6fec7a93db091fd933c6222e029b3fe3d8f0f94c86ccc972
7657,2011-07-08,research_other,side,side_pole_load_cell_8,171,1,subject_vehicle,single_vehicle_inferred_subject,KNAFT4A23A5122958,KIA,FORTE,2010,FOUR DOOR SEDAN,4 CYLINDER TRANSVERSE FRONT,2.0,AUTOMATIC - FRONT WHEEL DRIVE,32.1,1374.0,,4500.0,1770.0,2650.0,0.0,0.0,15.0,ba62e7f6472da256e7888b95b5b97b70c685993eae1561e8f593c68d8bad1314
7658,2011-08-01,research_other,side,side_pole_load_cell_8,201,1,subject_vehicle,single_vehicle_inferred_subject,JS2YC5A24A6302712,SUZUKI,SX4,2010,FOUR DOOR SEDAN,4 CYLINDER TRANSVERSE FRONT,2.0,AUTOMATIC - FRONT WHEEL DRIVE,31.9,1364.0,,4480.0,1306.0,2500.0,0.0,0.0,15.0,3c588c070fe0a36d160de6b922a7e120294a053dd5d2a70ef63d1a66515fad17
7659,2011-08-17,research_other,side,side_pole_load_cell_8,215,1,subject_vehicle,single_vehicle_inferred_subject,KM8JT3AB6BU120924,HYUNDAI,TUCSON,2011,UTILITY VEHICLE,4 CYLINDER TRANSVERSE FRONT,2.0,MANUAL - FRONT WHEEL DRIVE,32.2,1578.0,,4370.0,1824.0,2640.0,0.0,0.0,15.0,e9f2ac0d0ecce69a18d235509745a071b49dc1ba59d1afcf9fdc0bed34ad3c00
7660,2011-08-24,research_other,side,side_pole_load_cell_8,219,1,subject_vehicle,single_vehicle_inferred_subject,1JRR4GG7BC555692,JEEP,GRAND CHEROKEE,2011,UTILITY VEHICLE,STRAIGHT 6 INLINE FRONT,3.6,AUTOMATIC - FOUR WHEEL DRIVE,32.1,23420.0,2137.0,4825.0,1930.0,2915.0,377.0,0.0,15.0,a018332e0a6123811f39a216e4d41bae676531ad1ddfbe49addbad6a08cd8328
7661,2011-08-30,research_other,side,side_pole_load_cell_8,230,1,subject_vehicle,single_vehicle_inferred_subject,1G6DA5EY9B0108746,CADILLAC,CTS,2011,FOUR DOOR SEDAN,STRAIGHT 6 INLINE FRONT,3.0,MANUAL - REAR WHEEL DRIVE,32.5,1871.0,,4840.0,185.0,2890.0,339.0,0.0,15.0,da1acf54b6611e76c8f75fb9571b037a781a230d849fc16a4035551d3eaa0811
7662,2011-09-08,research_other,side,side_pole_load_cell_8,236,1,subject_vehicle,single_vehicle_inferred_subject,1FMHK7D88BGA24591,FORD,EXPLORER,2011,UTILITY VEHICLE,V6 TRANSVERSE FRONT,3.5,AUTOMATIC - FRONT WHEEL DRIVE,32.2,2254.0,,5012.0,2025.0,2870.0,385.0,0.0,15.0,478969fb814f800b8b18b1ae9a313a8e73078a99e0644661a91b02cec827718c
7663,2011-09-14,research_other,side,side_pole_load_cell_8,240,1,subject_vehicle,single_vehicle_inferred_subject,5FNRL5H46BB097468,HONDA,ODYSSEY,2011,MINIVAN,STRAIGHT 6 TRANSVERSE FRONT,3.5,AUTOMATIC - FRONT WHEEL DRIVE,31.9,2143.0,,5145.0,2000.0,3015.0,350.0,0.0,15.0,2eb146e0016a1e4347046488d406bc529294f9e8c8d44cd7a92fce5b9aca59ff
7715,2012-02-14,side,side,side_pole_load_cell_8,498,1,subject_vehicle,single_vehicle_inferred_subject,JHMFB4F25CS002922,HONDA,CIVIC HYBRID,2012,FOUR DOOR SEDAN,4 CYLINDER TRANSVERSE FRONT,1.5,AUTOMATIC - FRONT WHEEL DRIVE,32.0,1383.0,1292.0,4507.0,1744.0,2670.0,370.0,1141.0,0.0,1abc3dd546cbaa50217cd0b3d4c44476550132339585f6a5449b8e758068de64
7718,2012-02-15,side,side,side_pole_load_cell_8,500,1,subject_vehicle,single_vehicle_inferred_subject,JF1GJAA69CH006394,SUBARU,IMPREZA,2012,FOUR DOOR SEDAN,4 CYLINDER INLINE FRONT,2.0,AUTOMATIC - FOUR WHEEL DRIVE,32.0,1450.0,1359.0,4580.0,1741.0,2654.0,388.0,1109.0,0.0,8fce610829a056f68b01e4821d92e0a46430afe6d908366ffb4f3a290507e41b
7719,2012-02-16,side,side,side_pole_load_cell_8,502,1,subject_vehicle,single_vehicle_inferred_subject,5J6RM3H50CL001191,HONDA,CR-V,2012,UTILITY VEHICLE,4 CYLINDER TRANSVERSE FRONT,2.4,AUTOMATIC - FRONT WHEEL DRIVE,31.9,1591.0,1509.0,4530.0,1820.0,2625.0,460.0,1153.0,0.0,0dd656947517e8418395c828073d4062f8996506b5810fe34129f07f9467c814
7730,2012-02-21,side,side,side_pole_load_cell_8,509,1,subject_vehicle,single_vehicle_inferred_subject,JA32U2FU1CU010020,MITSUBISHI,LANCER,2012,FOUR DOOR SEDAN,4 CYLINDER TRANSVERSE FRONT,2.0,AUTOMATIC - FRONT WHEEL DRIVE,32.1,1426.0,1344.0,4572.0,1742.0,2634.0,383.0,1089.0,0.0,f3cacc5f47ecd3d6949eab8cc7d329cf15f9f0b14832e8c4514fb7162e5500e4
7735,2012-02-24,side,side,side_pole_load_cell_8,519,1,subject_vehicle,single_vehicle_inferred_subject,JTNJJXB02CJ009607,TOYOTA,SCION IQ,2012,THREE DOOR HATCHBACK,4 CYLINDER TRANSVERSE FRONT,1.3,AUTOMATIC - FRONT WHEEL DRIVE,32.72,1032.0,974.0,3011.0,1670.0,2000.0,295.0,862.0,0.0,170415498172dec1b71af2330195768f67d90d1bb026f35e1454d205d4fe95f6
7736,2012-02-27,side,side,side_pole_load_cell_8,522,1,subject_vehicle,single_vehicle_inferred_subject,JA4AP3AU4CZ001696,MITSUBISHI,OUTLANDER SPORT,2012,UTILITY VEHICLE,4 CYLINDER TRANSVERSE FRONT,2.0,AUTOMATIC - FRONT WHEEL DRIVE,32.1,1492.0,1411.0,4295.0,1764.0,2667.0,360.0,1105.0,0.0,826a124244c7b51212baf5431945e1f8533dd7cb6b3db5c50bcfffea7853aaad
7742,2012-03-05,side,side,side_pole_load_cell_8,531,1,subject_vehicle,single_vehicle_inferred_subject,2G4GR5ER3C9162798,BUICK,REGAL EASSIST,2012,FOUR DOOR SEDAN,4 CYLINDER TRANSVERSE FRONT,2.4,AUTOMATIC - FRONT WHEEL DRIVE,32.1,1762.0,1647.0,4846.0,1819.0,2735.0,368.0,1161.0,0.0,2dedf6242eef32c2a8ca5f9977e5a2c49db34c4c0ba41b32a677e588e9790e60
7746,2012-03-07,side,side,side_pole_load_cell_8,539,1,subject_vehicle,single_vehicle_inferred_subject,3C6TD4CT5CG134444,RAM,2500,2012,4 DOOR PICKUP,V8 INLINE FRONT,5.7,AUTOMATIC - REAR WHEEL DRIVE,32.54,2892.0,2714.0,6042.0,2005.0,3803.0,686.0,1812.0,0.0,b4f49ed11f7b7d5431604a8416c6903692da2af54cf37520c534e35224b6e536
7748,2012-03-08,side,side,side_pole_load_cell_8,540,1,subject_vehicle,single_vehicle_inferred_subject,2T1BU4EE4CC766591,TOYOTA,COROLLA,2012,FOUR DOOR SEDAN,4 CYLINDER TRANSVERSE FRONT,1.8,AUTOMATIC - FRONT WHEEL DRIVE,32.0,1323.0,1253.0,4520.0,1760.0,2600.0,347.0,1006.0,75.0,005f86982730f515c6a62b55eb7b0c7909425b83c6ecf66294984db46f702154
7754,2012-03-14,side,side,side_pole_load_cell_8,556,1,subject_vehicle,single_vehicle_inferred_subject,KNADM4A37C6047384,KIA,RIO,2012,FOUR DOOR SEDAN,4 CYLINDER TRANSVERSE FRONT,1.6,AUTOMATIC - FRONT WHEEL DRIVE,32.3,1291.0,1166.0,4364.0,1709.0,2570.0,345.0,1086.0,0.0,f0cf1a26b600526c39fb97c96692e6cd5dd48331a2df68f6a77084aa9dc9cd31
7756,2012-03-19,side,side,side_pole_load_cell_8,562,1,subject_vehicle,single_vehicle_inferred_subject,JTEZU5JR0C5035405,TOYOTA,4RUNNER,2012,UTILITY VEHICLE,V8 INLINE FRONT,4.0,AUTOMATIC - REAR WHEEL DRIVE,32.64,2145.0,2058.0,4786.0,1835.0,2793.0,500.0,1417.0,0.0,437a8e20e95da512892e74c4d034fb9ad784a5c89458e4d1b3037a0cbcfcbbe2
7854,2012-05-01,side,side,side_pole_load_cell_8,616,1,subject_vehicle,single_vehicle_inferred_subject,1G11D5RR4DF101674,CHEVROLET,MALIBU ECO EASSIST,2013,FOUR DOOR SEDAN,4 CYLINDER TRANSVERSE FRONT,2.4,AUTOMATIC - FRONT WHEEL DRIVE,32.2,1741.0,1626.0,4890.0,1820.0,2740.0,368.0,1173.0,0.0,b66d28e77836afd29579b46bc68bb20d4bd844f95845a979838bd9021236375d
7859,2012-05-10,side,side,side_pole_load_cell_8,631,1,subject_vehicle,single_vehicle_inferred_subject,WBA3A5C58CF258473,BMW,328 I,2012,FOUR DOOR SEDAN,4 CYLINDER INLINE FRONT,2.0,AUTOMATIC - REAR WHEEL DRIVE,31.91,1632.0,1520.0,4553.0,1807.0,2813.0,427.0,1451.0,0.0,3e94ab1e1591b14e7d411022f09bf3cc75f8c9d008eba44f42af08b1009f7113
7870,2012-05-22,side,side,side_pole_load_cell_8,646,1,subject_vehicle,single_vehicle_inferred_subject,JA3215H17CU016563,MITSUBISHI,IMiEV,2012,FIVE DOOR HATCHBACK,ELECTRIC MOTOR,0.0,AUTOMATIC - REAR WHEEL DRIVE,32.2,1246.0,1171.0,3649.0,1585.0,2552.0,316.0,1365.0,0.0,17a7997e278a0bf4aa251a0713029c3876ee11c8d362526d77640a5d241cde45
7875,2012-06-14,side,side,side_pole_load_cell_8,665,1,subject_vehicle,single_vehicle_inferred_subject,2T2ZK1BA3DC087297,LEXUS,RX 350,2013,UTILITY VEHICLE,V6 TRANSVERSE FRONT,3.5,AUTOMATIC - FRONT WHEEL DRIVE,32.63,2008.0,1913.0,4696.0,1882.0,2741.0,499.0,1193.0,0.0,1bd189cf9c735a4be24d7fc4f519138c9acdc166c28402e65bd71b9f4f606f93
7878,2012-06-20,side,side,side_pole_load_cell_8,669,1,subject_vehicle,single_vehicle_inferred_subject,JTDKN3DP1C3006105,TOYOTA,PRIUS PLUG-IN,2012,FIVE DOOR HATCHBACK,4 CYLINDER TRANSVERSE FRONT,1.8,AUTOMATIC - FRONT WHEEL DRIVE,32.12,1519.0,1442.0,4440.0,1746.0,2700.0,356.0,1146.0,0.0,2e8a65f5064fdf6b20bfb21f0db96a226a1e1713ecf7c9eb3b18411d03eb572a
7932,2012-07-06,side,side,side_pole_load_cell_8,685,1,subject_vehicle,single_vehicle_inferred_subject,JM3KE2BE8D0120222,MAZDA,CX-5,2013,UTILITY VEHICLE,4 CYLINDER TRANSVERSE FRONT,2.0,AUTOMATIC - FRONT WHEEL DRIVE,32.25,1547.0,1457.0,4545.0,1840.0,2698.0,381.0,1161.0,0.0,ca58488c84e80516b4876b90c58c3ad7a4d7845ec466a8149ef9e934294f2fce
7935,2012-07-16,side,side,side_pole_load_cell_8,695,1,subject_vehicle,single_vehicle_inferred_subject,1FMCU0F73DUA20310,FORD,ESCAPE,2013,UTILITY VEHICLE,4 CYLINDER TRANSVERSE FRONT,2.5,AUTOMATIC - FRONT WHEEL DRIVE,32.54,1667.0,1589.0,4493.0,1797.0,2691.0,446.0,1129.0,0.0,57d1f91b152ebd62c61af54470327f0f778fd16eccaa683fc6c8fe07834197b6
7943,2012-07-25,side,side,side_pole_load_cell_8,700,1,subject_vehicle,single_vehicle_inferred_subject,1GC1CXEG1CF178947,CHEVROLET,SILVERADO2500,2012,4 DOOR PICKUP,V8 INLINE FRONT,6.0,AUTOMATIC - REAR WHEEL DRIVE,32.11,3087.0,2906.0,6101.0,2004.0,3910.0,447.0,1828.0,0.0,e669fee35d5f5a60fcd968df9bc2b156b18d5de7a4f7b0618ff7819af5df236b
7946,2012-08-02,side,side,side_pole_load_cell_8,706,1,subject_vehicle,single_vehicle_inferred_subject,53G1U4A41CB000045,CODA,CODA,2012,FOUR DOOR SEDAN,ELECTRIC MOTOR,0.0,NOT APPLICABLE,32.86,1748.0,1673.0,4354.0,1703.0,2618.0,312.0,1247.0,0.0,97ec6baacd09b806f98bc277bd994c40fc276f3abd5dea2cb9449246ede06942
7952,2012-08-28,side,side,side_pole_load_cell_8,727,1,subject_vehicle,single_vehicle_inferred_subject,JN1BY1AP7DM510107,INFINITI,M37,2013,FOUR DOOR SEDAN,V6 INLINE FRONT,3.7,AUTOMATIC - REAR WHEEL DRIVE,31.67,1848.0,1756.0,4937.0,1842.0,2895.0,490.0,1386.0,0.0,929238e77d2546bb05ed1f4d6d40f370f4b7b9ef35d597bbafbc32240e085476
7955,2012-08-28,side,side,side_pole_load_cell_8,728,1,subject_vehicle,single_vehicle_inferred_subject,1N4AL3AP6DC108142,NISSAN,ALTIMA,2013,FOUR DOOR SEDAN,4 CYLINDER TRANSVERSE FRONT,2.5,AUTOMATIC - FRONT WHEEL DRIVE,32.15,1539.0,1425.0,4864.0,1817.0,2770.0,418.0,1184.0,0.0,1759e06b74aa06c6acc0b4357ceace582d9dd09bfc7c752a55e84e28093b1489
7979,2012-09-24,side,side,side_pole_load_cell_8,757,1,subject_vehicle,single_vehicle_inferred_subject,WVGCV7AX3DW006022,VOLKSWAGEN,TIGUAN,2013,UTILITY VEHICLE,4 CYLINDER TRANSVERSE FRONT,2.0,MANUAL - FRONT WHEEL DRIVE,32.17,1721.0,1540.0,4441.0,1783.0,2601.0,383.0,1193.0,0.0,0f31cef98480edf6c5688a13bbfe2572326f74d5a29dc6094aade8ef9ad18dd7
7980,2012-09-25,side,side,side_pole_load_cell_8,761,1,subject_vehicle,single_vehicle_inferred_subject,1C3CDFCA7DD106439,DODGE,DART,2013,FOUR DOOR SEDAN,4 CYLINDER INLINE FRONT,2.0,AUTOMATIC - FRONT WHEEL DRIVE,32.32,1586.0,1513.0,4678.0,1836.0,2704.0,348.0,1060.0,0.0,3af40959611dad5de79c2a4e5c9fcf3cc86d9568d519fac6837d6073441283cf
7982,2012-09-26,side,side,side_pole_load_cell_8,764,1,subject_vehicle,single_vehicle_inferred_subject,5UXZV4C54D0B06207,BMW,X5,2013,UTILITY VEHICLE,STRAIGHT 6 INLINE FRONT,3.0,AUTOMATIC - FOUR WHEEL DRIVE,32.57,2285.0,2107.0,4816.0,1916.0,2936.0,470.0,1541.0,0.0,1ec156f5ba8bd99bc10c4dccd14d6d734f3d75ac208ae0262141d6b5cce542a8
7987,2012-09-27,side,side,side_pole_load_cell_8,771,1,subject_vehicle,single_vehicle_inferred_subject,1GC2CXCG4DZ101819,CHEVROLET,SILVERADO2500,2013,EXTENDED CAB PICKUP,V8 INLINE FRONT,6.0,AUTOMATIC - REAR WHEEL DRIVE,32.09,2979.0,2802.0,5830.0,2034.0,3660.0,546.0,1708.0,75.0,a18173672f136bed5032031d92a066b3b9b6936395f76bc2088e0ea6a61c33fd
7988,2012-10-01,side,side,side_pole_load_cell_8,773,1,subject_vehicle,single_vehicle_inferred_subject,2G61P5S31D9121056,CADILLAC,XTS,2013,FOUR DOOR SEDAN,V6 TRANSVERSE FRONT,3.6,AUTOMATIC - FRONT WHEEL DRIVE,32.2,1979.0,1853.0,5133.0,1828.0,2834.0,390.0,1245.0,0.0,88922c7fc41808c3d364ac2e14d9e26e3ec0959cbb50d7da869f98c41fd6986a
7996,2012-10-05,side,side,side_pole_load_cell_8,785,1,subject_vehicle,single_vehicle_inferred_subject,1G4PP5SK6D4112575,BUICK,VERANO,2013,FOUR DOOR SEDAN,4 CYLINDER TRANSVERSE FRONT,2.4,AUTOMATIC - FRONT WHEEL DRIVE,32.06,1653.0,1549.0,4670.0,1790.0,2690.0,337.0,1061.0,75.0,c747fb80a82dcc1908ec858d3eb801b1e7c343850acd0752681584a39fe11ea7
7997,2012-10-09,side,side,side_pole_load_cell_8,787,1,subject_vehicle,single_vehicle_inferred_subject,5XYZU3LB3DG001850,HYUNDAI,SANTA FE SPORT,2013,UTILITY VEHICLE,4 CYLINDER TRANSVERSE FRONT,2.4,AUTOMATIC - FRONT WHEEL DRIVE,32.12,1761.0,1635.0,4692.0,1880.0,2700.0,378.0,1222.0,0.0,747f7f2ee9cf6c9d4c2a6a5ebbd7a918161e8159450e376c7b7cd1df25a68d13
7999,2012-10-09,side,side,side_pole_load_cell_8,790,1,subject_vehicle,single_vehicle_inferred_subject,1FADP3E2XDL133559,FORD,FOCUS,2013,FOUR DOOR SEDAN,4 CYLINDER INLINE FRONT,2.0,MANUAL - FRONT WHEEL DRIVE,32.18,1401.0,1327.0,4534.0,1783.0,2647.0,362.0,1108.0,0.0,160fbb20ffa8834338d10d638d8fe5f8d1bc5639e2d89cb4f6b80e524b165104
8028,2012-10-18,side,side,side_pole_load_cell_8,809,1,subject_vehicle,single_vehicle_inferred_subject,1C4NJPBB7DD116658,JEEP,PATRIOT,2013,UTILITY VEHICLE,4 CYLINDER TRANSVERSE FRONT,2.4,AUTOMATIC - FRONT WHEEL DRIVE,32.2,1570.0,1447.0,4415.0,1780.0,2640.0,373.0,1092.0,75.0,dda8e3ad895fa4c12a00c18b651a1d6888de4caa516061b91e4a8b8725aeb2b8
8029,2012-10-18,side,side,side_pole_load_cell_8,810,1,subject_vehicle,single_vehicle_inferred_subject,19VDE1F51DE003992,ACURA,ILX,2013,FOUR DOOR SEDAN,4 CYLINDER TRANSVERSE FRONT,2.0,AUTOMATIC - FRONT WHEEL DRIVE,32.21,1435.0,1344.0,4558.0,1786.0,2674.0,379.0,1077.0,0.0,8b0a9a6eadc31699d71a50d32784ae34162f5e736504dc92344a0ad27eb75696
8032,2012-10-22,side,side,side_pole_load_cell_8,816,1,subject_vehicle,single_vehicle_inferred_subject,1HGCR2F7XDA000222,HONDA,ACCORD,2013,FOUR DOOR SEDAN,4 CYLINDER TRANSVERSE FRONT,2.4,AUTOMATIC - FRONT WHEEL DRIVE,32.32,1607.0,1522.0,4832.0,1843.0,2780.0,413.0,1129.0,0.0,2a22f3a77d32ea16f484c86a28947c11c547d80e2507a7504919078c1c690835
8034,2012-10-23,side,side,side_pole_load_cell_8,820,1,subject_vehicle,single_vehicle_inferred_subject,1C4NJCBAXDD100356,JEEP,COMPASS,2013,UTILITY VEHICLE,4 CYLINDER INLINE FRONT,2.0,AUTOMATIC - FRONT WHEEL DRIVE,32.05,1556.0,1437.0,4450.0,1810.0,2630.0,375.0,1055.0,75.0,6e5687bca6cbb494bf4c5ecbb5b376d4ce74ded2c42cc6317fc2abc54c233c14
8037,2012-10-25,side,side,side_pole_load_cell_8,828,1,subject_vehicle,single_vehicle_inferred_subject,JTHBK1GG8D2009565,LEXUS,ES 350,2013,FOUR DOOR SEDAN,V6 TRANSVERSE FRONT,3.5,AUTOMATIC - FRONT WHEEL DRIVE,32.18,1731.0,1619.0,4891.0,1796.0,2808.0,406.0,1134.0,0.0,a4224d76bc02b4ac9d4216c4ef96fdcc3e0062bc16572c3624b55d0b49aaa78a
8040,2012-10-29,side,side,side_pole_load_cell_8,835,1,subject_vehicle,single_vehicle_inferred_subject,4S4BRBCC3D1216890,SUBARU,OUTBACK,2013,UTILITY VEHICLE,4 CYLINDER INLINE FRONT,2.5,MANUAL - FOUR WHEEL DRIVE,32.5,1658.0,1554.0,4799.0,1780.0,2742.0,406.0,1296.0,0.0,28a5c06bc962fc581d08e007bf42638d221b9a30ec932d3f5b6d702daa6f8133
8046,2012-11-08,side,side,side_pole_load_cell_8,849,1,subject_vehicle,single_vehicle_inferred_subject,1G6AA5RA0D0116043,CADILLAC,ATS,2013,FOUR DOOR SEDAN,4 CYLINDER INLINE FRONT,2.5,AUTOMATIC - REAR WHEEL DRIVE,31.75,1613.0,1517.0,4583.0,1747.0,2779.0,400.0,1397.0,0.0,f9a3d051aa088584f167ee5c0de1987a6a4c77cc7aa074ee5559c9a8f9fff174
8050,2012-11-06,side,side,side_pole_load_cell_8,846,1,subject_vehicle,single_vehicle_inferred_subject,5TFTX4CN5DX022614,TOYOTA,TACOMA,2013,EXTENDED CAB PICKUP,4 CYLINDER INLINE FRONT,2.7,AUTOMATIC - FOUR WHEEL DRIVE,32.37,1818.0,1646.0,5286.0,1811.0,3231.0,438.0,1609.0,0.0,86ecd2559ba3404e59b90242c46dd932ef6ee396d3570a7330b567efe7d46a48
8052,2012-11-09,side,side,side_pole_load_cell_8,854,1,subject_vehicle,single_vehicle_inferred_subject,2C3CDYAG8DH536244,DODGE,CHALLENGER,2013,TWO DOOR COUPE,V6 INLINE FRONT,3.6,AUTOMATIC - REAR WHEEL DRIVE,32.17,1869.0,1772.0,5024.0,1918.0,2955.0,427.0,1472.0,0.0,6408852072fae952851498e6b56185458fb83fc1a99215698af7d632bda3bbc5
8056,2012-11-15,side,side,side_pole_load_cell_8,860,1,subject_vehicle,single_vehicle_inferred_subject,5N1AL0MN2DC322897,INFINITI,JX,2013,UTILITY VEHICLE,V6 TRANSVERSE FRONT,3.5,AUTOMATIC - FRONT WHEEL DRIVE,32.14,2053.0,1963.0,4990.0,1945.0,2901.0,449.0,1334.0,0.0,85aa1d519222b5a9238b10f3d8fdbe758549a4076b68eb39a6b483119b433d93
8060,2012-11-14,side,side,side_pole_load_cell_8,857,1,subject_vehicle,single_vehicle_inferred_subject,JTHBF5C24D5185209,LEXUS,IS250,2013,FOUR DOOR SEDAN,V6 INLINE FRONT,2.5,AUTOMATIC - REAR WHEEL DRIVE,31.74,1664.0,1588.0,4263.0,1761.0,2727.0,506.0,1335.0,0.0,4de72849c555a51a51356427020160e97d4b9c488e15adf77658aa14374c3ec7
8067,2012-02-16,side,side,side_pole_load_cell_8,504,1,subject_vehicle,single_vehicle_inferred_subject,1C6RR6KTXDS513572,RAM,1500 CREW,2013,4 DOOR PICKUP,V8 INLINE FRONT,4.7,AUTOMATIC - REAR WHEEL DRIVE,31.99,2569.0,2396.0,5824.0,2017.0,3570.0,599.0,1682.0,0.0,123b56dba5840aa6a54a8509a6e280a89563bded3024854a8485f158d4c3bc55
8070,2012-12-05,side,side,side_pole_load_cell_8,892,1,subject_vehicle,single_vehicle_inferred_subject,1FADP5AU4DL506260,FORD,CMAX HYBRID,2013,FIVE DOOR HATCHBACK,4 CYLINDER TRANSVERSE FRONT,2.0,AUTOMATIC - FRONT WHEEL DRIVE,32.07,1729.0,1649.0,4418.0,1772.0,2650.0,364.0,1179.0,0.0,661c6cea9212b28104742d2a1e82dda63d7077d9618519f6c3c045cc8cf0ac11
8073,2012-12-11,side,side,side_pole_load_cell_8,905,1,subject_vehicle,single_vehicle_inferred_subject,3FA6P0LU5DR160617,FORD,FUSION HYBRID,2013,FOUR DOOR SEDAN,4 CYLINDER TRANSVERSE FRONT,2.0,AUTOMATIC - FRONT WHEEL DRIVE,32.01,1770.0,1680.0,4884.0,1834.0,2840.0,396.0,1236.0,0.0,7213830d1d72d13ce5d49dce121f6738ba6faee5862db40c936ab5774f97e96c
8075,2012-12-12,side,side,side_pole_load_cell_8,911,1,subject_vehicle,single_vehicle_inferred_subject,WDDGF4HB2DR254472,MERCEDES,C-CLASS,2013,FOUR DOOR SEDAN,4 CYLINDER INLINE FRONT,1.8,AUTOMATIC - REAR WHEEL DRIVE,31.56,1645.0,1561.0,4577.0,1777.0,2762.0,408.0,1321.0,0.0,fc18938f5f5a1d06a625c55bbcd207c1fcd0313d095836a70324a44f9de1d5d9
8076,2012-12-13,side,side,side_pole_load_cell_8,920,1,subject_vehicle,single_vehicle_inferred_subject,1C6RR6FTXDS513338,RAM,1500 QUAD,2013,EXTENDED CAB PICKUP,V8 INLINE FRONT,5.7,AUTOMATIC - REAR WHEEL DRIVE,31.93,2517.0,2324.0,5819.0,2017.0,3570.0,603.0,1653.0,0.0,b04941420e7beb3b49a891f8a6d05923da427cace62d80b3bc23686f74318d57
8083,2012-12-20,side,side,side_pole_load_cell_8,935,1,subject_vehicle,single_vehicle_inferred_subject,1FADP3R42DL126035,FORD,FOCUS BEV,2013,FIVE DOOR HATCHBACK,ELECTRIC MOTOR,0.0,AUTOMATIC - FRONT WHEEL DRIVE,32.51,1721.0,1645.0,4269.0,1780.0,2649.0,456.0,1351.0,0.0,df7441e0724f7900951bd48dee5c19edf2b3ca408c03a5f9be8b7325023b4c56
8090,2012-12-19,side,side,side_pole_load_cell_8,933,1,subject_vehicle,single_vehicle_inferred_subject,4JGDA5JB4DA128622,MERCEDES,ML350,2013,UTILITY VEHICLE,V6 INLINE FRONT,3.5,AUTOMATIC - REAR WHEEL DRIVE,32.05,2306.0,2124.0,4807.0,1916.0,2915.0,392.0,1522.0,0.0,9e8f262f5fddbb064ae571e89f9d68999ee84b932577c82b90261e3202b2895d
8093,2013-01-03,side,side,side_pole_load_cell_8,943,1,subject_vehicle,single_vehicle_inferred_subject,3N1AB7AP0DL627263,NISSAN,SENTRA,2013,FOUR DOOR SEDAN,4 CYLINDER TRANSVERSE FRONT,1.8,MANUAL - FRONT WHEEL DRIVE,32.14,1387.0,1294.0,4618.0,1752.0,2700.0,440.0,1128.0,0.0,0c75a214695ab633a6b2b1652622d5f8e249ba035b0fd99df4fb732f19018d6d
8098,2013-01-09,side,side,side_pole_load_cell_8,953,1,subject_vehicle,single_vehicle_inferred_subject,1HGCT1B71DA000448,HONDA,ACCORD,2013,TWO DOOR COUPE,4 CYLINDER TRANSVERSE FRONT,2.4,AUTOMATIC - FRONT WHEEL DRIVE,32.08,1598.0,1511.0,4802.0,1845.0,2726.0,376.0,1106.0,0.0,4e415f62dff723dc1c39846e38ccc63890609a682b6f48f558971a3c41cf29e5
8103,2013-01-11,side,side,side_pole_load_cell_8,963,1,subject_vehicle,single_vehicle_inferred_subject,4T1BK1EB4DU005506,TOYOTA,AVALON,2013,FOUR DOOR SEDAN,V6 TRANSVERSE FRONT,3.5,AUTOMATIC - FRONT WHEEL DRIVE,32.11,1691.0,1570.0,4958.0,1833.0,2810.0,430.0,1166.0,0.0,236de6b7a0e3669eb86ec7b65a68f59138dd3a1ed7a7367d3747ec20ee7aa882
8107,2013-01-15,side,side,side_pole_load_cell_8,970,1,subject_vehicle,single_vehicle_inferred_subject,JM3TB2CA9D0401499,MAZDA,CX-9,2013,UTILITY VEHICLE,STRAIGHT 6 TRANSVERSE FRONT,3.7,AUTOMATIC - FRONT WHEEL DRIVE,32.19,2054.0,1949.0,5096.0,1965.0,2875.0,437.0,1213.0,75.0,b16f93a9057b3a76a3d02054745409440ed6a708718ed504b4e9a6ea916802e4
8110,2013-01-17,side,side,side_pole_load_cell_8,975,1,subject_vehicle,single_vehicle_inferred_subject,JTDZN3EU5D3187911,TOYOTA,PRIUS V,2013,STATION WAGON,4 CYLINDER TRANSVERSE FRONT,1.8,AUTOMATIC - FRONT WHEEL DRIVE,31.67,1626.0,1514.0,4607.0,1765.0,2782.0,434.0,1214.0,0.0,96f6b3e635bcd39a11fd238acc763c74293d30d79b00f1fba6703e44bcf5a4fe
8118,2013-01-29,side,side,side_pole_load_cell_8,1008,1,subject_vehicle,single_vehicle_inferred_subject,1GNKRGKD7DJ110039,CHEVROLET,TRAVERSE,2013,UTILITY VEHICLE,V6 TRANSVERSE FRONT,3.6,AUTOMATIC - FRONT WHEEL DRIVE,32.53,2309.0,2134.0,5173.0,1958.0,3021.0,323.0,1405.0,0.0,4fddf34a858204d26a4832687dfa5da9e8b999064c98e0dcb0ba2ae08ad692ef
8148,2013-02-19,side,side,side_pole_load_cell_8,1049,1,subject_vehicle,single_vehicle_inferred_subject,JTDKDTB32D1031546,TOYOTA,PRIUS C,2013,FIVE DOOR HATCHBACK,4 CYLINDER TRANSVERSE FRONT,1.5,AUTOMATIC - FRONT WHEEL DRIVE,32.43,1220.0,1141.0,3686.0,1681.0,2547.0,370.0,1037.0,0.0,b3de15fad2ead12e0ea61989bbf6818131d673a1b5b056948d62f88d1d600b5a
8152,2013-02-22,side,side,side_pole_load_cell_8,1064,1,subject_vehicle,single_vehicle_inferred_subject,1FADP5CU1DL519349,FORD,CMAX ENERGI,2013,FIVE DOOR HATCHBACK,4 CYLINDER TRANSVERSE FRONT,2.0,AUTOMATIC - FRONT WHEEL DRIVE,32.13,1848.0,1769.0,4410.0,1772.0,2648.0,393.0,1202.0,0.0,8e8426fec83cd6ce8c7aa8d97bfa392f16d82252c692bff94889c39a60257daa
8180,2013-03-01,side,side,side_pole_load_cell_8,1080,1,subject_vehicle,single_vehicle_inferred_subject,2HGFG3B57DH501244,HONDA,CIVIC,2013,TWO DOOR COUPE,4 CYLINDER TRANSVERSE FRONT,1.8,AUTOMATIC - FRONT WHEEL DRIVE,32.58,1353.0,1264.0,4436.0,1744.0,2622.0,352.0,1049.0,0.0,770cd2475817f5963596ac43bd4b978a0da5534aa3b36c7dc1357f8fe85975f5
8190,2013-03-08,side,side,side_pole_load_cell_8,1094,1,subject_vehicle,single_vehicle_inferred_subject,2T3ZFREV5DW006800,TOYOTA,RAV4,2013,UTILITY VEHICLE,4 CYLINDER TRANSVERSE FRONT,2.5,AUTOMATIC - FRONT WHEEL DRIVE,32.24,1672.0,1562.0,4570.0,1828.0,2664.0,385.0,1167.0,0.0,36d61b8606b874500d9f6149e5f002bd0996e8df90420b9f2daf72d79db5881e
8208,2013-03-29,side,side,side_pole_load_cell_8,1115,1,subject_vehicle,single_vehicle_inferred_subject,19XFB4F26DE200561,HONDA,CIVIC HYBRID,2013,FOUR DOOR SEDAN,4 CYLINDER TRANSVERSE FRONT,1.5,AUTOMATIC - FRONT WHEEL DRIVE,32.41,1386.0,1301.0,4518.0,1744.0,2674.0,395.0,1144.0,0.0,b945ce85254891328aa90e7af9c3277cd4c4c66314b8f4bdaeaa60afdcd781d1
8211,2013-04-09,side,side,side_pole_load_cell_8,1124,1,subject_vehicle,single_vehicle_inferred_subject,KL4CJASB0DB086171,BUICK,ENCORE,2013,UTILITY VEHICLE,4 CYLINDER TRANSVERSE FRONT,1.4,AUTOMATIC - FRONT WHEEL DRIVE,32.37,1585.0,1452.0,4270.0,1746.0,2560.0,382.0,1089.0,0.0,effdfb67224cf80db4dfe36e452cf5f2416444defd860ce222ebee7768eff9f3
8215,2013-04-11,side,side,side_pole_load_cell_8,1135,1,subject_vehicle,single_vehicle_inferred_subject,1N4AZ0CP4DC400334,NISSAN,LEAF,2013,FIVE DOOR HATCHBACK,ELECTRIC MOTOR,0.0,AUTOMATIC - FRONT WHEEL DRIVE,32.37,1577.0,1482.0,4445.0,1764.0,2706.0,328.0,1191.0,0.0,e4e5eb69fe9308e5c5ca9d3bb2c2595013b541c9c3ed3f0996610e65892cab0f
8218,2013-04-16,side,side,side_pole_load_cell_8,1142,1,subject_vehicle,single_vehicle_inferred_subject,3FA6P0PU2DR252083,FORD,FUSION ENERGI,2013,FOUR DOOR SEDAN,4 CYLINDER TRANSVERSE FRONT,2.0,AUTOMATIC - FRONT WHEEL DRIVE,32.32,1884.0,1796.0,4881.0,1832.0,2838.0,440.0,1348.0,0.0,934a15d365f4b60279e3bcf9b0f3ff1379c7a02d9c51c11fc1da453a378a4090
8291,2013-06-18,side,side,side_pole_load_cell_8,1231,1,subject_vehicle,single_vehicle_inferred_subject,1G11Y5SL0EU101209,CHEVROLET,IMPALA,2014,FOUR DOOR SEDAN,4 CYLINDER TRANSVERSE FRONT,2.5,AUTOMATIC - FRONT WHEEL DRIVE,32.36,1775.0,1644.0,5125.0,1860.0,2835.0,340.0,1179.0,75.0,8e574e5f2c435b1a36be5f6a21245ad3eaaf52921f77dc44bf3a97fe533b3fb0
8295,2013-07-08,side,side,side_pole_load_cell_8,1268,1,subject_vehicle,single_vehicle_inferred_subject,KNAFK4A68E5065975,KIA,FORTE,2014,FOUR DOOR SEDAN,4 CYLINDER TRANSVERSE FRONT,1.8,AUTOMATIC - FRONT WHEEL DRIVE,32.08,1370.0,1280.0,4570.0,1770.0,2700.0,355.0,1099.0,0.0,d8d5cc65840d267431f89d711d20d84d6288dec6a102afcc44fd8a489ad6b7fd
8298,2013-07-11,side,side,side_pole_load_cell_8,1285,1,subject_vehicle,single_vehicle_inferred_subject,5XYKT3A67EG474288,KIA,SORENTO,2014,UTILITY VEHICLE,4 CYLINDER TRANSVERSE FRONT,2.4,AUTOMATIC - FRONT WHEEL DRIVE,32.17,1777.0,1651.0,4689.0,1860.0,2700.0,381.0,1223.0,0.0,2d579f267de4e62ed90f38823d1d522b7a596ef9ec2d610f9ce700f7f0ab8502
8309,2013-07-24,side,side,side_pole_load_cell_8,1298,1,subject_vehicle,single_vehicle_inferred_subject,5YJSA1AG7DFP11290,TESLA,MODEL S,2013,FIVE DOOR HATCHBACK,ELECTRIC MOTOR,0.0,AUTOMATIC - REAR WHEEL DRIVE,32.28,2185.0,1967.0,4978.0,1888.0,2965.0,210.0,1716.0,0.0,7934f6f5bae4fb7149a242436a30946c3c1a03aa7ea7a6c5d27cf656633af757
8311,2013-07-25,side,side,side_pole_load_cell_8,1299,1,subject_vehicle,single_vehicle_inferred_subject,WMEEJ9AA2DK673267,SMART,Electric Drive,2013,TWO DOOR COUPE,ELECTRIC MOTOR,0.0,AUTOMATIC - REAR WHEEL DRIVE,31.44,1061.0,964.0,2718.0,1456.0,1873.0,239.0,1025.0,0.0,4769994241595f8f836c8fead1d743608bf00c975a44e8e146a5adbae34557cd
8318,2013-07-31,side,side,side_pole_load_cell_8,1311,1,subject_vehicle,single_vehicle_inferred_subject,3GCPCREC5EG109862,CHEVROLET,SILVERADO 1500,2014,4 DOOR PICKUP,V8 INLINE FRONT,5.3,AUTOMATIC - REAR WHEEL DRIVE,32.05,2566.0,2385.0,5852.0,2000.0,3664.0,424.0,1667.0,0.0,99305e3c32059132868080b16bb0fd01da3c73cbced4333ec9b9acc397888c34
8319,2013-07-31,side,side,side_pole_load_cell_8,1312,1,subject_vehicle,single_vehicle_inferred_subject,JF2SJAAC3EG413602,SUBARU,FORESTER,2014,UTILITY VEHICLE,4 CYLINDER TRANSVERSE FRONT,2.5,MANUAL - FOUR WHEEL DRIVE,32.04,1603.0,1493.0,4580.0,1790.0,2645.0,342.0,1171.0,75.0,b0f77a681a5e3a571f3cd9d18c59446dca620cbcdad46a6df731d4fd35b8f15e
8320,2013-08-13,side,side,side_pole_load_cell_8,1326,1,subject_vehicle,single_vehicle_inferred_subject,JTHBF1D21E5005967,LEXUS,IS250,2014,FOUR DOOR SEDAN,V6 INLINE FRONT,2.5,AUTOMATIC - REAR WHEEL DRIVE,32.01,1709.0,1633.0,4668.0,1780.0,2796.0,375.0,1352.0,0.0,efeedbe14d602e0cec275545a5a9c5c38f73608618be9ef1455661a503e41eaf
8330,2013-08-16,side,side,side_pole_load_cell_8,1336,1,subject_vehicle,single_vehicle_inferred_subject,3N1CE2CP9EL360917,NISSAN,VERSA NOTE,2014,FIVE DOOR HATCHBACK,4 CYLINDER TRANSVERSE FRONT,1.6,MANUAL - FRONT WHEEL DRIVE,32.49,1088.0,1176.0,4134.0,1695.0,2600.0,428.0,1120.0,0.0,d80723af95151bf1fd9e7f2ef12100b9a5b9fb986ceee91aec13d0b86d6d53bf
8359,2013-09-13,side,side,side_pole_load_cell_8,1358,1,subject_vehicle,single_vehicle_inferred_subject,5J8TB3H37EL006151,ACURA,RDX,2014,UTILITY VEHICLE,V6 TRANSVERSE FRONT,3.5,AUTOMATIC - FRONT WHEEL DRIVE,32.09,1778.0,1679.0,4655.0,1862.0,2680.0,404.0,1131.0,0.0,6059a759e45d204886be349fbe4258f5585c525772e0f1569af5ed04cf468148
8386,2013-09-20,side,side,side_pole_load_cell_8,1362,1,subject_vehicle,single_vehicle_inferred_subject,5FRYD3H2XEB002540,ACURA,MDX,2014,UTILITY VEHICLE,V6 TRANSVERSE FRONT,3.5,AUTOMATIC - FRONT WHEEL DRIVE,32.1,1927.0,1826.0,4925.0,1926.0,2826.0,333.0,1173.0,0.0,0a7a3fae99bccdcf6637b03989c9ca52b1453644140af856133d8167a6880a38
8403,2013-10-22,side,side,side_pole_load_cell_8,1371,1,subject_vehicle,single_vehicle_inferred_subject,5TDKK3DC8ES410624,TOYOTA,SIENNA,2014,MINIVAN,V6 TRANSVERSE FRONT,3.5,AUTOMATIC - FRONT WHEEL DRIVE,32.1,2103.0,1993.0,5090.0,1986.0,3020.0,412.0,1343.0,0.0,f724587c36afe27d5ae00907e94bc22947539ac38cc80ce3fe57c226a8652d4a
8406,2013-11-07,side,side,side_pole_load_cell_8,1397,1,subject_vehicle,single_vehicle_inferred_subject,5YFBURHE2EP002816,TOYOTA,COROLLA,2014,FOUR DOOR SEDAN,4 CYLINDER TRANSVERSE FRONT,1.8,AUTOMATIC - FRONT WHEEL DRIVE,32.12,1389.0,0.0,4634.0,1764.0,2710.0,335.0,1277.0,0.0,9d80a5f74ad897541e08fdfae3a3c51fef8aa6b6dbccaf08bf7c456cf586dca3
8408,2013-11-11,side,side,side_pole_load_cell_8,1406,1,subject_vehicle,single_vehicle_inferred_subject,KNDMG4C76E6544634,KIA,SEDONA,2014,MINIVAN,V6 TRANSVERSE FRONT,3.5,AUTOMATIC - FRONT WHEEL DRIVE,32.05,2115.0,2021.0,5158.0,1952.0,3020.0,446.0,1331.0,0.0,14eed82d02660bcaf3a72eb106839cfb4ad9217df3b0c3aacd3353feee176c95
8410,2013-11-12,side,side,side_pole_load_cell_8,1410,1,subject_vehicle,single_vehicle_inferred_subject,JN1BV7AP4EM673620,INFINITI,Q50,2014,FOUR DOOR SEDAN,V6 INLINE FRONT,3.7,AUTOMATIC - REAR WHEEL DRIVE,31.85,1754.0,1643.0,4774.0,1793.0,2847.0,479.0,1355.0,0.0,f7441e1dcf99946297b825647d6fada9787cf0102422ea0410880242422c174f
8443,2013-11-13,side,side,side_pole_load_cell_8,1420,1,subject_vehicle,single_vehicle_inferred_subject,WDDHF5KB6EA877922,MERCEDES,E350,2014,FOUR DOOR SEDAN,V6 INLINE FRONT,3.5,AUTOMATIC - REAR WHEEL DRIVE,32.2,1858.0,1780.0,4885.0,1850.0,2875.0,343.0,1391.0,0.0,c984c360bd2f0b19c5ed53b8593470739e6d4ccbfd1f176310ccf552119845e6
8444,2013-11-14,side,side,side_pole_load_cell_8,1425,1,subject_vehicle,single_vehicle_inferred_subject,1C4NJPBA2ED559910,JEEP,PATRIOT,2014,UTILITY VEHICLE,4 CYLINDER TRANSVERSE FRONT,2.0,AUTOMATIC - FRONT WHEEL DRIVE,31.83,1522.0,1460.0,4415.0,1765.0,2635.0,478.0,1215.0,0.0,e574c53f4e0e9f32f1e0f28fa679a790d6407800f825be38d0fec632b04194e5
8448,2013-11-19,side,side,side_pole_load_cell_8,1434,1,subject_vehicle,single_vehicle_inferred_subject,1G4GA5G31EF112265,BUICK,LACROSSE,2014,FOUR DOOR SEDAN,V6 TRANSVERSE FRONT,3.6,AUTOMATIC - FRONT WHEEL DRIVE,32.12,1905.0,1780.0,5005.0,1816.0,2836.0,373.0,1203.0,0.0,e28e1e597d221907067ab7f2e3761fb654c48739dae674ce66e20618113a2068
8450,2013-11-21,side,side,side_pole_load_cell_8,1435,1,subject_vehicle,single_vehicle_inferred_subject,1C4NJCBA0ED620731,JEEP,COMPASS,2014,UTILITY VEHICLE,4 CYLINDER TRANSVERSE FRONT,2.0,MANUAL - FRONT WHEEL DRIVE,31.93,1528.0,1412.0,3942.0,1765.0,2635.0,460.0,1191.0,0.0,898d0c064f2d30a8a868b63780c9a053602d82582d12c3653708f2ae3b00e583
8453,2013-11-26,side,side,side_pole_load_cell_8,1444,1,subject_vehicle,single_vehicle_inferred_subject,3VW1K7AJ9EM353871,VOLKSWAGEN,JETTA,2014,FOUR DOOR SEDAN,4 CYLINDER TRANSVERSE FRONT,2.0,MANUAL - FRONT WHEEL DRIVE,32.8,1537.0,1325.0,4633.0,1780.0,2652.0,461.0,1335.0,0.0,2e7371efdd383cad5b8a45d6a6428033ed478ff5506a708ab6ee9df2d9122afd
8454,2013-11-26,side,side,side_pole_load_cell_8,1445,1,subject_vehicle,single_vehicle_inferred_subject,1GCRCPEH6EZ158951,CHEVROLET,SILVERADO 1500,2014,EXTENDED CAB PICKUP,V6 INLINE FRONT,4.3,AUTOMATIC - REAR WHEEL DRIVE,32.07,2453.0,2272.0,5853.0,2000.0,3660.0,435.0,1605.0,0.0,dcb36ad256df7c95b6c82abb92e705e73b9aa1641bcdeeab4dc2c124819c1c1a
8461,2013-12-06,side,side,side_pole_load_cell_8,1459,1,subject_vehicle,single_vehicle_inferred_subject,KNDJN2A23E7004009,KIA,SOUL,2014,UTILITY VEHICLE,4 CYLINDER TRANSVERSE FRONT,1.6,MANUAL - FRONT WHEEL DRIVE,31.95,1344.0,1264.0,4137.0,1753.0,2572.0,344.0,1107.0,0.0,51425f7c377e0b9c3ea9f22b6dffe62e3c40491e07a66991a0c36eb31ceb9673
8462,2013-12-05,side,side,side_pole_load_cell_8,1458,1,subject_vehicle,single_vehicle_inferred_subject,5FNRL5H27EB017193,HONDA,ODYSSEY,2014,MINIVAN,V6 TRANSVERSE FRONT,3.5,AUTOMATIC - FRONT WHEEL DRIVE,31.95,2163.0,1994.0,5151.0,1985.0,3005.0,352.0,1383.0,0.0,fd917869583d83e83d9bb2c3d2c6bef343ad9371d05794b14484771afc1f1a5a
8463,2013-12-06,side,side,side_pole_load_cell_8,1460,1,subject_vehicle,single_vehicle_inferred_subject,JTDKN3DU8E1736808,TOYOTA,PRIUS,2014,FIVE DOOR HATCHBACK,4 CYLINDER INLINE FRONT,1.8,AUTOMATIC - FRONT WHEEL DRIVE,31.78,1475.0,1408.0,4351.0,1743.0,2697.0,360.0,1118.0,0.0,2b1dfa9600e745be4c45aba97d0e853a58a402069f614ed123e04eafa8b5261e
8466,2013-12-12,side,side,side_pole_load_cell_8,1468,1,subject_vehicle,single_vehicle_inferred_subject,KL8CA6S97EC439154,CHEVROLET,SPARK,2014,FIVE DOOR HATCHBACK,4 CYLINDER TRANSVERSE FRONT,1.2,MANUAL - FRONT WHEEL DRIVE,31.75,1091.0,1027.0,3633.0,1584.0,2376.0,324.0,947.0,0.0,73937ea6e8c01e3f598a093934e3ed9304c4440c19ca90d1c9ed386b2d954165
8469,2013-12-13,side,side,side_pole_load_cell_8,1475,1,subject_vehicle,single_vehicle_inferred_subject,5N1AR2MN2EC634052,NISSAN,PATHFINDER,2014,UTILITY VEHICLE,V6 TRANSVERSE FRONT,3.5,AUTOMATIC - FRONT WHEEL DRIVE,31.96,2005.0,1912.0,5015.0,1958.0,2900.0,460.0,1333.0,0.0,eae0340a03b3e4930ddec1aba8c3dc852b6e5acc9ba3ead93c50294aee77b4ef
8471,2013-12-16,side,side,side_pole_load_cell_8,1477,1,subject_vehicle,single_vehicle_inferred_subject,1G11B5SL1EF109065,CHEVROLET,MALIBU,2014,FOUR DOOR SEDAN,4 CYLINDER TRANSVERSE FRONT,2.5,AUTOMATIC - FRONT WHEEL DRIVE,32.35,1682.0,1558.0,4880.0,1850.0,2740.0,351.0,1129.0,0.0,084caf81ee817b7aceb3e4f235170b06d77467198ee1929c1332684dd8f691fa
8479,2013-12-17,side,side,side_pole_load_cell_8,1480,1,subject_vehicle,single_vehicle_inferred_subject,3C6TR4CT3EG109787,RAM,2500,2014,4 DOOR PICKUP,V8 INLINE FRONT,5.7,AUTOMATIC - REAR WHEEL DRIVE,32.02,3096.0,2915.0,6032.0,2020.0,3785.0,473.0,1798.0,0.0,c9c6cb2643971001f16551c9c1fecfdc2605d2dc21951ea52522a5ec511ac462
8481,2013-12-19,side,side,side_pole_load_cell_8,1491,1,subject_vehicle,single_vehicle_inferred_subject,JF1ZNAA16E9701348,TOYOTA,SCION FR-S,2014,TWO DOOR COUPE,4 CYLINDER REAR,2.0,MANUAL - REAR WHEEL DRIVE,31.89,1328.0,1246.0,4242.0,1737.0,2575.0,441.0,1226.0,0.0,bc39b02a45734178361fdd44042267d93dcfcfab9150efabada9d0cd649103df
8489,2014-01-08,side,side,side_pole_load_cell_8,1499,1,subject_vehicle,single_vehicle_inferred_subject,3FADP4AJ5EM148120,FORD,FIESTA,2014,FOUR DOOR SEDAN,4 CYLINDER TRANSVERSE FRONT,1.6,MANUAL - FRONT WHEEL DRIVE,32.54,1243.0,1166.0,4415.0,1690.0,2500.0,303.0,1128.0,0.0,ddf8f1ee950bcd427f14eae5e7e6160289da45570ce9f97c7196974efe2bbda2
8492,2014-01-13,side,side,side_pole_load_cell_8,1507,1,subject_vehicle,single_vehicle_inferred_subject,JM1GJ1U6XE1149601,MAZDA,MAZDA6,2014,FOUR DOOR SEDAN,4 CYLINDER TRANSVERSE FRONT,2.5,AUTOMATIC - FRONT WHEEL DRIVE,32.42,1534.0,1447.0,4885.0,1840.0,2830.0,352.0,368.0,0.0,2c47055c622920e63a0b24e2317c721dfc74e623256af5e4f6f000c46148afd4
8497,2014-01-21,side,side,side_pole_load_cell_8,1519,1,subject_vehicle,single_vehicle_inferred_subject,JM1BM1T72E1126325,MAZDA,MAZDA3,2014,FOUR DOOR SEDAN,4 CYLINDER TRANSVERSE FRONT,2.0,MANUAL - FRONT WHEEL DRIVE,32.14,1372.0,1283.0,4570.0,1805.0,2695.0,346.0,1179.0,0.0,a58b7ae8a2fa4ae9b0d34ef2b0b7518926b7b1c8f2c2428c8b3f1468900dc778
8499,2014-01-27,side,side,side_pole_load_cell_8,1526,1,subject_vehicle,single_vehicle_inferred_subject,1C4PJLCS2EW102933,JEEP,CHEROKEE,2014,UTILITY VEHICLE,V6 TRANSVERSE FRONT,3.2,AUTOMATIC - FRONT WHEEL DRIVE,32.26,1874.0,1721.0,4620.0,1840.0,2700.0,352.0,1139.0,0.0,a4e6c8a1c4c24970704886eef958f23f61fef0b7330d78c0de985a524659e470
8523,2014-01-30,side,side,side_pole_load_cell_8,1543,1,subject_vehicle,single_vehicle_inferred_subject,JA4AD2A38EZ008034,MITSUBISHI,OUTLANDER,2014,UTILITY VEHICLE,4 CYLINDER TRANSVERSE FRONT,2.4,AUTOMATIC - FRONT WHEEL DRIVE,31.78,1566.0,1480.0,4661.0,1770.0,2670.0,444.0,1219.0,0.0,5059c4bf4818e7a9fbdc37d45915161049ec2a4ac170fa7f874cad42180fa054
8524,2014-01-27,side,side,side_pole_load_cell_8,1529,1,subject_vehicle,single_vehicle_inferred_subject,WAUCFAFC8EN056083,AUDI,A6,2014,FOUR DOOR SEDAN,4 CYLINDER INLINE FRONT,2.0,AUTOMATIC - FRONT WHEEL DRIVE,32.06,1914.0,1708.0,4926.0,1868.0,2916.0,417.0,1469.0,0.0,879b499c8acf0cc78f59a5f3b2ed8e3ab3329a86226888cbc1d11584af4af41b
8528,2014-02-05,side,side,side_pole_load_cell_8,1554,1,subject_vehicle,single_vehicle_inferred_subject,5TFRM5F13EX068039,TOYOTA,TUNDRA,2014,TRUCK,V8 INLINE FRONT,4.6,AUTOMATIC - REAR WHEEL DRIVE,32.4,2504.0,2327.0,5800.0,2030.0,3700.0,349.0,1666.0,0.0,9a18dbbb98112e6b50ef28e3df05187655af8f1f3082740c6a4049929db55739
8532,2014-02-03,side,side,side_pole_load_cell_8,1548,1,subject_vehicle,single_vehicle_inferred_subject,WA1CFAFP4EA053575,AUDI,Q5,2014,UTILITY VEHICLE,4 CYLINDER INLINE FRONT,2.0,AUTOMATIC - FOUR WHEEL DRIVE,32.01,2034.0,1855.0,4632.0,1884.0,2807.0,467.0,1417.0,0.0,fb9ef3533619491987d0a8725bcce89cee25505be0b63b8b5adc74dd7bd861b1
8534,2014-02-04,side,side,side_pole_load_cell_8,1551,1,subject_vehicle,single_vehicle_inferred_subject,5TDZARFH6ES004726,TOYOTA,HIGHLANDER,2014,UTILITY VEHICLE,4 CYLINDER TRANSVERSE FRONT,2.7,AUTOMATIC - FRONT WHEEL DRIVE,32.02,2045.0,1893.0,4855.0,1896.0,2790.0,394.0,1353.0,0.0,eb68e9d79eb8619f2b67ccbdd77cae7b6f8efd28489a8be7c6a711f4b30dd1c2
8544,2014-02-19,side,side,side_pole_load_cell_8,1573,1,subject_vehicle,single_vehicle_inferred_subject,5N1AT2MT6EC762617,NISSAN,ROGUE,2014,UTILITY VEHICLE,4 CYLINDER TRANSVERSE FRONT,2.5,AUTOMATIC - FRONT WHEEL DRIVE,32.72,1658.0,1546.0,4640.0,1835.0,2706.0,373.0,1129.0,0.0,06d7e56005acd71b5d32cc6c2bc1477854c38755a7340b4fbc62135797906285
8556,2014-02-26,side,side,side_pole_load_cell_8,1583,1,subject_vehicle,single_vehicle_inferred_subject,KMHTC6AD7EU185118,HYUNDAI,VELOSTER,2014,THREE DOOR COUPE,4 CYLINDER TRANSVERSE FRONT,1.6,AUTOMATIC - FRONT WHEEL DRIVE,31.97,1343.0,1252.0,4214.0,1758.0,2650.0,290.0,1082.0,0.0,29ef350d12e94691a706401e34e87cff8832a7adbd8386616992479ddeb2ef5b
8558,2014-03-03,side,side,side_pole_load_cell_8,1594,1,subject_vehicle,single_vehicle_inferred_subject,4T4BF1FK5ER381660,TOYOTA,CAMRY,2014,FOUR DOOR SEDAN,4 CYLINDER TRANSVERSE FRONT,2.5,AUTOMATIC - FRONT WHEEL DRIVE,31.95,1579.0,1469.0,4806.0,1974.0,2768.0,379.0,1166.0,0.0,ccbb7010f753f89b27fd12d2cd5aec18f7ecb9cfdfa099a47f8687955363d1fe
8561,2014-02-26,side,side,side_pole_load_cell_8,1586,1,subject_vehicle,single_vehicle_inferred_subject,5TFEM5F19EX072689,TOYOTA,TUNDRA,2014,4 DOOR PICKUP,V8 INLINE FRONT,4.6,AUTOMATIC - REAR WHEEL DRIVE,32.28,2607.0,0.0,5800.0,2030.0,3700.0,396.0,1722.0,0.0,5ca96d4319908c44fa0e455beaf17a38abbd31b7eece8ae0bd351cc1f107401b
8568,2014-03-05,side,side,side_pole_load_cell_8,1598,1,subject_vehicle,single_vehicle_inferred_subject,NM0AE8F70E1142727,FORD,TRANSIT CONNECT,2014,TRUCK,4 CYLINDER TRANSVERSE FRONT,2.5,AUTOMATIC - FRONT WHEEL DRIVE,31.9,1831.0,1650.0,4424.0,1807.0,2664.0,327.0,1215.0,0.0,edb7b329bffb470572d2e3ecca61847fbdb72c1d6fc83b241e52857fc80fdb04
8640,2014-04-10,side,side,side_pole_load_cell_8,1629,1,subject_vehicle,single_vehicle_inferred_subject,1GNSCBKCXFR111704,CHEVROLET,TAHOE,2015,UTILITY VEHICLE,V8 INLINE FRONT,5.3,AUTOMATIC - REAR WHEEL DRIVE,32.09,2633.0,2455.0,5170.0,2040.0,2950.0,454.0,1544.0,0.0,be1b073f826f36f7a6246e7c393eea9fd4b1c5223e24cd4f60c8dec177273881
8648,2014-04-16,side,side,side_pole_load_cell_8,1647,1,subject_vehicle,single_vehicle_inferred_subject,JTEZU5JR3E5074492,TOYOTA,4RUNNER,2014,UTILITY VEHICLE,V6 INLINE FRONT,4.0,AUTOMATIC - REAR WHEEL DRIVE,31.6,2163.0,1984.0,4832.0,1831.0,2791.0,496.0,1438.0,0.0,2b594cd7be22f758e80efb95220e5977c04bb89cf02fec38a8e44ce9014e808b
8661,2014-04-28,side,side,side_pole_load_cell_8,1660,1,subject_vehicle,single_vehicle_inferred_subject,1GC1CVEG5FF105640,CHEVROLET,SILVERADO2500,2015,4 DOOR PICKUP,V8 INLINE FRONT,6.0,AUTOMATIC - REAR WHEEL DRIVE,31.9,3069.0,2889.0,6130.0,2000.0,3915.0,445.0,1874.0,0.0,d242c48a15ab2df30c4ae550ba377f34ae7d97b01c4f205e29eac5fe8f9ebafb
8663,2014-05-02,side,side,side_pole_load_cell_8,1678,1,subject_vehicle,single_vehicle_inferred_subject,1GC2CVEG1FZ105864,CHEVROLET,SILVERADO 2500,2015,EXTENDED CAB PICKUP,V8 INLINE FRONT,6.0,AUTOMATIC - REAR WHEEL DRIVE,32.06,2978.0,2797.0,5875.0,2000.0,3672.0,455.0,1721.0,0.0,006a1bb535a8d75e6fa40d9e5db7c08836c2983d363688fbf548cb784bea22d7
8665,2014-05-09,side,side,side_pole_load_cell_8,1689,1,subject_vehicle,single_vehicle_inferred_subject,3GNAL1EK5ES637484,CHEVROLET,CAPTIVA,2014,UTILITY VEHICLE,4 CYLINDER TRANSVERSE FRONT,2.4,AUTOMATIC - FRONT WHEEL DRIVE,32.2,1853.0,1708.0,4587.0,1786.0,2705.0,427.0,1356.0,0.0,d3933888b875ebb05ae4fedee682229e4bcc7d137b9516e7c4749f8a5cfa02be
8749,2014-05-14,side,side,side_pole_load_cell_8,1697,1,subject_vehicle,single_vehicle_inferred_subject,1GNSCHKC0FR123783,CHEVROLET,SUBURBAN,2015,UTILITY VEHICLE,V8 INLINE FRONT,5.3,AUTOMATIC - REAR WHEEL DRIVE,32.15,2699.0,2518.0,5693.0,2003.0,3310.0,446.0,1742.0,0.0,d05988ce39e0cd556f56156b56d3f26ef33294c23c44d4f10c1ed42900467989
8758,2014-05-30,side,side,side_pole_load_cell_8,1708,1,subject_vehicle,single_vehicle_inferred_subject,WMWXM5C59ET932711,MINI,COOPER HARDTOP,2014,THREE DOOR HATCHBACK,3 CYLINDER TRANSVERSE FRONT,1.5,AUTOMATIC - FRONT WHEEL DRIVE,31.94,1335.0,1260.0,3794.0,1691.0,2487.0,316.0,1004.0,0.0,7aed403c5e4b7ce124290f3365c4654b589dad0e2701f50ec88afc400a182be8
8780,2014-06-05,side,side,side_pole_load_cell_8,1712,1,subject_vehicle,single_vehicle_inferred_subject,JTJZK1BA8F2420144,LEXUS,RX 350,2015,UTILITY VEHICLE,V6 TRANSVERSE FRONT,3.5,AUTOMATIC - FRONT WHEEL DRIVE,31.57,1998.0,1901.0,4720.0,1885.0,2738.0,501.0,1189.0,0.0,4f115a211d07de058bdf4388f67c32dccfbfd09afe058ddab5784336378297b2
8783,2014-06-06,side,side,side_pole_load_cell_8,1716,1,subject_vehicle,single_vehicle_inferred_subject,KMHGN4JE1FU019915,HYUNDAI,GENESIS,2015,FOUR DOOR SEDAN,V6 INLINE FRONT,3.8,AUTOMATIC - REAR WHEEL DRIVE,32.18,2103.0,1988.0,4987.0,1880.0,3010.0,265.0,1549.0,0.0,6b169c011dd4911e93c66c4afbd1c3a062d29379300e37f4433b733faad05892
8785,2014-06-11,side,side,side_pole_load_cell_8,1721,1,subject_vehicle,single_vehicle_inferred_subject,4A4AP3AU9EE028711,MITSUBISHI,OUTLANDER SPORT,2014,UTILITY VEHICLE,4 CYLINDER TRANSVERSE FRONT,2.0,AUTOMATIC - FRONT WHEEL DRIVE,32.0,1491.0,1418.0,4301.0,1765.0,2670.0,418.0,1134.0,0.0,cd63417036c655d7b421cccd94ab42818d3310b86baa38cc770855030455c49e
8792,2014-07-16,side,side,side_pole_load_cell_8,1753,1,subject_vehicle,single_vehicle_inferred_subject,1G6AR5S30E0168990,CADILLAC,CTS,2014,FOUR DOOR SEDAN,V6 INLINE FRONT,3.6,AUTOMATIC - REAR WHEEL DRIVE,32.26,1815.0,1706.0,4973.0,1805.0,2910.0,360.0,1465.0,0.0,7ec0de22f16f4d2b5b33ec1f10b5b46c78020fe7d4b0d02916f93c5ff452668b
8880,2014-07-24,side,side,side_pole_load_cell_8,1765,1,subject_vehicle,single_vehicle_inferred_subject,5NPE24AF5FH002025,HYUNDAI,SONATA,2015,FOUR DOOR SEDAN,4 CYLINDER TRANSVERSE FRONT,2.4,AUTOMATIC - FRONT WHEEL DRIVE,32.26,1619.0,1503.0,4870.0,1820.0,2810.0,348.0,1193.0,0.0,42011f1732e7159dae67411eb33a368084f8ffe1182c47ad35a97637f542cd1e
8908,2014-08-12,side,side,side_pole_load_cell_8,1779,1,subject_vehicle,single_vehicle_inferred_subject,KNAFK4A68F5263926,KIA,FORTE,2015,FOUR DOOR SEDAN,4 CYLINDER TRANSVERSE FRONT,1.8,AUTOMATIC - FRONT WHEEL DRIVE,32.24,1387.0,1296.0,4492.0,1768.0,2698.0,279.0,1096.0,0.0,1529515e93eebf272efe755e9821a77cba649ae25d4c2c354047a99c2b3d6502
8938,2014-09-08,side,side,side_pole_load_cell_8,1785,1,subject_vehicle,single_vehicle_inferred_subject,5LMCJ1A98FUJ03481,LINCOLN,MKC,2015,UTILITY VEHICLE,4 CYLINDER TRANSVERSE FRONT,2.0,AUTOMATIC - FRONT WHEEL DRIVE,32.18,1793.0,1713.0,4555.0,1820.0,2682.0,384.0,1130.0,0.0,87649c2207ed94dd0e8777efdd39aac2463c61d941e516a796c2cd7574177c22
8940,2014-09-10,side,side,side_pole_load_cell_8,1793,1,subject_vehicle,single_vehicle_inferred_subject,1N4AL3AP5FN314978,NISSAN,ALTIMA,2015,FOUR DOOR SEDAN,4 CYLINDER TRANSVERSE FRONT,2.5,AUTOMATIC - FRONT WHEEL DRIVE,31.62,1558.0,1448.0,4863.0,1821.0,2774.0,419.0,1177.0,0.0,9e90dfc79f5d8c4a9345a35fe0e078ea00be531b4e5633c040fd604ab97df057
8981,2014-09-23,side,side,side_pole_load_cell_8,1800,1,subject_vehicle,single_vehicle_inferred_subject,1G6AA5RX3F0101057,CADILLAC,ATS,2015,FOUR DOOR SEDAN,4 CYLINDER INLINE FRONT,2.0,AUTOMATIC - REAR WHEEL DRIVE,32.21,1643.0,1542.0,4657.0,1758.0,2777.0,339.0,1401.0,0.0,f18a78d24dedfc5759c74a8cb41162cb998f6d84d89a8df1e5408dea1589c954
8985,2014-10-03,side,side,side_pole_load_cell_8,1805,1,subject_vehicle,single_vehicle_inferred_subject,1C3CCCAB1FN502389,CHRYSLER,200,2015,FOUR DOOR SEDAN,4 CYLINDER TRANSVERSE FRONT,2.4,AUTOMATIC - FRONT WHEEL DRIVE,32.12,1680.0,0.0,4888.0,1872.0,2730.0,349.0,1175.0,0.0,39104c7a689d9aa0d4d652c099486540ddddd208ad5f1bee68b54d3f4a28c7a8
8990,2014-10-23,side,side,side_pole_load_cell_8,1816,1,subject_vehicle,single_vehicle_inferred_subject,4S4BSAAC9F3229958,SUBARU,OUTBACK,2015,UTILITY VEHICLE,4 CYLINDER INLINE FRONT,2.5,AUTOMATIC - FOUR WHEEL DRIVE,31.65,1757.0,1647.0,4812.0,1823.0,2744.0,423.0,1265.0,0.0,319c8e071d62eec032ecfc82cfdc10c9b9886ba409cf7d9c4448b4c97992ac68
8994,2014-10-29,side,side,side_pole_load_cell_8,1835,1,subject_vehicle,single_vehicle_inferred_subject,5TFTX4CN2FX048610,TOYOTA,TACOMA,2015,EXTENDED CAB PICKUP,4 CYLINDER INLINE FRONT,2.7,AUTOMATIC - REAR WHEEL DRIVE,32.07,1810.0,1634.0,5280.0,1799.0,3231.0,516.0,1568.0,0.0,3d7edbb04432fa635e638dde1f2724b8a934fbed760de17252abcd87735d0099
8995,2014-10-28,side,side,side_pole_load_cell_8,1829,1,subject_vehicle,single_vehicle_inferred_subject,1FMZK1YG1FKA10327,FORD,TRANSIT VAN,2015,VAN,V6 INLINE FRONT,3.6,AUTOMATIC - REAR WHEEL DRIVE,32.05,2773.0,0.0,5582.0,2018.0,3300.0,422.0,1643.0,0.0,ab9b200292a5b3d15fb91e312820f914bdd04bd9c5536cedd9792b296e4cc675
8996,2014-10-30,side,side,side_pole_load_cell_8,1840,1,subject_vehicle,single_vehicle_inferred_subject,5TFJX4GN8FX038505,TOYOTA,TACOMA,2015,4 DOOR PICKUP,4 CYLINDER INLINE FRONT,2.7,AUTOMATIC - REAR WHEEL DRIVE,32.71,1946.0,1766.0,5281.0,1807.0,3245.0,476.0,1605.0,0.0,44f670704aa8c756018c9d6ea760dfedbbfb359bf34bd05abcd059ea4ec19894
9003,2014-11-11,side,side,side_pole_load_cell_8,1855,1,subject_vehicle,single_vehicle_inferred_subject,5UXKR2C58F0H35448,BMW,X5,2015,UTILITY VEHICLE,STRAIGHT 6 INLINE FRONT,3.0,AUTOMATIC - REAR WHEEL DRIVE,32.21,2274.0,2095.0,4874.0,1930.0,2934.0,440.0,1582.0,0.0,0a8d1910e2c92965215d595dda88a3848a1454c2da32eafbabc26b9a44d948f4
9004,2014-11-04,side,side,side_pole_load_cell_8,1847,1,subject_vehicle,single_vehicle_inferred_subject,4T4BF1FK4FR447293,TOYOTA,CAMRY,2015,FOUR DOOR SEDAN,4 CYLINDER TRANSVERSE FRONT,2.5,AUTOMATIC - FRONT WHEEL DRIVE,32.23,1593.0,1481.0,4850.0,1816.0,2773.0,378.0,1152.0,0.0,804e020fbf1204a7e176e59215978060446230ea2d5bb63dcd50a5326f765a81
9007,2014-11-12,side,side,side_pole_load_cell_8,1859,1,subject_vehicle,single_vehicle_inferred_subject,WAUACGFF7F1015448,AUDI,A3,2015,FOUR DOOR SEDAN,4 CYLINDER TRANSVERSE FRONT,1.8,AUTOMATIC - FRONT WHEEL DRIVE,32.26,1628.0,1424.0,4464.0,1782.0,2632.0,300.0,1166.0,0.0,b01d944a82ea5eff0554a28b54744902420b17c1a93ad3b865e64e498a25e15f
9014,2014-11-19,side,side,side_pole_load_cell_8,1877,1,subject_vehicle,single_vehicle_inferred_subject,5TDZK3DC0FS539196,TOYOTA,SIENNA,2015,MINIVAN,V6 TRANSVERSE FRONT,3.5,AUTOMATIC - FRONT WHEEL DRIVE,32.15,2162.0,1981.0,5090.0,1985.0,3032.0,419.0,1423.0,0.0,3035683484d3c2a4f32b7227873ae9486734029a50e079458e97a0177d2cc347
9016,2014-11-19,side,side,side_pole_load_cell_8,1880,1,subject_vehicle,single_vehicle_inferred_subject,2C3CDZAG9FH709441,DODGE,CHALLENGER,2015,TWO DOOR COUPE,V6 INLINE FRONT,3.6,AUTOMATIC - REAR WHEEL DRIVE,32.14,1857.0,1761.0,5009.0,1917.0,2951.0,476.0,1441.0,0.0,cd8dccf68d6be9a3abf61151c484fe9d930ef84793d6757874eb441f2910e00a
9031,2014-12-02,side,side,side_pole_load_cell_8,1896,1,subject_vehicle,single_vehicle_inferred_subject,ML32A3HJ0FH003708,MITSUBISHI,MIRAGE,2015,FIVE DOOR HATCHBACK,3 CYLINDER TRANSVERSE FRONT,1.2,MANUAL - FRONT WHEEL DRIVE,32.3,993.0,913.0,3640.0,1646.0,2450.0,326.0,1058.0,0.0,3389aab2923a14e7b2d26b2943b620b4a6ebc1471ce25b8c9ff05637fe64dbea
9034,2014-12-03,side,side,side_pole_load_cell_8,1899,1,subject_vehicle,single_vehicle_inferred_subject,3HGGK5G54FM732565,HONDA,FIT,2015,FIVE DOOR HATCHBACK,4 CYLINDER TRANSVERSE FRONT,1.5,MANUAL - FRONT WHEEL DRIVE,32.14,1221.0,1138.0,4068.0,1694.0,2530.0,250.0,1005.0,0.0,48c79c1961496d4c106f8e0de4eb09e7df923ca4c3d5361ef6b8d9ca139eac51
9044,2014-12-09,side,side,side_pole_load_cell_8,1909,1,subject_vehicle,single_vehicle_inferred_subject,5UXWX9C5XF0D52689,BMW,X3,2015,UTILITY VEHICLE,4 CYLINDER INLINE FRONT,2.0,AUTOMATIC - FOUR WHEEL DRIVE,31.68,1955.0,1843.0,4635.0,1843.0,2806.0,404.0,1435.0,0.0,3364f696d859535981b4feae52a5834ddf23ff0ba1ca4dbc1d8a20603cd00670
9045,2014-12-09,side,side,side_pole_load_cell_8,1910,1,subject_vehicle,single_vehicle_inferred_subject,2HKRM3H32FH502502,HONDA,CR-V,2015,UTILITY VEHICLE,4 CYLINDER TRANSVERSE FRONT,2.4,AUTOMATIC - FRONT WHEEL DRIVE,32.53,1611.0,1531.0,4556.0,1830.0,2622.0,340.0,1147.0,0.0,06e54fa5fccdadaf88a4494aebc27a1f449ca0a18b68d14419e4704817587265
9049,2014-12-10,side,side,side_pole_load_cell_8,1914,1,subject_vehicle,single_vehicle_inferred_subject,1FMJU1HT5FEF02927,FORD,EXPEDITION,2015,UTILITY VEHICLE,V6 INLINE FRONT,3.5,AUTOMATIC - REAR WHEEL DRIVE,32.3,2752.0,2571.0,5230.0,1976.0,3012.0,399.0,1677.0,0.0,335f15b052ad07acbc4d5c3d7ce5360cf665f85bb5165e9d27bbfea68e9476d8
9053,2014-12-12,side,side,side_pole_load_cell_8,1921,1,subject_vehicle,single_vehicle_inferred_subject,JM3TB2BA0F0448621,MAZDA,CX-9,2015,UTILITY VEHICLE,V6 TRANSVERSE FRONT,3.7,AUTOMATIC - FRONT WHEEL DRIVE,32.18,2017.0,1909.0,5096.0,1922.0,2875.0,456.0,1266.0,0.0,e7dea1d82e2cfd92f607e9d4ce9dfc24da7979dd9f021a5fbee7afb3d494a785
9055,2014-12-23,side,side,side_pole_load_cell_8,1929,1,subject_vehicle,single_vehicle_inferred_subject,KL4CJASB5FB041276,BUICK,ENCORE,2015,UTILITY VEHICLE,4 CYLINDER TRANSVERSE FRONT,1.4,AUTOMATIC - FRONT WHEEL DRIVE,32.13,1586.0,1454.0,4273.0,1748.0,2554.0,363.0,1075.0,0.0,a7d2dcd8eac099cb0ecabf94dde2f8af072175130b3c63db8ef91a5832574f42
9061,2015-01-08,side,side,side_pole_load_cell_8,1937,1,subject_vehicle,single_vehicle_inferred_subject,1FA6P8AM1F5313713,FORD,MUSTANG,2015,TWO DOOR COUPE,V6 INLINE FRONT,3.7,AUTOMATIC - REAR WHEEL DRIVE,32.05,1672.0,1598.0,4688.0,1820.0,2716.0,362.0,1309.0,0.0,2285a090171c965ba9a686c24bf65c31edefc39fdc31582e7f826fac264f8ae9
9062,2015-01-13,side,side,side_pole_load_cell_8,1940,1,subject_vehicle,single_vehicle_inferred_subject,WMWXM5C57FT973128,MINI,COOPER HARDTOP,2015,THREE DOOR HATCHBACK,3 CYLINDER TRANSVERSE FRONT,1.5,MANUAL - FRONT WHEEL DRIVE,31.63,1255.0,1180.0,3795.0,1692.0,2496.0,295.0,1030.0,0.0,0cd4a53908c3f637bd4a4a17c366bf0c88a481dd3b2ca57b2a04f2a67ab297b2
9066,2015-01-22,side,side,side_pole_load_cell_8,1947,1,subject_vehicle,single_vehicle_inferred_subject,19UUB2F37FA012255,ACURA,TLX,2015,FOUR DOOR SEDAN,V6 TRANSVERSE FRONT,3.5,AUTOMATIC - FRONT WHEEL DRIVE,32.09,1722.0,1632.0,4830.0,1850.0,2776.0,353.0,1132.0,0.0,44a245649b6d171c427758157b6d8b7eb92707b823b5f65b9becb269ce0bd3b8
9071,2015-01-27,side,side,side_pole_load_cell_8,1952,1,subject_vehicle,single_vehicle_inferred_subject,JTMZFREV8FD047647,TOYOTA,RAV4,2015,UTILITY VEHICLE,4 CYLINDER TRANSVERSE FRONT,2.5,AUTOMATIC - FRONT WHEEL DRIVE,32.63,1688.0,1578.0,4572.0,1823.0,2661.0,340.0,1152.0,0.0,4cd0a9bc8a949bc85d04b2bad328a3d8b8ae0b939241b6b03b7e2419d444e0ba
9072,2015-01-27,side,side,side_pole_load_cell_8,1953,1,subject_vehicle,single_vehicle_inferred_subject,JTJYARBZ8F2001438,LEXUS,NX200t,2015,UTILITY VEHICLE,4 CYLINDER TRANSVERSE FRONT,2.0,AUTOMATIC - FRONT WHEEL DRIVE,32.15,1882.0,1774.0,4630.0,1814.0,2670.0,389.0,1153.0,0.0,8ea76fde83b3251e6e871e48807bb0884393ad4eee0c0a8b799b30efb6a0ba86
9075,2015-01-29,side,side,side_pole_load_cell_8,1958,1,subject_vehicle,single_vehicle_inferred_subject,3VW817AU3FM020384,VOLKSWAGEN,GOLF,2015,TWO DOOR SEDAN,4 CYLINDER TRANSVERSE FRONT,1.8,MANUAL - FRONT WHEEL DRIVE,32.23,1471.0,1310.0,4281.0,1767.0,2628.0,333.0,1177.0,0.0,2d09b31fa3bd543b03ad517052354a2cfc5fa2fb7107318ebd413a4000b140c0
9082,2015-02-05,side,side,side_pole_load_cell_8,1963,1,subject_vehicle,single_vehicle_inferred_subject,1GCHSBEA5F1148951,CHEVROLET,COLORADO,2015,EXTENDED CAB PICKUP,4 CYLINDER INLINE FRONT,2.5,AUTOMATIC - REAR WHEEL DRIVE,32.48,1968.0,1787.0,5402.0,1763.0,3265.0,253.0,1574.0,0.0,81a4b5a2888d9367775d1ab311cdadcb79bce7fa636ae02aadc64f2e0dc83b3e
9085,2015-02-12,side,side,side_pole_load_cell_8,1969,1,subject_vehicle,single_vehicle_inferred_subject,1FADP3F26FL200577,FORD,FOCUS,2015,FOUR DOOR SEDAN,4 CYLINDER TRANSVERSE FRONT,2.0,AUTOMATIC - FRONT WHEEL DRIVE,32.58,1439.0,1361.0,4541.0,1789.0,2653.0,348.0,1104.0,0.0,55d399497a2510b323fc8be7a96fbfeb8dccda47a466e6d64a399db17b2ec5de
9088,2015-02-18,side,side,side_pole_load_cell_8,1973,1,subject_vehicle,single_vehicle_inferred_subject,1FTEW1C85FFA22741,FORD,F150 SUPERCREW,2015,4 DOOR PICKUP,V6 INLINE FRONT,3.5,AUTOMATIC - REAR WHEEL DRIVE,32.06,2214.0,2032.0,5892.0,2030.0,3682.0,313.0,1694.0,0.0,9471e1da55707544ab96e03703673aa96a154d56f2b93522209ead0d758be85e
9100,2015-02-26,side,side,side_pole_load_cell_8,1979,1,subject_vehicle,single_vehicle_inferred_subject,1FTEX1C81FFA09305,FORD,F150 SUPERCAB,2015,EXTENDED CAB PICKUP,V6 INLINE FRONT,3.5,AUTOMATIC - REAR WHEEL DRIVE,32.11,2180.0,1999.0,5890.0,2020.0,3684.0,273.0,1702.0,0.0,17260ba06864419a78efcbc44dda737fd772647fe0f211f770e1f649b09c1d82
9120,2015-03-11,side,side,side_pole_load_cell_8,1988,1,subject_vehicle,single_vehicle_inferred_subject,KNDMA5C12F6025729,KIA,SEDONA,2015,MINIVAN,V6 TRANSVERSE FRONT,3.3,AUTOMATIC - FRONT WHEEL DRIVE,32.16,2109.0,2016.0,5119.0,1960.0,3058.0,391.0,1360.0,0.0,c51ff7d463fb2c24dea27952b583ac79571fbe6d588d5fb287a86585f4774414
9158,2015-03-24,side,side,side_pole_load_cell_8,1997,1,subject_vehicle,single_vehicle_inferred_subject,5XYPG4A36GG006917,KIA,SORENTO,2016,UTILITY VEHICLE,4 CYLINDER TRANSVERSE FRONT,2.4,AUTOMATIC - FRONT WHEEL DRIVE,32.06,1817.0,1691.0,4762.0,1862.0,2780.0,314.0,1280.0,0.0,06ca447e6e0a6857801768904fe527f69ee7b057b76a7024926f43d7f6fb9d18
9161,2015-03-30,side,side,side_pole_load_cell_8,2005,1,subject_vehicle,single_vehicle_inferred_subject,5N1AZ2MG1FN211292,NISSAN,MURANO,2015,UTILITY VEHICLE,V6 TRANSVERSE FRONT,3.5,AUTOMATIC - FRONT WHEEL DRIVE,32.05,1834.0,1720.0,4884.0,1916.0,2822.0,426.0,1175.0,0.0,6d3fbd210f884bb05617a00238a479c1f509f5bb11214868cc1b9376cc8e66e1
9167,2015-04-02,side,side,side_pole_load_cell_8,2012,1,subject_vehicle,single_vehicle_inferred_subject,JH4KC1F56FC001152,ACURA,RLX,2015,FOUR DOOR SEDAN,V6 TRANSVERSE FRONT,3.5,AUTOMATIC - FRONT WHEEL DRIVE,32.11,1894.0,1803.0,4984.0,1886.0,2850.0,360.0,1165.0,0.0,48708d16202f0aff8b6025b925bb31fcf9851baa7e69dc91bbe4e5d9e288a8bf
9169,2015-04-13,side,side,side_pole_load_cell_8,2020,1,subject_vehicle,single_vehicle_inferred_subject,55SWF4JB1FU055484,MERCEDES,C300,2015,FOUR DOOR SEDAN,4 CYLINDER INLINE FRONT,2.0,AUTOMATIC - REAR WHEEL DRIVE,30.76,1618.0,1556.0,4648.0,1797.0,2835.0,302.0,1332.0,0.0,df503f85e7ee23dab16947cdcddcaf364f0a90b5ce5ca217886dcd19e96545cb
9251,2015-04-22,side,side,side_pole_load_cell_8,2027,1,subject_vehicle,single_vehicle_inferred_subject,2FMTK3J80FBB05248,FORD,EDGE,2015,UTILITY VEHICLE,V6 TRANSVERSE FRONT,3.5,AUTOMATIC - FRONT WHEEL DRIVE,31.88,1959.0,1829.0,4778.0,1921.0,2850.0,455.0,1210.0,0.0,2f1bab9534a0832cf48fe2ae84dc8443c7a2c771e8f3aa6deeebbdae45dfacba
9253,2015-06-17,side,side,side_pole_load_cell_8,2039,1,subject_vehicle,single_vehicle_inferred_subject,19UDE2F32GA003066,ACURA,ILX,2016,FOUR DOOR SEDAN,4 CYLINDER TRANSVERSE FRONT,2.4,AUTOMATIC - FRONT WHEEL DRIVE,32.08,1498.0,1409.0,4620.0,1742.0,2670.0,349.0,1063.0,0.0,8494d84b302484555198254d868e4c0a15671f809a78b4edbfd25d7a1d353882
9293,2015-07-09,side,side,side_pole_load_cell_8,2045,1,subject_vehicle,single_vehicle_inferred_subject,1N4AA6AP2GC379887,NISSAN,MAXIMA,2016,FOUR DOOR SEDAN,V6 TRANSVERSE FRONT,3.5,AUTOMATIC - FRONT WHEEL DRIVE,32.08,1703.0,1589.0,4900.0,1856.0,2768.0,416.0,1153.0,0.0,13aa557a8554a229fd54025d0875bec7cd332d685c438daa547e671c34e44be5
9297,2015-07-14,side,side,side_pole_load_cell_8,2050,1,subject_vehicle,single_vehicle_inferred_subject,3CZRU5H35GM704929,HONDA,HR-V,2016,UTILITY VEHICLE,4 CYLINDER TRANSVERSE FRONT,1.8,AUTOMATIC - FRONT WHEEL DRIVE,32.18,1397.0,1306.0,4285.0,1770.0,2614.0,314.0,1058.0,0.0,938cfdde480226145dd00c99b6c584714d8a04adc3912b9a528e1af601bf1da8
9300,2015-07-16,side,side,side_pole_load_cell_8,2055,1,subject_vehicle,single_vehicle_inferred_subject,5J8TB3H38GL001303,ACURA,RDX,2016,UTILITY VEHICLE,STRAIGHT 6 TRANSVERSE FRONT,3.5,AUTOMATIC - FRONT WHEEL DRIVE,32.13,1798.0,1699.0,4678.0,1860.0,2690.0,335.0,1118.0,0.0,bb5964cdc2b6d93b779e295c232a868239c84a1f6b11ce8e284472f535b38222
9325,2015-08-11,side,side,side_pole_load_cell_8,2081,1,subject_vehicle,single_vehicle_inferred_subject,5FNYF5H31GB002347,HONDA,PILOT,2016,UTILITY VEHICLE,STRAIGHT 6 TRANSVERSE FRONT,3.5,AUTOMATIC - FRONT WHEEL DRIVE,32.0,1947.0,1838.0,4942.0,1994.0,2818.0,384.0,1228.0,0.0,3863272f2ab499f0b94df4931f8ea0fd05be37c257a684e85bde002434c61f0d
9351,2015-10-06,side,side,side_pole_load_cell_8,2116,1,subject_vehicle,single_vehicle_inferred_subject,KM8J23A48GU042688,HYUNDAI,TUCSON,2016,UTILITY VEHICLE,4 CYLINDER TRANSVERSE FRONT,2.0,AUTOMATIC - FRONT WHEEL DRIVE,32.13,1656.0,1509.0,4477.0,1808.0,2670.0,346.0,1210.0,0.0,67ec2bbfd0382e771866c18545471878a2d2876c51b4760b2685e2aafcec2f85
9352,2015-10-06,side,side,side_pole_load_cell_8,2117,1,subject_vehicle,single_vehicle_inferred_subject,1C4NJPBB3GD532579,JEEP,PATRIOT,2016,UTILITY VEHICLE,4 CYLINDER TRANSVERSE FRONT,2.4,AUTOMATIC - FRONT WHEEL DRIVE,32.72,1575.0,1454.0,4426.0,1757.0,2633.0,452.0,1156.0,0.0,c6e801d624c96edcf712f011f3618d4c23d84bc469de6d36dfc10776b4e1f09b
9469,2015-10-15,side,side,side_pole_load_cell_8,2132,1,subject_vehicle,single_vehicle_inferred_subject,1FT7W2A67GEA02126,FORD,F250 PICKUP,2016,4 DOOR PICKUP,V8 INLINE FRONT,6.2,AUTOMATIC - REAR WHEEL DRIVE,32.24,3189.0,3012.0,6280.0,2025.0,3988.0,603.0,1896.0,0.0,f9af39309ae882bce4f15d4fc242efbaa5b2805cbff36ae6d54ba620a67c4707
9472,2015-10-10,side,side,side_pole_load_cell_8,2124,1,subject_vehicle,single_vehicle_inferred_subject,3C4PDCAB0GT104389,DODGE,JOURNEY,2016,UTILITY VEHICLE,4 CYLINDER TRANSVERSE FRONT,2.4,AUTOMATIC - FRONT WHEEL DRIVE,32.24,1860.0,1764.0,4895.0,1830.0,2896.0,414.0,1324.0,0.0,35d8a306b335accd90806b65bd1c0ce3b65fa29ff53716cea9db209fdada53da
9473,2015-10-22,side,side,side_pole_load_cell_8,2138,1,subject_vehicle,single_vehicle_inferred_subject,1FT7X2A6XGEA62625,FORD,F250 PICKUP,2016,EXTENDED CAB PICKUP,V8 INLINE FRONT,6.2,AUTOMATIC - REAR WHEEL DRIVE,32.28,3092.0,2913.0,5938.0,2032.0,3620.0,683.0,1704.0,0.0,9be48dde1537288ac29bcf841d3021d35371cbbc7ff7ef0a07a88315fe0ffb2e
9485,2015-11-05,side,side,side_pole_load_cell_8,2154,1,subject_vehicle,single_vehicle_inferred_subject,1FM5K7B88GGA75084,FORD,EXPLORER,2016,UTILITY VEHICLE,V6 TRANSVERSE FRONT,3.5,AUTOMATIC - FRONT WHEEL DRIVE,32.75,2187.0,2015.0,5043.0,1970.0,2865.0,421.0,1411.0,0.0,b78bc2889653b83b5a9347cae4fa106b7a5b13704e88168b6d7d866cb7eddd8d
9489,2015-11-11,side,side,side_pole_load_cell_8,2160,1,subject_vehicle,single_vehicle_inferred_subject,JTHBK1GG3G2217065,LEXUS,ES 350,2016,FOUR DOOR SEDAN,V6 TRANSVERSE FRONT,3.5,AUTOMATIC - FRONT WHEEL DRIVE,32.54,1741.0,1632.0,4885.0,1798.0,2812.0,443.0,1148.0,0.0,6e7e6eefb96b43cca171ea5591329a6beb5a7f2319d0ce435bed29b0f0a149d2
9490,2015-11-16,side,side,side_pole_load_cell_8,2165,1,subject_vehicle,single_vehicle_inferred_subject,JM1DKBC74G0109538,MAZDA,CX-3,2016,UTILITY VEHICLE,4 CYLINDER TRANSVERSE FRONT,2.0,AUTOMATIC - FRONT WHEEL DRIVE,32.84,1355.0,1270.0,4268.0,1705.0,2566.0,344.0,1007.0,0.0,e2fdf90f9498110d58f795ac2ca189f542a7da711ccc70a18a566df1ce9cd123
9495,2015-11-24,side,side,side_pole_load_cell_8,2182,1,subject_vehicle,single_vehicle_inferred_subject,2C3CCAAG0GH134975,CHRYSLER,300,2016,FOUR DOOR SEDAN,V6 INLINE FRONT,3.6,AUTOMATIC - REAR WHEEL DRIVE,32.19,1906.0,1811.0,5060.0,1895.0,3055.0,365.0,1485.0,0.0,9751a68618334c59921543d899028d20d01b330320dc9b825b9fd4ffe098555d
9496,2015-11-23,side,side,side_pole_load_cell_8,2181,1,subject_vehicle,single_vehicle_inferred_subject,LYV402FM7GB087884,VOLVO,S60I,2016,FOUR DOOR SEDAN,4 CYLINDER TRANSVERSE FRONT,2.0,AUTOMATIC - FRONT WHEEL DRIVE,32.64,1841.0,1682.0,4717.0,1822.0,2856.0,383.0,1207.0,0.0,7971b3f5883ffaadcc136699718952ce558af67c2344401d96565dbb9b793d9f
9502,2015-12-08,side,side,side_pole_load_cell_8,2200,1,subject_vehicle,single_vehicle_inferred_subject,2C3CDXBG6GH121856,DODGE,CHARGER,2016,FOUR DOOR SEDAN,V6 INLINE FRONT,3.6,AUTOMATIC - REAR WHEEL DRIVE,32.22,1896.0,1799.0,5042.0,1895.0,3050.0,330.0,1498.0,0.0,04c0e59883e61e09c2c0dd7abcb1c2196e5506bd3c07b66f1b8fef73429e2dee
9507,2015-12-14,side,side,side_pole_load_cell_8,2213,1,subject_vehicle,single_vehicle_inferred_subject,3N1CN7AP2GL817036,NISSAN,VERSA,2016,FOUR DOOR SEDAN,4 CYLINDER TRANSVERSE FRONT,1.6,AUTOMATIC - FRONT WHEEL DRIVE,32.18,1186.0,1099.0,4497.0,1693.0,2600.0,436.0,1142.0,0.0,c8c6dca932464b2946fb7ab02c1a321a517f0928e540175fbf4265100aefed6b
9509,2015-12-16,side,side,side_pole_load_cell_8,2223,1,subject_vehicle,single_vehicle_inferred_subject,1GCGSBEA9G1152708,CHEVROLET,COLORADO,2016,4 DOOR PICKUP,4 CYLINDER INLINE FRONT,2.5,AUTOMATIC - REAR WHEEL DRIVE,32.79,1981.0,1802.0,5391.0,1757.0,3259.0,244.0,1578.0,0.0,f35e238a74e1cdb30a8f553b8cc435d908b6ed4a99d5d14c5377c2c417082c8f
9514,2016-01-06,side,side,side_pole_load_cell_8,2246,1,subject_vehicle,single_vehicle_inferred_subject,ZACCJABT1GPC44431,JEEP,RENEGADE,2016,UTILITY VEHICLE,4 CYLINDER TRANSVERSE FRONT,2.4,AUTOMATIC - FRONT WHEEL DRIVE,32.25,1550.0,1455.0,4231.0,1768.0,2564.0,338.0,1041.0,0.0,e14033f5a5a7e75d93dc01ee52c7a12b807eca05f252dc704e37028464ddac56
9515,2016-01-08,side,side,side_pole_load_cell_8,2250,1,subject_vehicle,single_vehicle_inferred_subject,3N1CE2CP1GL366701,NISSAN,VERSA NOTE,2016,FIVE DOOR HATCHBACK,4 CYLINDER TRANSVERSE FRONT,1.6,AUTOMATIC - FRONT WHEEL DRIVE,32.57,1210.0,1123.0,4079.0,1690.0,2601.0,451.0,1094.0,0.0,a65fb97869cf48dc439a7af03aef5b326f3c0b8b1fbfd56ce45bff868c9adfd7
9548,2016-01-21,side,side,side_pole_load_cell_8,2278,1,subject_vehicle,single_vehicle_inferred_subject,5XXGT4L30GG018655,KIA,OPTIMA,2016,FOUR DOOR SEDAN,4 CYLINDER TRANSVERSE FRONT,2.4,AUTOMATIC - FRONT WHEEL DRIVE,32.14,1577.0,1467.0,4848.0,1840.0,2802.0,337.0,1182.0,0.0,317ba2af5c9b18910891fff6deb8646f032cbcb5eb952a2100d86ba7c5418369
9551,2016-01-27,side,side,side_pole_load_cell_8,2289,1,subject_vehicle,single_vehicle_inferred_subject,3VWC17AU0GM514598,VOLKSWAGEN,Golf SportWagen,2016,STATION WAGON,4 CYLINDER TRANSVERSE FRONT,1.8,AUTOMATIC - FRONT WHEEL DRIVE,32.47,1569.0,1414.0,4561.0,1775.0,2628.0,348.0,1228.0,0.0,7494eb8f055ee7cef8f208e5f4157e90eee0228ecf52cb7b6b0ddaa676237772
9554,2016-01-29,side,side,side_pole_load_cell_8,2296,1,subject_vehicle,single_vehicle_inferred_subject,1VWAS7A33GC011306,VOLKSWAGEN,PASSAT,2016,FOUR DOOR SEDAN,4 CYLINDER TRANSVERSE FRONT,1.8,AUTOMATIC - FRONT WHEEL DRIVE,32.2,1709.0,1492.0,4890.0,1790.0,2804.0,388.0,1350.0,0.0,d022293e1c9ba1537706af6df3015a86d2739102b3cf53686285f13b673be0f5
9556,2016-02-02,side,side,side_pole_load_cell_8,2305,1,subject_vehicle,single_vehicle_inferred_subject,19XFC2F55GE002943,HONDA,CIVIC,2016,FOUR DOOR SEDAN,4 CYLINDER TRANSVERSE FRONT,2.0,AUTOMATIC - FRONT WHEEL DRIVE,32.2,1339.0,1250.0,4625.0,1790.0,2699.0,287.0,1091.0,0.0,614063a14a61b45fc9569e45c7e913216901f5c9b7328e3d5accd98ea1d14a83
9559,2016-02-04,side,side,side_pole_load_cell_8,2322,1,subject_vehicle,single_vehicle_inferred_subject,YV4A22PK7G1032642,VOLVO,XC90 T6,2016,UTILITY VEHICLE,4 CYLINDER TRANSVERSE FRONT,2.0,AUTOMATIC - FOUR WHEEL DRIVE,32.17,2203.0,2083.0,4950.0,1918.0,2985.0,303.0,1463.0,0.0,c43eb99eca03f7d59eafc3f968c05efb83f3bb261f94de8db7c966467c7468a3
9565,2016-02-11,side,side,side_pole_load_cell_8,2329,1,subject_vehicle,single_vehicle_inferred_subject,1G1ZB5ST1GF182197,CHEVROLET,MALIBU,2016,FOUR DOOR SEDAN,4 CYLINDER TRANSVERSE FRONT,1.5,AUTOMATIC - FRONT WHEEL DRIVE,31.82,1510.0,1400.0,4907.0,1850.0,2828.0,317.0,1188.0,0.0,e0f8bf7507579801a4894f4b361f608062faa1186f981dd0560bb4cb91dcbea0
9584,2016-02-29,side,side,side_pole_load_cell_8,2354,1,subject_vehicle,single_vehicle_inferred_subject,2T2ZZMCA7GC004499,LEXUS,RX 350,2016,UTILITY VEHICLE,V6 TRANSVERSE FRONT,3.5,AUTOMATIC - FRONT WHEEL DRIVE,32.25,2034.0,1926.0,4870.0,1897.0,2791.0,342.0,1227.0,0.0,fc9bf903b6b5e7636873f0387fea2373af4949dede6fa5444500f9a35d2f888b
9589,2016-03-09,side,side,side_pole_load_cell_8,2370,1,subject_vehicle,single_vehicle_inferred_subject,JTDKBRFU3G3003940,TOYOTA,PRIUS,2016,FIVE DOOR HATCHBACK,4 CYLINDER TRANSVERSE FRONT,1.8,AUTOMATIC - FRONT WHEEL DRIVE,32.32,1481.0,1408.0,4469.0,1757.0,2695.0,374.0,1088.0,0.0,cff4a420d1378be5141e3fe9a61eef29feb4936f290287f040d8b9c6d0da7e44
9590,2016-03-18,side,side,side_pole_load_cell_8,2383,1,subject_vehicle,single_vehicle_inferred_subject,4T1BK1EBXGU198538,TOYOTA,AVALON,2016,FOUR DOOR SEDAN,V6 TRANSVERSE FRONT,3.5,AUTOMATIC - FRONT WHEEL DRIVE,32.52,1707.0,1588.0,4967.0,1833.0,2812.0,369.0,1156.0,0.0,ac5c7bbd17273c0e29b660ea62b526a11220cdfc45c0a009cc59d0246e41f4b7
9594,2016-04-11,side,side,side_pole_load_cell_8,2398,1,subject_vehicle,single_vehicle_inferred_subject,5TFAX5GN4GX059634,TOYOTA,TACOMA,2016,4 DOOR PICKUP,4 CYLINDER INLINE FRONT,2.7,AUTOMATIC - REAR WHEEL DRIVE,31.96,2009.0,1829.0,5410.0,1890.0,3255.0,325.0,1574.0,0.0,49f6adc5d62dd79d22f9a60d16d296c68f3ded1b9ac0b6cc792e2f10f9d8d49b
9698,2016-04-26,side,side,side_pole_load_cell_8,2421,1,subject_vehicle,single_vehicle_inferred_subject,YV4BC0PL9G1068699,VOLVO,XC90 T8,2016,UTILITY VEHICLE,4 CYLINDER TRANSVERSE FRONT,2.0,AUTOMATIC - FOUR WHEEL DRIVE,32.15,2430.0,2311.0,4940.0,1921.0,2993.0,306.0,1461.0,0.0,d8122c6618a518ad98ef24471da5a1f273344ba92be604317c56b7dab1864856
9746,2016-05-27,side,side,side_pole_load_cell_8,2505,1,subject_vehicle,single_vehicle_inferred_subject,KNDPM3AC5H7031759,KIA,SPORTAGE,2017,UTILITY VEHICLE,4 CYLINDER TRANSVERSE FRONT,2.4,AUTOMATIC - FRONT WHEEL DRIVE,32.2,1647.0,1502.0,4484.0,1810.0,2668.0,324.0,1186.0,0.0,5f2e8d5477780ddeba06f2c7f04ba654f0fcea5ec4e4d779b82ab1160bc30dd2
9776,2016-06-16,side,side,side_pole_load_cell_8,2535,1,subject_vehicle,single_vehicle_inferred_subject,3FA6P0H72HR107415,FORD,FUSION,2017,FOUR DOOR SEDAN,4 CYLINDER TRANSVERSE FRONT,2.5,AUTOMATIC - FRONT WHEEL DRIVE,32.33,1664.0,1585.0,4847.0,1836.0,2847.0,399.0,1229.0,0.0,e4b7f6aed98b95a1f8e25183a619ad4feb06c6890516b7d2328caa1348658f72
9779,2016-06-16,side,side,side_pole_load_cell_8,2538,1,subject_vehicle,single_vehicle_inferred_subject,1G1BE5SM4G7248821,CHEVROLET,CRUZE,2016,FOUR DOOR SEDAN,4 CYLINDER TRANSVERSE FRONT,1.4,AUTOMATIC - FRONT WHEEL DRIVE,32.06,1417.0,1320.0,4663.0,1787.0,2705.0,320.0,1100.0,0.0,7aed00f42689f0c731136c4c870588fd78dec2ed6acb296f3c48cc3a33463490
9780,2016-03-29,side,side,side_pole_load_cell_8,2389,1,subject_vehicle,single_vehicle_inferred_subject,KNMAT2MV7GP615174,NISSAN,ROGUE,2016,UTILITY VEHICLE,4 CYLINDER TRANSVERSE FRONT,2.5,AUTOMATIC - FOUR WHEEL DRIVE,32.25,1740.0,,4650.0,1841.0,2706.0,390.0,1189.0,15.0,12625a867d0117c59d133b9724f3a082ce3aec0fefc2123858d9bb6d2788aac5
9781,2016-04-13,research_other,side,side_pole_load_cell_8,2402,1,subject_vehicle,single_vehicle_inferred_subject,1GNSCAKC5GR129846,CHEVROLET,TAHOE,2016,UTILITY VEHICLE,V8 INLINE FRONT,5.3,6 SPEED AUTOMATIC TRANSMISSION,32.21,2611.0,2405.0,5140.0,2032.0,2960.0,400.0,1471.0,15.0,ebc961763b057750d11961d54a413506e3cf68bfff5b0bc701321b180d063d95
9782,2016-04-19,side,side,side_pole_load_cell_8,2413,1,subject_vehicle,single_vehicle_inferred_subject,1G11B5SA9GF118131,CHEVROLET,MALIBU,2016,FOUR DOOR SEDAN,4 CYLINDER TRANSVERSE FRONT,2.5,AUTOMATIC - FRONT WHEEL DRIVE,32.43,1688.0,1539.0,4880.0,1851.0,2747.0,345.0,1163.0,15.0,1a560d77f5f4e0b525567b5bdf4c9885c02c8fcc241daaf7e77c5cc780147c83
9783,2016-05-10,side,side,side_pole_load_cell_8,2462,1,subject_vehicle,single_vehicle_inferred_subject,JHMGK5H54GX005711,HONDA,FIT,2016,FIVE DOOR HATCHBACK,4 CYLINDER TRANSVERSE FRONT,1.5,AUTOMATIC - FOUR WHEEL DRIVE,31.89,1270.0,1156.0,4070.0,1695.0,2530.0,274.0,1050.0,15.0,52ec62fb09f39dd429ceb52cfbb81b3caa027a6f81ce688303e006de1a7ecaf4
9784,2016-05-24,side,side,side_pole_load_cell_8,2488,1,subject_vehicle,single_vehicle_inferred_subject,1FTEW1CG6GKD10221,FORD,F150 PICKUP,2016,4 DOOR PICKUP,STRAIGHT 6 INLINE FRONT,3.5,AUTOMATIC - REAR WHEEL DRIVE,32.23,2343.0,,4070.0,1695.0,2530.0,394.0,1177.0,15.0,da244b4316b53266d1712932b4e18d1182c6914d7bbbcc4716cb184ee39d0a54
9785,2016-06-14,side,side,side_pole_load_cell_8,2530,1,subject_vehicle,single_vehicle_inferred_subject,5TDKK3DC1FS687956,TOYOTA,SIENNA,2016,MINIVAN,STRAIGHT 6 INLINE FRONT,3.5,AUTOMATIC - FRONT WHEEL DRIVE,32.08,2155.0,,5080.0,1980.0,3030.0,345.0,1343.0,15.0,3a575d3ee223735041f16d15e3928a3fd921ace7e6c721c973eabca8d8873ca8
9792,2016-06-21,side,side,side_pole_load_cell_8,2541,1,subject_vehicle,single_vehicle_inferred_subject,KMHD74LFXHU114625,HYUNDAI,ELANTRA,2017,FOUR DOOR SEDAN,4 CYLINDER TRANSVERSE FRONT,2.0,AUTOMATIC - FRONT WHEEL DRIVE,32.4,1375.0,1291.0,4574.0,1776.0,2700.0,263.0,1066.0,0.0,d202777e9c6f0b757f08de7f54c64ebf1e9dd3d146ee4ba85f9f8c5b9b2a6aa7
9803,2016-07-01,side,side,side_pole_load_cell_8,2557,1,subject_vehicle,single_vehicle_inferred_subject,W04WT3N50GG087403,BUICK,CASCADA,2016,CONVERTIBLE,4 CYLINDER TRANSVERSE FRONT,1.6,AUTOMATIC - FRONT WHEEL DRIVE,32.29,1913.0,1804.0,4741.0,1782.0,2706.0,260.0,1181.0,0.0,30f19f0c22a0d23c473b24fe4b59daa6cd8511aded599d5f2b1e7ca8952704ef
9809,2016-07-13,side,side,side_pole_load_cell_8,2565,1,subject_vehicle,single_vehicle_inferred_subject,2HGFC4B52GH305329,HONDA,CIVIC,2016,TWO DOOR COUPE,4 CYLINDER TRANSVERSE FRONT,2.0,AUTOMATIC - FRONT WHEEL DRIVE,32.2,1336.0,1245.0,4454.0,1777.0,2702.0,280.0,1087.0,0.0,22a396f8fcdff9d469a3e759e304d33dffc8392ce577f2eed664deff461e5e2d
9941,2016-08-24,side,side,side_pole_load_cell_8,2582,1,subject_vehicle,single_vehicle_inferred_subject,ML32A3HJ8HH003460,MITSUBISHI,MIRAGE,2017,FIVE DOOR HATCHBACK,3 CYLINDER TRANSVERSE FRONT,2.5,MANUAL - FRONT WHEEL DRIVE,32.24,1001.0,922.0,3613.0,1648.0,2456.0,327.0,1070.0,0.0,6a7107b2b9b935fb5f184e63b70368ceddcecd4ae2eda714f1f6b581eb77e59a
9947,2016-09-02,side,side,side_pole_load_cell_8,2590,1,subject_vehicle,single_vehicle_inferred_subject,1GKKNPLS0HZ137354,GMC,ACADIA,2017,UTILITY VEHICLE,V6 TRANSVERSE FRONT,3.6,AUTOMATIC - FRONT WHEEL DRIVE,32.17,2109.0,1932.0,4932.0,1910.0,2858.0,342.0,1303.0,0.0,361d4a87e06de2a9967b2a2a5687bd5c48553d0a92a6b332e0768e22e10bf484
9963,2016-09-28,side,side,side_pole_load_cell_8,2600,1,subject_vehicle,single_vehicle_inferred_subject,LRBFXFSX6GD172666,BUICK,ENVISION,2016,UTILITY VEHICLE,4 CYLINDER INLINE FRONT,2.0,AUTOMATIC - FOUR WHEEL DRIVE,32.18,1980.0,1843.0,4681.0,1810.0,2752.0,289.0,1219.0,0.0,6e5b19bf4c0b761b5efc710302c16ded9f5d830fd97b98a1df38f488cf0e2f2d
9967,2016-10-05,side,side,side_pole_load_cell_8,2611,1,subject_vehicle,single_vehicle_inferred_subject,1G1FA1RXXH0116310,CHEVROLET,CAMARO,2017,TWO DOOR COUPE,4 CYLINDER INLINE FRONT,2.0,MANUAL - REAR WHEEL DRIVE,32.19,1604.0,1508.0,4774.0,1896.0,2821.0,283.0,1394.0,0.0,295d0bfb8eb243e672325e107497871656b3eeeea6dd8f024a94b4e28ee799ac
9971,2016-10-07,side,side,side_pole_load_cell_8,2619,1,subject_vehicle,single_vehicle_inferred_subject,2C4RC1CG9HR522057,CHRYSLER,PACIFICA,2017,MINIVAN,V6 TRANSVERSE FRONT,3.6,AUTOMATIC - FRONT WHEEL DRIVE,32.29,2046.0,1956.0,5171.0,2022.0,3096.0,324.0,1371.0,0.0,9f0a1925b24e89ea207e7d4c4ef323277dc52505b077e3d672a068c066d89225
9974,2016-10-11,side,side,side_pole_load_cell_8,2630,1,subject_vehicle,single_vehicle_inferred_subject,1GYKNARSXHZ118353,CADILLAC,XT5,2017,UTILITY VEHICLE,V6 TRANSVERSE FRONT,3.6,AUTOMATIC - FRONT WHEEL DRIVE,32.79,1973.0,1799.0,4819.0,1875.0,2856.0,308.0,1252.0,0.0,20269855cad9a2764e897f19d0fa50bbf22096ae838511c58b280276c796e3b9
9979,2016-11-09,side,side,side_pole_load_cell_8,2676,1,subject_vehicle,single_vehicle_inferred_subject,1FT7W2A61HEB24675,FORD,F250 CREW CAB,2017,4 DOOR PICKUP,V8 INLINE FRONT,6.2,AUTOMATIC - REAR WHEEL DRIVE,31.97,2932.0,2753.0,6346.0,2022.0,4058.0,326.0,1844.0,0.0,ac3816c9088400250b3bfd5553491a04d4763f4dbaa9b0678a9413bb25a40f51
9981,2016-11-08,side,side,side_pole_load_cell_8,2675,1,subject_vehicle,single_vehicle_inferred_subject,3MYDLBYV2HY150179,TOYOTA,YARIS IA,2017,FOUR DOOR SEDAN,4 CYLINDER TRANSVERSE FRONT,1.5,AUTOMATIC - FRONT WHEEL DRIVE,32.47,1185.0,1102.0,4362.0,1693.0,2566.0,265.0,1065.0,0.0,eb06ae199262e393b66f19c890dcc88f56f830ac6fd11e179a240731ee4faa55
9985,2016-11-15,side,side,side_pole_load_cell_8,2683,1,subject_vehicle,single_vehicle_inferred_subject,2T1BURHE9HC747261,TOYOTA,COROLLA,2017,FOUR DOOR SEDAN,4 CYLINDER TRANSVERSE FRONT,1.8,AUTOMATIC - FRONT WHEEL DRIVE,32.18,1398.0,1316.0,4633.0,1763.0,2700.0,330.0,1043.0,0.0,747f951bf89f1ed373ad04eb572c39d82e0ccd082eeab61e3de7c23e7b1cc989
9988,2016-11-21,side,side,side_pole_load_cell_8,2689,1,subject_vehicle,single_vehicle_inferred_subject,1G4ZP5SS2HU150836,BUICK,LACROSSE,2017,FOUR DOOR SEDAN,V6 TRANSVERSE FRONT,3.6,AUTOMATIC - FRONT WHEEL DRIVE,32.88,1749.0,1638.0,5019.0,1833.0,2903.0,342.0,1263.0,0.0,6fd2d8e9879cca919abed55dfe50be18858a2e53a6a5ae907e50e3510fae5c23
9993,2016-12-02,side,side,side_pole_load_cell_8,2696,1,subject_vehicle,single_vehicle_inferred_subject,WAUGNAF40HN023211,AUDI,A4,2017,FOUR DOOR SEDAN,4 CYLINDER INLINE FRONT,2.0,AUTOMATIC - FRONT WHEEL DRIVE,32.14,1764.0,1578.0,4741.0,1822.0,2818.0,337.0,1374.0,0.0,50c56685042ed7e5ff67ea1d01804d91311d3222d83810b5103b116b8cee2fc5
9994,2016-12-06,side,side,side_pole_load_cell_8,2702,1,subject_vehicle,single_vehicle_inferred_subject,WDDZF4JB5HA012363,MERCEDES,E-CLASS,2017,FOUR DOOR SEDAN,4 CYLINDER INLINE FRONT,2.0,AUTOMATIC - REAR WHEEL DRIVE,32.05,1948.0,1763.0,4945.0,1860.0,2940.0,282.0,1534.0,0.0,fd071940682b5266c49140dfa69c81cf63df1cf09ca33a394ece3ee60a822620
10004,2016-12-15,side,side,side_pole_load_cell_8,2721,1,subject_vehicle,single_vehicle_inferred_subject,1G1RC6S54HU147218,CHEVROLET,VOLT,2017,FIVE DOOR HATCHBACK,4 CYLINDER TRANSVERSE FRONT,1.5,AUTOMATIC - FRONT WHEEL DRIVE,32.58,1695.0,1611.0,4586.0,1787.0,2694.0,256.0,1093.0,0.0,c5787e9d30368d84811c79aafed38336b652666eab89ced6492bffb545481dc5
10006,2016-12-13,side,side,side_pole_load_cell_8,2715,1,subject_vehicle,single_vehicle_inferred_subject,1FT7X2A62HEB24679,FORD,F250 SUPERCAB,2017,EXTENDED CAB PICKUP,V8 INLINE FRONT,6.2,AUTOMATIC - REAR WHEEL DRIVE,32.09,2883.0,2705.0,6074.0,2030.0,3765.0,465.0,1717.0,0.0,fab515c1fa5d6f47a101f794533e65ac38b5b89d4a3144b89d0342bb8c8e2ba3
10033,2017-01-10,side,side,side_pole_load_cell_8,2729,1,subject_vehicle,single_vehicle_inferred_subject,5FPYK2F59HB007285,HONDA,RIDGELINE,2017,4 DOOR PICKUP,V6 TRANSVERSE FRONT,3.5,AUTOMATIC - FRONT WHEEL DRIVE,32.44,2106.0,1933.0,5332.0,1977.0,3182.0,346.0,1401.0,0.0,527ab2a2d257cf627076a97beb3f692e9bf0e76d2ac22ae9a89324b94f360921
10036,2017-01-18,side,side,side_pole_load_cell_8,2741,1,subject_vehicle,single_vehicle_inferred_subject,1N6AA1EK2HN505423,NISSAN,TITAN,2017,4 DOOR PICKUP,V8 INLINE FRONT,5.6,AUTOMATIC - REAR WHEEL DRIVE,32.76,2713.0,2539.0,5795.0,2005.0,3556.0,414.0,1645.0,0.0,fb9fe0c9cc66f8644085d41db6b88c5cbee1fc9b3d093228c5b461e9f5a265c4
10037,2017-01-18,side,side,side_pole_load_cell_8,2742,1,subject_vehicle,single_vehicle_inferred_subject,WMEFJ5DA7HK171367,SMART,FORTWO,2017,TWO DOOR COUPE,OTHER,0.9,AUTOMATIC - REAR WHEEL DRIVE,31.74,1104.0,988.0,2754.0,1630.0,1869.0,219.0,1091.0,0.0,f8cf74986d593dfaad7b4b0f97f27a6f9398e57881a00c19ab278b8724f6a841
10044,2017-02-02,side,side,side_pole_load_cell_8,2744,1,subject_vehicle,single_vehicle_inferred_subject,JTHBA1D24H5040893,LEXUS,IS200t,2017,FOUR DOOR SEDAN,4 CYLINDER INLINE FRONT,2.0,AUTOMATIC - REAR WHEEL DRIVE,32.49,1781.0,1706.0,4680.0,1810.0,2800.0,359.0,1330.0,0.0,f7c04490e3a685f470dfe608bfe0e333e5c8fcc9d31da787ad67fed346cf6c2f
10047,2017-02-06,side,side,side_pole_load_cell_8,2747,1,subject_vehicle,single_vehicle_inferred_subject,1N6DD0ER5HN703957,NISSAN,FRONTIER,2017,4 DOOR PICKUP,V6 INLINE FRONT,4.0,AUTOMATIC - REAR WHEEL DRIVE,32.86,2124.0,1944.0,5235.0,1780.0,3203.0,265.0,1586.0,0.0,128ac7219badac9e94546d3b0c8f70b99f78ca1ba4c8f7ff3a20de9e1a467d31
10051,2016-09-28,side,side,side_pole_load_cell_8,2601,1,subject_vehicle,single_vehicle_inferred_subject,JTDKBRFU3G3529228,TOYOTA,PRIUS,2016,FOUR DOOR SEDAN,4 CYLINDER TRANSVERSE FRONT,1.8,AUTOMATIC - FRONT WHEEL DRIVE,32.24,1508.0,,4524.0,1759.0,2695.0,272.0,1101.0,15.0,b5ed85c1ecfd15f50095f5db7c55061ac9c451201cb00f57aa0d751b20ed6f45
10052,2016-10-10,side,side,side_pole_load_cell_8,2626,1,subject_vehicle,single_vehicle_inferred_subject,1C4NJPBA9GD790869,JEEP,PATRIOT,2016,UTILITY VEHICLE,4 CYLINDER INLINE FRONT,2.0,AUTOMATIC - FOUR WHEEL DRIVE,32.27,1595.0,,4429.0,1777.0,2640.0,361.0,1138.0,15.0,54c45a2cf74fa1b231aa54c2640638e48e34b5dd4632fb95add795875e3d5b89
10053,2016-10-28,side,side,side_pole_load_cell_8,2672,1,subject_vehicle,single_vehicle_inferred_subject,1FMJU1HT7GEF30875,FORD,EXPEDITION,2016,UTILITY VEHICLE,V6 INLINE FRONT,3.5,AUTOMATIC - REAR WHEEL DRIVE,32.23,2768.0,,5225.0,2030.0,3020.0,423.0,1619.0,15.0,adb93279ce8028a76dab94b2a4d8123c01e017b170a02f69d62fc538c9bf7aee
10059,2017-02-23,side,side,side_pole_load_cell_8,2758,1,subject_vehicle,single_vehicle_inferred_subject,4S3GKAB64H3601583,SUBARU,IMPREZA,2017,FOUR DOOR SEDAN,4 CYLINDER TRANSVERSE FRONT,2.0,AUTOMATIC - FOUR WHEEL DRIVE,32.23,1485.0,1403.0,4624.0,1774.0,2675.0,314.0,1126.0,0.0,afb41fb6ded11bff55cfc1ef3d3fc3498f7b66ea858b94565be4bb4578960a1e
10061,2017-02-28,side,side,side_pole_load_cell_8,2760,1,subject_vehicle,single_vehicle_inferred_subject,5J6RW5H3XHL001789,HONDA,CR-V,2017,UTILITY VEHICLE,4 CYLINDER TRANSVERSE FRONT,2.4,AUTOMATIC - FRONT WHEEL DRIVE,32.24,1586.0,1495.0,4578.0,1844.0,2660.0,337.0,1127.0,0.0,53fb57aff98612346cbd5fdbf2f49c629adfd037d7a8068fe223207ec7257e87
10067,2017-03-30,side,side,side_pole_load_cell_8,2775,1,subject_vehicle,single_vehicle_inferred_subject,WF0DP3TH8H4120310,FORD,FOCUS RS,2017,FIVE DOOR HATCHBACK,4 CYLINDER TRANSVERSE FRONT,2.3,MANUAL - FOUR WHEEL DRIVE,32.05,1663.0,1587.0,4384.0,1810.0,2649.0,398.0,1107.0,0.0,5e2dbaa3b1973587168f17bd8f1652a1e9b5ed11c701485d2760d92cbdc3531f
10070,2017-04-25,side,side,side_pole_load_cell_8,2809,1,subject_vehicle,single_vehicle_inferred_subject,5NPD74LF8HH200028,HYUNDAI,ELANTRA,2017,FOUR DOOR SEDAN,4 CYLINDER TRANSVERSE FRONT,2.0,AUTOMATIC - FRONT WHEEL DRIVE,32.21,1383.0,1293.0,4572.0,1775.0,2700.0,303.0,1107.0,0.0,01d32cc966a2a6b6e4bab75106862e28c04c0c40f505b085f16334efa9d1f290
10073,2017-05-08,side,side,side_pole_load_cell_8,2826,1,subject_vehicle,single_vehicle_inferred_subject,JM3KFABL3H0113481,MAZDA,CX-5,2017,UTILITY VEHICLE,4 CYLINDER TRANSVERSE FRONT,2.5,AUTOMATIC - FRONT WHEEL DRIVE,32.66,1617.0,1536.0,4553.0,1836.0,2698.0,308.0,1161.0,0.0,2ea64b6ca9075446615fe4a4348dece7a0b361e1032ad0cb06f51d7a8d1849bb
10084,2017-05-25,side,side,side_pole_load_cell_8,2834,1,subject_vehicle,single_vehicle_inferred_subject,5YJXCDE29HF040226,TESLA,MODEL X,2017,UTILITY VEHICLE,ELECTRIC MOTOR,0.0,AUTOMATIC - FOUR WHEEL DRIVE,32.06,2426.0,2335.0,4997.0,1920.0,2963.0,194.0,1514.0,0.0,932cc31d0085d414a6464bd2647a85ebba23d5e62fa8fd7ffdf933f3c508ace8
10093,2017-06-15,side,side,side_pole_load_cell_8,2869,1,subject_vehicle,single_vehicle_inferred_subject,1LN6L9PK5H5608409,LINCOLN,CONTINENTAL,2017,FOUR DOOR SEDAN,V6 TRANSVERSE FRONT,3.7,AUTOMATIC - FRONT WHEEL DRIVE,32.17,2024.0,1910.0,5138.0,1866.0,2980.0,389.0,1318.0,0.0,02164604c9b46c86b84fd1cc59f8a854ee461cf64eef0e4371492ee26de03cce
10130,2017-08-09,side,side,side_pole_load_cell_8,2922,1,subject_vehicle,single_vehicle_inferred_subject,5FNRL6H54JB012589,HONDA,ODYSSEY,2018,MINIVAN,V6 TRANSVERSE FRONT,3.5,AUTOMATIC - FRONT WHEEL DRIVE,32.13,2122.0,2013.0,5164.0,1963.0,3000.0,297.0,1433.0,0.0,ddf47b3f99d6430bdae5f69d05775bdea324738cafe519a7bbeea4c6ba33ea37
10135,2017-08-22,side,side,side_pole_load_cell_8,2945,1,subject_vehicle,single_vehicle_inferred_subject,1V2BR2CA3JC513174,VOLKSWAGEN,ATLAS,2018,UTILITY VEHICLE,V6 TRANSVERSE FRONT,3.6,AUTOMATIC - FRONT WHEEL DRIVE,32.55,2112.0,1992.0,5020.0,1980.0,2979.0,344.0,1368.0,0.0,12bb4ac1a38311bcd2b5c784701ebb06c2f1069f2de6fd5e77a9e0aeb83b79af
10145,2017-10-02,side,side,side_pole_load_cell_8,2967,1,subject_vehicle,single_vehicle_inferred_subject,4T1B31HK7JU500724,TOYOTA,CAMRY HYBRID,2018,FOUR DOOR SEDAN,4 CYLINDER INLINE FRONT,2.5,AUTOMATIC - FRONT WHEEL DRIVE,31.94,1709.0,1591.0,4865.0,1837.0,2824.0,347.0,1268.0,0.0,565b95103bfe263a600ed2c0a5e3e207849957d89fdd696c6822ade370b9479f
10147,2017-10-04,side,side,side_pole_load_cell_8,2973,1,subject_vehicle,single_vehicle_inferred_subject,3GNAXHEV1JS513746,CHEVROLET,EQUINOX,2018,UTILITY VEHICLE,4 CYLINDER TRANSVERSE FRONT,1.5,AUTOMATIC - FRONT WHEEL DRIVE,32.49,1675.0,1495.0,4605.0,1840.0,2729.0,320.0,1253.0,0.0,98aa9de63574fc7ca5940ac032d18b568a92ef2413f861ab32626d9aa8920dcf
10152,2017-10-10,side,side,side_pole_load_cell_8,2978,1,subject_vehicle,single_vehicle_inferred_subject,NMTKHMBX5JR023189,TOYOTA,C-HR,2018,FIVE DOOR HATCHBACK,4 CYLINDER TRANSVERSE FRONT,2.0,AUTOMATIC - FRONT WHEEL DRIVE,32.25,1572.0,1497.0,4417.0,1767.0,2636.0,339.0,1070.0,0.0,9ab715f616b523b6485aed4896bcd5190e7d35eaf034dd20419f830015394c6f
10155,2017-11-06,side,side,side_pole_load_cell_8,3002,1,subject_vehicle,single_vehicle_inferred_subject,1GNERFKW6JJ115530,CHEVROLET,TRAVERSE,2018,UTILITY VEHICLE,V6 TRANSVERSE FRONT,3.6,AUTOMATIC - FRONT WHEEL DRIVE,32.95,2150.0,1967.0,5192.0,1953.0,3071.0,332.0,1360.0,0.0,15e2f1095329f5ee71f68682bdef226e4d2229b298a98a4585d6f491921b652a
10158,2017-11-06,side,side,side_pole_load_cell_8,3003,1,subject_vehicle,single_vehicle_inferred_subject,3C4NJCAB9JT136961,JEEP,COMPASS,2018,UTILITY VEHICLE,4 CYLINDER TRANSVERSE FRONT,2.4,MANUAL - FRONT WHEEL DRIVE,31.72,1554.0,1460.0,4355.0,1781.0,2623.0,294.0,1093.0,0.0,e0c745fff955ac4c638a0a7738bc51e7dc9e27ab54a9b9b971a3e19cba362309
10161,2017-11-13,side,side,side_pole_load_cell_8,3016,1,subject_vehicle,single_vehicle_inferred_subject,JTDKDTB39J1601764,TOYOTA,PRIUS C,2018,FIVE DOOR HATCHBACK,4 CYLINDER TRANSVERSE FRONT,1.5,AUTOMATIC - FRONT WHEEL DRIVE,31.67,1252.0,1168.0,4061.0,1694.0,2550.0,289.0,1022.0,0.0,c5affab710051919185f98fbb960ea8bb21e04eeffb1e878b6e51d6aa50ca1aa
10163,2017-11-15,side,side,side_pole_load_cell_8,3020,1,subject_vehicle,single_vehicle_inferred_subject,1FTEX1CB3JFA48191,FORD,F150 SUPERCAB,2018,EXTENDED CAB PICKUP,V6 INLINE FRONT,3.3,AUTOMATIC - REAR WHEEL DRIVE,31.94,2218.0,2040.0,5878.0,2030.0,3685.0,387.0,1638.0,0.0,dc88e752332dcf521f740ae070add60ed547402305a908738dc50449a7db8a93
10166,2017-11-17,side,side,side_pole_load_cell_8,3027,1,subject_vehicle,single_vehicle_inferred_subject,KM8SM4HFXJU266564,HYUNDAI,SANTA FE,2018,UTILITY VEHICLE,V6 TRANSVERSE FRONT,3.3,AUTOMATIC - FOUR WHEEL DRIVE,32.38,1990.0,1833.0,4907.0,1848.0,2800.0,377.0,1316.0,0.0,e3d211d13d5faa433b3386b18a62564bf9f0a16217e6d1afc1e98b7e4f681b60
10171,2017-11-29,side,side,side_pole_load_cell_8,3045,1,subject_vehicle,single_vehicle_inferred_subject,1FTEW1CP8JFA14486,FORD,F150 SUPERCREW,2018,4 DOOR PICKUP,V6 INLINE FRONT,2.7,AUTOMATIC - REAR WHEEL DRIVE,31.93,2307.0,2128.0,5870.0,2030.0,3685.0,384.0,1655.0,0.0,13c01744e6a24e38c39bafde95751bc532d4e79ccb6637fe1528ff4890c7cfbb
10173,2017-11-29,side,side,side_pole_load_cell_8,3046,1,subject_vehicle,single_vehicle_inferred_subject,WA1ANAFY3J2050951,AUDI,Q5,2018,UTILITY VEHICLE,4 CYLINDER INLINE FRONT,2.0,AUTOMATIC - FOUR WHEEL DRIVE,32.57,2048.0,1870.0,4667.0,1889.0,2819.0,374.0,1445.0,0.0,48e7ccf5f98f80ff3dd8da298ab619561e195c9f3a05307d0b136a9e28f92655
10177,2017-12-01,side,side,side_pole_load_cell_8,3060,1,subject_vehicle,single_vehicle_inferred_subject,WBXHU7C32J5H40357,BMW,X1,2018,UTILITY VEHICLE,4 CYLINDER INLINE FRONT,2.0,AUTOMATIC - FRONT WHEEL DRIVE,32.39,1680.0,1567.0,4443.0,1823.0,2666.0,338.0,1181.0,0.0,4d45ffa2c3f61089152234276789b18b3627cfc0809b36d1a2007d0908e58fb1
10179,2017-12-06,side,side,side_pole_load_cell_8,3063,1,subject_vehicle,single_vehicle_inferred_subject,3N1CN7APXJL828955,NISSAN,VERSA,2018,FOUR DOOR SEDAN,4 CYLINDER TRANSVERSE FRONT,1.6,MANUAL - FRONT WHEEL DRIVE,32.19,1173.0,1085.0,4500.0,1700.0,2601.0,365.0,1124.0,0.0,e6f5f17ef38aab3535b8304aa9a69df7bf5367b6bc3df96f0b72e0602e428914
10182,2017-12-08,side,side,side_pole_load_cell_8,3070,1,subject_vehicle,single_vehicle_inferred_subject,JN8AY2ND7J9053784,NISSAN,ARMADA,2018,UTILITY VEHICLE,V8 INLINE FRONT,5.6,AUTOMATIC - REAR WHEEL DRIVE,32.79,2695.0,2518.0,5303.0,1994.0,3076.0,395.0,1598.0,0.0,6d009ce63aacbecc890702bb431a08985351257044aa3063a270c8d637c12bcd
10184,2017-12-11,side,side,side_pole_load_cell_8,3071,1,subject_vehicle,single_vehicle_inferred_subject,1FA6P8TH9J5106320,FORD,MUSTANG,2018,TWO DOOR COUPE,4 CYLINDER INLINE FRONT,2.3,AUTOMATIC - REAR WHEEL DRIVE,32.41,1666.0,1591.0,4792.0,1821.0,2717.0,323.0,1312.0,0.0,4656a6fad98d9bc8713f5f753552d67adcf6e909d48bee81368e4503e3b86565
10188,2017-12-15,side,side,side_pole_load_cell_8,3082,1,subject_vehicle,single_vehicle_inferred_subject,3VV1B7AX2JM016042,VOLKSWAGEN,TIGUAN,2018,UTILITY VEHICLE,4 CYLINDER TRANSVERSE FRONT,2.0,AUTOMATIC - FRONT WHEEL DRIVE,32.14,1824.0,1709.0,4720.0,1840.0,2789.0,312.0,1290.0,0.0,5fa05f35b474c84d895b17e084d3b68933a755a77da75d710a74e24bf51fe947
10192,2017-12-15,side,side,side_pole_load_cell_8,3083,1,subject_vehicle,single_vehicle_inferred_subject,1HGCV1F1XJA009998,HONDA,ACCORD,2018,FOUR DOOR SEDAN,4 CYLINDER INLINE FRONT,1.5,AUTOMATIC - FRONT WHEEL DRIVE,32.34,1508.0,1418.0,4889.0,1842.0,2830.0,337.0,1186.0,0.0,e26314678715107e9bd992a47c0ffd4eef01be9ba07db3ad42b9b068ca516bc1
10194,2017-12-14,side,side,side_pole_load_cell_8,3081,1,subject_vehicle,single_vehicle_inferred_subject,WDC0G4JB7JV023731,MERCEDES,GLC CLASS,2018,UTILITY VEHICLE,4 CYLINDER INLINE FRONT,2.0,AUTOMATIC - REAR WHEEL DRIVE,32.87,1883.0,1748.0,4648.0,1842.0,2874.0,318.0,1453.0,0.0,b93ae279993910be229f43da35052b3b23554969c4ef21abd0e090431904d85d
10314,2018-04-26,side,side,side_pole_load_cell_8,3111,1,subject_vehicle,single_vehicle_inferred_subject,1C4RDHAG9JC114701,DODGE,DURANGO,2018,UTILITY VEHICLE,V6 INLINE FRONT,3.6,AUTOMATIC - REAR WHEEL DRIVE,32.19,2272.0,2161.0,5080.0,1920.0,3049.0,382.0,1595.0,0.0,96b98aa95b7a8faae52d47cf85690b62d1c89063c96403f80fe116e1fff21c72
10318,2018-04-27,side,side,side_pole_load_cell_8,3115,1,subject_vehicle,single_vehicle_inferred_subject,1G1FW6S0XJ4112428,CHEVROLET,BOLT,2018,FIVE DOOR HATCHBACK,ELECTRIC MOTOR,0.0,AUTOMATIC - FRONT WHEEL DRIVE,31.89,1702.0,1515.0,4207.0,1756.0,2602.0,252.0,1163.0,0.0,ed3a4fc20046f452b2fb70676f372335cc7f2dadbe4a1c77cd7f942f299fbaba
10322,2018-05-10,side,side,side_pole_load_cell_8,3121,1,subject_vehicle,single_vehicle_inferred_subject,5TDKZ3DC4JS913976,TOYOTA,SIENNA,2018,MINIVAN,V6 TRANSVERSE FRONT,3.5,AUTOMATIC - FRONT WHEEL DRIVE,32.2,2144.0,2039.0,5080.0,1990.0,3020.0,378.0,1338.0,0.0,90bafe63d73b8e4b3c43beee6e035282e9c689dffa1e2e7bf9a89c3697352073
10324,2018-05-10,side,side,side_pole_load_cell_8,3122,1,subject_vehicle,single_vehicle_inferred_subject,2C4RDGBG1JR134618,DODGE,GRAND CARAVAN,2018,MINIVAN,V6 TRANSVERSE FRONT,3.6,AUTOMATIC - FRONT WHEEL DRIVE,32.68,2105.0,2015.0,5154.0,1962.0,3074.0,394.0,1364.0,0.0,d838e39d19a3985fe963aef15d25e9ab28bf13dd178947d600a9edd736b65f82
10345,2018-05-17,side,side,side_pole_load_cell_8,3129,1,subject_vehicle,single_vehicle_inferred_subject,1FMJU1HT2JEA27021,FORD,EXPEDITION,2018,UTILITY VEHICLE,V6 TRANSVERSE FRONT,3.5,AUTOMATIC - REAR WHEEL DRIVE,32.7,2619.0,2438.0,5348.0,2031.0,3105.0,321.0,1675.0,0.0,0254b4c901baa760f14aea9e18edafa1b5551e3bc3adfbba7ca7599a0e8c8cb8
10348,2018-05-18,side,side,side_pole_load_cell_8,3135,1,subject_vehicle,single_vehicle_inferred_subject,JM3TCABY8J0222372,MAZDA,CX-9,2018,UTILITY VEHICLE,4 CYLINDER TRANSVERSE FRONT,2.5,AUTOMATIC - FRONT WHEEL DRIVE,32.0,1937.0,1828.0,5068.0,1948.0,2932.0,379.0,1373.0,0.0,ecd5b2c8ca66a1c0d36b762c6001cf8f1825824945835afd75dd7ee1279f85e3
10352,2018-06-05,side,side,side_pole_load_cell_8,3167,1,subject_vehicle,single_vehicle_inferred_subject,MAJ3P1RE7JC184114,FORD,ECOSPORT,2018,UTILITY VEHICLE,4 CYLINDER TRANSVERSE FRONT,1.0,AUTOMATIC - FRONT WHEEL DRIVE,32.62,1461.0,1382.0,4098.0,1722.0,2519.0,298.0,1022.0,0.0,a083cc2651334f6e0b4d4f59b3a47cd453185e946bb04f8949e481a31d6de96b
10354,2018-06-06,side,side,side_pole_load_cell_8,3175,1,subject_vehicle,single_vehicle_inferred_subject,3FADP4AJ0JM109073,FORD,FIESTA,2018,FOUR DOOR SEDAN,4 CYLINDER TRANSVERSE FRONT,1.6,MANUAL - FRONT WHEEL DRIVE,32.54,1238.0,1161.0,4403.0,1684.0,2494.0,293.0,1082.0,0.0,63c1ff6600e6068e06a6e046724e566f3f57f3739016fe97e17ab0bc97f795eb
10356,2018-06-11,side,side,side_pole_load_cell_8,3182,1,subject_vehicle,single_vehicle_inferred_subject,JN1BJ1CP1JW104907,NISSAN,ROGUE SPORT,2018,UTILITY VEHICLE,4 CYLINDER TRANSVERSE FRONT,2.0,AUTOMATIC - FRONT WHEEL DRIVE,32.61,1571.0,1460.0,4376.0,1790.0,2645.0,324.0,1135.0,0.0,fa37d222a182a990aa4445d45b2e51efc59a5910b17baa0912262cf8a5fc59bf
10359,2018-06-26,side,side,side_pole_load_cell_8,3193,1,subject_vehicle,single_vehicle_inferred_subject,3C4PDCAB9JT273804,DODGE,JOURNEY,2018,UTILITY VEHICLE,4 CYLINDER TRANSVERSE FRONT,2.4,AUTOMATIC - FRONT WHEEL DRIVE,32.08,1884.0,1790.0,4881.0,1868.0,2888.0,410.0,1306.0,0.0,125bef73d38bfca6b88d093c16595c1e4dfde4e02371ac8fc15b1803b0370458
10365,2018-08-02,side,side,side_pole_load_cell_8,3212,1,subject_vehicle,single_vehicle_inferred_subject,5J8TC1H36KL001665,ACURA,RDX,2019,UTILITY VEHICLE,4 CYLINDER TRANSVERSE FRONT,2.0,AUTOMATIC - FRONT WHEEL DRIVE,32.71,1795.0,1708.0,4746.0,1900.0,2748.0,284.0,1180.0,0.0,e26ca13be3d67d267786cffd8b1e4167fa095a73c96494c1680fa9e8c619f1b5
10385,2018-08-22,side,side,side_pole_load_cell_8,3219,1,subject_vehicle,single_vehicle_inferred_subject,5YJ3E1EAXJF061252,TESLA,MODEL 3,2018,FOUR DOOR SEDAN,ELECTRIC MOTOR,0.0,AUTOMATIC - REAR WHEEL DRIVE,32.08,1873.0,0.0,4654.0,1829.0,2879.0,174.0,1556.0,0.0,0283fa44ee84634d1fcbf59762d7228366ef1d1909fccad00ea6a91abd661854
10386,2018-08-27,side,side,side_pole_load_cell_8,3220,1,subject_vehicle,single_vehicle_inferred_subject,19XZE4F1XKE004700,HONDA,INSIGHT,2019,FOUR DOOR SEDAN,4 CYLINDER TRANSVERSE FRONT,1.5,AUTOMATIC - FRONT WHEEL DRIVE,32.11,1440.0,1350.0,4570.0,1793.0,2700.0,342.0,1101.0,0.0,0ea9397e893e2b715a00e066361655f1c0983e73141e461e5dfc10bfad5bea3d
10389,2018-09-18,side,side,side_pole_load_cell_8,3224,1,subject_vehicle,single_vehicle_inferred_subject,4S4WMAAD0K3401874,SUBARU,ASCENT,2019,UTILITY VEHICLE,4 CYLINDER INLINE FRONT,2.4,AUTOMATIC - FOUR WHEEL DRIVE,32.04,2104.0,2007.0,4994.0,1931.0,2888.0,468.0,1351.0,0.0,b58850558d27c8c90c9e0d48a2a20e0e149acf5ded0aec76c6d1ffbc7588ebdb
10554,2018-10-04,side,side,side_pole_load_cell_8,3238,1,subject_vehicle,single_vehicle_inferred_subject,1N6AA1EK0JN544159,NISSAN,TITAN,2018,4 DOOR PICKUP,V8 INLINE FRONT,5.6,AUTOMATIC - REAR WHEEL DRIVE,32.28,2704.0,2525.0,5799.0,2005.0,3558.0,423.0,1647.0,0.0,faffcc7f6b88c0eca95b76d134b194fbcef15f04a0a4c5c34f9b2087362c5758
10558,2018-10-09,side,side,side_pole_load_cell_8,3240,1,subject_vehicle,single_vehicle_inferred_subject,1C6RR6FG1KS500526,RAM,1500 CLASSIC QUAD,2019,EXTENDED CAB PICKUP,V6 INLINE FRONT,3.6,AUTOMATIC - REAR WHEEL DRIVE,32.68,2506.0,2329.0,5823.0,2014.0,3566.0,527.0,1811.0,0.0,0653a28a8974451f859019f9de4d2b86a27e2c3e94fffa456c87b61e773353c4
10568,2018-11-01,side,side,side_pole_load_cell_8,3265,1,subject_vehicle,single_vehicle_inferred_subject,1C4RDHAG1KC550055,DODGE,DURANGO,2019,UTILITY VEHICLE,V6 INLINE FRONT,3.6,AUTOMATIC - REAR WHEEL DRIVE,32.29,2277.0,2165.0,5085.0,1915.0,3050.0,401.0,1632.0,0.0,0422e88fc9c4d6d3fdd039f1c2d1ddd8a27c37787d7393324cb19ffe43cf1185
10569,2018-10-31,side,side,side_pole_load_cell_8,3259,1,subject_vehicle,single_vehicle_inferred_subject,1N6AD0ER2KN704235,NISSAN,FRONTIER,2019,4 DOOR PICKUP,V6 INLINE FRONT,4.0,AUTOMATIC - REAR WHEEL DRIVE,32.32,2079.0,1901.0,5213.0,1779.0,3200.0,478.0,1577.0,0.0,9a03a3b9e93d8a26ed6c8a63ee15ebfc6c3c5c96a318c861b1cbcc3767c2040c
10627,2018-12-11,side,side,side_pole_load_cell_8,3301,1,subject_vehicle,single_vehicle_inferred_subject,JF2SKACC3KH409372,SUBARU,FORESTER,2019,UTILITY VEHICLE,4 CYLINDER INLINE FRONT,2.5,AUTOMATIC - FOUR WHEEL DRIVE,32.1,1692.0,1582.0,4623.0,1815.0,2674.0,409.0,1234.0,0.0,66c94cabcb3c5c87f0aecca824852678fafeed25fc1d1783ba5289671ba860be
10637,2018-12-18,side,side,side_pole_load_cell_8,3311,1,subject_vehicle,single_vehicle_inferred_subject,JA4J24A52JZ059588,MITSUBISHI,OUTLANDER PHEV,2018,UTILITY VEHICLE,ELECTRIC MOTOR,2.0,AUTOMATIC - FOUR WHEEL DRIVE,32.28,2011.0,1929.0,4690.0,1766.0,2670.0,360.0,1268.0,0.0,ba4343090fb2e76ab0fdda00ca6bcde5ffefaac0059c76a843ee72595129b63d
10639,2018-12-17,side,side,side_pole_load_cell_8,3310,1,subject_vehicle,single_vehicle_inferred_subject,2C4RDGBG4KR547036,DODGE,GRAND CARAVAN,2019,MINIVAN,V6 TRANSVERSE FRONT,3.6,AUTOMATIC - FRONT WHEEL DRIVE,32.1,2087.0,2002.0,5133.0,1958.0,3076.0,443.0,1388.0,0.0,118da6132e94593c6447a85245a147ef7939ac8af937d69defe0f01be8a22a96
10640,2019-01-08,side,side,side_pole_load_cell_8,3320,1,subject_vehicle,single_vehicle_inferred_subject,5UXCR6C50KLK80029,BMW,X5,2019,UTILITY VEHICLE,V6 INLINE FRONT,3.0,AUTOMATIC - FOUR WHEEL DRIVE,32.22,2248.0,2160.0,4900.0,2010.0,2975.0,344.0,1555.0,0.0,094044f4c8442658c8a73a8c0ccbd6c18965ba2ee40ded122daa43c975327c23
10644,2019-01-03,side,side,side_pole_load_cell_8,3315,1,subject_vehicle,single_vehicle_inferred_subject,5NMS23AD6KH048031,HYUNDAI,SANTA FE,2019,UTILITY VEHICLE,4 CYLINDER TRANSVERSE FRONT,2.4,AUTOMATIC - FRONT WHEEL DRIVE,32.24,1813.0,1632.0,4764.0,1884.0,2766.0,338.0,1182.0,0.0,c53f5d959d924aa9d13906a995099c3d159c89842f1e94670650aecfcc9cf8c8
10649,2019-01-10,side,side,side_pole_load_cell_8,3327,1,subject_vehicle,single_vehicle_inferred_subject,2FMPK3G99KBB30953,FORD,EDGE,2019,UTILITY VEHICLE,4 CYLINDER TRANSVERSE FRONT,2.0,AUTOMATIC - FRONT WHEEL DRIVE,32.22,1931.0,1799.0,4796.0,1917.0,2842.0,392.0,1236.0,0.0,8711b45e793bffa252ed9e5210a49733c012cbb40d6086b4023bc48ab0d534ef
10650,2019-01-11,side,side,side_pole_load_cell_8,3328,1,subject_vehicle,single_vehicle_inferred_subject,JTNK4RBE5K3016508,TOYOTA,COROLLA,2019,FIVE DOOR HATCHBACK,4 CYLINDER TRANSVERSE FRONT,2.0,AUTOMATIC - FRONT WHEEL DRIVE,32.25,1458.0,1369.0,4373.0,1770.0,2640.0,305.0,1081.0,0.0,bec1bed04d7cec181eaea1a698f3861ec68f5eec242920cf31699dc2c1c2c9cc
10655,2019-01-18,side,side,side_pole_load_cell_8,3335,1,subject_vehicle,single_vehicle_inferred_subject,4T1BZ1FB1KU018141,TOYOTA,AVALON,2019,FOUR DOOR SEDAN,V6 TRANSVERSE FRONT,3.5,AUTOMATIC - FRONT WHEEL DRIVE,32.1,1766.0,1643.0,4976.0,1836.0,2874.0,331.0,1239.0,0.0,f8d4b36341a190c88ef0f79f5f5a91da57c5659c2c488134a600bea90b1e97d4
10657,2019-01-23,side,side,side_pole_load_cell_8,3337,1,subject_vehicle,single_vehicle_inferred_subject,58ABZ1B19KU008186,LEXUS,ES 350,2019,FOUR DOOR SEDAN,V6 TRANSVERSE FRONT,3.5,AUTOMATIC - FRONT WHEEL DRIVE,32.19,1802.0,1697.0,4977.0,1834.0,2870.0,333.0,1232.0,0.0,d8fb450ff4dc97419c2be10bfa720c8fc283a9490c09c8ae1d254015dc8ccf8b
10659,2019-01-29,side,side,side_pole_load_cell_8,3340,1,subject_vehicle,single_vehicle_inferred_subject,WA1AVAF14KD010029,AUDI,Q8,2019,UTILITY VEHICLE,V6 TRANSVERSE FRONT,3.0,AUTOMATIC - FOUR WHEEL DRIVE,32.42,2418.0,2237.0,4975.0,1996.0,2996.0,365.0,1455.0,0.0,173a8a40022269674167c01460ffb51b3e04ac19cf301dbe4c7c555569f32b1d
10661,2019-01-30,side,side,side_pole_load_cell_8,3342,1,subject_vehicle,single_vehicle_inferred_subject,KM8K12AA8KU223810,HYUNDAI,KONA,2019,UTILITY VEHICLE,4 CYLINDER TRANSVERSE FRONT,2.0,AUTOMATIC - FRONT WHEEL DRIVE,31.81,1391.0,1301.0,4164.0,1776.0,2600.0,336.0,1071.0,0.0,df94676715824241036714bab0227c80c108d619dc78f7d6b68c77c453f6c880
10662,2019-01-31,side,side,side_pole_load_cell_8,3345,1,subject_vehicle,single_vehicle_inferred_subject,3VWC57BUXKM082064,VOLKSWAGEN,JETTA,2019,FOUR DOOR SEDAN,4 CYLINDER TRANSVERSE FRONT,1.4,AUTOMATIC - FRONT WHEEL DRIVE,32.26,1488.0,1346.0,4704.0,1795.0,2684.0,317.0,1169.0,0.0,23d11ce9a1bc8d5a04fc03f865e94893921356d28641b8659b7029eed1c6dff2
10677,2019-02-06,side,side,side_pole_load_cell_8,3356,1,subject_vehicle,single_vehicle_inferred_subject,5N1AZ2MJ1KN106306,NISSAN,MURANO,2019,UTILITY VEHICLE,V6 TRANSVERSE FRONT,3.5,AUTOMATIC - FRONT WHEEL DRIVE,32.17,1837.0,1725.0,4891.0,1915.0,2832.0,423.0,1190.0,0.0,27cc2480335ef6466361898f0e94f3e5fdf3dd62116a73983a256e94de76500e
10684,2019-02-14,side,side,side_pole_load_cell_8,3362,1,subject_vehicle,single_vehicle_inferred_subject,5UXTR7C57KLF34067,BMW,X3,2019,UTILITY VEHICLE,4 CYLINDER INLINE FRONT,2.0,AUTOMATIC - REAR WHEEL DRIVE,31.42,1947.0,1820.0,4699.0,1878.0,2862.0,324.0,1550.0,,60df28a619f40b8319a648193a9455ce48b9094de6940e3f98b4fdb8d4a257fb
10685,2019-02-20,side,side,side_pole_load_cell_8,3365,1,subject_vehicle,single_vehicle_inferred_subject,1GYAZAR4XKF128410,CADILLAC,XT4,2019,UTILITY VEHICLE,4 CYLINDER TRANSVERSE FRONT,2.0,AUTOMATIC - FRONT WHEEL DRIVE,32.32,1832.0,1653.0,4650.0,1865.0,2775.0,330.0,1203.0,0.0,f8c8c1142f22a900dad1c638aed5b02eeb0fd579c02a7f0f122d7ccf807d25b7
10687,2019-02-19,side,side,side_pole_load_cell_8,3364,1,subject_vehicle,single_vehicle_inferred_subject,3KPF24AD4KE061942,KIA,FORTE,2019,FOUR DOOR SEDAN,4 CYLINDER TRANSVERSE FRONT,2.0,AUTOMATIC - FRONT WHEEL DRIVE,32.21,1355.0,1268.0,4638.0,1770.0,2700.0,296.0,1074.0,0.0,5896872f5397d4417c0beb7db2170a771c007eca1da5f98c95c84eaf333911b5
10701,2019-03-01,side,side,side_pole_load_cell_8,3373,1,subject_vehicle,single_vehicle_inferred_subject,1GCPWCED4KZ130811,CHEVROLET,SILVERADO 1500,2019,4 DOOR PICKUP,V8 INLINE FRONT,5.3,AUTOMATIC - REAR WHEEL DRIVE,32.29,2378.0,0.0,5944.0,2030.0,3754.0,375.0,1743.0,,a8d88ab23dbb30c4ec3f6e772913a867a041716da198bd327a23a692e3a4927e
10703,2019-03-05,side,side,side_pole_load_cell_8,3375,1,subject_vehicle,single_vehicle_inferred_subject,JTMK1RFV7KJ002368,TOYOTA,RAV4,2019,UTILITY VEHICLE,4 CYLINDER TRANSVERSE FRONT,2.5,AUTOMATIC - FRONT WHEEL DRIVE,32.23,1637.0,1536.0,4589.0,1823.0,2686.0,325.0,1157.0,0.0,33a0bbab8f155ca4713901907e1df2f833af41d8a87c73423e6c2372078ed628
10707,2019-03-07,side,side,side_pole_load_cell_8,3380,1,subject_vehicle,single_vehicle_inferred_subject,1GCRWAEF1KZ186140,CHEVROLET,SILVERADO 1500,2019,EXTENDED CAB PICKUP,V8 INLINE FRONT,5.3,AUTOMATIC - REAR WHEEL DRIVE,32.23,2346.0,2165.0,5882.0,2034.0,3748.0,372.0,1755.0,0.0,b9a8854d7c8ba004d21e9ccb2d31fff91c9fa226062b983046a45db584b0d715
10711,2019-03-13,side,side,side_pole_load_cell_8,3388,1,subject_vehicle,single_vehicle_inferred_subject,3N1CP5CU0KL481686,NISSAN,KICKS,2019,UTILITY VEHICLE,4 CYLINDER TRANSVERSE FRONT,1.6,AUTOMATIC - FRONT WHEEL DRIVE,32.47,1276.0,1190.0,4281.0,1736.0,2624.0,336.0,1074.0,0.0,2f265b00f71e5cc31a9ed9be031bc83c17f2aed5e26fe6fb38eda31df626814c
10715,2019-03-10,side,side,side_pole_load_cell_8,3383,1,subject_vehicle,single_vehicle_inferred_subject,1FT7W2A6XKED82443,FORD,F250 CREW CAB,2019,4 DOOR PICKUP,V8 INLINE FRONT,6.2,AUTOMATIC - REAR WHEEL DRIVE,32.28,2927.0,2748.0,6347.0,2020.0,4061.0,283.0,1831.0,0.0,f29197ab5bb1c4d7a3ba422ba3fd0def6476901f7d0e803a0c169f72a8225902
10717,2019-03-20,side,side,side_pole_load_cell_8,3391,1,subject_vehicle,single_vehicle_inferred_subject,3PCAJ5M17KF131464,INFINITI,QX50,2019,UTILITY VEHICLE,4 CYLINDER TRANSVERSE FRONT,2.0,AUTOMATIC - FRONT WHEEL DRIVE,32.72,1836.0,1744.0,4690.0,1900.0,2790.0,384.0,1176.0,0.0,07b6b4c3ee39a33060c7b40bb7cfb238130ab4cc93de7e1175035447b57d6cdc
10720,2019-04-05,side,side,side_pole_load_cell_8,3398,1,subject_vehicle,single_vehicle_inferred_subject,JTHY3JBH2K2002499,LEXUS,UX 200,2019,FIVE DOOR HATCHBACK,4 CYLINDER TRANSVERSE FRONT,2.0,AUTOMATIC - FRONT WHEEL DRIVE,32.4,1607.0,1506.0,4492.0,1799.0,2644.0,316.0,1122.0,0.0,7e4bd7948a53c7f85e764cf8b88242456b92b709809628bff222c4d93b78298b
10723,2019-04-30,side,side,side_pole_load_cell_8,3408,1,subject_vehicle,single_vehicle_inferred_subject,1C6RRECT2KN666256,RAM,1500 QUAD,2019,EXTENDED CAB PICKUP,V8 INLINE FRONT,5.7,AUTOMATIC - REAR WHEEL DRIVE,32.22,2485.0,2329.0,5818.0,2033.0,3577.0,389.0,1602.0,0.0,951f809dbe4535c6dfa409e83aa1c5c730ddf401e6943d0a463beb266e7f43f5
10734,2019-05-09,side,side,side_pole_load_cell_8,3413,1,subject_vehicle,single_vehicle_inferred_subject,1C6RREGG4KN751001,RAM,1500 CREW,2019,4 DOOR PICKUP,STRAIGHT 6 INLINE FRONT,3.6,AUTOMATIC - REAR WHEEL DRIVE,32.24,2423.0,1744.0,5918.0,2040.0,3675.0,416.0,1703.0,0.0,cbe858310aef2997cbcee29bb2cd20cbe2ae037a221e4f59952485bbaee46044
10738,2019-05-16,side,side,side_pole_load_cell_8,3419,1,subject_vehicle,single_vehicle_inferred_subject,3GNKBBRA1KS568786,CHEVROLET,BLAZER,2019,UTILITY VEHICLE,4 CYLINDER TRANSVERSE FRONT,2.5,AUTOMATIC - FRONT WHEEL DRIVE,32.28,1926.0,1749.0,4855.0,1950.0,2863.0,320.0,1270.0,0.0,bcf0999a7b043e73aff5ec273c4ffad285159c4ed75d75db23e723deb656bdd0
10765,2019-05-22,side,side,side_pole_load_cell_8,3425,1,subject_vehicle,single_vehicle_inferred_subject,KNDCB3LC2K5242616,KIA,NIRO,2019,UTILITY VEHICLE,4 CYLINDER TRANSVERSE FRONT,1.6,AUTOMATIC - FRONT WHEEL DRIVE,31.87,1511.0,1424.0,4349.0,1795.0,2699.0,288.0,1120.0,0.0,d2bbfee0e6912994c6a71d28e7a287735bb5f712800816f3a265b899d6569f84
10766,2019-05-29,side,side,side_pole_load_cell_8,3427,1,subject_vehicle,single_vehicle_inferred_subject,1G1BC5SM9K7148731,CHEVROLET,CRUZE,2019,FOUR DOOR SEDAN,4 CYLINDER TRANSVERSE FRONT,1.4,AUTOMATIC - FRONT WHEEL DRIVE,32.36,1386.0,1289.0,4659.0,1787.0,2701.0,309.0,1084.0,0.0,6e12e6d729305503f62feb5edd07d1a1e25f2a6ecbe3a30a4ccb725b380719f8
10772,2019-05-30,side,side,side_pole_load_cell_8,3436,1,subject_vehicle,single_vehicle_inferred_subject,1N4BL4BV4KC141323,NISSAN,ALTIMA,2019,FOUR DOOR SEDAN,4 CYLINDER TRANSVERSE FRONT,2.5,AUTOMATIC - FRONT WHEEL DRIVE,32.22,1577.0,1463.0,4900.0,1836.0,2818.0,169.0,1217.0,0.0,e0a21236585de3864e5cf9a8283b9e468761bd1377d3d16cf3b7c6525db54623
10773,2019-05-28,side,side,side_pole_load_cell_8,3426,1,subject_vehicle,single_vehicle_inferred_subject,2HKRW5H38KH409855,HONDA,CR-V,2019,UTILITY VEHICLE,4 CYLINDER TRANSVERSE FRONT,2.4,AUTOMATIC - FRONT WHEEL DRIVE,32.25,1587.0,1501.0,4567.0,1842.0,2660.0,308.0,1146.0,0.0,6f94ef6d07822e8de361e6275c7903c9cd5bd9f0049632c644bf87a5f7d6f1a4
10777,2019-06-04,side,side,side_pole_load_cell_8,3441,1,subject_vehicle,single_vehicle_inferred_subject,1FTEX1CP5KFA36329,FORD,F150 SUPERCAB,2019,EXTENDED CAB PICKUP,V6 INLINE FRONT,2.7,AUTOMATIC - FRONT WHEEL DRIVE,32.53,2276.0,2097.0,5879.0,2031.0,3679.0,348.0,1660.0,0.0,8bfbcea0999c4b54b686efd5d4d8f66763add3fd5f4622f14f53d0c8bb38322b
10779,2019-06-13,side,side,side_pole_load_cell_8,3443,1,subject_vehicle,single_vehicle_inferred_subject,1C4RJEAG9KC704969,JEEP,GRAND CHEROKEE,2019,UTILITY VEHICLE,V6 INLINE FRONT,3.6,AUTOMATIC - REAR WHEEL DRIVE,32.45,2224.0,2048.0,4830.0,1919.0,2921.0,335.0,1532.0,0.0,e8541c29e424fab40f35bfacd61e3f0d69ca6de5e39d52cab4b93ac325c8c1af
10791,2019-07-18,side,side,side_pole_load_cell_8,3457,1,subject_vehicle,single_vehicle_inferred_subject,1FT7X2A69KEE12920,FORD,F250 SUPERCAB,2019,EXTENDED CAB PICKUP,V8 INLINE FRONT,6.2,AUTOMATIC - REAR WHEEL DRIVE,32.35,2906.0,2725.0,6059.0,2028.0,3759.0,383.0,1761.0,0.0,c89481fcff83b10c326a6e085b06a7dbcbc9e2eb88ca91c1d996b9b21437190c
10817,2019-09-05,side,side,side_pole_load_cell_8,3484,1,subject_vehicle,single_vehicle_inferred_subject,1FTER4EH6KLA58584,FORD,RANGER,2019,4 DOOR PICKUP,4 CYLINDER INLINE FRONT,2.3,AUTOMATIC - REAR WHEEL DRIVE,31.87,2092.0,1914.0,5350.0,1865.0,3220.0,404.0,1517.0,0.0,9767fa583e806302fbc7db99ef22e7b20c9e8892aaf1c49732341b7b5f00f32f
10821,2019-09-23,side,side,side_pole_load_cell_8,3490,1,subject_vehicle,single_vehicle_inferred_subject,WA1AECF3XK1081833,AUDI,Q3,2019,UTILITY VEHICLE,4 CYLINDER TRANSVERSE FRONT,2.0,AUTOMATIC - FOUR WHEEL DRIVE,32.39,1942.0,1760.0,4484.0,1819.0,2682.0,320.0,1266.0,0.0,a5459bf70b26ea109ff199167137ca5a3d7b1a28efb48101f203c87765953e39
10828,2019-10-18,side,side,side_pole_load_cell_8,3498,1,subject_vehicle,single_vehicle_inferred_subject,WA1LAAGE9KB013705,AUDI,e-tron,2019,UTILITY VEHICLE,ELECTRIC MOTOR,0.0,AUTOMATIC - FOUR WHEEL DRIVE,32.49,2807.0,2624.0,4907.0,1938.0,2931.0,194.0,1528.0,0.0,b85f01a2406bc30a680a7c50b5cf7a0848cc03ca2262e7c1cdf39857f97ccb3a
10829,2019-10-22,side,side,side_pole_load_cell_8,3499,1,subject_vehicle,single_vehicle_inferred_subject,1G1ZB5ST0KF213173,CHEVROLET,MALIBU,2019,FOUR DOOR SEDAN,4 CYLINDER TRANSVERSE FRONT,1.5,AUTOMATIC - FRONT WHEEL DRIVE,32.38,1523.0,1417.0,4930.0,1860.0,2829.0,344.0,1169.0,0.0,48bd70251be74880f075c23c89ea260edbe658129cde8e5d179ff75ed83ce8c0
10834,2019-11-04,side,side,side_pole_load_cell_8,3509,1,subject_vehicle,single_vehicle_inferred_subject,JA4AS3AA0LZ005636,MITSUBISHI,ECLIPSE CROSS,2020,UTILITY VEHICLE,4 CYLINDER TRANSVERSE FRONT,1.5,AUTOMATIC - FRONT WHEEL DRIVE,32.39,1568.0,1491.0,4402.0,1808.0,2666.0,334.0,1102.0,0.0,1a832b23a27a0db306b6e59fe272dcfbf71ca5e5dd6a76620461c35aa9b97c07
10838,2019-11-07,side,side,side_pole_load_cell_8,3514,1,subject_vehicle,single_vehicle_inferred_subject,5XYP34HC5LG041444,KIA,TELLURIDE,2020,UTILITY VEHICLE,V6 TRANSVERSE FRONT,3.8,AUTOMATIC - FRONT WHEEL DRIVE,32.48,2044.0,1944.0,4994.0,1949.0,2900.0,357.0,1351.0,0.0,7a19b8a1409ae28d1ba07e5d803c0b3ce5dce0ccc72478a6eaed04c830b71925
10841,2019-09-11,research_other,side,side_pole_load_cell_8,3489,1,subject_vehicle,single_vehicle_inferred_subject,1HGCV1F1XJA130725,HONDA,ACCORD,2018,FOUR DOOR SEDAN,4 CYLINDER TRANSVERSE FRONT,1.5,AUTOMATIC - FRONT WHEEL DRIVE,32.01,1531.0,,4873.0,1843.0,2819.0,319.0,1213.0,0.0,ca4135612db0dba45ab6e68fd46f7c3168155ebd1f3ae54622c1669b4a5ba5aa
10842,2019-07-29,research_other,side,side_pole_load_cell_8,3472,1,subject_vehicle,single_vehicle_inferred_subject,1HGCV1F17JA007237,HONDA,ACCORD,2018,FOUR DOOR SEDAN,4 CYLINDER TRANSVERSE FRONT,1.5,AUTOMATIC - FRONT WHEEL DRIVE,31.98,1533.0,1419.0,4870.0,1864.0,2820.0,309.0,1205.0,,fa610bd02cc8cc4d18b31358049ebf56132e7fe09aff5a17dc4dbebf43ce284e
10845,2019-10-31,research_other,side,side_pole_load_cell_8,3507,1,subject_vehicle,single_vehicle_inferred_subject,1HGCV1F18JA079564,HONDA,ACCORD,2018,FOUR DOOR SEDAN,4 CYLINDER TRANSVERSE FRONT,1.5,AUTOMATIC - FRONT WHEEL DRIVE,31.9,1529.0,,4885.0,1842.0,2830.0,391.0,1211.0,0.0,dc3175b2e1a093fd612326289918b2ed3eae589fa91567513676fbc59ff25efa
10846,2019-11-11,side,side,side_pole_load_cell_8,3517,1,subject_vehicle,single_vehicle_inferred_subject,4S3BWAC63L3002275,SUBARU,LEGACY,2020,FOUR DOOR SEDAN,4 CYLINDER INLINE FRONT,2.5,AUTOMATIC - FOUR WHEEL DRIVE,31.59,1673.0,1587.0,4826.0,1836.0,2751.0,356.0,1173.0,0.0,24ed2ddda105c1280d32b7d56228e9afc7aab5b6bbd6652a9ada56eb78caf54b
10911,2019-11-12,side,side,side_pole_load_cell_8,3519,1,subject_vehicle,single_vehicle_inferred_subject,4S4BTACCXL3106725,SUBARU,OUTBACK,2020,UTILITY VEHICLE,4 CYLINDER INLINE FRONT,2.5,AUTOMATIC - FOUR WHEEL DRIVE,32.54,1830.0,1652.0,4839.0,1824.0,2730.0,350.0,1303.0,0.0,42a40952e4b341fede3650d6221ac989322dc311168fca5524d1514a626d770d
10916,2019-11-22,side,side,side_pole_load_cell_8,3527,1,subject_vehicle,single_vehicle_inferred_subject,YV4AC2HL2L2189228,VOLVO,XC40 T4,2020,UTILITY VEHICLE,4 CYLINDER TRANSVERSE FRONT,2.0,AUTOMATIC - FRONT WHEEL DRIVE,32.3,1805.0,1681.0,4448.0,1875.0,2710.0,329.0,1192.0,0.0,9dfb5940ca6964c8e0166309f16270ed6224876b9cf1cbc1df165c8eb1e43152
10922,2019-12-03,side,side,side_pole_load_cell_8,3534,1,subject_vehicle,single_vehicle_inferred_subject,1GYKPCRS2LZ101271,CADILLAC,XT6,2020,UTILITY VEHICLE,V6 TRANSVERSE FRONT,3.6,AUTOMATIC - FRONT WHEEL DRIVE,31.95,2190.0,2013.0,5050.0,1955.0,2865.0,362.0,1389.0,0.0,aee7b8497ba2fb4b91bdb678b49425b29d0c680067add7b7e2b7301101dad0b5
10923,2019-12-02,side,side,side_pole_load_cell_8,3530,1,subject_vehicle,single_vehicle_inferred_subject,JF1VA1A68L9800661,SUBARU,WRX,2020,FOUR DOOR SEDAN,4 CYLINDER INLINE FRONT,2.0,MANUAL - FOUR WHEEL DRIVE,32.19,1584.0,1497.0,4598.0,1721.0,2651.0,342.0,1093.0,0.0,b2cbb3e0038d1d81145cafda98ee165a545fd23e492a3bdbccaeb3ad2c9e3941
10927,2019-12-06,side,side,side_pole_load_cell_8,3541,1,subject_vehicle,single_vehicle_inferred_subject,3N1CN8BV7LL801637,NISSAN,VERSA,2020,FOUR DOOR SEDAN,4 CYLINDER TRANSVERSE FRONT,1.6,MANUAL - FRONT WHEEL DRIVE,32.11,1259.0,1173.0,4489.0,1725.0,2620.0,250.0,1146.0,0.0,7c8e9d2b21b16c53553f7fa20cf04dd3bf39974c18657a98e155f9732ca8bc54
10928,2019-12-09,side,side,side_pole_load_cell_8,3542,1,subject_vehicle,single_vehicle_inferred_subject,ZACNJAB19LPK99241,JEEP,RENEGADE,2020,UTILITY VEHICLE,4 CYLINDER TRANSVERSE FRONT,1.3,AUTOMATIC - FRONT WHEEL DRIVE,32.02,1545.0,1455.0,4230.0,1805.0,2575.0,327.0,1038.0,0.0,234a093d60c46c4bb5e03e7488dc8603475a27605ce3c0255c5a9df4b3d0557b
10960,2019-12-11,side,side,side_pole_load_cell_8,3545,1,subject_vehicle,single_vehicle_inferred_subject,1N4AA6BV3LC360742,NISSAN,MAXIMA,2020,FOUR DOOR SEDAN,V6 TRANSVERSE FRONT,3.5,AUTOMATIC - FRONT WHEEL DRIVE,32.5,1728.0,1614.0,4904.0,1859.0,2772.0,433.0,1164.0,0.0,01ae4bc291fd5c22d67a7d1644e734ffb49a12873c2164b31b8d065995c3a6ff
10967,2020-01-07,side,side,side_pole_load_cell_8,3556,1,subject_vehicle,single_vehicle_inferred_subject,1FMCU0DZ6LUA45432,FORD,ESCAPE HYBRID,2020,UTILITY VEHICLE,4 CYLINDER TRANSVERSE FRONT,2.5,AUTOMATIC - FRONT WHEEL DRIVE,32.36,1762.0,1647.0,4588.0,1808.0,2709.0,280.0,1150.0,0.0,6afaa86772f29bf00d78eed1c563f876b97108003ab0d414d8d236e5b6fa2a3c
10969,2020-01-08,side,side,side_pole_load_cell_8,3559,1,subject_vehicle,single_vehicle_inferred_subject,3KPC24A62LE100534,HYUNDAI,ACCENT,2020,FOUR DOOR SEDAN,4 CYLINDER TRANSVERSE FRONT,1.6,MANUAL - FRONT WHEEL DRIVE,32.47,1240.0,1150.0,4385.0,1710.0,2578.0,303.0,1083.0,0.0,08da37104ff9bb19dc79712ef6d72fb3dedead41ba3c0c9657f731e65550addf
10973,2020-01-10,side,side,side_pole_load_cell_8,3564,1,subject_vehicle,single_vehicle_inferred_subject,3MZBPACL8LM115962,MAZDA,MAZDA3,2020,FOUR DOOR SEDAN,4 CYLINDER TRANSVERSE FRONT,2.5,AUTOMATIC - FRONT WHEEL DRIVE,32.05,1474.0,1387.0,4616.0,1800.0,2720.0,264.0,1129.0,0.0,2d8a07394071dbb66aa610500a25e4edb51ff6d3a1f10993d58c5f8ed2cc092d
10975,2020-01-22,side,side,side_pole_load_cell_8,3569,1,subject_vehicle,single_vehicle_inferred_subject,KMHRB8A33LU019059,HYUNDAI,VENUE,2020,FIVE DOOR HATCHBACK,4 CYLINDER TRANSVERSE FRONT,1.6,AUTOMATIC - FRONT WHEEL DRIVE,32.25,1275.0,1192.0,4040.0,1780.0,2520.0,313.0,1043.0,0.0,3e7fc36b9c5663cb30ddaabbd348a5ca4a5d927fbec9beae7f417c199994f418
10980,2020-01-23,side,side,side_pole_load_cell_8,3574,1,subject_vehicle,single_vehicle_inferred_subject,YV4102DK1L1504211,VOLVO,XC60 T5,2020,UTILITY VEHICLE,4 CYLINDER TRANSVERSE FRONT,2.0,AUTOMATIC - FRONT WHEEL DRIVE,32.03,1947.0,1814.0,4664.0,1901.0,2851.0,309.0,1386.0,0.0,51ecf0612dc26dd222ca6f79ea302908ca7d56877b471100f5716ad3f8d1e9d8
10983,2020-01-30,side,side,side_pole_load_cell_8,3580,1,subject_vehicle,single_vehicle_inferred_subject,WAUD8AF2XKN129455,AUDI,A6,2019,FOUR DOOR SEDAN,4 CYLINDER INLINE FRONT,2.0,AUTOMATIC - FOUR WHEEL DRIVE,32.46,2029.0,1824.0,4910.0,1875.0,2930.0,320.0,1495.0,0.0,51f92b8f2578ba15e0a37c0751048e5c6d6d98d3f1523b7e8c7e58f8a722659b
10984,2020-02-10,side,side,side_pole_load_cell_8,3589,1,subject_vehicle,single_vehicle_inferred_subject,3MVDMACL5LM102895,MAZDA,CX-30,2020,UTILITY VEHICLE,4 CYLINDER TRANSVERSE FRONT,2.5,AUTOMATIC - FRONT WHEEL DRIVE,32.28,1507.0,1420.0,4399.0,1770.0,2648.0,263.0,1047.0,0.0,97cd6019cc8ff5804500771837c433e85e3742eb2d6c7b3861c80ca2c42b3e54
10987,2020-02-21,side,side,side_pole_load_cell_8,3599,1,subject_vehicle,single_vehicle_inferred_subject,KNDJ23AU7L7718352,KIA,SOUL,2020,UTILITY VEHICLE,4 CYLINDER TRANSVERSE FRONT,2.0,AUTOMATIC - FRONT WHEEL DRIVE,32.23,1401.0,1310.0,4200.0,1800.0,2604.0,321.0,1072.0,0.0,0bc18c3b09316e93240cbe8e7305877ee2bb0a73c24a86edde02529f97f061ce
10989,2020-02-19,side,side,side_pole_load_cell_8,3598,1,subject_vehicle,single_vehicle_inferred_subject,KM8R14HEXLU068651,HYUNDAI,PALISADE,2020,UTILITY VEHICLE,V6 TRANSVERSE FRONT,3.8,AUTOMATIC - FRONT WHEEL DRIVE,31.7,1994.0,1895.0,4958.0,1944.0,2904.0,349.0,1311.0,0.0,e970d4cf420af48e6d3de0f8110ec20c983961d5d32e14e69b5b283f00f7a52e
10991,2020-02-10,side,side,side_pole_load_cell_8,3592,1,subject_vehicle,single_vehicle_inferred_subject,1GKKNKLS5LZ158230,GMC,ACADIA,2020,UTILITY VEHICLE,V6 TRANSVERSE FRONT,3.6,AUTOMATIC - FRONT WHEEL DRIVE,32.26,2049.0,1866.0,4932.0,1875.0,2860.0,358.0,1342.0,0.0,6371a553a9265b20fb754d7c9f776e5f78537a8cf21ee0e1b64a80af97150a81
10996,2020-02-28,side,side,side_pole_load_cell_8,3605,1,subject_vehicle,single_vehicle_inferred_subject,3N1CP5BV1LL484754,NISSAN,KICKS,2020,UTILITY VEHICLE,4 CYLINDER TRANSVERSE FRONT,1.6,AUTOMATIC - FRONT WHEEL DRIVE,31.49,1310.0,1223.0,4297.0,1736.0,2623.0,314.0,1104.0,0.0,3e2c4d826a848aa31ac920f3f40add2c73444885458eb43feafdf68980885704
10997,2020-03-02,side,side,side_pole_load_cell_8,3606,1,subject_vehicle,single_vehicle_inferred_subject,1VWAA7A31LC008708,VOLKSWAGEN,PASSAT,2020,FOUR DOOR SEDAN,4 CYLINDER TRANSVERSE FRONT,2.0,AUTOMATIC - FRONT WHEEL DRIVE,32.39,1627.0,1504.0,4918.0,1794.0,2802.0,359.0,1218.0,0.0,34dc2ed1593e5d462fead1ce5a9029da152d5798b5cd0321e02e4cc419ed1b2d
11045,2020-03-10,side,side,side_pole_load_cell_8,3610,1,subject_vehicle,single_vehicle_inferred_subject,7JR102FK1LG048418,VOLVO,S60,2020,FOUR DOOR SEDAN,4 CYLINDER TRANSVERSE FRONT,2.0,AUTOMATIC - FRONT WHEEL DRIVE,32.21,1798.0,1690.0,4764.0,1852.0,2875.0,312.0,1297.0,0.0,f3bbb51f35a8ba65f57e237b6d55985274994d20f10000abdabad6ba9228d99e
11050,2020-03-18,side,side,side_pole_load_cell_8,3619,1,subject_vehicle,single_vehicle_inferred_subject,5NPEG4JA5LH000454,HYUNDAI,SONATA,2020,FOUR DOOR SEDAN,4 CYLINDER TRANSVERSE FRONT,2.5,AUTOMATIC - FRONT WHEEL DRIVE,32.42,1547.0,1432.0,4903.0,1831.0,2840.0,331.0,1198.0,0.0,c491f98d7e3b1d710fbe66943fbcfc9d616a1807989a6b1e4d044bcfaabce77f
11051,2020-03-23,side,side,side_pole_load_cell_8,3620,1,subject_vehicle,single_vehicle_inferred_subject,1FM5K7FW9LGA90809,FORD,EXPLORER HYBRID,2020,UTILITY VEHICLE,V6 TRANSVERSE FRONT,3.3,AUTOMATIC - REAR WHEEL DRIVE,32.53,2437.0,1718.0,5052.0,1982.0,3020.0,308.0,1534.0,0.0,fef2806b369495fb013a79ba6270d198781531dd177319be0b6a68d9921ae663
11054,2020-04-06,side,side,side_pole_load_cell_8,3628,1,subject_vehicle,single_vehicle_inferred_subject,KL4MMBS20LB070343,BUICK,ENCORE GX,2020,UTILITY VEHICLE,3 CYLINDER TRANSVERSE FRONT,1.2,AUTOMATIC - FRONT WHEEL DRIVE,32.33,1517.0,1386.0,4345.0,1773.0,2593.0,313.0,1070.0,0.0,0eb367f14968c1e9fea285cda243948738d060cd20286d95f3ccd50a9eed5ca9
11063,2020-04-20,side,side,side_pole_load_cell_8,3632,1,subject_vehicle,single_vehicle_inferred_subject,KNAE15LA4L6073813,KIA,STINGER,2020,FOUR DOOR SEDAN,4 CYLINDER INLINE FRONT,2.0,AUTOMATIC - REAR WHEEL DRIVE,32.22,1812.0,1699.0,4832.0,1816.0,2908.0,330.0,1467.0,0.0,a31402d33233c2ef80c866d3038510966ff9719d246d6585d96424778e75fce7
11067,2020-05-12,side,side,side_pole_load_cell_8,3656,1,subject_vehicle,single_vehicle_inferred_subject,2C4RC1L70LR173542,CHRYSLER,PACIFICA HYBRID,2020,MINIVAN,V6 TRANSVERSE FRONT,3.6,AUTOMATIC - FRONT WHEEL DRIVE,32.21,2344.0,2279.0,5173.0,2021.0,3091.0,338.0,1377.0,0.0,79725dacae951b3b98f01de0791c451cf827ed770045918b87993c296496cbb6
11069,2020-05-14,side,side,side_pole_load_cell_8,3665,1,subject_vehicle,single_vehicle_inferred_subject,3N1AB8V7LY216446,NISSAN,SENTRA,2020,FOUR DOOR SEDAN,4 CYLINDER TRANSVERSE FRONT,2.0,AUTOMATIC - FRONT WHEEL DRIVE,32.27,1475.0,1375.0,4637.0,1806.0,2713.0,297.0,1128.0,0.0,26ae7dafb1d07b5f315c6443388fcbec3871f0d3de1836401e04b25ad66b398b
11072,2020-05-18,side,side,side_pole_load_cell_8,3674,1,subject_vehicle,single_vehicle_inferred_subject,1N4BZ1CP7LC304111,NISSAN,LEAF PLUS,2020,FIVE DOOR HATCHBACK,ELECTRIC MOTOR,0.0,AUTOMATIC - FRONT WHEEL DRIVE,32.22,1863.0,1770.0,4480.0,1773.0,2701.0,282.0,1166.0,0.0,ca3e71945f8ab9ffee9ec46b5adc25354aedcbacd5247b733797e69f33c26160
11076,2020-05-27,side,side,side_pole_load_cell_8,3686,1,subject_vehicle,single_vehicle_inferred_subject,5TFRX5GN8LX167588,TOYOTA,TACOMA,2020,EXTENDED CAB PICKUP,4 CYLINDER INLINE FRONT,2.7,AUTOMATIC - REAR WHEEL DRIVE,32.28,1970.0,1790.0,5380.0,1805.0,3253.0,251.0,1572.0,0.0,1642aeff1935a473789daab9e43a6785d9629dc4010b62b7d90ccec83af212bb
11078,2020-06-09,side,side,side_pole_load_cell_8,3689,1,subject_vehicle,single_vehicle_inferred_subject,KNDEU2AAXM7045392,KIA,SELTOS,2021,UTILITY VEHICLE,4 CYLINDER TRANSVERSE FRONT,2.0,AUTOMATIC - FRONT WHEEL DRIVE,32.52,1436.0,1342.0,4367.0,1768.0,2634.0,328.0,1104.0,0.0,5d94dc8f33c1dd07788a0796c344b09350b1f4298c5b539ebd5acd7e5a1a9422
11082,2020-06-18,side,side,side_pole_load_cell_8,3702,1,subject_vehicle,single_vehicle_inferred_subject,1G6DW5RK9L0121666,CADILLAC,CT5,2020,FOUR DOOR SEDAN,4 CYLINDER INLINE FRONT,2.0,AUTOMATIC - REAR WHEEL DRIVE,32.61,1785.0,1684.0,4919.0,1809.0,2945.0,333.0,1473.0,0.0,c9983fffae05d4e322e8a1ea668e47885f628e3656b80081150f2423e1ff4ae6
11128,2020-06-24,side,side,side_pole_load_cell_8,3708,1,subject_vehicle,single_vehicle_inferred_subject,1N6AA1EE6LN508764,NISSAN,TITAN,2020,4 DOOR PICKUP,V8 INLINE FRONT,5.6,AUTOMATIC - REAR WHEEL DRIVE,32.5,2710.0,2529.0,5792.0,2008.0,3558.0,436.0,1647.0,0.0,09579c07768fed07a2bdab5afb1335d3a1838ee23f60673e4d5615b2467f09b7
11136,2020-07-13,side,side,side_pole_load_cell_8,3717,1,subject_vehicle,single_vehicle_inferred_subject,2C3CDZAG4LH135102,DODGE,CHALLENGER,2020,TWO DOOR COUPE,V6 INLINE FRONT,3.6,AUTOMATIC - REAR WHEEL DRIVE,32.22,1838.0,1741.0,5037.0,1917.0,2956.0,398.0,1453.0,0.0,e567d643cb200509c085c9943a73b45a6c1d92fec96a89d270d55851afcfb467
11148,2020-08-07,side,side,side_pole_load_cell_8,3733,1,subject_vehicle,single_vehicle_inferred_subject,1N4AZ1BP8LC300632,NISSAN,LEAF,2020,FIVE DOOR HATCHBACK,ELECTRIC MOTOR,0.0,AUTOMATIC - FRONT WHEEL DRIVE,32.36,1692.0,1770.0,4491.0,1773.0,2700.0,333.0,1159.0,0.0,fc7415e2dd4dcce5bb08b5afe5adeaba70caf74a4bae0f5dca00bf7a5b191e9b
11154,2020-08-12,side,side,side_pole_load_cell_8,3739,1,subject_vehicle,single_vehicle_inferred_subject,5TDCZRAHXLS015960,TOYOTA,HIGHLANDER,2020,UTILITY VEHICLE,V6 TRANSVERSE FRONT,3.5,AUTOMATIC - FRONT WHEEL DRIVE,32.13,1998.0,1878.0,4946.0,1909.0,2855.0,366.0,1288.0,0.0,7914672a6b3b99c6b8a6af09d6438c12d82816a18a85ce5a35c06a2599c6d657
11159,2020-08-25,side,side,side_pole_load_cell_8,3747,1,subject_vehicle,single_vehicle_inferred_subject,1C6RR6LT2LS127774,RAM,1500 CLASSIC CREW,2020,4 DOOR PICKUP,V8 INLINE FRONT,5.7,AUTOMATIC - REAR WHEEL DRIVE,32.0,2602.0,2423.0,5836.0,2014.0,3569.0,431.0,1613.0,0.0,3ad9c1f6cbf043ba9a6f3ebae99472c3ef1a1bd14ad9ba74efb43d9bfef969ba
11161,2020-08-27,side,side,side_pole_load_cell_8,3748,1,subject_vehicle,single_vehicle_inferred_subject,1V2AC2CA1LC201788,VOLKSWAGEN,ATLAS CROSS SPORT,2020,UTILITY VEHICLE,4 CYLINDER TRANSVERSE FRONT,2.0,AUTOMATIC - FRONT WHEEL DRIVE,32.67,2049.0,1870.0,4961.0,1979.0,5969.0,320.0,1328.0,0.0,436ec6c4be0ec5f0c8d20f1b23bba5951c45202884f3fd35ae8ef7dfb328fd39
11266,2020-09-30,side,side,side_pole_load_cell_8,3761,1,subject_vehicle,single_vehicle_inferred_subject,3C6UR4CJ4LG199919,RAM,2500,2020,4 DOOR PICKUP,V8 INLINE FRONT,6.4,AUTOMATIC - REAR WHEEL DRIVE,32.27,3105.0,2926.0,6045.0,2010.0,3785.0,547.0,1752.0,,adf42d261bfbb20a2c2a2e1c226fcf4fbe3283ae656dbc67b11681326bff9d54
11269,2020-10-05,side,side,side_pole_load_cell_8,3768,1,subject_vehicle,single_vehicle_inferred_subject,5XXG14J25MG001541,KIA,K5,2021,FOUR DOOR SEDAN,4 CYLINDER TRANSVERSE FRONT,1.6,AUTOMATIC - FRONT WHEEL DRIVE,32.38,1549.0,1433.0,4905.0,1895.0,2852.0,345.0,1193.0,,a40df3d0319ab8f987f738928ab1cb715584059684fe848dcfb8ae32086999fa
11290,2020-11-18,side,side,side_pole_load_cell_8,3797,1,subject_vehicle,single_vehicle_inferred_subject,NM0GE9F23M1485129,FORD,TRANSIT CONNECT,2021,VAN,4 CYLINDER TRANSVERSE FRONT,2.0,AUTOMATIC - FRONT WHEEL DRIVE,32.14,1985.0,1819.0,4868.0,1804.0,3068.0,316.0,1498.0,,07977d7c544fb70f6b87a4e90fabc58d3a92982428aafbb831e0b08e73aff391
11294,2020-11-23,side,side,side_pole_load_cell_8,3802,1,subject_vehicle,single_vehicle_inferred_subject,5YJYGDEE5LF059254,TESLA,MODEL Y,2020,UTILITY VEHICLE,ELECTRIC MOTOR,,AUTOMATIC - FOUR WHEEL DRIVE,32.59,2064.0,1988.0,4721.0,1855.0,2886.0,184.0,1498.0,,40c6a9fb49b204e2de7c4dda71f3bff382f921d0c1125f93714dfe9ed961575d
11344,2021-01-04,side,side,side_pole_load_cell_8,3822,1,subject_vehicle,single_vehicle_inferred_subject,JN8AT3AA1MW000200,NISSAN,ROGUE,2021,UTILITY VEHICLE,4 CYLINDER TRANSVERSE FRONT,2.5,AUTOMATIC - FRONT WHEEL DRIVE,32.22,1644.0,1535.0,4650.0,1830.0,2704.0,330.0,1155.0,0.0,8c7c71c41eb3f7ae5f23aab3628bbf68576b20c65681c8d2e80fc83d994cf59c
11349,2021-01-06,side,side,side_pole_load_cell_8,3828,1,subject_vehicle,single_vehicle_inferred_subject,1GNSCNKD8MR176557,CHEVROLET,TAHOE,2021,UTILITY VEHICLE,V8 INLINE FRONT,5.3,AUTOMATIC - REAR WHEEL DRIVE,32.12,2638.0,2458.0,5334.0,1999.0,3060.0,351.0,1636.0,,38ccd1845b444f99d0245fa55e2c29bcaccfb084f988b7a1a9f60471ed83a487
11353,2021-01-05,side,side,side_pole_load_cell_8,3827,1,subject_vehicle,single_vehicle_inferred_subject,19UUB5F31MA004425,ACURA,TLX,2021,FOUR DOOR SEDAN,4 CYLINDER TRANSVERSE FRONT,2.0,AUTOMATIC - FRONT WHEEL DRIVE,32.33,1770.0,1685.0,4946.0,1915.0,2875.0,305.0,1228.0,,52901c2d6bc77fade7fe82c0760d353588c945368b51900bd9b1d804ed9f968b
11358,2021-01-12,side,side,side_pole_load_cell_8,3837,1,subject_vehicle,single_vehicle_inferred_subject,1GYKPAR40MZ126631,CADILLAC,XT6,2021,UTILITY VEHICLE,4 CYLINDER TRANSVERSE FRONT,2.0,AUTOMATIC - FRONT WHEEL DRIVE,32.22,2139.0,1960.0,5052.0,1877.0,2863.0,284.0,1391.0,0.0,8ef48deb4f32ceea4f1ffbf9672a8b4f66ea326bf0893a7676ca32ad3b0332d6
11359,2021-01-14,side,side,side_pole_load_cell_8,3844,1,subject_vehicle,single_vehicle_inferred_subject,1N4AA6CV7MC502882,NISSAN,MAXIMA,2021,FOUR DOOR SEDAN,V6 TRANSVERSE FRONT,3.5,AUTOMATIC - FRONT WHEEL DRIVE,32.19,1741.0,1631.0,4898.0,1859.0,2768.0,376.0,1126.0,0.0,5ac2a8555dfe8a084e60c3f6febbb085cf40d7ef450a3996f6d3153283826421
11375,2021-01-25,side,side,side_pole_load_cell_8,3861,1,subject_vehicle,single_vehicle_inferred_subject,4JGFB4JBXMA350257,MERCEDES,GLE CLASS,2021,UTILITY VEHICLE,4 CYLINDER INLINE FRONT,2.0,AUTOMATIC - REAR WHEEL DRIVE,32.84,2268.0,2137.0,4925.0,1932.0,2990.0,294.0,1563.0,,e5d5fda5355c3a95ff7a2dd5834930cab56d80d50570e7fe7083e5415e04d8a3
11381,2021-02-04,side,side,side_pole_load_cell_8,3884,1,subject_vehicle,single_vehicle_inferred_subject,W1KWF8DB7MR614411,MERCEDES,C-CLASS,2021,FOUR DOOR SEDAN,4 CYLINDER INLINE FRONT,2.0,AUTOMATIC - REAR WHEEL DRIVE,32.21,1738.0,1592.0,4690.0,1797.0,2838.0,300.0,1419.0,0.0,804350d02196de68f5e49d0306dcd4bd90c44039cad92440587d677d2e35ff37
11384,2021-02-05,side,side,side_pole_load_cell_8,3890,1,subject_vehicle,single_vehicle_inferred_subject,W1N4M4GB5MW081173,MERCEDES,GLB CLASS,2021,UTILITY VEHICLE,4 CYLINDER INLINE FRONT,2.0,AUTOMATIC - FRONT WHEEL DRIVE,32.18,1784.0,1662.0,4618.0,1807.0,2828.0,300.0,1255.0,,57421d055116c38968c9d3112240a0c7e054ecd4dd57ecf87e19f48a50c16747
11385,2021-02-04,side,side,side_pole_load_cell_8,3885,1,subject_vehicle,single_vehicle_inferred_subject,JTHCA1D28M5110555,LEXUS,IS300,2021,FOUR DOOR SEDAN,4 CYLINDER INLINE FRONT,2.0,AUTOMATIC - REAR WHEEL DRIVE,32.27,1796.0,1721.0,4705.0,1780.0,2803.0,386.0,1320.0,,63c98331691e83802fc498772d1731b6c9f80196c79d7b666e28b39cdd7a1f61
11387,2021-02-10,side,side,side_pole_load_cell_8,3893,1,subject_vehicle,single_vehicle_inferred_subject,KMUHB4SB0MU038696,GENESIS,GV80,2021,UTILITY VEHICLE,4 CYLINDER INLINE FRONT,2.5,AUTOMATIC - REAR WHEEL DRIVE,32.32,2215.0,2103.0,4943.0,1933.0,2958.0,354.0,1529.0,0.0,207ba219f04c6f109a17e19632117e31f1c42a5a76e2377adc9de7528860a312
11395,2021-02-18,side,side,side_pole_load_cell_8,3904,1,subject_vehicle,single_vehicle_inferred_subject,3FMCR9A66MRA21477,FORD,BRONCO SPORT,2021,UTILITY VEHICLE,3 CYLINDER TRANSVERSE FRONT,1.5,AUTOMATIC - FOUR WHEEL DRIVE,32.2,1750.0,1574.0,4380.0,1830.0,2670.0,323.0,1280.0,,ae012a14e83dd31034512e82c520f7740c80d31229389d571197048e4ebc8015
11398,2021-02-18,side,side,side_pole_load_cell_8,3905,1,subject_vehicle,single_vehicle_inferred_subject,JTDKAMFP5M3170764,TOYOTA,PRIUS PRIME,2021,FIVE DOOR HATCHBACK,4 CYLINDER TRANSVERSE FRONT,1.8,AUTOMATIC - FRONT WHEEL DRIVE,32.37,1629.0,1545.0,4624.0,1753.0,2700.0,332.0,1218.0,,f6ecca183c63a267d8a1dae52a10a9f9cdcc913bdf33f05b6fc3995a81e770a2
11487,2021-03-08,side,side,side_pole_load_cell_8,3914,1,subject_vehicle,single_vehicle_inferred_subject,LRBAZLR44MD065223,BUICK,ENVISION,2021,UTILITY VEHICLE,4 CYLINDER TRANSVERSE FRONT,2.0,AUTOMATIC - FRONT WHEEL DRIVE,32.22,1871.0,1692.0,4639.0,1861.0,2779.0,366.0,1240.0,0.0,6c7667d7f7cf22914248d9d6878daa7a7b0c5a3ddaf48ca4a69a91d6f0c65ca5
11489,2021-03-05,side,side,side_pole_load_cell_8,3913,1,subject_vehicle,single_vehicle_inferred_subject,5TDYRKEC9MS004252,TOYOTA,SIENNA HYBRID,2021,MINIVAN,4 CYLINDER TRANSVERSE FRONT,2.5,AUTOMATIC - FRONT WHEEL DRIVE,32.31,2196.0,2063.0,5174.0,2004.0,3070.0,297.0,1398.0,,097ac499ade8fd8dda153ed6ee8744ef4efa3435f8d7d651a38c24a684ba32e9
11494,2021-03-12,side,side,side_pole_load_cell_8,3921,1,subject_vehicle,single_vehicle_inferred_subject,1FTEW1CP0MFA67235,FORD,F150 SUPERCREW,2021,4 DOOR PICKUP,V6 INLINE FRONT,2.7,AUTOMATIC - REAR WHEEL DRIVE,32.27,2310.0,2128.0,5883.0,2056.0,3704.0,334.0,1668.0,,d94636bc18498ab24ce40100c322ab7ce134ccba1ab5631befecfb531c70fd83
11498,2021-03-15,side,side,side_pole_load_cell_8,3923,1,subject_vehicle,single_vehicle_inferred_subject,WBA5R1C04MFK51620,BMW,3 SERIES,2021,FOUR DOOR SEDAN,4 CYLINDER INLINE FRONT,2.0,AUTOMATIC - REAR WHEEL DRIVE,31.91,1669.0,1598.0,4705.0,1830.0,2851.0,326.0,1450.0,,11664248ba6d49a6222036119591c2126a3a42defaa8d580728f4791efc5f518
11577,2021-04-01,side,side,side_pole_load_cell_8,3944,1,subject_vehicle,single_vehicle_inferred_subject,5NPLM4AG8MH009526,HYUNDAI,ELANTRA,2021,FOUR DOOR SEDAN,4 CYLINDER TRANSVERSE FRONT,2.0,AUTOMATIC - FRONT WHEEL DRIVE,32.24,1358.0,1269.0,4681.0,1835.0,2720.0,288.0,1085.0,,4cd2c72ad21ca1fd473fdcb9fc4112431cacc84cb963e7536d24c14000947447
11582,2021-04-16,side,side,side_pole_load_cell_8,3951,1,subject_vehicle,single_vehicle_inferred_subject,5XYRG4LC8MG006449,KIA,SORENTO,2021,UTILITY VEHICLE,4 CYLINDER TRANSVERSE FRONT,2.5,AUTOMATIC - FRONT WHEEL DRIVE,32.25,1800.0,1685.0,4823.0,1944.0,2820.0,376.0,1296.0,,03daaff1c7eec01230efa8e2b9fb58c17e4128b87f651372ff7239a42edd0ce8
11586,2021-04-30,side,side,side_pole_load_cell_8,3959,1,subject_vehicle,single_vehicle_inferred_subject,JTDKAMFU3M3130866,TOYOTA,PRIUS,2021,FIVE DOOR HATCHBACK,4 CYLINDER TRANSVERSE FRONT,1.8,AUTOMATIC - FRONT WHEEL DRIVE,32.31,1471.0,1400.0,4487.0,1778.0,2696.0,297.0,1087.0,,3241eb36bf26ba1ac1a86ff41c009311c06603f964317b7a7dc95113edb4e009
11588,2021-05-07,side,side,side_pole_load_cell_8,3962,1,subject_vehicle,single_vehicle_inferred_subject,1FT7W2A68MEC46282,FORD,F250 CREW CAB,2021,4 DOOR PICKUP,V8 INLINE FRONT,6.2,AUTOMATIC - REAR WHEEL DRIVE,32.09,2922.0,0.0,6362.0,2026.0,4062.0,348.0,1836.0,0.0,1506c08a101c0f617a0f82749b71790b83b2ff999ea92751cb7e8397066d37ba
11592,2021-05-14,side,side,side_pole_load_cell_8,3967,1,subject_vehicle,single_vehicle_inferred_subject,5NMS24AJ6MH327347,HYUNDAI,SANTA FE,2021,UTILITY VEHICLE,4 CYLINDER TRANSVERSE FRONT,2.5,AUTOMATIC - FRONT WHEEL DRIVE,32.41,1844.0,1663.0,4781.0,1900.0,2770.0,356.0,1308.0,,f14d54e4c98e2cb6caa2e79b5c18220c90784fc3d69284d6cb3c9209617beb83
11593,2021-05-21,side,side,side_pole_load_cell_8,3968,1,subject_vehicle,single_vehicle_inferred_subject,1FTEX1CB8MFA46974,FORD,F150 SUPERCAB,2021,EXTENDED CAB PICKUP,V6 INLINE FRONT,3.3,AUTOMATIC - REAR WHEEL DRIVE,32.38,2229.0,2048.0,5884.0,2032.0,3703.0,327.0,1707.0,,d969869f2fe4015362d58a1dc91174862100263c11fa5c3a7e6fc2c220f51e65
11595,2021-05-27,side,side,side_pole_load_cell_8,3973,1,subject_vehicle,single_vehicle_inferred_subject,3PCAJ5BA8MF104425,INFINITI,QX50,2021,UTILITY VEHICLE,4 CYLINDER TRANSVERSE FRONT,2.0,AUTOMATIC - FRONT WHEEL DRIVE,32.27,1879.0,1784.0,4760.0,1906.0,2796.0,424.0,1209.0,,4ab62cb80ac69fdff3ac30af6ba25bfd6e636e2c39a9b8fa9a66b579428e9863
11600,2020-09-25,research_other,side,side_pole_load_cell_8,3759,1,subject_vehicle,single_vehicle_inferred_subject,1G1ZC5ST0KF216863,CHEVROLET,MALIBU,2019,FOUR DOOR SEDAN,4 CYLINDER TRANSVERSE FRONT,1.5,AUTOMATIC - FRONT WHEEL DRIVE,32.81,1552.0,1415.0,4900.0,1860.0,2830.0,304.0,1215.0,,d07301f00aaeff360d7bc3995d8a5a2ddd745a9485fcfc59966a8e9c12c0a286
11601,2020-10-22,research_other,side,side_pole_load_cell_8,3776,1,subject_vehicle,single_vehicle_inferred_subject,5N1AT2MT0LC798364,NISSAN,ROGUE,2020,UTILITY VEHICLE,4 CYLINDER TRANSVERSE FRONT,2.5,AUTOMATIC - FRONT WHEEL DRIVE,30.96,1697.0,1562.0,4685.0,1823.0,2705.0,356.0,1199.0,,f22fb70484225704c560e2259fdf334c8c4dbecd9b0145fec30777d405f22703
11602,2020-11-19,research_other,unknown,side_pole_load_cell_8,3801,1,subject_vehicle,single_vehicle_inferred_subject,3GKALMEV8LL308964,GMC,TERRAIN,2020,UTILITY VEHICLE,4 CYLINDER TRANSVERSE FRONT,0.0,AUTOMATIC - FRONT WHEEL DRIVE,0.0,,,,,,,,,00797ff787fcfc0ca5aa725e4e7b5123665263b61aee409028bcdc7fe51f01b4
11603,2020-12-15,research_other,side,side_pole_load_cell_8,3820,1,subject_vehicle,single_vehicle_inferred_subject,5NMS23AD8LH262066,HYUNDAI,SANTA FE,2020,UTILITY VEHICLE,4 CYLINDER TRANSVERSE FRONT,2.4,AUTOMATIC - FRONT WHEEL DRIVE,30.96,1834.0,1631.0,4776.0,1893.0,2740.0,318.0,1312.0,,1a2167cd6df3c74c3f7b77d628982f1d60bdcc616bf0eb90f4c5122b05bb9a63
11604,2021-01-14,research_other,side,side_pole_load_cell_8,3847,1,subject_vehicle,single_vehicle_inferred_subject,KMHTG6AFXLU026869,HYUNDAI,VELOSTER,2020,THREE DOOR HATCHBACK,4 CYLINDER TRANSVERSE FRONT,2.0,AUTOMATIC - FRONT WHEEL DRIVE,31.26,1351.0,,4240.0,1790.0,2640.0,277.0,1118.0,,84b399f5fd6eb5d8e026c9a167c115b9cc00bf506819a112aac9e94dbda06198
11611,2021-04-01,research_other,side,side_pole_load_cell_8,3945,1,subject_vehicle,single_vehicle_inferred_subject,3GKALMEV2LL331942,GMC,OTHER,2020,UTILITY VEHICLE,4 CYLINDER TRANSVERSE FRONT,1.5,AUTOMATIC - FRONT WHEEL DRIVE,31.08,1727.0,1537.0,4622.0,1826.0,2725.0,277.0,1252.0,,aa51c91a8afbb4e560b1c9f5d4f7c1a40f7494ac4cb653453991373cbcf9d691
11612,2021-04-08,research_other,side,side_pole_load_cell_8,3946,1,subject_vehicle,single_vehicle_inferred_subject,1FTER1EH4LLA76355,FORD,RANGER,2020,EXTENDED CAB PICKUP,4 CYLINDER INLINE FRONT,2.3,AUTOMATIC - REAR WHEEL DRIVE,30.94,2065.0,1862.0,5390.0,1862.0,3215.0,311.0,1488.0,,b875110e9be5849c254c203d80e248313dc71faecf08ea9ec246c0c4e8c0e594
11613,2021-04-15,research_other,side,side_pole_load_cell_8,3950,1,subject_vehicle,single_vehicle_inferred_subject,1C6RRECT3KN884657,RAM,1500,2019,FOUR DOOR PICKUP,V8 INLINE FRONT,5.7,AUTOMATIC - REAR WHEEL DRIVE,31.11,2492.0,2288.0,5800.0,2030.0,3580.0,311.0,1589.0,,99da2741019d479864d69bd880e691aeee27ac84331a29696b3be728f4942eb0
11614,2021-04-22,research_other,side,side_pole_load_cell_8,3952,1,subject_vehicle,single_vehicle_inferred_subject,WMWWG9C54K3E39706,MINI,COOPER,2019,CONVERTIBLE,4 CYLINDER TRANSVERSE FRONT,2.0,AUTOMATIC - FRONT WHEEL DRIVE,30.94,1516.0,1367.0,3865.0,1715.0,2497.0,195.0,993.0,,b668362f442613c334526b138c0817aafd4d5b7964f112c90ea89f2102733b94
11619,2021-06-25,side,side,side_pole_load_cell_8,3980,1,subject_vehicle,single_vehicle_inferred_subject,KMTGB4SC3MU073242,GENESIS,G80,2021,FOUR DOOR SEDAN,4 CYLINDER INLINE FRONT,2.5,AUTOMATIC - REAR WHEEL DRIVE,32.3,1907.0,1804.0,4989.0,1973.0,2994.0,335.0,1510.0,,e2184667485463ad3951e3435b7b769daf19bc82813f575831f5db20f9138105
11627,2021-07-28,side,side,side_pole_load_cell_8,3988,1,subject_vehicle,single_vehicle_inferred_subject,WVGRMPE29MP027074,VOLKSWAGEN,ID.4,2021,UTILITY VEHICLE,ELECTRIC MOTOR,,AUTOMATIC - REAR WHEEL DRIVE,31.91,2206.0,2074.0,4587.0,1834.0,2757.0,160.0,1484.0,,fecf83deffd9bba984ecdc55ab84df1fb6152e05815f4df7b8839d8feb2a9041
11656,2021-09-15,research_other,side,side_pole_load_cell_8,3990,1,subject_vehicle,single_vehicle_inferred_subject,WMWWG9C54K3E40130,MINI,COOPER,2019,CONVERTIBLE,4 CYLINDER TRANSVERSE FRONT,2.0,AUTOMATIC - FRONT WHEEL DRIVE,31.01,1516.0,,3860.0,1715.0,2500.0,204.0,994.0,,9d537470fa5e49db4797abbce26297a6a799c15a69089fadcf8a2fd1af9f0f8c
11662,2021-10-07,side,side,side_pole_load_cell_8,3997,1,subject_vehicle,single_vehicle_inferred_subject,5J8YD9H39NL006252,ACURA,MDX,2022,UTILITY VEHICLE,V6 TRANSVERSE FRONT,3.5,AUTOMATIC - FRONT WHEEL DRIVE,32.21,2031.0,1930.0,4994.0,2008.0,2890.0,296.0,1227.0,,17c9cda194ecee85f4e6783636e909ae6d199ccf35c09c2001988d5a2aa7ab9e
11667,2021-12-01,side,side,side_pole_load_cell_8,4025,1,subject_vehicle,single_vehicle_inferred_subject,5NMJF3AE7NH050223,HYUNDAI,TUCSON,2022,UTILITY VEHICLE,4 CYLINDER TRANSVERSE FRONT,2.5,AUTOMATIC - FRONT WHEEL DRIVE,32.27,1710.0,1585.0,4637.0,1860.0,2756.0,340.0,1231.0,,475e9d2589e1161ad742712dbbf8af79578b7330c4dcfa12b4fc7e693cddbc5c
11825,2017-11-03,side,side,side_pole_load_cell_8,3001,1,subject_vehicle,single_vehicle_inferred_subject,WA1AHAF73JD008119,AUDI,Q7,2018,UTILITY VEHICLE,4 CYLINDER INLINE FRONT,2.0,AUTOMATIC - FOUR WHEEL DRIVE,32.29,2342.0,2173.0,5025.0,1956.0,2992.0,367.0,1494.0,0.0,14bf0c0e52c8b407d4b110156861e8bae80f1837aa6ce64b9412e7b194b4e3c3
14050,2022-01-12,side,side,side_pole_load_cell_8,4030,1,subject_vehicle,single_vehicle_inferred_subject,2HGFE2F2XNH548527,HONDA,CIVIC,2022,FOUR DOOR SEDAN,4 CYLINDER TRANSVERSE FRONT,2.0,AUTOMATIC - FRONT WHEEL DRIVE,32.25,1387.0,1298.0,4645.0,1796.0,2740.0,295.0,1104.0,,35f8fc3b9abc5736eb55fd5c9e6243a210bbb6eb3e8c7f9c836ae03b6716c39c
14052,2022-01-26,side,side,side_pole_load_cell_8,4034,1,subject_vehicle,single_vehicle_inferred_subject,JM1DRADB4N0100408,MAZDA,MX-30,2022,FIVE DOOR HATCHBACK,ELECTRIC MOTOR,0.0,AUTOMATIC - FRONT WHEEL DRIVE,32.44,1757.0,1665.0,4372.0,1796.0,2648.0,289.0,1206.0,,7fe97a560bc140cd7d5fadd42b8bb47a75b4f2b390801939a1fbb91ea4d7e1d8
14057,2022-02-09,side,side,side_pole_load_cell_8,4042,1,subject_vehicle,single_vehicle_inferred_subject,KNDCC3LG9N5138581,KIA,NIRO ELECTRIC,2022,UTILITY VEHICLE,ELECTRIC MOTOR,0.0,AUTOMATIC - FRONT WHEEL DRIVE,32.25,1824.0,1736.0,4369.0,1797.0,2698.0,149.0,1250.0,0.0,3407c593ff6b550c19b00dd5298ce34a13f91a3e08fc9f8fd62ee510de0c869f
14058,2022-02-24,side,side,side_pole_load_cell_8,4050,1,subject_vehicle,single_vehicle_inferred_subject,5NMJF3AE2NH061680,HYUNDAI,TUCSON,2022,UTILITY VEHICLE,4 CYLINDER TRANSVERSE FRONT,2.5,AUTOMATIC - FRONT WHEEL DRIVE,32.21,1706.0,1580.0,4632.0,1872.0,2755.0,355.0,1229.0,,d9ba35e2202584d91814aaa5cc53fc96954b92eb8533cc23c644c7c0ad0a5a44
14061,2022-03-08,side,side,side_pole_load_cell_8,4057,1,subject_vehicle,single_vehicle_inferred_subject,1N4BL4DV3NN300368,NISSAN,ALTIMA,2022,FOUR DOOR SEDAN,4 CYLINDER TRANSVERSE FRONT,2.5,AUTOMATIC - FRONT WHEEL DRIVE,32.15,1619.0,1507.0,4901.0,1832.0,2825.0,349.0,1245.0,,526683e0f8f622b5465fb53220bb5d6f1a4dc86637a18542532e50d5d7411160
14064,2022-03-16,side,side,side_pole_load_cell_8,4073,1,subject_vehicle,single_vehicle_inferred_subject,3C4NJCBB2NT137471,JEEP,COMPASS,2022,UTILITY VEHICLE,4 CYLINDER TRANSVERSE FRONT,2.4,AUTOMATIC - FRONT WHEEL DRIVE,32.19,1585.0,1507.0,4395.0,1774.0,2630.0,294.0,1072.0,,d292109576ea59cbc26bd0dd151c8a0157f6ea342bb01fdc963e6ad6ca72ee9c
14073,2022-02-08,side,side,side_pole_load_cell_8,4041,1,subject_vehicle,single_vehicle_inferred_subject,1N6ED1EJ5NN630394,NISSAN,FRONTIER,2022,4 DOOR PICKUP,V6 INLINE FRONT,3.8,AUTOMATIC - REAR WHEEL DRIVE,32.21,2194.0,2013.0,5331.0,1846.0,3210.0,331.0,1587.0,,1740c0a952e94912cde5a2468de6b5d49199ae8007a574e9fff7612bcdaffba7
14074,2022-03-25,side,side,side_pole_load_cell_8,4079,1,subject_vehicle,single_vehicle_inferred_subject,1FMCU0EZ1NUA18656,FORD,ESCAPE PHEV,2022,UTILITY VEHICLE,4 CYLINDER TRANSVERSE FRONT,2.5,AUTOMATIC - FRONT WHEEL DRIVE,32.2,1905.0,1771.0,4551.0,1924.0,2713.0,225.0,1205.0,,3438568c1288e03a220412a73e6e0fb12b6eaf58e4f3f65c0f134831385cc395
14076,2022-03-30,side,side,side_pole_load_cell_8,4081,1,subject_vehicle,single_vehicle_inferred_subject,3FMTK1RM2MMA61593,FORD,MUSTANG MACH-E,2021,UTILITY VEHICLE,ELECTRIC MOTOR,0.0,AUTOMATIC - REAR WHEEL DRIVE,31.92,2111.0,1964.0,4714.0,1845.0,2983.0,184.0,1593.0,0.0,6d405993b037175bd0d164a32a2afa3ef8e7e37bd0bf8515417bc3c8fd40f53f
14083,2022-05-10,side,side,side_pole_load_cell_8,4090,1,subject_vehicle,single_vehicle_inferred_subject,3VVRX7B2XNM060383,VOLKSWAGEN,TAOS,2022,UTILITY VEHICLE,4 CYLINDER INLINE FRONT,1.5,AUTOMATIC - FRONT WHEEL DRIVE,32.31,1587.0,1461.0,4457.0,1785.0,2688.0,298.0,1142.0,,b82c3057af704e8c6905fbdc3a92b88786c76681af3fda72df108ab1821e8de0
14088,2022-05-17,side,side,side_pole_load_cell_8,4093,1,subject_vehicle,single_vehicle_inferred_subject,5N1DR3BA7NC238556,NISSAN,PATHFINDER,2022,UTILITY VEHICLE,V6 TRANSVERSE FRONT,3.5,AUTOMATIC - FRONT WHEEL DRIVE,32.24,2060.0,,5005.0,1950.0,2894.0,338.0,1274.0,0.0,4a925f01f09db3faeef0805e59fcb9b41400f2025800eeda94d6e63eec8c61ec
14092,2022-05-26,side,side,side_pole_load_cell_8,4099,1,subject_vehicle,single_vehicle_inferred_subject,KM8KM4AE4NU080624,HYUNDAI,IONIQ 5,2022,UTILITY VEHICLE,ELECTRIC MOTOR,0.0,AUTOMATIC - REAR WHEEL DRIVE,32.24,2043.0,1951.0,4634.0,1874.0,3005.0,197.0,1556.0,0.0,5a445ed63d56b7e06193f0c3ff2336e1bb9b203b090e3ba3b9f0fac8e28f50da
14098,2022-06-17,side,side,side_pole_load_cell_8,4105,1,subject_vehicle,single_vehicle_inferred_subject,1G1FY6S04N4117706,CHEVROLET,BOLT EUV,2022,UTILITY VEHICLE,ELECTRIC MOTOR,0.0,AUTOMATIC - FRONT WHEEL DRIVE,32.24,1758.0,1660.0,4312.0,1768.0,2670.0,250.0,1231.0,,f141499bbe2487f74b91f0f6458d031422d474465efe917653fb884e2b2afe95
14128,2022-06-24,side,side,side_pole_load_cell_8,4109,1,subject_vehicle,single_vehicle_inferred_subject,3FTTW8E97NRA55750,FORD,MAVERICK,2022,4 DOOR PICKUP,4 CYLINDER TRANSVERSE FRONT,2.0,AUTOMATIC - FRONT WHEEL DRIVE,32.23,1778.0,1600.0,5078.0,1824.0,3074.0,312.0,1385.0,0.0,019277a4b7d52368973661dd9bdf62cdb1ce89f9f814cc29a7f9fe7268ec7a15
14213,2022-06-27,side,side,side_pole_load_cell_8,4111,1,subject_vehicle,single_vehicle_inferred_subject,1FT7X2A64NEE48857,FORD,F250 SUPERCAB,2022,EXTENDED CAB PICKUP,V8 INLINE FRONT,6.2,AUTOMATIC - REAR WHEEL DRIVE,32.36,2846.0,2666.0,6030.0,2023.0,3766.0,404.0,1723.0,,e40f5c13e083377249baf7609c4e5909881db554f278d979f9ab70c76e98ccb6
14215,2022-06-29,side,side,side_pole_load_cell_8,4115,1,subject_vehicle,single_vehicle_inferred_subject,LPSEG3KA0NL074235,POLESTAR,POLESTAR 2,2022,FIVE DOOR HATCHBACK,ELECTRIC MOTOR,0.0,AUTOMATIC - FRONT WHEEL DRIVE,32.33,2112.0,1990.0,4606.0,1817.0,2738.0,184.0,1265.0,0.0,1aecb27b7e4e6dd1efe04d7f619a0f14762c33ec85227cb81adf12288d4acedf
14217,2022-07-13,side,side,side_pole_load_cell_8,4119,1,subject_vehicle,single_vehicle_inferred_subject,1G1FW6S03N4123454,CHEVROLET,Bolt EV,2022,FIVE DOOR HATCHBACK,ELECTRIC MOTOR,0.0,AUTOMATIC - FRONT WHEEL DRIVE,32.2,1711.0,2417.0,4137.0,1752.0,2601.0,249.0,1142.0,0.0,0c909ab219caef2ee5b71d9cbeed51f2e8860d1fe3603c5b130637de4f2b7e5f
14220,2022-07-15,side,side,side_pole_load_cell_8,4124,1,subject_vehicle,single_vehicle_inferred_subject,JN1BJ1BV7NW344369,NISSAN,ROGUE SPORT,2022,UTILITY VEHICLE,4 CYLINDER TRANSVERSE FRONT,2.0,AUTOMATIC - FRONT WHEEL DRIVE,32.21,1624.0,1511.0,4392.0,1810.0,2640.0,350.0,1133.0,,0249a5bd5e27276e407ee07021b2431a541cdda8d44c025e6ed776c71a8c5ee5
14244,2022-08-25,side,side,side_pole_load_cell_8,4132,1,subject_vehicle,single_vehicle_inferred_subject,1GNERFKW9NJ191667,CHEVROLET,TRAVERSE,2022,UTILITY VEHICLE,STRAIGHT 6 TRANSVERSE FRONT,3.6,AUTOMATIC - FRONT WHEEL DRIVE,32.08,2131.0,1952.0,5218.0,1990.0,3086.0,376.0,1476.0,,c0d09830be5522e5de2e146a4f40d7b84244f860b5f5c5d27237bf6c7af2062f
14247,2022-08-24,side,side,side_pole_load_cell_8,4131,1,subject_vehicle,single_vehicle_inferred_subject,1FTFW1CD5NFA03140,FORD,F150 SUPERCREW,2022,PICKUP TRUCK,V6 INLINE FRONT,3.5,AUTOMATIC - REAR WHEEL DRIVE,32.27,2630.0,2102.0,5898.0,2034.0,4026.0,343.0,1921.0,,9af73425cbc76890d82e5bf25cc4735b699d06725b1dc02e978e2672e175e9f5
14249,2022-09-10,side,side,side_pole_load_cell_8,4137,1,subject_vehicle,single_vehicle_inferred_subject,1C4RJJBG8N8638851,JEEP,GRAND CHEROKEE L,2022,UTILITY VEHICLE,STRAIGHT 6 INLINE FRONT,3.6,AUTOMATIC - REAR WHEEL DRIVE,32.03,2280.0,2102.0,5210.0,1898.0,3100.0,372.0,1690.0,,862d7f695445af012814dfdc46c4172def7efeabee13b3c5cbcca0d27c5b1c16
14250,2022-10-12,side,side,side_pole_load_cell_8,4144,1,subject_vehicle,single_vehicle_inferred_subject,WA1J2BFZ4NP052465,AUDI,Q4 e-tron,2022,UTILITY VEHICLE,ELECTRIC MOTOR,0.0,AUTOMATIC - FOUR WHEEL DRIVE,32.12,2382.0,2256.0,4595.0,1859.0,2766.0,153.0,1442.0,0.0,6502e013409f06f6a8f82cf1aac270bc250f84f64a3c8bb7eb16ec39e2da5b8e
14254,2022-10-28,side,side,side_pole_load_cell_8,4152,1,subject_vehicle,single_vehicle_inferred_subject,5TFLA5ABXNX015319,TOYOTA,TUNDRA,2022,PICKUP TRUCK,V6 TRANSVERSE FRONT,3.5,AUTOMATIC - REAR WHEEL DRIVE,32.05,2595.0,2417.0,5906.0,1999.0,3699.0,257.0,1743.0,,9c56cf29f6ae699f8b75eff2b557af8f16d536abac2a1fcb2d32d95e90d84bde
14256,2022-11-03,side,side,side_pole_load_cell_8,4155,1,subject_vehicle,single_vehicle_inferred_subject,7MUCAAAG9NV019460,TOYOTA,COROLLA CROSS,2022,UTILITY VEHICLE,4 CYLINDER TRANSVERSE FRONT,2.0,AUTOMATIC - FRONT WHEEL DRIVE,32.17,1533.0,1403.0,4450.0,1823.0,2652.0,345.0,1109.0,,0f750c350bfd57a252f6572196edc268422b88cf2cb459c0e8f86b0c5ec3927b
14260,2022-11-18,side,side,side_pole_load_cell_8,4162,1,subject_vehicle,single_vehicle_inferred_subject,19UDE4G74PA005267,ACURA,INTEGRA,2023,FIVE DOOR HATCHBACK,4 CYLINDER TRANSVERSE FRONT,1.5,MANUAL - FRONT WHEEL DRIVE,32.15,1483.0,1392.0,4711.0,1821.0,2736.0,293.0,1148.0,,10c09e42fc8516ee67ab9c1bffd341523a3fef90842525cf86048a545c585bda
14265,2023-01-05,side,side,side_pole_load_cell_8,4176,1,subject_vehicle,single_vehicle_inferred_subject,KNDC34LA1N5071492,KIA,EV6,2022,UTILITY VEHICLE,ELECTRIC MOTOR,0.0,AUTOMATIC - REAR WHEEL DRIVE,32.43,2030.0,,4674.0,1861.0,2904.0,214.0,1551.0,0.0,d5b6ea3dfd8e81877eb594a2085a14f5196113ac7448dddb899a7980ee2fa94e
14267,2022-12-08,side,side,side_pole_load_cell_8,4169,1,subject_vehicle,single_vehicle_inferred_subject,JF1VBAF60N9017634,SUBARU,WRX,2022,FOUR DOOR SEDAN,4 CYLINDER INLINE FRONT,2.4,MANUAL - FOUR WHEEL DRIVE,32.3,1634.0,1547.0,4672.0,1760.0,2670.0,364.0,1135.0,,28014d5a83401afd28675d6b6112359beec251fa99c01d479aaa802d54f46c35
14276,2023-02-09,side,side,side_pole_load_cell_8,4195,1,subject_vehicle,single_vehicle_inferred_subject,1G1ZD5ST9PF127071,CHEVROLET,MALIBU,2023,FOUR DOOR SEDAN,4 CYLINDER INLINE FRONT,1.5,CONTINUOUS VARIABLE TRANSMISSION,32.03,1545.0,1678.0,4934.0,1834.0,2829.0,358.0,1183.0,0.0,c43a83382e89210444d2301ac9b6074389b04c8529b6dc75308fedac17258acb
14277,2023-02-08,side,side,side_pole_load_cell_8,4194,1,subject_vehicle,single_vehicle_inferred_subject,1C4RJGAG1PC551653,JEEP,GRAND CHEROKEE,2023,UTILITY VEHICLE,V6 INLINE FRONT,3.6,AUTOMATIC - REAR WHEEL DRIVE,32.32,2122.0,1947.0,4900.0,1895.0,2960.0,364.0,1535.0,,f542876f9938a6d0325a2be125620ca12aaca60d789ece67b37544da09bd9db4
14278,2023-02-16,side,side,side_pole_load_cell_8,4203,1,subject_vehicle,single_vehicle_inferred_subject,5XYK33AF5PG066827,KIA,SPORTAGE,2023,UTILITY VEHICLE,4 CYLINDER TRANSVERSE FRONT,2.5,AUTOMATIC - FRONT WHEEL DRIVE,32.17,1699.0,1576.0,4655.0,1840.0,2758.0,334.0,1185.0,0.0,2f5639519146e38b91f607db5269c5d67f7de6035233ba3515397e8d827ed471
14280,2023-02-15,side,side,side_pole_load_cell_8,4202,1,subject_vehicle,single_vehicle_inferred_subject,JN8AY2BA3P9401275,NISSAN,ARMADA,2023,UTILITY VEHICLE,V8 INLINE FRONT,5.6,AUTOMATIC - REAR WHEEL DRIVE,32.13,2734.0,2556.0,5276.0,1995.0,3075.0,413.0,1620.0,,91d28cb9071d5c019626a5cb17192874a313fd85c6eb79d83f985f5b26b81a93
14285,2023-02-24,side,side,side_pole_load_cell_8,4212,1,subject_vehicle,single_vehicle_inferred_subject,1C4RJYB66P8791196,JEEP,GRAND CHEROKEE 4XE,2023,UTILITY VEHICLE,4 CYLINDER INLINE FRONT,2.0,AUTOMATIC - FOUR WHEEL DRIVE,32.2,2626.0,2448.0,4913.0,1897.0,2966.0,281.0,1477.0,0.0,31631e7d41a8d5cbe4b06c9bc4dda42419272fc6505b74a3c72cd6d1d6f28b11
14287,2023-03-01,side,side,side_pole_load_cell_8,4218,1,subject_vehicle,single_vehicle_inferred_subject,JA4J3UA85PZ019604,MITSUBISHI,OUTLANDER,2023,UTILITY VEHICLE,4 CYLINDER TRANSVERSE FRONT,2.5,AUTOMATIC - FRONT WHEEL DRIVE,32.15,1768.0,1678.0,4697.0,1804.0,2712.0,342.0,1223.0,,32cc27a0f71b257e901dc7bbef600c7d8e582bbf20273bf632af7efcb8656948
14288,2023-02-24,side,side,side_pole_load_cell_8,4215,1,subject_vehicle,single_vehicle_inferred_subject,5NTJC4AE3PH055375,HYUNDAI,SANTA CRUZ,2023,4 DOOR PICKUP,4 CYLINDER INLINE FRONT,2.5,AUTOMATIC - FRONT WHEEL DRIVE,32.47,1897.0,1718.0,4981.0,1832.0,3008.0,379.0,1492.0,,a409720e80733d4011cb079f16cad5f97023b0022682a918c2ad11e6ac4fe461
14291,2023-01-10,side,side,side_pole_load_cell_8,4179,1,subject_vehicle,single_vehicle_inferred_subject,3CZRZ1H35PM714581,HONDA,HR-V,2023,UTILITY VEHICLE,4 CYLINDER TRANSVERSE FRONT,2.0,AUTOMATIC - FRONT WHEEL DRIVE,32.11,1507.0,1423.0,4544.0,1859.0,2658.0,293.0,1140.0,,0e9f9cecd8b0813758d700fa891a52316e410db9d491639e6d74a23c155aa615
14293,2023-01-25,side,side,side_pole_load_cell_8,4185,1,subject_vehicle,single_vehicle_inferred_subject,1FTER1EH2NLD45732,FORD,RANGER SUPERCAB,2022,EXTENDED CAB PICKUP,4 CYLINDER INLINE FRONT,2.3,AUTOMATIC - REAR WHEEL DRIVE,32.24,2059.0,1878.0,5364.0,1891.0,3228.0,325.0,1531.0,,4a2509f7baf54d425915086713cd505029f172c6700af1e7563265b618aa080c
14308,2023-03-15,side,side,side_pole_load_cell_8,4234,1,subject_vehicle,single_vehicle_inferred_subject,5XYP34GC5PG344733,KIA,TELLURIDE,2023,UTILITY VEHICLE,V6 TRANSVERSE FRONT,3.8,AUTOMATIC - FRONT WHEEL DRIVE,32.18,2022.0,1920.0,5006.0,2007.0,2903.0,369.0,1331.0,,4d646d6506de881080ae35b35f9e907df7179e491eed21c96058278077b1e498
14320,2023-03-22,side,side,side_pole_load_cell_8,4241,1,subject_vehicle,single_vehicle_inferred_subject,1FTVW1EL0NWG15052,FORD,F-150 LIGHTNING,2022,4 DOOR PICKUP,ELECTRIC MOTOR,0.0,AUTOMATIC - FOUR WHEEL DRIVE,32.26,3036.0,2855.0,5920.0,2082.0,3710.0,347.0,1899.0,,809e54f8d7544d1db3cbf87099cb2a7b6f13453e658f20eb79fa115c289d19f4
14329,2023-04-05,side,side,side_pole_load_cell_8,4247,1,subject_vehicle,single_vehicle_inferred_subject,KM8K33AG0PU173108,HYUNDAI,KONA ELECTRIC,2023,UTILITY VEHICLE,ELECTRIC MOTOR,0.0,AUTOMATIC - FRONT WHEEL DRIVE,32.38,1780.0,1687.0,4190.0,1770.0,2610.0,235.0,1224.0,,4ea1c2be663013e68175cd144450125e4ca7525541910eb931cf83702d6acf83
14354,2022-06-08,research_other,side,side_pole_load_cell_8,4100,1,subject_vehicle,single_vehicle_inferred_subject,3TYRX5GN0LT001706,TOYOTA,TACOMA,2020,FOUR DOOR PICKUP,4 CYLINDER INLINE FRONT,2.7,AUTOMATIC - REAR WHEEL DRIVE,31.7,2029.0,1826.0,5375.0,1890.0,3258.0,523.0,1578.0,,b95d2fdc186b0b36a10de613447d0f31e1f10b4bb76b3763e68f539b71290d0f
14355,2022-06-15,research_other,side,side_pole_load_cell_8,4102,1,subject_vehicle,single_vehicle_inferred_subject,KNDJ63AU6L7027849,KIA,SOUL,2020,UTILITY VEHICLE,4 CYLINDER TRANSVERSE FRONT,2.0,AUTOMATIC - FRONT WHEEL DRIVE,32.09,1452.0,1335.0,4204.0,1804.0,2606.0,295.0,1093.0,,9054d445702789eb12204f6dc48278dcb71c6b05639bbbb2e18b200a53668b02
14364,2023-03-03,side,side,side_pole_load_cell_8,4225,1,subject_vehicle,single_vehicle_inferred_subject,KNDCR3LE9P5052378,KIA,NIRO,2023,UTILITY VEHICLE,4 CYLINDER TRANSVERSE FRONT,1.6,AUTOMATIC - FRONT WHEEL DRIVE,32.13,1548.0,1453.0,4434.0,1857.0,2725.0,320.0,1132.0,,108a1f7a8eb8fde0db4f7ed6dfee971739295e3382cc9cc29b49401ae7000a03
14380,2023-04-19,side,side,side_pole_load_cell_8,4260,1,subject_vehicle,single_vehicle_inferred_subject,JN1AF0BA7PM400507,NISSAN,ARIYA,2023,UTILITY VEHICLE,ELECTRIC MOTOR,0.0,AUTOMATIC - FRONT WHEEL DRIVE,32.19,2084.0,1983.0,4645.0,1883.0,2778.0,188.0,1240.0,0.0,b8afd7a35ee9ebfe4e6b9346ca9da58500a7b0c6e563c388454f0db8fffb86cb
14382,2023-04-26,side,side,side_pole_load_cell_8,4263,1,subject_vehicle,single_vehicle_inferred_subject,WBX73EF08P5W19441,BMW,X1,2023,UTILITY VEHICLE,4 CYLINDER INLINE FRONT,2.0,AUTOMATIC - FOUR WHEEL DRIVE,32.45,1811.0,1657.0,4490.0,1821.0,2681.0,347.0,1275.0,,97977e92552ff7f78d020878a7161cb775002496d594671cb2f847be1ac4db01
14387,2023-04-11,side,side,side_pole_load_cell_8,4251,1,subject_vehicle,single_vehicle_inferred_subject,2T2ADCAZ8NC002580,LEXUS,NX 250,2022,UTILITY VEHICLE,4 CYLINDER TRANSVERSE FRONT,2.5,AUTOMATIC - FRONT WHEEL DRIVE,32.15,1750.0,1659.0,4658.0,1897.0,2693.0,323.0,1155.0,,cac57af2cee06e4ad32926dbcda786db92db2c8be8e83fecdc393f7f135a9d98
14389,2023-03-30,side,side,side_pole_load_cell_8,4245,1,subject_vehicle,single_vehicle_inferred_subject,7MMVABCM8PN126519,MAZDA,CX-50,2023,UTILITY VEHICLE,4 CYLINDER TRANSVERSE FRONT,2.5,AUTOMATIC - FOUR WHEEL DRIVE,32.21,1747.0,1657.0,4717.0,1936.0,2815.0,310.0,1221.0,,1930bc4e5ca1cde60299a5469eb450908ee6b87f74cbc25f8d9b04edd5c936de
14397,2023-06-14,side,side,side_pole_load_cell_8,4295,1,subject_vehicle,single_vehicle_inferred_subject,WMZ53BR02P3P94035,MINI,COUNTRYMAN,2023,FIVE DOOR HATCHBACK,4 CYLINDER TRANSVERSE FRONT,2.0,AUTOMATIC - FRONT WHEEL DRIVE,32.29,1712.0,1581.0,4302.0,1782.0,2675.0,311.0,1220.0,,7f00f0553a62b60f693f0db8d9e8ccbe94366e22d9b2a4114fe5f56536271b9f
14399,2023-05-05,side,side,side_pole_load_cell_8,4273,1,subject_vehicle,single_vehicle_inferred_subject,JTMABABA4PA006284,SUBARU,SOLTERRA,2023,UTILITY VEHICLE,ELECTRIC MOTOR,0.0,AUTOMATIC - FOUR WHEEL DRIVE,32.2,2195.0,2016.0,4684.0,1893.0,2855.0,237.0,1411.0,,8d50420ab5a540d56f2c420b7e6c375cc05ee21870732747953c1ebb38225b3a
14426,2023-05-19,side,side,side_pole_load_cell_8,4282,1,subject_vehicle,single_vehicle_inferred_subject,2T2BAMBA4PC001716,LEXUS,RX 350,2023,UTILITY VEHICLE,4 CYLINDER TRANSVERSE FRONT,2.4,AUTOMATIC - FRONT WHEEL DRIVE,32.2,2078.0,1896.0,4894.0,1959.0,2848.0,382.0,1293.0,,202fddd252eac01d62b81a5d947d86a2e0511a622a19b9bff15cd7f5cc294ecd
14429,2023-07-12,side,side,side_pole_load_cell_8,4309,1,subject_vehicle,single_vehicle_inferred_subject,1GCGSBEC8P1150773,CHEVROLET,COLORADO,2023,4 DOOR PICKUP,4 CYLINDER INLINE FRONT,2.7,AUTOMATIC - REAR WHEEL DRIVE,32.23,2111.0,1932.0,5419.0,1812.0,3337.0,225.0,1533.0,0.0,8702763a262760ef5eebf71203ac8d9f323bc54139444b6dbb492722d143e885
14432,2023-08-04,side,side,side_pole_load_cell_8,4322,1,subject_vehicle,single_vehicle_inferred_subject,JF2GUADC4RH228774,SUBARU,CROSSTREK,2024,STATION WAGON,4 CYLINDER INLINE FRONT,2.0,AUTOMATIC - FOUR WHEEL DRIVE,32.32,1605.0,1495.0,4477.0,1800.0,2672.0,336.0,1161.0,,793d949371bdc024e12d6d0723d5230351afd4a6c5a57aeb4761c7b6e1f66a35
14434,2023-08-03,side,side,side_pole_load_cell_8,4321,1,subject_vehicle,single_vehicle_inferred_subject,KMUMADTBXPU127096,GENESIS,GV70,2023,UTILITY VEHICLE,4 CYLINDER INLINE FRONT,2.5,AUTOMATIC - FOUR WHEEL DRIVE,32.07,2133.0,1967.0,4712.0,1891.0,2874.0,290.0,1465.0,0.0,828869ddeef1e1fdbdaaa8a868ada1ae45a9241cdd02aba031e884a5f336af2b
14437,2023-04-14,side,side,side_pole_load_cell_8,4258,1,subject_vehicle,single_vehicle_inferred_subject,3MVDMBCM8PM507931,MAZDA,CX-30,2023,UTILITY VEHICLE,4 CYLINDER TRANSVERSE FRONT,2.5,AUTOMATIC - FOUR WHEEL DRIVE,31.91,1597.0,1508.0,4378.0,1797.0,2652.0,326.0,1071.0,0.0,42c70b44d884d8c2e6cbfd34c83ea7c7f9ad0151cfa2fbf722ee2a3e6c158cd2
14443,2023-06-16,side,side,side_pole_load_cell_8,4301,1,subject_vehicle,single_vehicle_inferred_subject,2HKRS3H40PH302539,HONDA,CR-V,2023,UTILITY VEHICLE,4 CYLINDER TRANSVERSE FRONT,1.5,AUTOMATIC - FRONT WHEEL DRIVE,32.18,1671.0,1580.0,4684.0,1870.0,2706.0,301.0,1165.0,,5c774a7b8898af38b51dbb7c4ce08c72a82a6d319f59fdf0225076ca881bd21e
14450,2023-06-01,side,side,side_pole_load_cell_8,4285,1,subject_vehicle,single_vehicle_inferred_subject,3MZBPBDM8PM350333,MAZDA,MAZDA3,2023,FOUR DOOR SEDAN,4 CYLINDER INLINE FRONT,2.5,AUTOMATIC - FOUR WHEEL DRIVE,32.21,1587.0,1498.0,4662.0,1800.0,2723.0,284.0,1108.0,0.0,f68b46a12bc364f798d23223d891cc0b39dfef42121920cf5e10fd49dbf2885a
14460,2023-06-09,side,side,side_pole_load_cell_8,4292,1,subject_vehicle,single_vehicle_inferred_subject,JTJAM7BX3P5353144,LEXUS,GX 460,2023,UTILITY VEHICLE,V8 INLINE FRONT,4.6,AUTOMATIC - FOUR WHEEL DRIVE,32.04,2504.0,2357.0,4886.0,1878.0,2793.0,290.0,1392.0,0.0,8957d865c190669c3cc2aec2dfd6eebdde577af73fd63e686b2ac6a99c9071e5
14468,2023-10-25,side,side,side_pole_load_cell_8,4368,1,subject_vehicle,single_vehicle_inferred_subject,KMTGB4SD6RU200095,GENESIS,G80,2024,FOUR DOOR SEDAN,V6 INLINE FRONT,3.5,AUTOMATIC - FOUR WHEEL DRIVE,32.43,2131.0,2028.0,4991.0,1879.0,3003.0,322.0,1464.0,,72ad002ec6dfb6f90da654184ca9093f971bee1cd0e6654615ac491852ced757
14469,2023-08-11,side,side,side_pole_load_cell_8,4336,1,subject_vehicle,single_vehicle_inferred_subject,1C4SJUDP5PS541886,JEEP,WAGONEER,2023,UTILITY VEHICLE,V6 INLINE FRONT,3.0,AUTOMATIC - REAR WHEEL DRIVE,32.17,2846.0,2667.0,5457.0,2038.0,3138.0,367.0,1665.0,,ac16516c5c226f79bffd1e37cbccdd6ea82c82e7c84420d68505c66b9499aabf
14473,2023-12-13,side,side,side_pole_load_cell_8,4384,1,subject_vehicle,single_vehicle_inferred_subject,JM3KKEHA8R1123816,MAZDA,CX-90 PHEV,2024,UTILITY VEHICLE,4 CYLINDER INLINE FRONT,2.5,AUTOMATIC - FOUR WHEEL DRIVE,32.22,2486.0,2377.0,5104.0,1960.0,3116.0,313.0,1624.0,,4c750ac7f37affc1f92e75f64ffea9cb664a6c0f22a28709b7454c834ea89897
14481,2024-01-10,side,side,side_pole_load_cell_8,4394,1,subject_vehicle,single_vehicle_inferred_subject,KM8R74GE0PU641143,HYUNDAI,PALISADE,2023,UTILITY VEHICLE,V6 TRANSVERSE FRONT,3.8,AUTOMATIC - FRONT WHEEL DRIVE,32.28,2090.0,1989.0,4997.0,1927.0,2903.0,395.0,1317.0,,3f77518acedb1567e56491405db86a1e05447f7598ac6ffc6592a6ba0115ec4f
14486,2024-01-24,side,side,side_pole_load_cell_8,4417,1,subject_vehicle,single_vehicle_inferred_subject,JTDACACU7P3004958,TOYOTA,PRIUS PRIME,2023,FIVE DOOR HATCHBACK,4 CYLINDER TRANSVERSE FRONT,2.0,AUTOMATIC - FRONT WHEEL DRIVE,32.19,1649.0,1563.0,4549.0,1765.0,2749.0,327.0,1216.0,,a1c60a5b9bbce08da799cd05feef0f78bd51151bd95a108e8159841081cb097a
14489,2024-02-06,side,side,side_pole_load_cell_8,4422,1,subject_vehicle,single_vehicle_inferred_subject,KMHLS4DG8RU655451,HYUNDAI,ELANTRA,2024,FOUR DOOR SEDAN,4 CYLINDER TRANSVERSE FRONT,2.0,AUTOMATIC - FRONT WHEEL DRIVE,32.14,1425.0,1335.0,4698.0,1794.0,2721.0,313.0,1099.0,,9e82c3f46f7c130bc8aaf7a064bed39f7f9e1d07f8047d9bff266e00228e450e
14492,2024-03-06,side,side,side_pole_load_cell_8,4438,1,subject_vehicle,single_vehicle_inferred_subject,50EA1GBA1PA003781,LUCID,AIR,2023,FOUR DOOR SEDAN,ELECTRIC MOTOR,0.0,AUTOMATIC - FOUR WHEEL DRIVE,32.2,2482.0,2377.0,4977.0,1867.0,2955.0,171.0,1481.0,,6b1a8b16b3c1c52cd82e45fb9b97b58f7843fe07ab84c488e7f785394cddd8cf
14493,2024-04-19,side,side,side_pole_load_cell_8,4453,1,subject_vehicle,single_vehicle_inferred_subject,5XYRG4JC6RG254306,KIA,SORENTO,2024,UTILITY VEHICLE,4 CYLINDER TRANSVERSE FRONT,2.5,AUTOMATIC - FRONT WHEEL DRIVE,32.17,1839.0,1723.0,4812.0,1850.0,2820.0,378.0,1310.0,,5321d7b8ac0b25699a3cc7fdbe03df50dd883302755b6f37c64cea6c4e7663d8
14494,2024-03-18,side,side,side_pole_load_cell_8,4446,1,subject_vehicle,single_vehicle_inferred_subject,KMHL14JA2RA356221,HYUNDAI,SONATA,2024,FOUR DOOR SEDAN,4 CYLINDER TRANSVERSE FRONT,2.5,AUTOMATIC - FRONT WHEEL DRIVE,32.17,1663.0,1548.0,4911.0,1855.0,2839.0,374.0,1225.0,,c4893d3a12f93b0e43deccef3381c753380957c3f8c777d6119220b098a80bcb
14498,2024-05-08,side,side,side_pole_load_cell_8,4457,1,subject_vehicle,single_vehicle_inferred_subject,1FA6P8TH2R5121799,FORD,MUSTANG,2024,TWO DOOR COUPE,4 CYLINDER INLINE FRONT,2.3,AUTOMATIC - REAR WHEEL DRIVE,32.09,1681.0,1627.0,4801.0,1809.0,2720.0,333.0,1284.0,,1c17801f776bc8546fe6002481c7003bab6f29f9b904e9b4b61aa4d16d699579
14505,2024-05-17,side,side,side_pole_load_cell_8,4464,1,subject_vehicle,single_vehicle_inferred_subject,1GYKPPRK9RZ123266,CADILLAC,LYRIQ,2024,UTILITY VEHICLE,ELECTRIC MOTOR,0.0,AUTOMATIC - REAR WHEEL DRIVE,32.33,2702.0,2522.0,4998.0,1958.0,3092.0,183.0,1652.0,0.0,000b5b82c9b399e55042858c4c654068be3da002aeebf41eac10fcba6c99d631
14507,2024-05-23,side,side,side_pole_load_cell_8,4471,1,subject_vehicle,single_vehicle_inferred_subject,KM8HA3AB4RU139244,HYUNDAI,KONA,2024,UTILITY VEHICLE,4 CYLINDER TRANSVERSE FRONT,2.0,AUTOMATIC - FRONT WHEEL DRIVE,32.08,1464.0,1371.0,4354.0,1799.0,2663.0,286.0,1064.0,0.0,3a3819848dc4add096a4ce09ea17734de38353a7983ec9c74bec023fff11d56d
14600,2023-02-09,research_other,side,side_pole_load_cell_8,4198,1,subject_vehicle,single_vehicle_inferred_subject,3KPC24A61LE105935,HYUNDAI,ACCENT,2020,UTILITY VEHICLE,4 CYLINDER TRANSVERSE FRONT,1.6,AUTOMATIC - FRONT WHEEL DRIVE,31.11,1288.0,1173.0,4390.0,1730.0,2580.0,271.0,1108.0,,04511d33a8284b737ed7f934f64664ce29466eb40c1a7f57d3733169f560f1b5
14601,2023-02-22,research_other,side,side_pole_load_cell_8,4211,1,subject_vehicle,single_vehicle_inferred_subject,2C4RC1BG1LR130958,CHRYSLER,PACIFICA,2020,UTILITY VEHICLE,STRAIGHT 6 TRANSVERSE FRONT,3.6,AUTOMATIC - FRONT WHEEL DRIVE,31.11,1288.0,1173.0,4390.0,1730.0,2580.0,271.0,1108.0,,154ccbebfdd771bcf96a502b68543ed07f5708a1eb989da36d0e3fc1a3b7c1ef
14604,2023-08-09,research_other,side,side_pole_load_cell_8,4331,1,subject_vehicle,single_vehicle_inferred_subject,WVGRMPE26MP059366,VOLKSWAGEN,OTHER,2021,UTILITY VEHICLE,ELECTRIC MOTOR,0.0,AUTOMATIC - REAR WHEEL DRIVE,31.94,2253.0,2096.0,4578.0,1845.0,2770.0,143.0,1480.0,,6103bd06f624fb00d2131a945558bc364d85d98b21ed80352e3ebfd26aacf5c5
14609,2020-11-09,research_other,side,side_pole_load_cell_8,3786,1,subject_vehicle,single_vehicle_inferred_subject,5N1AT2MT4LC816168,NISSAN,ROGUE,2020,UTILITY VEHICLE,4 CYLINDER TRANSVERSE FRONT,2.5,AUTOMATIC - FRONT WHEEL DRIVE,30.97,1697.0,1556.0,4684.0,1822.0,2708.0,282.0,1123.0,0.0,0e6137a2633da299aeaea3f803e1c6bb7995237f6d73ab1f7f09356cdef2bb80
14611,2020-11-17,research_other,side,side_pole_load_cell_8,3796,1,subject_vehicle,single_vehicle_inferred_subject,1G1ZC5ST2KF217173,CHEVROLET,MALIBU,2019,FOUR DOOR SEDAN,4 CYLINDER TRANSVERSE FRONT,1.5,AUTOMATIC - FRONT WHEEL DRIVE,32.22,1562.0,1420.0,4935.0,1834.0,2830.0,249.0,1203.0,0.0,59792dce6e4388fe1580b96ef28facb40cf09e55e29db2c728670d8c69459562
14612,2020-12-04,research_other,side,side_pole_load_cell_8,3812,1,subject_vehicle,single_vehicle_inferred_subject,KMHTG6AF3LU024557,HYUNDAI,VELOSTER,2020,THREE DOOR HATCHBACK,4 CYLINDER TRANSVERSE FRONT,2.0,AUTOMATIC - FRONT WHEEL DRIVE,30.99,1357.0,1238.0,4247.0,1790.0,2650.0,275.0,1056.0,0.0,d221a9af37a82df404d3ecaacfda05df6a88a6359d4dafa7fa999db168e2b3d9
14614,2023-05-04,research_other,side,side_pole_load_cell_8,4272,1,subject_vehicle,single_vehicle_inferred_subject,2C4RC1BG4LR269272,CHRYSLER,PACIFICA,2020,MINIVAN,V6 TRANSVERSE FRONT,3.6,AUTOMATIC - FRONT WHEEL DRIVE,31.02,2174.0,2054.0,5172.0,2020.0,3096.0,342.0,1370.0,0.0,969101be3249ba3b7c722872abea3811069943ccaa84a7f29f7404e132ccf595
14615,2023-05-08,research_other,side,side_pole_load_cell_8,4276,1,subject_vehicle,single_vehicle_inferred_subject,KNDJ23AU0L7072670,KIA,SOUL,2020,UTILITY VEHICLE,4 CYLINDER INLINE FRONT,2.0,AUTOMATIC - FRONT WHEEL DRIVE,31.18,1439.0,1314.0,4194.0,1766.0,2598.0,275.0,1031.0,0.0,80ba116ee9d08083ef56c65b62531eb41411717e07c4f9c33ce4badcc4727bc9
14616,2023-06-05,research_other,side,side_pole_load_cell_8,4288,1,subject_vehicle,single_vehicle_inferred_subject,3KPC24A32KE071637,HYUNDAI,ACCENT,2019,FOUR DOOR SEDAN,4 CYLINDER TRANSVERSE FRONT,1.6,AUTOMATIC - FRONT WHEEL DRIVE,30.99,1299.0,1180.0,4383.0,1709.0,2581.0,219.0,1053.0,0.0,bdaa186772b0e46b922a6299dc61a7295dc737230e5064ec762bd9f7da32db92
14617,2023-07-06,research_other,side,side_pole_load_cell_8,4305,1,subject_vehicle,single_vehicle_inferred_subject,5TFSZ5AN5KX206592,TOYOTA,TACOMA,2019,TRUCK,V6 INLINE FRONT,3.5,AUTOMATIC - REAR WHEEL DRIVE,30.98,2179.0,1968.0,5375.0,1806.0,3252.0,527.0,1519.0,0.0,3545c8c31ca49a5fc7e3eba1c0f1acfa026e89f8e6544cc0f813ae7bad532270
14973,2023-09-01,side,side,side_pole_load_cell_8,4347,1,subject_vehicle,single_vehicle_inferred_subject,JTMAB3FV4PD131986,TOYOTA,RAV4 PRIME,2023,UTILITY VEHICLE,4 CYLINDER INLINE FRONT,2.5,AUTOMATIC - FOUR WHEEL DRIVE,32.13,2082.0,1947.0,4596.0,1877.0,2685.0,362.0,1271.0,,b11193d63108bf3ce6589737d2739e079583693c6b1cc1378ef3413aac28c298
14989,2023-12-01,side,side,side_pole_load_cell_8,4379,1,subject_vehicle,single_vehicle_inferred_subject,5NMJB3DE9RH325118,HYUNDAI,TUCSON,2024,UTILITY VEHICLE,4 CYLINDER TRANSVERSE FRONT,2.5,AUTOMATIC - FRONT WHEEL DRIVE,32.27,1703.0,1580.0,4628.0,1817.0,2756.0,331.0,1212.0,0.0,d478a353a5e3fea15d0f1069e94ec663f86f0bf2518908756018efc5292b1f55
14997,2024-01-08,side,side,side_pole_load_cell_8,4390,1,subject_vehicle,single_vehicle_inferred_subject,KMUKB4SA3RU022707,GENESIS,GV60,2024,UTILITY VEHICLE,ELECTRIC MOTOR,0.0,AUTOMATIC - REAR WHEEL DRIVE,32.02,2132.0,2038.0,4517.0,1829.0,2902.0,204.0,1526.0,0.0,84e5995e0b3f63d540c5bbb08cd63ee20030519772602dc81b2f97f355880add
15003,2023-07-14,side,side,side_pole_load_cell_8,4313,1,subject_vehicle,single_vehicle_inferred_subject,5FNYG2H20PB007834,HONDA,PILOT,2023,UTILITY VEHICLE,V6 TRANSVERSE FRONT,3.5,AUTOMATIC - FRONT WHEEL DRIVE,32.18,2042.0,1934.0,5062.0,2022.0,2896.0,259.0,1279.0,,6fee8db0473e2db06ae5c03758b09904002ac4f3c6d177a4873fc0433e5b6bf3
15007,2023-07-28,side,side,side_pole_load_cell_8,4318,1,subject_vehicle,single_vehicle_inferred_subject,1HGCY1F2XPA016703,HONDA,ACCORD HYBRID,2023,FOUR DOOR SEDAN,4 CYLINDER TRANSVERSE FRONT,1.5,AUTOMATIC - FRONT WHEEL DRIVE,32.19,1559.0,1466.0,4969.0,1864.0,2835.0,306.0,1185.0,,a38f2ba17b30ebac405adafb288ed9d6e44beb6c5e6db17b303981e6eb8773c5
15008,2024-01-23,side,side,side_pole_load_cell_8,4414,1,subject_vehicle,single_vehicle_inferred_subject,5NMMADTB6RH001170,GENESIS,GV70,2024,UTILITY VEHICLE,4 CYLINDER INLINE FRONT,2.5,AUTOMATIC - FOUR WHEEL DRIVE,32.12,2150.0,1986.0,4710.0,1888.0,2874.0,303.0,1460.0,0.0,f1971816a3cfb9bf422e5c63b95ce2a11c8a6809d5b4a0e33fd42d14466f0350
15015,2023-09-27,side,side,side_pole_load_cell_8,4356,1,subject_vehicle,single_vehicle_inferred_subject,JTDACAAUXP3005329,TOYOTA,PRIUS,2023,FIVE DOOR HATCHBACK,4 CYLINDER TRANSVERSE FRONT,2.0,AUTOMATIC - FRONT WHEEL DRIVE,32.19,1495.0,1408.0,4529.0,1716.0,2747.0,288.0,1136.0,,e541ca0d6121cacd3747ad2e8889c41aff3c2fd89133e3ca99fe1634fd8bd6c1
15023,2023-10-10,side,side,side_pole_load_cell_8,4362,1,subject_vehicle,single_vehicle_inferred_subject,JTDAAAAF4P3007343,TOYOTA,CROWN HYBRID,2023,FOUR DOOR SEDAN,4 CYLINDER INLINE FRONT,2.5,AUTOMATIC - FOUR WHEEL DRIVE,32.28,1923.0,1814.0,4984.0,1702.0,2859.0,339.0,1318.0,,f9fa2c90562ed7b4de4f7e255261aeb1185d22421e10f0162f12fffc9e4b6e48
15025,2024-02-21,side,side,side_pole_load_cell_8,4432,1,subject_vehicle,single_vehicle_inferred_subject,KM8KM4DB8RU252306,HYUNDAI,IONIQ 5,2024,UTILITY VEHICLE,ELECTRIC MOTOR,0.0,AUTOMATIC - REAR WHEEL DRIVE,32.29,1990.0,1855.0,4634.0,1876.0,3004.0,210.0,1565.0,0.0,d2b38725d8d64d1a60c88b163b6d54c389959930f76cddbfaff1093046c7f5d3
15028,2023-10-25,side,side,side_pole_load_cell_8,4369,1,subject_vehicle,single_vehicle_inferred_subject,JTJAAAAB6PA004997,LEXUS,RZ 450e,2023,UTILITY VEHICLE,ELECTRIC MOTOR,0.0,AUTOMATIC - FOUR WHEEL DRIVE,32.17,2220.0,2099.0,4799.0,1862.0,2840.0,248.0,1339.0,,81ec252212c72d84c76f701a744fcd8105d17988ad00d6122576bc69d19ab8e5
15030,2024-03-12,side,side,side_pole_load_cell_8,4441,1,subject_vehicle,single_vehicle_inferred_subject,5XYK33DF8RG175166,KIA,SPORTAGE,2024,UTILITY VEHICLE,4 CYLINDER TRANSVERSE FRONT,2.5,AUTOMATIC - FRONT WHEEL DRIVE,32.19,1703.0,1581.0,4659.0,1841.0,2758.0,326.0,1190.0,0.0,19fa34cffea247337bf20e6c9661dae0d310d680da2fb290e980b1e66ba8c417
15032,2023-11-10,side,side,side_pole_load_cell_8,4374,1,subject_vehicle,single_vehicle_inferred_subject,KMHM34AA4PA020775,HYUNDAI,IONIQ 6,2023,FOUR DOOR SEDAN,ELECTRIC MOTOR,0.0,AUTOMATIC - REAR WHEEL DRIVE,32.22,2032.0,1936.0,4858.0,1878.0,2956.0,246.0,1558.0,,512dc70918e532cdd5022e97e4103ec35ab01d200ad0f72d4cc95b43985acea4
15035,2023-12-05,side,side,side_pole_load_cell_8,4380,1,subject_vehicle,single_vehicle_inferred_subject,JM3KKCHD7R1116404,MAZDA,CX-90 MHEV,2024,UTILITY VEHICLE,STRAIGHT 6 INLINE FRONT,3.3,AUTOMATIC - FOUR WHEEL DRIVE,32.18,2256.0,2147.0,5094.0,2019.0,3116.0,354.0,1526.0,,3b3205882f26d8b99bd83e5652552fcc407933ae5ac1027779605ac6af450d57
15048,2024-05-08,side,side,side_pole_load_cell_8,4458,1,subject_vehicle,single_vehicle_inferred_subject,KNDEU2AA7R7587699,KIA,SELTOS,2024,UTILITY VEHICLE,4 CYLINDER TRANSVERSE FRONT,2.0,AUTOMATIC - FRONT WHEEL DRIVE,32.06,1437.0,1344.0,4387.0,1771.0,2633.0,303.0,1134.0,,9873139787d7c5b125c4ebf611785ae681937b95e3f52476c7772b33eead4636
15049,2024-06-06,side,side,side_pole_load_cell_8,4477,1,subject_vehicle,single_vehicle_inferred_subject,7MMVABAM4RN211380,MAZDA,CX-50,2024,UTILITY VEHICLE,4 CYLINDER TRANSVERSE FRONT,2.5,AUTOMATIC - FOUR WHEEL DRIVE,32.15,1720.0,1632.0,4715.0,1834.0,2817.0,320.0,1249.0,,c5f78fb41680414f6abbf9d44e0e4ee427f0dae6b1faf50a1d4763cc052bbb18
15062,2024-06-20,side,side,side_pole_load_cell_8,4488,1,subject_vehicle,single_vehicle_inferred_subject,YV4H60DM2R1906959,VOLVO,XC60 RECHARGE,2024,UTILITY VEHICLE,4 CYLINDER TRANSVERSE FRONT,2.0,AUTOMATIC - FOUR WHEEL DRIVE,32.14,2278.0,,4701.0,1881.0,2867.0,357.0,1379.0,0.0,026bac10b7d5a080fb37620bebfb67fccb83de5d9ffecfeeb298e1cfa8b5778c
15067,2024-06-26,side,side,side_pole_load_cell_8,4492,1,subject_vehicle,single_vehicle_inferred_subject,JA4J3UA87RZ033278,MITSUBISHI,OUTLANDER,2024,UTILITY VEHICLE,4 CYLINDER INLINE FRONT,2.5,AUTOMATIC - FRONT WHEEL DRIVE,32.13,1732.0,1641.0,4702.0,1833.0,2705.0,349.0,1177.0,,f18bbf7f54784f012648258e7da092f188fce0a105bef5682451a5bbe565e41a
15071,2024-07-12,side,side,side_pole_load_cell_8,4497,1,subject_vehicle,single_vehicle_inferred_subject,RLLV1AEB5RH004360,VinFast,VF8,2024,UTILITY VEHICLE,ELECTRIC MOTOR,0.0,AUTOMATIC - FOUR WHEEL DRIVE,32.1,2615.0,2462.0,4747.0,1910.0,2955.0,195.0,1519.0,,8d4e3a4430d28d29b5c546baa61c9d5a7550ab99a7824fc8ecf3771d2cb245ef
15072,2024-07-16,side,side,side_pole_load_cell_8,4499,1,subject_vehicle,single_vehicle_inferred_subject,5NTJB4DE8RH120755,HYUNDAI,SANTA CRUZ,2024,4 DOOR PICKUP,4 CYLINDER TRANSVERSE FRONT,2.5,AUTOMATIC - FRONT WHEEL DRIVE,32.19,1899.0,1720.0,4972.0,1837.0,3010.0,402.0,1415.0,0.0,8dedd6bd03f11b5a5a62d2b3f08c5d7bb7b6db42bf0b23c5959d2814b7848a8c
15077,2024-07-17,side,side,side_pole_load_cell_8,4504,1,subject_vehicle,single_vehicle_inferred_subject,3GNKDHRK4RS191239,CHEVROLET,BLAZER EV,2024,UTILITY VEHICLE,ELECTRIC MOTOR,0.0,AUTOMATIC - REAR WHEEL DRIVE,32.22,2657.0,2475.0,4883.0,1922.0,3098.0,200.0,1652.0,,e1e4260af2098f8dd016e4d2a2b2fbfb062c9d15efb5720a7949579dd0f7af63
15082,2024-07-24,side,side,side_pole_load_cell_8,4510,1,subject_vehicle,single_vehicle_inferred_subject,KNDNB4H3XR6441540,KIA,CARNIVAL,2024,MINIVAN,STRAIGHT 6 TRANSVERSE FRONT,3.5,AUTOMATIC - FRONT WHEEL DRIVE,32.17,2161.0,,5158.0,1988.0,3094.0,357.0,1417.0,0.0,ea9c37c03d9486aff4da71f537933ae31b975d4b6fd02fd9d42e8f007b411a90
15095,2024-08-01,side,side,side_pole_load_cell_8,4519,1,subject_vehicle,single_vehicle_inferred_subject,3GN7DLRP2RS252575,CHEVROLET,EQUINOX EV,2024,UTILITY VEHICLE,ELECTRIC MOTOR,0.0,AUTOMATIC - FRONT WHEEL DRIVE,31.9,2361.0,,4840.0,1868.0,2958.0,164.0,1466.0,0.0,e0d467205d3d03099ec280de0738fdd2cb5ee1fd72ba50116ccc84cffe6b0e47
15102,2024-08-13,side,side,side_pole_load_cell_8,4528,1,subject_vehicle,single_vehicle_inferred_subject,3GPKHURM8RS501947,HONDA,PROLOGUE,2024,UTILITY VEHICLE,ELECTRIC MOTOR,0.0,AUTOMATIC - FRONT WHEEL DRIVE,32.12,2429.0,2248.0,4891.0,1938.0,3098.0,223.0,1458.0,,b959545f4bf3417d4af1033421921d58f77a030479118c2ab65f065fd1b53b48
15183,2024-08-30,side,side,side_pole_load_cell_8,4541,1,subject_vehicle,single_vehicle_inferred_subject,4W5KHMRK6RZ501497,ACURA,ZDX,2024,UTILITY VEHICLE,ELECTRIC MOTOR,0.0,AUTOMATIC - REAR WHEEL DRIVE,32.24,2694.0,2513.0,5007.0,1926.0,3096.0,178.0,1664.0,,defd90d176630260301d1a6c198c18c096aef70b921cf041c604837536161453
15200,2024-09-06,side,side,side_pole_load_cell_8,4542,1,subject_vehicle,single_vehicle_inferred_subject,1FTER4BH4RLE23813,FORD,RANGER,2024,4 DOOR PICKUP,4 CYLINDER INLINE FRONT,2.3,AUTOMATIC - REAR WHEEL DRIVE,32.1,2065.0,1887.0,5357.0,1723.0,3273.0,387.0,1602.0,,4ff64303ce70f5ca7c86e70e9e2a5dec6d0a44b009a4612be2cd7784ed84d1eb
15238,2024-09-11,side,side,side_pole_load_cell_8,4548,1,subject_vehicle,single_vehicle_inferred_subject,LRBFZME44RD019027,BUICK,ENVISION,2024,UTILITY VEHICLE,4 CYLINDER TRANSVERSE FRONT,2.0,AUTOMATIC - FOUR WHEEL DRIVE,32.08,1966.0,1789.0,4642.0,1860.0,2779.0,379.0,1255.0,0.0,7269fdec7c85e7da338040a047bcbf5c6c73540741ca29bb32a354e36cfd6f34
15252,2024-09-10,side,side,side_pole_load_cell_8,4546,1,subject_vehicle,single_vehicle_inferred_subject,1GNERGKS6RJ151247,CHEVROLET,TRAVERSE,2024,UTILITY VEHICLE,4 CYLINDER TRANSVERSE FRONT,2.5,AUTOMATIC - FRONT WHEEL DRIVE,32.17,2193.0,2014.0,5188.0,1968.0,3066.0,335.0,1425.0,0.0,a8606d21da585d28d7e4dd535427f5a0ea4d4a6815fad141bd77aa0541222d39
15253,2024-08-01,side,side,side_pole_load_cell_8,4520,1,subject_vehicle,single_vehicle_inferred_subject,JF1VBAH60R9806496,SUBARU,WRX,2024,FOUR DOOR SEDAN,4 CYLINDER TRANSVERSE FRONT,2.4,MANUAL - FOUR WHEEL DRIVE,32.08,1640.0,1640.0,4664.0,1756.0,2672.0,362.0,1156.0,,9889d61a897fa78c27b10ee4d042ef072115018fdf911cd26bbd68663a971f12
15256,2024-09-10,side,side,side_pole_load_cell_8,4547,1,subject_vehicle,single_vehicle_inferred_subject,3TYKD5HN0RT003828,TOYOTA,TACOMA,2024,4 DOOR PICKUP,4 CYLINDER INLINE FRONT,2.4,AUTOMATIC - REAR WHEEL DRIVE,32.2,2132.0,1952.0,5408.0,1815.0,3356.0,336.0,1620.0,,86d3ff99f558e0777a6ea61f10468266cf83986b35b52d66609bbf1fe923ed2e
15260,2024-08-27,side,side,side_pole_load_cell_8,4534,1,subject_vehicle,single_vehicle_inferred_subject,KNDAB5S17R6019673,KIA,EV9,2024,UTILITY VEHICLE,ELECTRIC MOTOR,0.0,AUTOMATIC - REAR WHEEL DRIVE,32.33,2529.0,2414.0,5008.0,1988.0,3102.0,205.0,1709.0,0.0,84fdb952b48eae5128f82392de043895ec6b59953b170047fbf4b56c6500d8c3
15265,2024-11-07,side,side,side_pole_load_cell_8,4565,1,subject_vehicle,single_vehicle_inferred_subject,4T1DAACK3SU044101,TOYOTA,CAMRY HYBRID,2025,FOUR DOOR SEDAN,4 CYLINDER TRANSVERSE FRONT,2.5,AUTOMATIC - FRONT WHEEL DRIVE,32.26,1738.0,1622.0,4915.0,1844.0,2824.0,365.0,1239.0,,de7a3c2e1d5e71c797ab15411b7deaac606c99f1e46c3055ffc04887b7531a5d
15269,2024-06-26,side,side,side_pole_load_cell_8,4493,1,subject_vehicle,single_vehicle_inferred_subject,KL77LFE29RC157344,CHEVROLET,TRAX,2024,UTILITY VEHICLE,3 CYLINDER TRANSVERSE FRONT,1.2,AUTOMATIC - FRONT WHEEL DRIVE,32.28,1473.0,1342.0,4520.0,1787.0,2705.0,326.0,1168.0,,a60399e0fbf581b2b41b927bbb77843cc0fb831fc1eb42098a1eb0f529c76f97
15300,2024-11-15,side,side,side_pole_load_cell_8,4573,1,subject_vehicle,single_vehicle_inferred_subject,2GC1WLE73R1234810,CHEVROLET,SILVERADO 2500,2024,4 DOOR PICKUP,V8 INLINE FRONT,6.6,AUTOMATIC - REAR WHEEL DRIVE,32.29,3213.0,3033.0,6360.0,2036.0,4039.0,431.0,1871.0,0.0,34ba47acfcc908c80f60b0aec23367adb04a2a4f41e426b2ecc8f4947bb47d01
15304,2024-11-22,side,side,side_pole_load_cell_8,4578,1,subject_vehicle,single_vehicle_inferred_subject,5NMP14GL1RH062460,HYUNDAI,SANTA FE,2024,UTILITY VEHICLE,4 CYLINDER TRANSVERSE FRONT,2.5,AUTOMATIC - FRONT WHEEL DRIVE,32.22,1926.0,1879.0,4829.0,1902.0,2817.0,379.0,1243.0,0.0,aa153439bc24687261ad24512ea93924a5bbfa8a8171082586255412cea9b1d6
15307,2024-11-21,side,side,side_pole_load_cell_8,4577,1,subject_vehicle,single_vehicle_inferred_subject,JF2SLDACXSH452821,SUBARU,FORESTER,2025,UTILITY VEHICLE,OTHER,2.5,AUTOMATIC - FOUR WHEEL DRIVE,32.28,1701.0,1590.0,4656.0,1829.0,2666.0,352.0,1202.0,,d8fae74f356703a2415e92f433ce24f0f71b6a286f372e0597fa00197f6924fd
15309,2024-12-04,side,side,side_pole_load_cell_8,4583,1,subject_vehicle,single_vehicle_inferred_subject,3N8AP6BA3SL314034,NISSAN,KICKS,2025,UTILITY VEHICLE,4 CYLINDER TRANSVERSE FRONT,2.0,AUTOMATIC - FRONT WHEEL DRIVE,32.18,1445.0,1365.0,4313.0,1750.0,2654.0,287.0,1021.0,,32d431377138e5a2a45b9fad237c8a374f08db9def738bff6e8433ad01116505
15313,2024-12-17,side,side,side_pole_load_cell_8,4586,1,subject_vehicle,single_vehicle_inferred_subject,7G2CEHEE1RA039271,TESLA,CYBERTRUCK,2024,4 DOOR PICKUP,ELECTRIC MOTOR,0.0,AUTOMATIC - FOUR WHEEL DRIVE,32.05,3311.0,3134.0,5662.0,1944.0,3641.0,188.0,1964.0,,0856e965a43c8a5717af2a63f4835eb26e6a27366a01803a8aeb5681a25edf0a
15321,2025-01-09,side,side,side_pole_load_cell_8,4596,1,subject_vehicle,single_vehicle_inferred_subject,3KPFT4DEXSE006512,KIA,K4,2025,FOUR DOOR SEDAN,4 CYLINDER INLINE FRONT,2.0,AUTOMATIC - FRONT WHEEL DRIVE,32.07,1436.0,1348.0,4713.0,1814.0,2722.0,264.0,1114.0,0.0,e1bc033c14c40515c46479e66e83631772161ccdc4808492ae43e96c449e910e
15323,2025-01-09,side,side,side_pole_load_cell_8,4597,1,subject_vehicle,single_vehicle_inferred_subject,5YFB4MDE0SP241012,TOYOTA,COROLLA HYBRID,2025,FOUR DOOR SEDAN,4 CYLINDER TRANSVERSE FRONT,2.0,AUTOMATIC - FRONT WHEEL DRIVE,32.04,1443.0,1348.0,4629.0,1781.0,2700.0,320.0,1087.0,,5f01ba4d5d9b8847cc7a1070310e739b41a52388106f5ebbf772ba1f514958f4
15325,2025-01-13,side,side,side_pole_load_cell_8,4599,1,subject_vehicle,single_vehicle_inferred_subject,5UX53GP02S9Y43383,BMW,X3,2025,UTILITY VEHICLE,4 CYLINDER INLINE FRONT,2.0,AUTOMATIC - FOUR WHEEL DRIVE,32.16,2084.0,1905.0,4639.0,1683.0,2860.0,322.0,1518.0,,a6cb6e829028f067d6235052ae2905f80f9d378c0ba3514dcc214dbb77766e0b
15334,2025-01-29,side,side,side_pole_load_cell_8,4611,1,subject_vehicle,single_vehicle_inferred_subject,3GNAXHEG1SL115787,CHEVROLET,EQUINOX,2025,UTILITY VEHICLE,4 CYLINDER INLINE FRONT,1.5,AUTOMATIC - FRONT WHEEL DRIVE,32.12,1722.0,1545.0,4642.0,1822.0,2738.0,308.0,1313.0,,25f6673dd54a82568451cd5465c4a06e0dd593e667dea36545fa6de1ce5d75b3
15341,2025-02-19,side,side,side_pole_load_cell_8,4620,1,subject_vehicle,single_vehicle_inferred_subject,5TDAAAB55RS029875,TOYOTA,GRAND HIGHLANDER,2025,UTILITY VEHICLE,4 CYLINDER TRANSVERSE FRONT,2.4,AUTOMATIC - FOUR WHEEL DRIVE,32.29,2188.0,,5086.0,1932.0,2943.0,440.0,1401.0,0.0,dbf26b990d3f8f2e289666640ad89eb2c2460b1df90713bb170a7acd38b73dcb
15350,2025-03-18,side,side,side_pole_load_cell_8,4627,1,subject_vehicle,single_vehicle_inferred_subject,JTEABFAJ9SK024647,TOYOTA,LAND CRUISER,2025,UTILITY VEHICLE,4 CYLINDER INLINE FRONT,2.4,AUTOMATIC - FOUR WHEEL DRIVE,31.9,2613.0,2434.0,4981.0,1887.0,2856.0,319.0,1489.0,0.0,d06f8729838a0e461f35e5b1ebce9b8ce15a9679c6c35d7a0e3662856dc59485
15404,2025-04-02,side,side,side_pole_load_cell_8,4633,1,subject_vehicle,single_vehicle_inferred_subject,5LMPJ8JA6SJ910887,LINCOLN,NAUTILUS,2025,UTILITY VEHICLE,4 CYLINDER INLINE FRONT,2.0,AUTOMATIC - FOUR WHEEL DRIVE,32.33,2060.0,1948.0,4912.0,1946.0,2898.0,264.0,1272.0,0.0,92bf73963630c74ad035cc3f7ed294282d372ca49e7f0e7015314d1ce10e015d
15407,2025-04-09,side,side,side_pole_load_cell_8,4638,1,subject_vehicle,single_vehicle_inferred_subject,5N1AZ3BJ4SC103517,NISSAN,MURANO,2025,UTILITY VEHICLE,4 CYLINDER TRANSVERSE FRONT,2.0,AUTOMATIC - FRONT WHEEL DRIVE,32.11,1985.0,1876.0,4890.0,1950.0,2805.0,304.0,1190.0,,abd7d97191ede3ae5a83596497015e32521e2872a71bf9c1baec7e26f8794d56
15418,2025-04-23,side,side,side_pole_load_cell_8,4646,1,subject_vehicle,single_vehicle_inferred_subject,7MUAAAAG8SV125594,TOYOTA,COROLLA CROSS,2025,UTILITY VEHICLE,4 CYLINDER TRANSVERSE FRONT,2.0,AUTOMATIC - FRONT WHEEL DRIVE,32.18,1528.0,,4449.0,1778.0,2642.0,330.0,1110.0,0.0,30a2f05dafa44422b1742e9605f13a28e26227f8d203ff5f0d319079d9dabc77
15422,2025-04-17,side,side,side_pole_load_cell_8,4645,1,subject_vehicle,single_vehicle_inferred_subject,WA112BGF7SA018426,AUDI,Q6 E-TRON,2025,UTILITY VEHICLE,OTHER,0.0,AUTOMATIC - REAR WHEEL DRIVE,31.93,2442.0,2269.0,4773.0,1940.0,2891.0,178.0,1627.0,,2b429ccc15dbd98727a3cb122e92ff52dc95ce07fca9615b9e89b97f3744cfa2
15426,2025-04-30,side,side,side_pole_load_cell_8,4651,1,subject_vehicle,single_vehicle_inferred_subject,1GNS5MRDXSR165857,CHEVROLET,TAHOE,2025,UTILITY VEHICLE,V8 TRANSVERSE FRONT,5.3,AUTOMATIC - REAR WHEEL DRIVE,31.91,2686.0,,5364.0,2055.0,3067.0,364.0,1610.0,0.0,285aecf46b517ade07d016c979812f06053af77e8e642400a3ea67851790b1fa
15458,2025-06-05,side,side,side_pole_load_cell_8,4662,1,subject_vehicle,single_vehicle_inferred_subject,JA4J3UA89SZ024295,MITSUBISHI,OUTLANDER,2025,UTILITY VEHICLE,4 CYLINDER INLINE FRONT,2.5,AUTOMATIC - FOUR WHEEL DRIVE,32.07,1775.0,1683.0,4717.0,1788.0,2703.0,334.0,1218.0,,88fc01ee2e0aaab2b525f47cead37291b435859e0b9e6243ec2b45f113df88a6
15466,2025-07-16,side,side,side_pole_load_cell_8,4672,1,subject_vehicle,single_vehicle_inferred_subject,3HDSA1H38SM,ACURA,ADX,2025,UTILITY VEHICLE,4 CYLINDER TRANSVERSE FRONT,1.5,AUTOMATIC - FRONT WHEEL DRIVE,32.08,1618.0,,4700.0,1815.0,2652.0,314.0,1128.0,0.0,86108119bd52626d8cc787d0d9b89e92dc57a20ca4608b2337b0db03b70cf24e
15467,2025-07-16,side,side,side_pole_load_cell_8,4673,1,subject_vehicle,single_vehicle_inferred_subject,1FMJU1H86SEA25852,FORD,EXPEDITION,2025,UTILITY VEHICLE,V6 INLINE FRONT,3.5,AUTOMATIC - REAR WHEEL DRIVE,32.19,2654.0,2476.0,5322.0,2087.0,3116.0,402.0,1687.0,0.0,7ff6c6fc5db65a0a747a45135d099b0532cd500789bdfa158fe582cbc7b5fb53
15472,2025-07-25,side,side,side_pole_load_cell_8,4677,1,subject_vehicle,single_vehicle_inferred_subject,3VVCR7RM2SM012766,VOLKSWAGEN,TIGUAN,2025,UTILITY VEHICLE,4 CYLINDER TRANSVERSE FRONT,2.0,AUTOMATIC - FRONT WHEEL DRIVE,32.29,1770.0,1632.0,4686.0,1843.0,2786.0,304.0,1226.0,0.0,88fd687b7fac099d29df82b21cc32a03e19e916828f7e5c897d5fed8a16400c7
15474,2025-08-05,side,side,side_pole_load_cell_8,4681,1,subject_vehicle,single_vehicle_inferred_subject,JTEVA5AR9S5,TOYOTA,4RUNNER,2025,UTILITY VEHICLE,4 CYLINDER INLINE FRONT,2.4,AUTOMATIC - REAR WHEEL DRIVE,32.29,2113.0,,4932.0,1814.0,2858.0,354.0,1450.0,0.0,778b7954020eb2118aa2d7bafbf652f0a87c303062864a7c3a9f08fab218725a
15478,2025-08-12,side,side,side_pole_load_cell_8,4686,1,subject_vehicle,single_vehicle_inferred_subject,5XYC34JA6SG006174,KIA,EV6,2025,UTILITY VEHICLE,ELECTRIC MOTOR,0.0,AUTOMATIC - REAR WHEEL DRIVE,32.0,2065.0,1986.0,4689.0,1859.0,2904.0,212.0,1564.0,0.0,eddd9c789c3731ee4788b9d5e03edac678e4cd8c464d57a8d6c8cd4f2bc82426
15508,2025-09-05,side,side,side_pole_load_cell_8,4690,1,subject_vehicle,single_vehicle_inferred_subject,WVG5WVEB7SH015297,VOLKSWAGEN,ID.BUZZ,2025,UTILITY VEHICLE,ELECTRIC MOTOR,0.0,AUTOMATIC - REAR WHEEL DRIVE,32.32,2809.0,,4939.0,1953.0,3237.0,196.0,1659.0,0.0,36aceb633835497032d422fe64ab9b5b4323198cb756591825787b6da8e321b1
15517,2025-10-01,side,side,side_pole_load_cell_8,4718,1,subject_vehicle,single_vehicle_inferred_subject,7YAMS5S11TY004796,HYUNDAI,IONIQ 9,2026,UTILITY VEHICLE,ELECTRIC MOTOR,0.0,AUTOMATIC - REAR WHEEL DRIVE,32.26,2664.0,2538.0,5058.0,1948.0,3137.0,184.0,1775.0,0.0,2fb2b87c0cba77787c662961170f74fd12898175670ee13591b1a9fa240e047d
15531,2025-10-17,side,side,side_pole_load_cell_8,4723,1,subject_vehicle,single_vehicle_inferred_subject,7SAYGDED5TF444176,TESLA,MODEL Y,2026,UTILITY VEHICLE,ELECTRIC MOTOR,0.0,AUTOMATIC - REAR WHEEL DRIVE,32.28,2074.0,1895.0,4789.0,1920.0,2899.0,189.0,1634.0,,e1bc0147cbabd386a300ffeb026dde411c5eaa3c4a7e6ad38bca943fa35c8504
15540,2025-11-19,side,side,side_pole_load_cell_8,4729,1,subject_vehicle,single_vehicle_inferred_subject,1GCPABEK6TZ,CHEVROLET,SILVERADO 1500,2026,FOUR DOOR PICKUP,4 CYLINDER INLINE FRONT,2.7,AUTOMATIC - REAR WHEEL DRIVE,32.26,2371.0,,5924.0,2011.0,3751.0,399.0,1764.0,0.0,45647f498009ab60778650008b744fb69640d1c36dd6dacf93184cd60118dba4
