test_no,test_date,test_type,test_configuration,contractor_study_title,impact_direction,test_family,crash_classification_status,canonical_label,classification_id,family,load_cell_classification_status,raw_barrier_shape,normalized_barrier_shape_key,shape_alias_rule_id,shape_alias_confidence,load_cell_channel_count,force_channel_count,moment_channel_count,pole_index_range_json,expected_pole_count,observed_pole_channel_count,observed_unique_pole_count,missing_pole_indices,duplicate_pole_indices,pole_all_1_8_present,pole_all_1_8_as_measured,missing_expected_channels_json,duplicate_channels_json,mask_summary_json,vehicle_cg_accel_channel_count,vehicle_cg_accel_non_accel_unit_channel_count,vehicle_cg_accel_non_accel_units,vehicle_cg_accel_xyz_present,vehicle_cg_accel_xyz_as_measured,vehicle_cg_accel_any_failed_or_questionable,all_accelerometer_channel_count,metadata_only_waveform_parsed,pole_1_available,pole_1_curve_nos,pole_1_axes,pole_1_units,pole_1_data_statuses,pole_1_channel_statuses,pole_1_all_as_measured,pole_2_available,pole_2_curve_nos,pole_2_axes,pole_2_units,pole_2_data_statuses,pole_2_channel_statuses,pole_2_all_as_measured,pole_3_available,pole_3_curve_nos,pole_3_axes,pole_3_units,pole_3_data_statuses,pole_3_channel_statuses,pole_3_all_as_measured,pole_4_available,pole_4_curve_nos,pole_4_axes,pole_4_units,pole_4_data_statuses,pole_4_channel_statuses,pole_4_all_as_measured,pole_5_available,pole_5_curve_nos,pole_5_axes,pole_5_units,pole_5_data_statuses,pole_5_channel_statuses,pole_5_all_as_measured,pole_6_available,pole_6_curve_nos,pole_6_axes,pole_6_units,pole_6_data_statuses,pole_6_channel_statuses,pole_6_all_as_measured,pole_7_available,pole_7_curve_nos,pole_7_axes,pole_7_units,pole_7_data_statuses,pole_7_channel_statuses,pole_7_all_as_measured,pole_8_available,pole_8_curve_nos,pole_8_axes,pole_8_units,pole_8_data_statuses,pole_8_channel_statuses,pole_8_all_as_measured,vehicle_cg_x_accel_available,vehicle_cg_x_accel_curve_nos,vehicle_cg_x_accel_units,vehicle_cg_x_accel_data_statuses,vehicle_cg_x_accel_channel_statuses,vehicle_cg_x_accel_all_as_measured,vehicle_cg_y_accel_available,vehicle_cg_y_accel_curve_nos,vehicle_cg_y_accel_units,vehicle_cg_y_accel_data_statuses,vehicle_cg_y_accel_channel_statuses,vehicle_cg_y_accel_all_as_measured,vehicle_cg_z_accel_available,vehicle_cg_z_accel_curve_nos,vehicle_cg_z_accel_units,vehicle_cg_z_accel_data_statuses,vehicle_cg_z_accel_channel_statuses,vehicle_cg_z_accel_all_as_measured
7202,2011-01-04,NEW CAR ASSESSMENT TEST,VEHICLE INTO POLE,NCAP SIDE POLE - 2011 KIA FORTE LX 4-DR SEDAN,side,side,classified,,side_pole_load_cell_8,side_pole_load_cell_barrier,covered_with_mask,POLE,POLE,pole_barrier_unconditional,1,8,8,0,"[1, 8]",8,8,8,,,true,false,[],[],"{""missing_expected_channel_count"": 0, ""duplicate_channel_count"": 0, ""force_channel_count"": 8, ""moment_channel_count"": 0}",3,0,,true,true,false,27,false,true,43,Y - GLOBAL,NEWTONS,NO DATA,PRIMARY,false,true,44,Y - GLOBAL,NEWTONS,NO DATA,PRIMARY,false,true,45,Y - GLOBAL,NEWTONS,NO DATA,PRIMARY,false,true,46,Y - GLOBAL,NEWTONS,NO DATA,PRIMARY,false,true,47,Y - GLOBAL,NEWTONS,NO DATA,PRIMARY,false,true,48,Y - GLOBAL,NEWTONS,NO DATA,PRIMARY,false,true,49,Y - GLOBAL,NEWTONS,NO DATA,PRIMARY,false,true,50,Y - GLOBAL,NEWTONS,NO DATA,PRIMARY,false,true,22,G'S,AS MEASURED,PRIMARY,true,true,23,G'S,AS MEASURED,PRIMARY,true,true,24,G'S,AS MEASURED,PRIMARY,true
7340,2011-01-18,NEW CAR ASSESSMENT TEST,VEHICLE INTO POLE,NEW CAR ASSESSMENT PROGRAM SIDE POLE BARRIER IMPACT TEST,side,side,classified,,side_pole_load_cell_8,side_pole_load_cell_barrier,covered_with_mask,POLE,POLE,pole_barrier_unconditional,1,8,8,0,"[1, 8]",8,8,8,,,true,true,[],[],"{""missing_expected_channel_count"": 0, ""duplicate_channel_count"": 0, ""force_channel_count"": 8, ""moment_channel_count"": 0}",3,0,,true,false,true,27,false,true,43,Y - GLOBAL,NEWTONS,AS MEASURED,PRIMARY,true,true,44,Y - GLOBAL,NEWTONS,AS MEASURED,PRIMARY,true,true,45,Y - GLOBAL,NEWTONS,AS MEASURED,PRIMARY,true,true,46,Y - GLOBAL,NEWTONS,AS MEASURED,PRIMARY,true,true,47,Y - GLOBAL,NEWTONS,AS MEASURED,PRIMARY,true,true,48,Y - GLOBAL,NEWTONS,AS MEASURED,PRIMARY,true,true,49,Y - GLOBAL,NEWTONS,AS MEASURED,PRIMARY,true,true,50,Y - GLOBAL,NEWTONS,AS MEASURED,PRIMARY,true,true,22,G'S,QUESTIONABLE DATA,PRIMARY,false,true,23,G'S,QUESTIONABLE DATA,PRIMARY,false,true,24,G'S,QUESTIONABLE DATA,PRIMARY,false
7344,2011-02-01,NEW CAR ASSESSMENT TEST,VEHICLE INTO POLE,NCAP SIDE POLE - 2011 KIA OPTIMA LX 4-DR SEDAN,side,side,classified,,side_pole_load_cell_8,side_pole_load_cell_barrier,covered_with_mask,POLE,POLE,pole_barrier_unconditional,1,8,8,0,"[1, 8]",8,8,8,,,true,false,[],[],"{""missing_expected_channel_count"": 0, ""duplicate_channel_count"": 0, ""force_channel_count"": 8, ""moment_channel_count"": 0}",3,0,,true,true,false,27,false,true,43,Y - GLOBAL,NEWTONS,NO DATA,PRIMARY,false,true,44,Y - GLOBAL,NEWTONS,NO DATA,PRIMARY,false,true,45,Y - GLOBAL,NEWTONS,NO DATA,PRIMARY,false,true,46,Y - GLOBAL,NEWTONS,NO DATA,PRIMARY,false,true,47,Y - GLOBAL,NEWTONS,NO DATA,PRIMARY,false,true,48,Y - GLOBAL,NEWTONS,NO DATA,PRIMARY,false,true,49,Y - GLOBAL,NEWTONS,NO DATA,PRIMARY,false,true,50,Y - GLOBAL,NEWTONS,NO DATA,PRIMARY,false,true,22,G'S,AS MEASURED,PRIMARY,true,true,23,G'S,AS MEASURED,PRIMARY,true,true,24,G'S,AS MEASURED,PRIMARY,true
7345,2011-02-02,NEW CAR ASSESSMENT TEST,VEHICLE INTO POLE,NCAP SIDE IMPACT POLE BARRIER - 2011 TOYOTA TUNDRA DBL CAB 4-DR TRUCK,side,side,classified,,side_pole_load_cell_8,side_pole_load_cell_barrier,covered_with_mask,POLE,POLE,pole_barrier_unconditional,1,8,8,0,"[1, 8]",8,8,8,,,true,true,[],[],"{""missing_expected_channel_count"": 0, ""duplicate_channel_count"": 0, ""force_channel_count"": 8, ""moment_channel_count"": 0}",3,0,,true,true,false,27,false,true,43,Y - GLOBAL,NEWTONS,AS MEASURED,PRIMARY,true,true,44,Y - GLOBAL,NEWTONS,AS MEASURED,PRIMARY,true,true,45,Y - GLOBAL,NEWTONS,AS MEASURED,PRIMARY,true,true,46,Y - GLOBAL,NEWTONS,AS MEASURED,PRIMARY,true,true,47,Y - GLOBAL,NEWTONS,AS MEASURED,PRIMARY,true,true,48,Y - GLOBAL,NEWTONS,AS MEASURED,PRIMARY,true,true,49,Y - GLOBAL,NEWTONS,AS MEASURED,PRIMARY,true,true,50,Y - GLOBAL,NEWTONS,AS MEASURED,PRIMARY,true,true,22,G'S,AS MEASURED,PRIMARY,true,true,23,G'S,AS MEASURED,PRIMARY,true,true,24,G'S,AS MEASURED,PRIMARY,true
7348,2011-02-07,NEW CAR ASSESSMENT TEST,VEHICLE INTO POLE,NCAP SIDE POLE - 2011 TOYOTA COROLLA 4-DR SEDAN,side,side,classified,,side_pole_load_cell_8,side_pole_load_cell_barrier,covered_with_mask,POLE,POLE,pole_barrier_unconditional,1,8,8,0,"[1, 8]",8,8,8,,,true,false,[],[],"{""missing_expected_channel_count"": 0, ""duplicate_channel_count"": 0, ""force_channel_count"": 8, ""moment_channel_count"": 0}",3,0,,true,true,false,27,false,true,43,Y - GLOBAL,NEWTONS,NO DATA,PRIMARY,false,true,44,Y - GLOBAL,NEWTONS,NO DATA,PRIMARY,false,true,45,Y - GLOBAL,NEWTONS,NO DATA,PRIMARY,false,true,46,Y - GLOBAL,NEWTONS,NO DATA,PRIMARY,false,true,47,Y - GLOBAL,NEWTONS,NO DATA,PRIMARY,false,true,48,Y - GLOBAL,NEWTONS,NO DATA,PRIMARY,false,true,49,Y - GLOBAL,NEWTONS,NO DATA,PRIMARY,false,true,50,Y - GLOBAL,NEWTONS,NO DATA,PRIMARY,false,true,22,G'S,AS MEASURED,PRIMARY,true,true,23,G'S,AS MEASURED,PRIMARY,true,true,24,G'S,AS MEASURED,PRIMARY,true
7349,2011-02-09,NEW CAR ASSESSMENT TEST,VEHICLE INTO POLE,NCAP SIDE IMPACT POLE BARRIER - 2011 FORD F-150 SUPERCREW 4-DR TRUCK,side,side,classified,,side_pole_load_cell_8,side_pole_load_cell_barrier,covered_with_mask,POLE,POLE,pole_barrier_unconditional,1,8,8,0,"[1, 8]",8,8,8,,,true,true,[],[],"{""missing_expected_channel_count"": 0, ""duplicate_channel_count"": 0, ""force_channel_count"": 8, ""moment_channel_count"": 0}",3,0,,true,true,false,27,false,true,43,Y - GLOBAL,NEWTONS,AS MEASURED,PRIMARY,true,true,44,Y - GLOBAL,NEWTONS,AS MEASURED,PRIMARY,true,true,45,Y - GLOBAL,NEWTONS,AS MEASURED,PRIMARY,true,true,46,Y - GLOBAL,NEWTONS,AS MEASURED,PRIMARY,true,true,47,Y - GLOBAL,NEWTONS,AS MEASURED,PRIMARY,true,true,48,Y - GLOBAL,NEWTONS,AS MEASURED,PRIMARY,true,true,49,Y - GLOBAL,NEWTONS,AS MEASURED,PRIMARY,true,true,50,Y - GLOBAL,NEWTONS,AS MEASURED,PRIMARY,true,true,22,G'S,AS MEASURED,PRIMARY,true,true,23,G'S,AS MEASURED,PRIMARY,true,true,24,G'S,AS MEASURED,PRIMARY,true
7351,2011-02-10,NEW CAR ASSESSMENT TEST,VEHICLE INTO POLE,NCAP SIDE IMPACT POLE BARRIER - 2011 FORD F-150 SUPERCAB 2-DR TRUCK,side,side,classified,,side_pole_load_cell_8,side_pole_load_cell_barrier,covered_with_mask,POLE,POLE,pole_barrier_unconditional,1,8,8,0,"[1, 8]",8,8,8,,,true,false,[],[],"{""missing_expected_channel_count"": 0, ""duplicate_channel_count"": 0, ""force_channel_count"": 8, ""moment_channel_count"": 0}",3,0,,true,true,false,27,false,true,43,Y - GLOBAL,NEWTONS,AS MEASURED,PRIMARY,true,true,44,Y - GLOBAL,NEWTONS,AS MEASURED,PRIMARY,true,true,45,Y - GLOBAL,NEWTONS,AS MEASURED,PRIMARY,true,true,46,Y - GLOBAL,NEWTONS,AS MEASURED,PRIMARY,true,true,47,Y - GLOBAL,NEWTONS,AS MEASURED,PRIMARY,true,true,48,Y - GLOBAL,NEWTONS,AS MEASURED,PRIMARY,true,true,49,Y - GLOBAL,NEWTONS,AS MEASURED,PRIMARY,true,true,50,Y - GLOBAL,NEWTONS,CHANNEL FAILED,PRIMARY,false,true,22,G'S,AS MEASURED,PRIMARY,true,true,23,G'S,AS MEASURED,PRIMARY,true,true,24,G'S,AS MEASURED,PRIMARY,true
7354,2011-02-14,NEW CAR ASSESSMENT TEST,VEHICLE INTO POLE,NCAP SIDE POLE - 2011 TOYOTA PRIUS 5-DR LIFTBACK,side,side,classified,,side_pole_load_cell_8,side_pole_load_cell_barrier,covered_with_mask,POLE,POLE,pole_barrier_unconditional,1,8,8,0,"[1, 8]",8,8,8,,,true,false,[],[],"{""missing_expected_channel_count"": 0, ""duplicate_channel_count"": 0, ""force_channel_count"": 8, ""moment_channel_count"": 0}",3,0,,true,false,true,27,false,true,43,Y - GLOBAL,NEWTONS,NO DATA,PRIMARY,false,true,44,Y - GLOBAL,NEWTONS,NO DATA,PRIMARY,false,true,45,Y - GLOBAL,NEWTONS,NO DATA,PRIMARY,false,true,46,Y - GLOBAL,NEWTONS,NO DATA,PRIMARY,false,true,47,Y - GLOBAL,NEWTONS,NO DATA,PRIMARY,false,true,48,Y - GLOBAL,NEWTONS,NO DATA,PRIMARY,false,true,49,Y - GLOBAL,NEWTONS,NO DATA,PRIMARY,false,true,50,Y - GLOBAL,NEWTONS,NO DATA,PRIMARY,false,true,22,G'S,CHANNEL FAILED,PRIMARY,false,true,23,G'S,CHANNEL FAILED,PRIMARY,false,true,24,G'S,QUESTIONABLE DATA,PRIMARY,false
7361,2011-02-21,OPTIONAL NEW CAR ASSESSMENT TEST,VEHICLE INTO POLE,NCAP SIDE POLE - 2011 SCION TC 3-DR LIFTBACK,side,side,classified,,side_pole_load_cell_8,side_pole_load_cell_barrier,covered_with_mask,POLE,POLE,pole_barrier_unconditional,1,8,8,0,"[1, 8]",8,8,8,,,true,false,[],[],"{""missing_expected_channel_count"": 0, ""duplicate_channel_count"": 0, ""force_channel_count"": 8, ""moment_channel_count"": 0}",3,0,,true,true,false,27,false,true,43,Y - GLOBAL,NEWTONS,NO DATA,PRIMARY,false,true,44,Y - GLOBAL,NEWTONS,NO DATA,PRIMARY,false,true,45,Y - GLOBAL,NEWTONS,NO DATA,PRIMARY,false,true,46,Y - GLOBAL,NEWTONS,NO DATA,PRIMARY,false,true,47,Y - GLOBAL,NEWTONS,NO DATA,PRIMARY,false,true,48,Y - GLOBAL,NEWTONS,NO DATA,PRIMARY,false,true,49,Y - GLOBAL,NEWTONS,NO DATA,PRIMARY,false,true,50,Y - GLOBAL,NEWTONS,NO DATA,PRIMARY,false,true,22,G'S,AS MEASURED,PRIMARY,true,true,23,G'S,AS MEASURED,PRIMARY,true,true,24,G'S,AS MEASURED,PRIMARY,true
7365,2011-02-25,OPTIONAL NEW CAR ASSESSMENT TEST,VEHICLE INTO POLE,NCAP SIDE POLE - 2011 BUICK LUCERNE CX 4-DR SEDAN,side,side,classified,,side_pole_load_cell_8,side_pole_load_cell_barrier,covered_with_mask,POLE,POLE,pole_barrier_unconditional,1,8,8,0,"[1, 8]",8,8,8,,,true,false,[],[],"{""missing_expected_channel_count"": 0, ""duplicate_channel_count"": 0, ""force_channel_count"": 8, ""moment_channel_count"": 0}",3,0,,true,true,false,27,false,true,43,Y - GLOBAL,NEWTONS,NO DATA,PRIMARY,false,true,44,Y - GLOBAL,NEWTONS,NO DATA,PRIMARY,false,true,45,Y - GLOBAL,NEWTONS,NO DATA,PRIMARY,false,true,46,Y - GLOBAL,NEWTONS,NO DATA,PRIMARY,false,true,47,Y - GLOBAL,NEWTONS,NO DATA,PRIMARY,false,true,48,Y - GLOBAL,NEWTONS,NO DATA,PRIMARY,false,true,49,Y - GLOBAL,NEWTONS,NO DATA,PRIMARY,false,true,50,Y - GLOBAL,NEWTONS,NO DATA,PRIMARY,false,true,22,G'S,AS MEASURED,PRIMARY,true,true,23,G'S,AS MEASURED,PRIMARY,true,true,24,G'S,AS MEASURED,PRIMARY,true
7369,2011-02-28,OPTIONAL NEW CAR ASSESSMENT TEST,VEHICLE INTO POLE,NCAP SIDE POLE - 2011 BUICK LACROSSE CX 4-DR SEDAN,side,side,classified,,side_pole_load_cell_8,side_pole_load_cell_barrier,covered_with_mask,POLE,POLE,pole_barrier_unconditional,1,8,8,0,"[1, 8]",8,8,8,,,true,false,[],[],"{""missing_expected_channel_count"": 0, ""duplicate_channel_count"": 0, ""force_channel_count"": 8, ""moment_channel_count"": 0}",3,0,,true,true,false,27,false,true,43,Y - GLOBAL,NEWTONS,NO DATA,PRIMARY,false,true,44,Y - GLOBAL,NEWTONS,NO DATA,PRIMARY,false,true,45,Y - GLOBAL,NEWTONS,NO DATA,PRIMARY,false,true,46,Y - GLOBAL,NEWTONS,NO DATA,PRIMARY,false,true,47,Y - GLOBAL,NEWTONS,NO DATA,PRIMARY,false,true,48,Y - GLOBAL,NEWTONS,NO DATA,PRIMARY,false,true,49,Y - GLOBAL,NEWTONS,NO DATA,PRIMARY,false,true,50,Y - GLOBAL,NEWTONS,NO DATA,PRIMARY,false,true,22,G'S,AS MEASURED,PRIMARY,true,true,23,G'S,AS MEASURED,PRIMARY,true,true,24,G'S,AS MEASURED,PRIMARY,true
7394,2011-05-12,NEW CAR ASSESSMENT TEST,VEHICLE INTO POLE,NCAP SIDE POLE - 2011 CHEVROLET VOLT 5-DR HATCHBACK,side,side,classified,,side_pole_load_cell_8,side_pole_load_cell_barrier,covered_with_mask,POLE,POLE,pole_barrier_unconditional,1,8,8,0,"[1, 8]",8,8,8,,,true,false,[],[],"{""missing_expected_channel_count"": 0, ""duplicate_channel_count"": 0, ""force_channel_count"": 8, ""moment_channel_count"": 0}",3,0,,true,true,false,27,false,true,43,Y - GLOBAL,NEWTONS,NO DATA,PRIMARY,false,true,44,Y - GLOBAL,NEWTONS,NO DATA,PRIMARY,false,true,45,Y - GLOBAL,NEWTONS,NO DATA,PRIMARY,false,true,46,Y - GLOBAL,NEWTONS,NO DATA,PRIMARY,false,true,47,Y - GLOBAL,NEWTONS,NO DATA,PRIMARY,false,true,48,Y - GLOBAL,NEWTONS,NO DATA,PRIMARY,false,true,49,Y - GLOBAL,NEWTONS,NO DATA,PRIMARY,false,true,50,Y - GLOBAL,NEWTONS,NO DATA,PRIMARY,false,true,22,G'S,AS MEASURED,PRIMARY,true,true,23,G'S,AS MEASURED,PRIMARY,true,true,24,G'S,AS MEASURED,PRIMARY,true
7414,2011-06-15,OPTIONAL NEW CAR ASSESSMENT TEST,VEHICLE INTO POLE,NCAP SIDE POLE - 2011 ACURA ZDX SUV,side,side,classified,,side_pole_load_cell_8,side_pole_load_cell_barrier,covered_with_mask,POLE,POLE,pole_barrier_unconditional,1,8,8,0,"[1, 8]",8,8,8,,,true,false,[],[],"{""missing_expected_channel_count"": 0, ""duplicate_channel_count"": 0, ""force_channel_count"": 8, ""moment_channel_count"": 0}",3,0,,true,true,false,27,false,true,43,Y - GLOBAL,NEWTONS,NO DATA,PRIMARY,false,true,44,Y - GLOBAL,NEWTONS,NO DATA,PRIMARY,false,true,45,Y - GLOBAL,NEWTONS,NO DATA,PRIMARY,false,true,46,Y - GLOBAL,NEWTONS,NO DATA,PRIMARY,false,true,47,Y - GLOBAL,NEWTONS,NO DATA,PRIMARY,false,true,48,Y - GLOBAL,NEWTONS,NO DATA,PRIMARY,false,true,49,Y - GLOBAL,NEWTONS,NO DATA,PRIMARY,false,true,50,Y - GLOBAL,NEWTONS,NO DATA,PRIMARY,false,true,22,G'S,AS MEASURED,PRIMARY,true,true,23,G'S,AS MEASURED,PRIMARY,true,true,24,G'S,AS MEASURED,PRIMARY,true
7418,2011-06-21,NEW CAR ASSESSMENT TEST,VEHICLE INTO POLE,NCAP SIDE POLE - 2011 NISSAN LEAF SL 5-DR HATCHBACK,side,side,classified,,side_pole_load_cell_8,side_pole_load_cell_barrier,covered_with_mask,POLE,POLE,pole_barrier_unconditional,1,8,8,0,"[1, 8]",8,8,8,,,true,false,[],[],"{""missing_expected_channel_count"": 0, ""duplicate_channel_count"": 0, ""force_channel_count"": 8, ""moment_channel_count"": 0}",3,0,,true,true,false,27,false,true,43,Y - GLOBAL,NEWTONS,NO DATA,PRIMARY,false,true,44,Y - GLOBAL,NEWTONS,NO DATA,PRIMARY,false,true,45,Y - GLOBAL,NEWTONS,NO DATA,PRIMARY,false,true,46,Y - GLOBAL,NEWTONS,NO DATA,PRIMARY,false,true,47,Y - GLOBAL,NEWTONS,NO DATA,PRIMARY,false,true,48,Y - GLOBAL,NEWTONS,NO DATA,PRIMARY,false,true,49,Y - GLOBAL,NEWTONS,NO DATA,PRIMARY,false,true,50,Y - GLOBAL,NEWTONS,NO DATA,PRIMARY,false,true,22,G'S,AS MEASURED,PRIMARY,true,true,23,G'S,AS MEASURED,PRIMARY,true,true,24,G'S,AS MEASURED,PRIMARY,true
7438,2011-08-08,OPTIONAL NEW CAR ASSESSMENT TEST,VEHICLE INTO POLE,NCAP SIDE POLE - 2012 KIA SORENTO LX SUV,side,side,classified,,side_pole_load_cell_8,side_pole_load_cell_barrier,covered_with_mask,POLE,POLE,pole_barrier_unconditional,1,8,8,0,"[1, 8]",8,8,8,,,true,false,[],[],"{""missing_expected_channel_count"": 0, ""duplicate_channel_count"": 0, ""force_channel_count"": 8, ""moment_channel_count"": 0}",3,0,,true,true,false,27,false,true,43,Y - GLOBAL,NEWTONS,NO DATA,PRIMARY,false,true,44,Y - GLOBAL,NEWTONS,NO DATA,PRIMARY,false,true,45,Y - GLOBAL,NEWTONS,NO DATA,PRIMARY,false,true,46,Y - GLOBAL,NEWTONS,NO DATA,PRIMARY,false,true,47,Y - GLOBAL,NEWTONS,NO DATA,PRIMARY,false,true,48,Y - GLOBAL,NEWTONS,NO DATA,PRIMARY,false,true,49,Y - GLOBAL,NEWTONS,NO DATA,PRIMARY,false,true,50,Y - GLOBAL,NEWTONS,NO DATA,PRIMARY,false,true,22,G'S,AS MEASURED,PRIMARY,true,true,23,G'S,AS MEASURED,PRIMARY,true,true,24,G'S,AS MEASURED,PRIMARY,true
7455,2011-09-26,NEW CAR ASSESSMENT TEST,VEHICLE INTO POLE,NCAP SIDE POLE - 2012 CHRYSLER TOWN & COUNTRY MINIVAN,side,side,classified,,side_pole_load_cell_8,side_pole_load_cell_barrier,covered_with_mask,POLE,POLE,pole_barrier_unconditional,1,8,8,0,"[1, 8]",8,8,8,,,true,true,[],[],"{""missing_expected_channel_count"": 0, ""duplicate_channel_count"": 0, ""force_channel_count"": 8, ""moment_channel_count"": 0}",3,0,,true,true,false,27,false,true,35,Y - GLOBAL,NEWTONS,AS MEASURED,PRIMARY,true,true,36,Y - GLOBAL,NEWTONS,AS MEASURED,PRIMARY,true,true,37,Y - GLOBAL,NEWTONS,AS MEASURED,PRIMARY,true,true,38,Y - GLOBAL,NEWTONS,AS MEASURED,PRIMARY,true,true,39,Y - GLOBAL,NEWTONS,AS MEASURED,PRIMARY,true,true,40,Y - GLOBAL,NEWTONS,AS MEASURED,PRIMARY,true,true,41,Y - GLOBAL,NEWTONS,AS MEASURED,PRIMARY,true,true,42,Y - GLOBAL,NEWTONS,AS MEASURED,PRIMARY,true,true,17,G'S,AS MEASURED,PRIMARY,true,true,18,G'S,AS MEASURED,PRIMARY,true,true,19,G'S,AS MEASURED,PRIMARY,true
7462,2011-10-03,NEW CAR ASSESSMENT TEST,VEHICLE INTO POLE,NCAP SIDE IMPACT POLE BARRIER - 2012 FORD FOCUS 4-DOOR SEDAN,side,side,classified,,side_pole_load_cell_8,side_pole_load_cell_barrier,covered_with_mask,POLE,POLE,pole_barrier_unconditional,1,8,8,0,"[1, 8]",8,8,8,,,true,true,[],[],"{""missing_expected_channel_count"": 0, ""duplicate_channel_count"": 0, ""force_channel_count"": 8, ""moment_channel_count"": 0}",3,0,,true,true,false,27,false,true,35,Y - GLOBAL,NEWTONS,AS MEASURED,PRIMARY,true,true,36,Y - GLOBAL,NEWTONS,AS MEASURED,PRIMARY,true,true,37,Y - GLOBAL,NEWTONS,AS MEASURED,PRIMARY,true,true,38,Y - GLOBAL,NEWTONS,AS MEASURED,PRIMARY,true,true,39,Y - GLOBAL,NEWTONS,AS MEASURED,PRIMARY,true,true,40,Y - GLOBAL,NEWTONS,AS MEASURED,PRIMARY,true,true,41,Y - GLOBAL,NEWTONS,AS MEASURED,PRIMARY,true,true,42,Y - GLOBAL,NEWTONS,AS MEASURED,PRIMARY,true,true,17,G'S,AS MEASURED,PRIMARY,true,true,18,G'S,AS MEASURED,PRIMARY,true,true,19,G'S,AS MEASURED,PRIMARY,true
7463,2011-10-04,NEW CAR ASSESSMENT TEST,VEHICLE INTO POLE,NCAP SIDE IMPACT POLE BARRIER - 2012 FORD MUSTANG 2-DOOR COUPE,side,side,classified,,side_pole_load_cell_8,side_pole_load_cell_barrier,covered_with_mask,POLE,POLE,pole_barrier_unconditional,1,8,8,0,"[1, 8]",8,8,8,,,true,true,[],[],"{""missing_expected_channel_count"": 0, ""duplicate_channel_count"": 0, ""force_channel_count"": 8, ""moment_channel_count"": 0}",3,0,,true,true,false,27,false,true,35,Y - GLOBAL,NEWTONS,AS MEASURED,PRIMARY,true,true,36,Y - GLOBAL,NEWTONS,AS MEASURED,PRIMARY,true,true,37,Y - GLOBAL,NEWTONS,AS MEASURED,PRIMARY,true,true,38,Y - GLOBAL,NEWTONS,AS MEASURED,PRIMARY,true,true,39,Y - GLOBAL,NEWTONS,AS MEASURED,PRIMARY,true,true,40,Y - GLOBAL,NEWTONS,AS MEASURED,PRIMARY,true,true,41,Y - GLOBAL,NEWTONS,AS MEASURED,PRIMARY,true,true,42,Y - GLOBAL,NEWTONS,AS MEASURED,PRIMARY,true,true,17,G'S,AS MEASURED,PRIMARY,true,true,18,G'S,AS MEASURED,PRIMARY,true,true,19,G'S,AS MEASURED,PRIMARY,true
7466,2011-10-04,NEW CAR ASSESSMENT TEST,VEHICLE INTO POLE,NCAP SIDE POLE - 2012 DODGE AVENGER SXT 4-DR SEDAN,side,side,classified,,side_pole_load_cell_8,side_pole_load_cell_barrier,covered_with_mask,POLE,POLE,pole_barrier_unconditional,1,8,8,0,"[1, 8]",8,8,8,,,true,true,[],[],"{""missing_expected_channel_count"": 0, ""duplicate_channel_count"": 0, ""force_channel_count"": 8, ""moment_channel_count"": 0}",3,0,,true,true,false,27,false,true,35,Y - GLOBAL,NEWTONS,AS MEASURED,PRIMARY,true,true,36,Y - GLOBAL,NEWTONS,AS MEASURED,PRIMARY,true,true,37,Y - GLOBAL,NEWTONS,AS MEASURED,PRIMARY,true,true,38,Y - GLOBAL,NEWTONS,AS MEASURED,PRIMARY,true,true,39,Y - GLOBAL,NEWTONS,AS MEASURED,PRIMARY,true,true,40,Y - GLOBAL,NEWTONS,AS MEASURED,PRIMARY,true,true,41,Y - GLOBAL,NEWTONS,AS MEASURED,PRIMARY,true,true,42,Y - GLOBAL,NEWTONS,AS MEASURED,PRIMARY,true,true,17,G'S,AS MEASURED,PRIMARY,true,true,18,G'S,AS MEASURED,PRIMARY,true,true,19,G'S,AS MEASURED,PRIMARY,true
7472,2011-10-06,NEW CAR ASSESSMENT TEST,VEHICLE INTO POLE,NCAP SIDE POLE - 2012 DODGE JOURNEY SE SUV,side,side,classified,,side_pole_load_cell_8,side_pole_load_cell_barrier,covered_with_mask,POLE,POLE,pole_barrier_unconditional,1,8,8,0,"[1, 8]",8,8,8,,,true,true,[],[],"{""missing_expected_channel_count"": 0, ""duplicate_channel_count"": 0, ""force_channel_count"": 8, ""moment_channel_count"": 0}",3,0,,true,true,false,27,false,true,35,Y - GLOBAL,NEWTONS,AS MEASURED,PRIMARY,true,true,36,Y - GLOBAL,NEWTONS,AS MEASURED,PRIMARY,true,true,37,Y - GLOBAL,NEWTONS,AS MEASURED,PRIMARY,true,true,38,Y - GLOBAL,NEWTONS,AS MEASURED,PRIMARY,true,true,39,Y - GLOBAL,NEWTONS,AS MEASURED,PRIMARY,true,true,40,Y - GLOBAL,NEWTONS,AS MEASURED,PRIMARY,true,true,41,Y - GLOBAL,NEWTONS,AS MEASURED,PRIMARY,true,true,42,Y - GLOBAL,NEWTONS,AS MEASURED,PRIMARY,true,true,17,G'S,AS MEASURED,PRIMARY,true,true,18,G'S,AS MEASURED,PRIMARY,true,true,19,G'S,AS MEASURED,PRIMARY,true
7474,2011-10-10,OPTIONAL NEW CAR ASSESSMENT TEST,VEHICLE INTO POLE,NCAP SIDE POLE - 2012 VOLKSWAGEN PASSAT S 4-DR SEDAN,side,side,classified,,side_pole_load_cell_8,side_pole_load_cell_barrier,covered_with_mask,POLE,POLE,pole_barrier_unconditional,1,8,8,0,"[1, 8]",8,8,8,,,true,true,[],[],"{""missing_expected_channel_count"": 0, ""duplicate_channel_count"": 0, ""force_channel_count"": 8, ""moment_channel_count"": 0}",3,0,,true,false,true,27,false,true,35,Y - GLOBAL,NEWTONS,AS MEASURED,PRIMARY,true,true,36,Y - GLOBAL,NEWTONS,AS MEASURED,PRIMARY,true,true,37,Y - GLOBAL,NEWTONS,AS MEASURED,PRIMARY,true,true,38,Y - GLOBAL,NEWTONS,AS MEASURED,PRIMARY,true,true,39,Y - GLOBAL,NEWTONS,AS MEASURED,PRIMARY,true,true,40,Y - GLOBAL,NEWTONS,AS MEASURED,PRIMARY,true,true,41,Y - GLOBAL,NEWTONS,AS MEASURED,PRIMARY,true,true,42,Y - GLOBAL,NEWTONS,AS MEASURED,PRIMARY,true,true,17,G'S,CHANNEL FAILED,PRIMARY,false,true,18,G'S,AS MEASURED,PRIMARY,true,true,19,G'S,AS MEASURED,PRIMARY,true
7477,2011-10-12,NEW CAR ASSESSMENT TEST,VEHICLE INTO POLE,NEW CAR ASSESSMENT PROGRAM SIDE POLE BARRIER IMPACT TEST,side,side,classified,,side_pole_load_cell_8,side_pole_load_cell_barrier,covered_with_mask,POLE,POLE,pole_barrier_unconditional,1,8,8,0,"[1, 8]",8,8,8,,,true,false,[],[],"{""missing_expected_channel_count"": 0, ""duplicate_channel_count"": 0, ""force_channel_count"": 8, ""moment_channel_count"": 0}",3,0,,true,true,false,27,false,true,35,Y - GLOBAL,NEWTONS,AS MEASURED,PRIMARY,true,true,36,Y - GLOBAL,NEWTONS,AS MEASURED,PRIMARY,true,true,37,Y - GLOBAL,NEWTONS,AS MEASURED,PRIMARY,true,true,38,Y - GLOBAL,NEWTONS,AS MEASURED,PRIMARY,true,true,39,Y - GLOBAL,NEWTONS,AS MEASURED,PRIMARY,true,true,40,Y - GLOBAL,NEWTONS,AS MEASURED,PRIMARY,true,true,41,Y - GLOBAL,NEWTONS,AS MEASURED,PRIMARY,true,true,42,Y - GLOBAL,NEWTONS,QUESTIONABLE DATA,PRIMARY,false,true,17,G'S,AS MEASURED,PRIMARY,true,true,18,G'S,AS MEASURED,PRIMARY,true,true,19,G'S,AS MEASURED,PRIMARY,true
7485,2011-10-19,NEW CAR ASSESSMENT TEST,VEHICLE INTO POLE,NCAP SIDE IMPACT POLE BARRIER - 2012 HYUNDAI TUCSON GLS 5-DOOR MPV,side,side,classified,,side_pole_load_cell_8,side_pole_load_cell_barrier,covered_with_mask,POLE,POLE,pole_barrier_unconditional,1,8,8,0,"[1, 8]",8,8,8,,,true,true,[],[],"{""missing_expected_channel_count"": 0, ""duplicate_channel_count"": 0, ""force_channel_count"": 8, ""moment_channel_count"": 0}",3,0,,true,true,false,27,false,true,35,Y - GLOBAL,NEWTONS,AS MEASURED,PRIMARY,true,true,36,Y - GLOBAL,NEWTONS,AS MEASURED,PRIMARY,true,true,37,Y - GLOBAL,NEWTONS,AS MEASURED,PRIMARY,true,true,38,Y - GLOBAL,NEWTONS,AS MEASURED,PRIMARY,true,true,39,Y - GLOBAL,NEWTONS,AS MEASURED,PRIMARY,true,true,40,Y - GLOBAL,NEWTONS,AS MEASURED,PRIMARY,true,true,41,Y - GLOBAL,NEWTONS,AS MEASURED,PRIMARY,true,true,42,Y - GLOBAL,NEWTONS,AS MEASURED,PRIMARY,true,true,17,G'S,AS MEASURED,PRIMARY,true,true,18,G'S,AS MEASURED,PRIMARY,true,true,19,G'S,AS MEASURED,PRIMARY,true
7487,2011-10-25,NEW CAR ASSESSMENT TEST,VEHICLE INTO POLE,SIDE NCAP RIGID POLE 2012 FORD EXPLORER 5-DOOR SUV,side,side,classified,,side_pole_load_cell_8,side_pole_load_cell_barrier,covered_with_mask,POLE,POLE,pole_barrier_unconditional,1,8,8,0,"[1, 8]",8,8,8,,,true,true,[],[],"{""missing_expected_channel_count"": 0, ""duplicate_channel_count"": 0, ""force_channel_count"": 8, ""moment_channel_count"": 0}",3,0,,true,true,false,27,false,true,35,Y - GLOBAL,NEWTONS,AS MEASURED,PRIMARY,true,true,36,Y - GLOBAL,NEWTONS,AS MEASURED,PRIMARY,true,true,37,Y - GLOBAL,NEWTONS,AS MEASURED,PRIMARY,true,true,38,Y - GLOBAL,NEWTONS,AS MEASURED,PRIMARY,true,true,39,Y - GLOBAL,NEWTONS,AS MEASURED,PRIMARY,true,true,40,Y - GLOBAL,NEWTONS,AS MEASURED,PRIMARY,true,true,41,Y - GLOBAL,NEWTONS,AS MEASURED,PRIMARY,true,true,42,Y - GLOBAL,NEWTONS,AS MEASURED,PRIMARY,true,true,17,G'S,AS MEASURED,PRIMARY,true,true,18,G'S,AS MEASURED,PRIMARY,true,true,19,G'S,AS MEASURED,PRIMARY,true
7489,2011-10-24,NEW CAR ASSESSMENT TEST,VEHICLE INTO POLE,NCAP SIDE POLE - 2012 CHEVROLET CAMARO 1LS 2-DR COUPE,side,side,classified,,side_pole_load_cell_8,side_pole_load_cell_barrier,covered_with_mask,POLE,POLE,pole_barrier_unconditional,1,8,8,0,"[1, 8]",8,8,8,,,true,true,[],[],"{""missing_expected_channel_count"": 0, ""duplicate_channel_count"": 0, ""force_channel_count"": 8, ""moment_channel_count"": 0}",3,0,,true,true,false,27,false,true,35,Y - GLOBAL,NEWTONS,AS MEASURED,PRIMARY,true,true,36,Y - GLOBAL,NEWTONS,AS MEASURED,PRIMARY,true,true,37,Y - GLOBAL,NEWTONS,AS MEASURED,PRIMARY,true,true,38,Y - GLOBAL,NEWTONS,AS MEASURED,PRIMARY,true,true,39,Y - GLOBAL,NEWTONS,AS MEASURED,PRIMARY,true,true,40,Y - GLOBAL,NEWTONS,AS MEASURED,PRIMARY,true,true,41,Y - GLOBAL,NEWTONS,AS MEASURED,PRIMARY,true,true,42,Y - GLOBAL,NEWTONS,AS MEASURED,PRIMARY,true,true,17,G'S,AS MEASURED,PRIMARY,true,true,18,G'S,AS MEASURED,PRIMARY,true,true,19,G'S,AS MEASURED,PRIMARY,true
7496,2011-10-31,NEW CAR ASSESSMENT TEST,VEHICLE INTO POLE,NEW CAR ASSESSMENT PROGRAM SIDE POLE BARRIER IMPACT TEST,side,side,classified,,side_pole_load_cell_8,side_pole_load_cell_barrier,covered_with_mask,POLE,POLE,pole_barrier_unconditional,1,8,8,0,"[1, 8]",8,8,8,,,true,false,[],[],"{""missing_expected_channel_count"": 0, ""duplicate_channel_count"": 0, ""force_channel_count"": 8, ""moment_channel_count"": 0}",3,0,,true,false,true,27,false,true,35,Y - GLOBAL,NEWTONS,AS MEASURED,PRIMARY,true,true,36,Y - GLOBAL,NEWTONS,AS MEASURED,PRIMARY,true,true,37,Y - GLOBAL,NEWTONS,AS MEASURED,PRIMARY,true,true,38,Y - GLOBAL,NEWTONS,AS MEASURED,PRIMARY,true,true,39,Y - GLOBAL,NEWTONS,AS MEASURED,PRIMARY,true,true,40,Y - GLOBAL,NEWTONS,AS MEASURED,PRIMARY,true,true,41,Y - GLOBAL,NEWTONS,AS MEASURED,PRIMARY,true,true,42,Y - GLOBAL,NEWTONS,QUESTIONABLE DATA,PRIMARY,false,true,17,G'S,QUESTIONABLE DATA,PRIMARY,false,true,18,G'S,QUESTIONABLE DATA,PRIMARY,false,true,19,G'S,QUESTIONABLE DATA,PRIMARY,false
7497,2011-11-01,NEW CAR ASSESSMENT TEST,VEHICLE INTO POLE,NCAP SIDE POLE - 2012 HYUNDAI ACCENT GLS 4-DR SEDAN,side,side,classified,,side_pole_load_cell_8,side_pole_load_cell_barrier,covered_with_mask,POLE,POLE,pole_barrier_unconditional,1,8,8,0,"[1, 8]",8,8,8,,,true,true,[],[],"{""missing_expected_channel_count"": 0, ""duplicate_channel_count"": 0, ""force_channel_count"": 8, ""moment_channel_count"": 0}",3,0,,true,true,false,27,false,true,35,Y - GLOBAL,NEWTONS,AS MEASURED,PRIMARY,true,true,36,Y - GLOBAL,NEWTONS,AS MEASURED,PRIMARY,true,true,37,Y - GLOBAL,NEWTONS,AS MEASURED,PRIMARY,true,true,38,Y - GLOBAL,NEWTONS,AS MEASURED,PRIMARY,true,true,39,Y - GLOBAL,NEWTONS,AS MEASURED,PRIMARY,true,true,40,Y - GLOBAL,NEWTONS,AS MEASURED,PRIMARY,true,true,41,Y - GLOBAL,NEWTONS,AS MEASURED,PRIMARY,true,true,42,Y - GLOBAL,NEWTONS,AS MEASURED,PRIMARY,true,true,17,G'S,AS MEASURED,PRIMARY,true,true,18,G'S,AS MEASURED,PRIMARY,true,true,19,G'S,AS MEASURED,PRIMARY,true
7506,2011-11-07,NEW CAR ASSESSMENT TEST,VEHICLE INTO POLE,NCAP SIDE POLE - 2012 CHEVROLET SUBURBAN 2WD 1/2 TON LS SUV,side,side,classified,,side_pole_load_cell_8,side_pole_load_cell_barrier,covered_with_mask,POLE,POLE,pole_barrier_unconditional,1,8,8,0,"[1, 8]",8,8,8,,,true,false,[],[],"{""missing_expected_channel_count"": 0, ""duplicate_channel_count"": 0, ""force_channel_count"": 8, ""moment_channel_count"": 0}",3,0,,true,true,false,27,false,true,35,Y - GLOBAL,NEWTONS,AS MEASURED,PRIMARY,true,true,36,Y - GLOBAL,NEWTONS,AS MEASURED,PRIMARY,true,true,37,Y - GLOBAL,NEWTONS,AS MEASURED,PRIMARY,true,true,38,Y - GLOBAL,NEWTONS,AS MEASURED,PRIMARY,true,true,39,Y - GLOBAL,NEWTONS,AS MEASURED,PRIMARY,true,true,40,Y - GLOBAL,NEWTONS,AS MEASURED,PRIMARY,true,true,41,Y - GLOBAL,NEWTONS,QUESTIONABLE DATA,PRIMARY,false,true,42,Y - GLOBAL,NEWTONS,AS MEASURED,PRIMARY,true,true,17,G'S,AS MEASURED,PRIMARY,true,true,18,G'S,AS MEASURED,PRIMARY,true,true,19,G'S,AS MEASURED,PRIMARY,true
7511,2011-11-10,NEW CAR ASSESSMENT TEST,VEHICLE INTO POLE,NCAP SIDE IMPACT POLE BARRIER - 2012 FIAT 500 3-DOOR HATCHBACK,side,side,classified,,side_pole_load_cell_8,side_pole_load_cell_barrier,covered_with_mask,POLE,POLE,pole_barrier_unconditional,1,8,8,0,"[1, 8]",8,8,8,,,true,true,[],[],"{""missing_expected_channel_count"": 0, ""duplicate_channel_count"": 0, ""force_channel_count"": 8, ""moment_channel_count"": 0}",3,0,,true,true,false,27,false,true,35,Y - GLOBAL,NEWTONS,AS MEASURED,PRIMARY,true,true,36,Y - GLOBAL,NEWTONS,AS MEASURED,PRIMARY,true,true,37,Y - GLOBAL,NEWTONS,AS MEASURED,PRIMARY,true,true,38,Y - GLOBAL,NEWTONS,AS MEASURED,PRIMARY,true,true,39,Y - GLOBAL,NEWTONS,AS MEASURED,PRIMARY,true,true,40,Y - GLOBAL,NEWTONS,AS MEASURED,PRIMARY,true,true,41,Y - GLOBAL,NEWTONS,AS MEASURED,PRIMARY,true,true,42,Y - GLOBAL,NEWTONS,AS MEASURED,PRIMARY,true,true,17,G'S,AS MEASURED,PRIMARY,true,true,18,G'S,AS MEASURED,PRIMARY,true,true,19,G'S,AS MEASURED,PRIMARY,true
7512,2011-11-10,NEW CAR ASSESSMENT TEST,VEHICLE INTO POLE,SIDE NCAP RIGID POLE 2012 HONDA PILOT 5-DOOR SUV,side,side,classified,,side_pole_load_cell_8,side_pole_load_cell_barrier,covered_with_mask,POLE,POLE,pole_barrier_unconditional,1,8,8,0,"[1, 8]",8,8,8,,,true,true,[],[],"{""missing_expected_channel_count"": 0, ""duplicate_channel_count"": 0, ""force_channel_count"": 8, ""moment_channel_count"": 0}",3,0,,true,true,false,27,false,true,35,Y - GLOBAL,NEWTONS,AS MEASURED,PRIMARY,true,true,36,Y - GLOBAL,NEWTONS,AS MEASURED,PRIMARY,true,true,37,Y - GLOBAL,NEWTONS,AS MEASURED,PRIMARY,true,true,38,Y - GLOBAL,NEWTONS,AS MEASURED,PRIMARY,true,true,39,Y - GLOBAL,NEWTONS,AS MEASURED,PRIMARY,true,true,40,Y - GLOBAL,NEWTONS,AS MEASURED,PRIMARY,true,true,41,Y - GLOBAL,NEWTONS,AS MEASURED,PRIMARY,true,true,42,Y - GLOBAL,NEWTONS,AS MEASURED,PRIMARY,true,true,17,G'S,AS MEASURED,PRIMARY,true,true,18,G'S,AS MEASURED,PRIMARY,true,true,19,G'S,AS MEASURED,PRIMARY,true
7518,2011-11-14,NEW CAR ASSESSMENT TEST,VEHICLE INTO POLE,NCAP SIDE IMPACT POLE BARRIER - 2012 CADILLAC CTS 4-DOOR SEDAN,side,side,classified,,side_pole_load_cell_8,side_pole_load_cell_barrier,covered_with_mask,POLE,POLE,pole_barrier_unconditional,1,8,8,0,"[1, 8]",8,8,8,,,true,true,[],[],"{""missing_expected_channel_count"": 0, ""duplicate_channel_count"": 0, ""force_channel_count"": 8, ""moment_channel_count"": 0}",3,0,,true,true,false,27,false,true,35,Y - GLOBAL,NEWTONS,AS MEASURED,PRIMARY,true,true,36,Y - GLOBAL,NEWTONS,AS MEASURED,PRIMARY,true,true,37,Y - GLOBAL,NEWTONS,AS MEASURED,PRIMARY,true,true,38,Y - GLOBAL,NEWTONS,AS MEASURED,PRIMARY,true,true,39,Y - GLOBAL,NEWTONS,AS MEASURED,PRIMARY,true,true,40,Y - GLOBAL,NEWTONS,AS MEASURED,PRIMARY,true,true,41,Y - GLOBAL,NEWTONS,AS MEASURED,PRIMARY,true,true,42,Y - GLOBAL,NEWTONS,AS MEASURED,PRIMARY,true,true,17,G'S,AS MEASURED,PRIMARY,true,true,18,G'S,AS MEASURED,PRIMARY,true,true,19,G'S,AS MEASURED,PRIMARY,true
7522,2011-11-30,NEW CAR ASSESSMENT TEST,VEHICLE INTO POLE,NCAP SIDE IMPACT POLE BARRIER - 2012 CADILLAC SRX 5-DOOR MPV,side,side,classified,,side_pole_load_cell_8,side_pole_load_cell_barrier,covered_with_mask,POLE,POLE,pole_barrier_unconditional,1,8,8,0,"[1, 8]",8,8,8,,,true,true,[],[],"{""missing_expected_channel_count"": 0, ""duplicate_channel_count"": 0, ""force_channel_count"": 8, ""moment_channel_count"": 0}",3,0,,true,false,true,27,false,true,35,Y - GLOBAL,NEWTONS,AS MEASURED,PRIMARY,true,true,36,Y - GLOBAL,NEWTONS,AS MEASURED,PRIMARY,true,true,37,Y - GLOBAL,NEWTONS,AS MEASURED,PRIMARY,true,true,38,Y - GLOBAL,NEWTONS,AS MEASURED,PRIMARY,true,true,39,Y - GLOBAL,NEWTONS,AS MEASURED,PRIMARY,true,true,40,Y - GLOBAL,NEWTONS,AS MEASURED,PRIMARY,true,true,41,Y - GLOBAL,NEWTONS,AS MEASURED,PRIMARY,true,true,42,Y - GLOBAL,NEWTONS,AS MEASURED,PRIMARY,true,true,17,G'S,CHANNEL FAILED,PRIMARY,false,true,18,G'S,CHANNEL FAILED,PRIMARY,false,true,19,G'S,CHANNEL FAILED,PRIMARY,false
7523,2011-11-16,OPTIONAL NEW CAR ASSESSMENT TEST,VEHICLE INTO POLE,NCAP SIDE POLE - 2012 TOYOTA CAMRY LE 4-DR SEDAN,side,side,classified,,side_pole_load_cell_8,side_pole_load_cell_barrier,covered_with_mask,POLE,POLE,pole_barrier_unconditional,1,8,8,0,"[1, 8]",8,8,8,,,true,true,[],[],"{""missing_expected_channel_count"": 0, ""duplicate_channel_count"": 0, ""force_channel_count"": 8, ""moment_channel_count"": 0}",3,0,,true,true,false,27,false,true,35,Y - GLOBAL,NEWTONS,AS MEASURED,PRIMARY,true,true,36,Y - GLOBAL,NEWTONS,AS MEASURED,PRIMARY,true,true,37,Y - GLOBAL,NEWTONS,AS MEASURED,PRIMARY,true,true,38,Y - GLOBAL,NEWTONS,AS MEASURED,PRIMARY,true,true,39,Y - GLOBAL,NEWTONS,AS MEASURED,PRIMARY,true,true,40,Y - GLOBAL,NEWTONS,AS MEASURED,PRIMARY,true,true,41,Y - GLOBAL,NEWTONS,AS MEASURED,PRIMARY,true,true,42,Y - GLOBAL,NEWTONS,AS MEASURED,PRIMARY,true,true,17,G'S,AS MEASURED,PRIMARY,true,true,18,G'S,AS MEASURED,PRIMARY,true,true,19,G'S,AS MEASURED,PRIMARY,true
7524,2011-11-16,NEW CAR ASSESSMENT TEST,VEHICLE INTO POLE,75 DEGREE OBLIQUE RIGID POLE SIDE NCAP IMPACT,side,side,classified,,side_pole_load_cell_8,side_pole_load_cell_barrier,covered_with_mask,POLE,POLE,pole_barrier_unconditional,1,8,8,0,"[1, 8]",8,8,8,,,true,false,[],[],"{""missing_expected_channel_count"": 0, ""duplicate_channel_count"": 0, ""force_channel_count"": 8, ""moment_channel_count"": 0}",3,0,,true,false,true,27,false,true,37,Y - GLOBAL,NEWTONS,COMPUTED,PRIMARY,false,true,38,Y - GLOBAL,NEWTONS,QUESTIONABLE DATA,PRIMARY,false,true,39,Y - GLOBAL,NEWTONS,COMPUTED,PRIMARY,false,true,40,Y - GLOBAL,NEWTONS,COMPUTED,PRIMARY,false,true,41,Y - GLOBAL,NEWTONS,COMPUTED,PRIMARY,false,true,42,Y - GLOBAL,NEWTONS,COMPUTED,PRIMARY,false,true,43,Y - GLOBAL,NEWTONS,COMPUTED,PRIMARY,false,true,44,Y - GLOBAL,NEWTONS,COMPUTED,PRIMARY,false,true,19,G'S,QUESTIONABLE DATA,PRIMARY,false,true,20,G'S,QUESTIONABLE DATA,PRIMARY,false,true,21,G'S,AS MEASURED,PRIMARY,true
7529,2011-11-15,NEW CAR ASSESSMENT TEST,VEHICLE INTO POLE,NEW CAR ASSESSMENT PROGRAM SIDE POLE BARRIER IMPACT TEST,side,side,classified,,side_pole_load_cell_8,side_pole_load_cell_barrier,covered_with_mask,POLE,POLE,pole_barrier_unconditional,1,8,8,0,"[1, 8]",8,8,8,,,true,true,[],[],"{""missing_expected_channel_count"": 0, ""duplicate_channel_count"": 0, ""force_channel_count"": 8, ""moment_channel_count"": 0}",3,0,,true,true,false,27,false,true,35,Y - GLOBAL,NEWTONS,AS MEASURED,PRIMARY,true,true,36,Y - GLOBAL,NEWTONS,AS MEASURED,PRIMARY,true,true,37,Y - GLOBAL,NEWTONS,AS MEASURED,PRIMARY,true,true,38,Y - GLOBAL,NEWTONS,AS MEASURED,PRIMARY,true,true,39,Y - GLOBAL,NEWTONS,AS MEASURED,PRIMARY,true,true,40,Y - GLOBAL,NEWTONS,AS MEASURED,PRIMARY,true,true,41,Y - GLOBAL,NEWTONS,AS MEASURED,PRIMARY,true,true,42,Y - GLOBAL,NEWTONS,AS MEASURED,PRIMARY,true,true,17,G'S,AS MEASURED,PRIMARY,true,true,18,G'S,AS MEASURED,PRIMARY,true,true,19,G'S,AS MEASURED,PRIMARY,true
7532,2011-11-28,NEW CAR ASSESSMENT TEST,VEHICLE INTO POLE,NCAP SIDE POLE - 2012 NISSAN MAXIMA S 4-DR SEDAN,side,side,classified,,side_pole_load_cell_8,side_pole_load_cell_barrier,covered_with_mask,POLE,POLE,pole_barrier_unconditional,1,8,8,0,"[1, 8]",8,8,8,,,true,true,[],[],"{""missing_expected_channel_count"": 0, ""duplicate_channel_count"": 0, ""force_channel_count"": 8, ""moment_channel_count"": 0}",3,0,,true,true,false,27,false,true,35,Y - GLOBAL,NEWTONS,AS MEASURED,PRIMARY,true,true,36,Y - GLOBAL,NEWTONS,AS MEASURED,PRIMARY,true,true,37,Y - GLOBAL,NEWTONS,AS MEASURED,PRIMARY,true,true,38,Y - GLOBAL,NEWTONS,AS MEASURED,PRIMARY,true,true,39,Y - GLOBAL,NEWTONS,AS MEASURED,PRIMARY,true,true,40,Y - GLOBAL,NEWTONS,AS MEASURED,PRIMARY,true,true,41,Y - GLOBAL,NEWTONS,AS MEASURED,PRIMARY,true,true,42,Y - GLOBAL,NEWTONS,AS MEASURED,PRIMARY,true,true,17,G'S,AS MEASURED,PRIMARY,true,true,18,G'S,AS MEASURED,PRIMARY,true,true,19,G'S,AS MEASURED,PRIMARY,true
7533,2011-11-28,NEW CAR ASSESSMENT TEST,VEHICLE INTO POLE,NEW CAR ASSESSMENT PROGRAM SIDE POLE BARRIER IMPACT TEST,side,side,classified,,side_pole_load_cell_8,side_pole_load_cell_barrier,covered_with_mask,POLE,POLE,pole_barrier_unconditional,1,8,8,0,"[1, 8]",8,8,8,,,true,true,[],[],"{""missing_expected_channel_count"": 0, ""duplicate_channel_count"": 0, ""force_channel_count"": 8, ""moment_channel_count"": 0}",3,0,,true,false,true,27,false,true,35,Y - GLOBAL,NEWTONS,AS MEASURED,PRIMARY,true,true,36,Y - GLOBAL,NEWTONS,AS MEASURED,PRIMARY,true,true,37,Y - GLOBAL,NEWTONS,AS MEASURED,PRIMARY,true,true,38,Y - GLOBAL,NEWTONS,AS MEASURED,PRIMARY,true,true,39,Y - GLOBAL,NEWTONS,AS MEASURED,PRIMARY,true,true,40,Y - GLOBAL,NEWTONS,AS MEASURED,PRIMARY,true,true,41,Y - GLOBAL,NEWTONS,AS MEASURED,PRIMARY,true,true,42,Y - GLOBAL,NEWTONS,AS MEASURED,PRIMARY,true,true,17,G'S,QUESTIONABLE DATA,PRIMARY,false,true,18,G'S,AS MEASURED,PRIMARY,true,true,19,G'S,AS MEASURED,PRIMARY,true
7538,2011-12-05,NEW CAR ASSESSMENT TEST,VEHICLE INTO POLE,NCAP SIDE IMPACT POLE BARRIER - 2012 ACURA TL 4-DOOR SEDAN,side,side,classified,,side_pole_load_cell_8,side_pole_load_cell_barrier,covered_with_mask,POLE,POLE,pole_barrier_unconditional,1,8,8,0,"[1, 8]",8,8,8,,,true,false,[],[],"{""missing_expected_channel_count"": 0, ""duplicate_channel_count"": 0, ""force_channel_count"": 8, ""moment_channel_count"": 0}",3,0,,true,true,false,27,false,true,35,Y - GLOBAL,NEWTONS,CHANNEL FAILED,PRIMARY,false,true,36,Y - GLOBAL,NEWTONS,AS MEASURED,PRIMARY,true,true,37,Y - GLOBAL,NEWTONS,AS MEASURED,PRIMARY,true,true,38,Y - GLOBAL,NEWTONS,AS MEASURED,PRIMARY,true,true,39,Y - GLOBAL,NEWTONS,AS MEASURED,PRIMARY,true,true,40,Y - GLOBAL,NEWTONS,AS MEASURED,PRIMARY,true,true,41,Y - GLOBAL,NEWTONS,AS MEASURED,PRIMARY,true,true,42,Y - GLOBAL,NEWTONS,AS MEASURED,PRIMARY,true,true,17,G'S,AS MEASURED,PRIMARY,true,true,18,G'S,AS MEASURED,PRIMARY,true,true,19,G'S,AS MEASURED,PRIMARY,true
7540,2011-12-05,NEW CAR ASSESSMENT TEST,VEHICLE INTO POLE,NCAP SIDE POLE - 2012 CHEVROLET SONIC 1LT 4-DR SEDAN,side,side,classified,,side_pole_load_cell_8,side_pole_load_cell_barrier,covered_with_mask,POLE,POLE,pole_barrier_unconditional,1,8,8,0,"[1, 8]",8,8,8,,,true,true,[],[],"{""missing_expected_channel_count"": 0, ""duplicate_channel_count"": 0, ""force_channel_count"": 8, ""moment_channel_count"": 0}",3,0,,true,false,true,27,false,true,35,Y - GLOBAL,NEWTONS,AS MEASURED,PRIMARY,true,true,36,Y - GLOBAL,NEWTONS,AS MEASURED,PRIMARY,true,true,37,Y - GLOBAL,NEWTONS,AS MEASURED,PRIMARY,true,true,38,Y - GLOBAL,NEWTONS,AS MEASURED,PRIMARY,true,true,39,Y - GLOBAL,NEWTONS,AS MEASURED,PRIMARY,true,true,40,Y - GLOBAL,NEWTONS,AS MEASURED,PRIMARY,true,true,41,Y - GLOBAL,NEWTONS,AS MEASURED,PRIMARY,true,true,42,Y - GLOBAL,NEWTONS,AS MEASURED,PRIMARY,true,true,17,G'S,CHANNEL FAILED,PRIMARY,false,true,18,G'S,CHANNEL FAILED,PRIMARY,false,true,19,G'S,CHANNEL FAILED,PRIMARY,false
7542,2011-12-05,NEW CAR ASSESSMENT TEST,VEHICLE INTO POLE,NEW CAR ASSESSMENT PROGRAM SIDE POLE BARRIER IMPACT TEST,side,side,classified,,side_pole_load_cell_8,side_pole_load_cell_barrier,covered_with_mask,POLE,POLE,pole_barrier_unconditional,1,8,8,0,"[1, 8]",8,8,8,,,true,true,[],[],"{""missing_expected_channel_count"": 0, ""duplicate_channel_count"": 0, ""force_channel_count"": 8, ""moment_channel_count"": 0}",3,0,,true,false,true,27,false,true,35,Y - GLOBAL,NEWTONS,AS MEASURED,PRIMARY,true,true,36,Y - GLOBAL,NEWTONS,AS MEASURED,PRIMARY,true,true,37,Y - GLOBAL,NEWTONS,AS MEASURED,PRIMARY,true,true,38,Y - GLOBAL,NEWTONS,AS MEASURED,PRIMARY,true,true,39,Y - GLOBAL,NEWTONS,AS MEASURED,PRIMARY,true,true,40,Y - GLOBAL,NEWTONS,AS MEASURED,PRIMARY,true,true,41,Y - GLOBAL,NEWTONS,AS MEASURED,PRIMARY,true,true,42,Y - GLOBAL,NEWTONS,AS MEASURED,PRIMARY,true,true,17,G'S,CHANNEL FAILED,PRIMARY,false,true,18,G'S,CHANNEL FAILED,PRIMARY,false,true,19,G'S,CHANNEL FAILED,PRIMARY,false
7565,2011-12-06,NEW CAR ASSESSMENT TEST,VEHICLE INTO POLE,75 DEGREE OBLIQUE RIGID POLE SIDE NCAP IMPACT,side,side,classified,,side_pole_load_cell_8,side_pole_load_cell_barrier,covered_with_mask,POLE,POLE,pole_barrier_unconditional,1,8,8,0,"[1, 8]",8,8,8,,,true,false,[],[],"{""missing_expected_channel_count"": 0, ""duplicate_channel_count"": 0, ""force_channel_count"": 8, ""moment_channel_count"": 0}",3,0,,true,true,false,27,false,true,35,Y - GLOBAL,NEWTONS,AS MEASURED,PRIMARY,true,true,36,Y - GLOBAL,NEWTONS,QUESTIONABLE DATA,PRIMARY,false,true,37,Y - GLOBAL,NEWTONS,AS MEASURED,PRIMARY,true,true,38,Y - GLOBAL,NEWTONS,AS MEASURED,PRIMARY,true,true,39,Y - GLOBAL,NEWTONS,AS MEASURED,PRIMARY,true,true,40,Y - GLOBAL,NEWTONS,AS MEASURED,PRIMARY,true,true,41,Y - GLOBAL,NEWTONS,AS MEASURED,PRIMARY,true,true,42,Y - GLOBAL,NEWTONS,AS MEASURED,PRIMARY,true,true,17,G'S,AS MEASURED,PRIMARY,true,true,18,G'S,AS MEASURED,PRIMARY,true,true,19,G'S,AS MEASURED,PRIMARY,true
7568,2011-12-09,NEW CAR ASSESSMENT TEST,VEHICLE INTO POLE,SIDE NCAP RIGID POLE 2012 HONDA FIT 5-DOOR HATCHBACK,side,side,classified,,side_pole_load_cell_8,side_pole_load_cell_barrier,covered_with_mask,POLE,POLE,pole_barrier_unconditional,1,8,8,0,"[1, 8]",8,8,8,,,true,true,[],[],"{""missing_expected_channel_count"": 0, ""duplicate_channel_count"": 0, ""force_channel_count"": 8, ""moment_channel_count"": 0}",3,0,,true,true,false,27,false,true,35,Y - GLOBAL,NEWTONS,AS MEASURED,PRIMARY,true,true,36,Y - GLOBAL,NEWTONS,AS MEASURED,PRIMARY,true,true,37,Y - GLOBAL,NEWTONS,AS MEASURED,PRIMARY,true,true,38,Y - GLOBAL,NEWTONS,AS MEASURED,PRIMARY,true,true,39,Y - GLOBAL,NEWTONS,AS MEASURED,PRIMARY,true,true,40,Y - GLOBAL,NEWTONS,AS MEASURED,PRIMARY,true,true,41,Y - GLOBAL,NEWTONS,AS MEASURED,PRIMARY,true,true,42,Y - GLOBAL,NEWTONS,AS MEASURED,PRIMARY,true,true,17,G'S,AS MEASURED,PRIMARY,true,true,18,G'S,AS MEASURED,PRIMARY,true,true,19,G'S,AS MEASURED,PRIMARY,true
7570,2011-12-12,NEW CAR ASSESSMENT TEST,VEHICLE INTO POLE,NCAP SIDE POLE - 2012 HYUNDAI SANTA FE GLS FWD SUV,side,side,classified,,side_pole_load_cell_8,side_pole_load_cell_barrier,covered_with_mask,POLE,POLE,pole_barrier_unconditional,1,8,8,0,"[1, 8]",8,8,8,,,true,true,[],[],"{""missing_expected_channel_count"": 0, ""duplicate_channel_count"": 0, ""force_channel_count"": 8, ""moment_channel_count"": 0}",3,0,,true,true,false,27,false,true,35,Y - GLOBAL,NEWTONS,AS MEASURED,PRIMARY,true,true,36,Y - GLOBAL,NEWTONS,AS MEASURED,PRIMARY,true,true,37,Y - GLOBAL,NEWTONS,AS MEASURED,PRIMARY,true,true,38,Y - GLOBAL,NEWTONS,AS MEASURED,PRIMARY,true,true,39,Y - GLOBAL,NEWTONS,AS MEASURED,PRIMARY,true,true,40,Y - GLOBAL,NEWTONS,AS MEASURED,PRIMARY,true,true,41,Y - GLOBAL,NEWTONS,AS MEASURED,PRIMARY,true,true,42,Y - GLOBAL,NEWTONS,AS MEASURED,PRIMARY,true,true,17,G'S,AS MEASURED,PRIMARY,true,true,18,G'S,AS MEASURED,PRIMARY,true,true,19,G'S,AS MEASURED,PRIMARY,true
7581,2011-12-16,NEW CAR ASSESSMENT TEST,VEHICLE INTO POLE,NCAP SIDE IMPACT POLE BARRIER - 2012 VOLVO S60 T5 SR 4-DOOR SEDAN,side,side,classified,,side_pole_load_cell_8,side_pole_load_cell_barrier,covered_with_mask,POLE,POLE,pole_barrier_unconditional,1,8,8,0,"[1, 8]",8,8,8,,,true,true,[],[],"{""missing_expected_channel_count"": 0, ""duplicate_channel_count"": 0, ""force_channel_count"": 8, ""moment_channel_count"": 0}",3,0,,true,false,true,27,false,true,35,Y - GLOBAL,NEWTONS,AS MEASURED,PRIMARY,true,true,36,Y - GLOBAL,NEWTONS,AS MEASURED,PRIMARY,true,true,37,Y - GLOBAL,NEWTONS,AS MEASURED,PRIMARY,true,true,38,Y - GLOBAL,NEWTONS,AS MEASURED,PRIMARY,true,true,39,Y - GLOBAL,NEWTONS,AS MEASURED,PRIMARY,true,true,40,Y - GLOBAL,NEWTONS,AS MEASURED,PRIMARY,true,true,41,Y - GLOBAL,NEWTONS,AS MEASURED,PRIMARY,true,true,42,Y - GLOBAL,NEWTONS,AS MEASURED,PRIMARY,true,true,17,G'S,CHANNEL FAILED,PRIMARY,false,true,18,G'S,CHANNEL FAILED,PRIMARY,false,true,19,G'S,CHANNEL FAILED,PRIMARY,false
7583,2011-12-19,NEW CAR ASSESSMENT TEST,VEHICLE INTO POLE,NEW CAR ASSESSMENT PROGRAM SIDE POLE BARRIER IMPACT TEST,side,side,classified,,side_pole_load_cell_8,side_pole_load_cell_barrier,covered_with_mask,POLE,POLE,pole_barrier_unconditional,1,8,8,0,"[1, 8]",8,8,8,,,true,false,[],[],"{""missing_expected_channel_count"": 0, ""duplicate_channel_count"": 0, ""force_channel_count"": 8, ""moment_channel_count"": 0}",3,0,,true,true,false,27,false,true,35,Y - GLOBAL,NEWTONS,QUESTIONABLE DATA,PRIMARY,false,true,36,Y - GLOBAL,NEWTONS,AS MEASURED,PRIMARY,true,true,37,Y - GLOBAL,NEWTONS,AS MEASURED,PRIMARY,true,true,38,Y - GLOBAL,NEWTONS,AS MEASURED,PRIMARY,true,true,39,Y - GLOBAL,NEWTONS,AS MEASURED,PRIMARY,true,true,40,Y - GLOBAL,NEWTONS,AS MEASURED,PRIMARY,true,true,41,Y - GLOBAL,NEWTONS,AS MEASURED,PRIMARY,true,true,42,Y - GLOBAL,NEWTONS,AS MEASURED,PRIMARY,true,true,17,G'S,AS MEASURED,PRIMARY,true,true,18,G'S,AS MEASURED,PRIMARY,true,true,19,G'S,AS MEASURED,PRIMARY,true
7584,2011-12-20,NEW CAR ASSESSMENT TEST,VEHICLE INTO POLE,NCAP SIDE POLE - 2012 CHEVROLET SILVERADO 2500 2WD CREW CAB,side,side,classified,,side_pole_load_cell_8,side_pole_load_cell_barrier,covered_with_mask,POLE,POLE,pole_barrier_unconditional,1,8,8,0,"[1, 8]",8,8,8,,,true,true,[],[],"{""missing_expected_channel_count"": 0, ""duplicate_channel_count"": 0, ""force_channel_count"": 8, ""moment_channel_count"": 0}",3,0,,true,true,false,27,false,true,35,Y - GLOBAL,NEWTONS,AS MEASURED,PRIMARY,true,true,36,Y - GLOBAL,NEWTONS,AS MEASURED,PRIMARY,true,true,37,Y - GLOBAL,NEWTONS,AS MEASURED,PRIMARY,true,true,38,Y - GLOBAL,NEWTONS,AS MEASURED,PRIMARY,true,true,39,Y - GLOBAL,NEWTONS,AS MEASURED,PRIMARY,true,true,40,Y - GLOBAL,NEWTONS,AS MEASURED,PRIMARY,true,true,41,Y - GLOBAL,NEWTONS,AS MEASURED,PRIMARY,true,true,42,Y - GLOBAL,NEWTONS,AS MEASURED,PRIMARY,true,true,17,G'S,AS MEASURED,PRIMARY,true,true,18,G'S,AS MEASURED,PRIMARY,true,true,19,G'S,AS MEASURED,PRIMARY,true
7590,2011-12-22,NEW CAR ASSESSMENT TEST,VEHICLE INTO POLE,NCAP SIDE POLE - 2012 CHRYSLER 300 4-DR SEDAN,side,side,classified,,side_pole_load_cell_8,side_pole_load_cell_barrier,covered_with_mask,POLE,POLE,pole_barrier_unconditional,1,8,8,0,"[1, 8]",8,8,8,,,true,true,[],[],"{""missing_expected_channel_count"": 0, ""duplicate_channel_count"": 0, ""force_channel_count"": 8, ""moment_channel_count"": 0}",3,0,,true,false,true,27,false,true,35,Y - GLOBAL,NEWTONS,AS MEASURED,PRIMARY,true,true,36,Y - GLOBAL,NEWTONS,AS MEASURED,PRIMARY,true,true,37,Y - GLOBAL,NEWTONS,AS MEASURED,PRIMARY,true,true,38,Y - GLOBAL,NEWTONS,AS MEASURED,PRIMARY,true,true,39,Y - GLOBAL,NEWTONS,AS MEASURED,PRIMARY,true,true,40,Y - GLOBAL,NEWTONS,AS MEASURED,PRIMARY,true,true,41,Y - GLOBAL,NEWTONS,AS MEASURED,PRIMARY,true,true,42,Y - GLOBAL,NEWTONS,AS MEASURED,PRIMARY,true,true,17,G'S,QUESTIONABLE DATA,PRIMARY,false,true,18,G'S,AS MEASURED,PRIMARY,true,true,19,G'S,AS MEASURED,PRIMARY,true
7591,2011-12-22,NEW CAR ASSESSMENT TEST,VEHICLE INTO POLE,NCAP SIDE IMPACT POLE BARRIER-2012 TOYOTA TUNDRA CREWMAX 4-DOOR TRUCK,side,side,classified,,side_pole_load_cell_8,side_pole_load_cell_barrier,covered_with_mask,POLE,POLE,pole_barrier_unconditional,1,8,8,0,"[1, 8]",8,8,8,,,true,true,[],[],"{""missing_expected_channel_count"": 0, ""duplicate_channel_count"": 0, ""force_channel_count"": 8, ""moment_channel_count"": 0}",3,0,,true,true,false,27,false,true,35,Y - GLOBAL,NEWTONS,AS MEASURED,PRIMARY,true,true,36,Y - GLOBAL,NEWTONS,AS MEASURED,PRIMARY,true,true,37,Y - GLOBAL,NEWTONS,AS MEASURED,PRIMARY,true,true,38,Y - GLOBAL,NEWTONS,AS MEASURED,PRIMARY,true,true,39,Y - GLOBAL,NEWTONS,AS MEASURED,PRIMARY,true,true,40,Y - GLOBAL,NEWTONS,AS MEASURED,PRIMARY,true,true,41,Y - GLOBAL,NEWTONS,AS MEASURED,PRIMARY,true,true,42,Y - GLOBAL,NEWTONS,AS MEASURED,PRIMARY,true,true,17,G'S,AS MEASURED,PRIMARY,true,true,18,G'S,AS MEASURED,PRIMARY,true,true,19,G'S,AS MEASURED,PRIMARY,true
7600,2012-01-03,NEW CAR ASSESSMENT TEST,VEHICLE INTO POLE,NCAP SIDE IMPACT POLE BARRIER-2012 TOYOTA YARIS LE 5-DOOR HATCHBACK,side,side,classified,,side_pole_load_cell_8,side_pole_load_cell_barrier,covered_with_mask,POLE,POLE,pole_barrier_unconditional,1,8,8,0,"[1, 8]",8,8,8,,,true,true,[],[],"{""missing_expected_channel_count"": 0, ""duplicate_channel_count"": 0, ""force_channel_count"": 8, ""moment_channel_count"": 0}",3,0,,true,true,false,27,false,true,35,Y - GLOBAL,NEWTONS,AS MEASURED,PRIMARY,true,true,36,Y - GLOBAL,NEWTONS,AS MEASURED,PRIMARY,true,true,37,Y - GLOBAL,NEWTONS,AS MEASURED,PRIMARY,true,true,38,Y - GLOBAL,NEWTONS,AS MEASURED,PRIMARY,true,true,39,Y - GLOBAL,NEWTONS,AS MEASURED,PRIMARY,true,true,40,Y - GLOBAL,NEWTONS,AS MEASURED,PRIMARY,true,true,41,Y - GLOBAL,NEWTONS,AS MEASURED,PRIMARY,true,true,42,Y - GLOBAL,NEWTONS,AS MEASURED,PRIMARY,true,true,17,G'S,AS MEASURED,PRIMARY,true,true,18,G'S,AS MEASURED,PRIMARY,true,true,19,G'S,AS MEASURED,PRIMARY,true
7601,2012-01-04,NEW CAR ASSESSMENT TEST,VEHICLE INTO POLE,NCAP SIDE POLE - 2012 DODGE CHARGER SE 4-DR SEDAN,side,side,classified,,side_pole_load_cell_8,side_pole_load_cell_barrier,covered_with_mask,POLE,POLE,pole_barrier_unconditional,1,8,8,0,"[1, 8]",8,8,8,,,true,true,[],[],"{""missing_expected_channel_count"": 0, ""duplicate_channel_count"": 0, ""force_channel_count"": 8, ""moment_channel_count"": 0}",3,0,,true,false,true,27,false,true,35,Y - GLOBAL,NEWTONS,AS MEASURED,PRIMARY,true,true,36,Y - GLOBAL,NEWTONS,AS MEASURED,PRIMARY,true,true,37,Y - GLOBAL,NEWTONS,AS MEASURED,PRIMARY,true,true,38,Y - GLOBAL,NEWTONS,AS MEASURED,PRIMARY,true,true,39,Y - GLOBAL,NEWTONS,AS MEASURED,PRIMARY,true,true,40,Y - GLOBAL,NEWTONS,AS MEASURED,PRIMARY,true,true,41,Y - GLOBAL,NEWTONS,AS MEASURED,PRIMARY,true,true,42,Y - GLOBAL,NEWTONS,AS MEASURED,PRIMARY,true,true,17,G'S,QUESTIONABLE DATA,PRIMARY,false,true,18,G'S,CHANNEL FAILED,PRIMARY,false,true,19,G'S,AS MEASURED,PRIMARY,true
7603,2012-01-04,NEW CAR ASSESSMENT TEST,VEHICLE INTO POLE,75 DEGREE OBLIQUE RIGID POLE SIDE NCAP IMPACT,side,side,classified,,side_pole_load_cell_8,side_pole_load_cell_barrier,covered_with_mask,POLE,POLE,pole_barrier_unconditional,1,8,8,0,"[1, 8]",8,8,8,,,true,false,[],[],"{""missing_expected_channel_count"": 0, ""duplicate_channel_count"": 0, ""force_channel_count"": 8, ""moment_channel_count"": 0}",3,0,,true,true,false,27,false,true,35,Y - GLOBAL,NEWTONS,COMPUTED,PRIMARY,false,true,36,Y - GLOBAL,NEWTONS,COMPUTED,PRIMARY,false,true,37,Y - GLOBAL,NEWTONS,COMPUTED,PRIMARY,false,true,38,Y - GLOBAL,NEWTONS,COMPUTED,PRIMARY,false,true,39,Y - GLOBAL,NEWTONS,COMPUTED,PRIMARY,false,true,40,Y - GLOBAL,NEWTONS,COMPUTED,PRIMARY,false,true,41,Y - GLOBAL,NEWTONS,COMPUTED,PRIMARY,false,true,42,Y - GLOBAL,NEWTONS,COMPUTED,PRIMARY,false,true,17,G'S,AS MEASURED,PRIMARY,true,true,18,G'S,AS MEASURED,PRIMARY,true,true,19,G'S,AS MEASURED,PRIMARY,true
7610,2012-01-09,NEW CAR ASSESSMENT TEST,VEHICLE INTO POLE,NCAP SIDE POLE - 2012 SUZUKI SX4 LE 4-DR SEDAN,side,side,classified,,side_pole_load_cell_8,side_pole_load_cell_barrier,covered_with_mask,POLE,POLE,pole_barrier_unconditional,1,8,8,0,"[1, 8]",8,8,8,,,true,true,[],[],"{""missing_expected_channel_count"": 0, ""duplicate_channel_count"": 0, ""force_channel_count"": 8, ""moment_channel_count"": 0}",3,0,,true,false,true,27,false,true,35,Y - GLOBAL,NEWTONS,AS MEASURED,PRIMARY,true,true,36,Y - GLOBAL,NEWTONS,AS MEASURED,PRIMARY,true,true,37,Y - GLOBAL,NEWTONS,AS MEASURED,PRIMARY,true,true,38,Y - GLOBAL,NEWTONS,AS MEASURED,PRIMARY,true,true,39,Y - GLOBAL,NEWTONS,AS MEASURED,PRIMARY,true,true,40,Y - GLOBAL,NEWTONS,AS MEASURED,PRIMARY,true,true,41,Y - GLOBAL,NEWTONS,AS MEASURED,PRIMARY,true,true,42,Y - GLOBAL,NEWTONS,AS MEASURED,PRIMARY,true,true,17,G'S,QUESTIONABLE DATA,PRIMARY,false,true,18,G'S,AS MEASURED,PRIMARY,true,true,19,G'S,AS MEASURED,PRIMARY,true
7621,2012-01-13,NEW CAR ASSESSMENT TEST,VEHICLE INTO POLE,SIDE NCAP RIGID POLE 2012 ACURA MDX 5-DOOR SUV,side,side,classified,,side_pole_load_cell_8,side_pole_load_cell_barrier,covered_with_mask,POLE,POLE,pole_barrier_unconditional,1,8,8,0,"[1, 8]",8,8,8,,,true,true,[],[],"{""missing_expected_channel_count"": 0, ""duplicate_channel_count"": 0, ""force_channel_count"": 8, ""moment_channel_count"": 0}",3,0,,true,true,false,27,false,true,35,Y - GLOBAL,NEWTONS,AS MEASURED,PRIMARY,true,true,36,Y - GLOBAL,NEWTONS,AS MEASURED,PRIMARY,true,true,37,Y - GLOBAL,NEWTONS,AS MEASURED,PRIMARY,true,true,38,Y - GLOBAL,NEWTONS,AS MEASURED,PRIMARY,true,true,39,Y - GLOBAL,NEWTONS,AS MEASURED,PRIMARY,true,true,40,Y - GLOBAL,NEWTONS,AS MEASURED,PRIMARY,true,true,41,Y - GLOBAL,NEWTONS,AS MEASURED,PRIMARY,true,true,42,Y - GLOBAL,NEWTONS,AS MEASURED,PRIMARY,true,true,17,G'S,AS MEASURED,PRIMARY,true,true,18,G'S,AS MEASURED,PRIMARY,true,true,19,G'S,AS MEASURED,PRIMARY,true
7630,2012-01-20,NEW CAR ASSESSMENT TEST,VEHICLE INTO POLE,NCAP SIDE POLE - 2012 NISSAN JUKE S FWD SUV,side,side,classified,,side_pole_load_cell_8,side_pole_load_cell_barrier,covered_with_mask,POLE,POLE,pole_barrier_unconditional,1,8,8,0,"[1, 8]",8,8,8,,,true,true,[],[],"{""missing_expected_channel_count"": 0, ""duplicate_channel_count"": 0, ""force_channel_count"": 8, ""moment_channel_count"": 0}",3,0,,true,true,false,27,false,true,35,Y - GLOBAL,NEWTONS,AS MEASURED,PRIMARY,true,true,36,Y - GLOBAL,NEWTONS,AS MEASURED,PRIMARY,true,true,37,Y - GLOBAL,NEWTONS,AS MEASURED,PRIMARY,true,true,38,Y - GLOBAL,NEWTONS,AS MEASURED,PRIMARY,true,true,39,Y - GLOBAL,NEWTONS,AS MEASURED,PRIMARY,true,true,40,Y - GLOBAL,NEWTONS,AS MEASURED,PRIMARY,true,true,41,Y - GLOBAL,NEWTONS,AS MEASURED,PRIMARY,true,true,42,Y - GLOBAL,NEWTONS,AS MEASURED,PRIMARY,true,true,17,G'S,AS MEASURED,PRIMARY,true,true,18,G'S,AS MEASURED,PRIMARY,true,true,19,G'S,AS MEASURED,PRIMARY,true
7634,2012-01-23,NEW CAR ASSESSMENT TEST,VEHICLE INTO POLE,NCAP SIDE IMPACT POLE BARRIER-2012 NISSAN VERSA 1.6 SV 4-DOOR SEDAN,side,side,classified,,side_pole_load_cell_8,side_pole_load_cell_barrier,covered_with_mask,POLE,POLE,pole_barrier_unconditional,1,8,8,0,"[1, 8]",8,8,8,,,true,true,[],[],"{""missing_expected_channel_count"": 0, ""duplicate_channel_count"": 0, ""force_channel_count"": 8, ""moment_channel_count"": 0}",3,0,,true,true,false,27,false,true,35,Y - GLOBAL,NEWTONS,AS MEASURED,PRIMARY,true,true,36,Y - GLOBAL,NEWTONS,AS MEASURED,PRIMARY,true,true,37,Y - GLOBAL,NEWTONS,AS MEASURED,PRIMARY,true,true,38,Y - GLOBAL,NEWTONS,AS MEASURED,PRIMARY,true,true,39,Y - GLOBAL,NEWTONS,AS MEASURED,PRIMARY,true,true,40,Y - GLOBAL,NEWTONS,AS MEASURED,PRIMARY,true,true,41,Y - GLOBAL,NEWTONS,AS MEASURED,PRIMARY,true,true,42,Y - GLOBAL,NEWTONS,AS MEASURED,PRIMARY,true,true,17,G'S,AS MEASURED,PRIMARY,true,true,18,G'S,AS MEASURED,PRIMARY,true,true,19,G'S,AS MEASURED,PRIMARY,true
7635,2012-01-27,NEW CAR ASSESSMENT TEST,VEHICLE INTO POLE,NCAP SIDE IMPACT POLE BARRIER-2012 KIA SOUL 5-DOOR MPV,side,side,classified,,side_pole_load_cell_8,side_pole_load_cell_barrier,covered_with_mask,POLE,POLE,pole_barrier_unconditional,1,8,8,0,"[1, 8]",8,8,8,,,true,true,[],[],"{""missing_expected_channel_count"": 0, ""duplicate_channel_count"": 0, ""force_channel_count"": 8, ""moment_channel_count"": 0}",3,0,,true,true,false,27,false,true,35,Y - GLOBAL,NEWTONS,AS MEASURED,PRIMARY,true,true,36,Y - GLOBAL,NEWTONS,AS MEASURED,PRIMARY,true,true,37,Y - GLOBAL,NEWTONS,AS MEASURED,PRIMARY,true,true,38,Y - GLOBAL,NEWTONS,AS MEASURED,PRIMARY,true,true,39,Y - GLOBAL,NEWTONS,AS MEASURED,PRIMARY,true,true,40,Y - GLOBAL,NEWTONS,AS MEASURED,PRIMARY,true,true,41,Y - GLOBAL,NEWTONS,AS MEASURED,PRIMARY,true,true,42,Y - GLOBAL,NEWTONS,AS MEASURED,PRIMARY,true,true,17,G'S,AS MEASURED,PRIMARY,true,true,18,G'S,AS MEASURED,PRIMARY,true,true,19,G'S,AS MEASURED,PRIMARY,true
7638,2012-01-31,NEW CAR ASSESSMENT TEST,VEHICLE INTO POLE,NCAP SIDE IMPACT POLE BARRIER- 2012 LEXUS ES350 4-DOOR SEDAN,side,side,classified,,side_pole_load_cell_8,side_pole_load_cell_barrier,covered_with_mask,POLE,POLE,pole_barrier_unconditional,1,8,8,0,"[1, 8]",8,8,8,,,true,true,[],[],"{""missing_expected_channel_count"": 0, ""duplicate_channel_count"": 0, ""force_channel_count"": 8, ""moment_channel_count"": 0}",3,0,,true,true,false,27,false,true,35,Y - GLOBAL,NEWTONS,AS MEASURED,PRIMARY,true,true,36,Y - GLOBAL,NEWTONS,AS MEASURED,PRIMARY,true,true,37,Y - GLOBAL,NEWTONS,AS MEASURED,PRIMARY,true,true,38,Y - GLOBAL,NEWTONS,AS MEASURED,PRIMARY,true,true,39,Y - GLOBAL,NEWTONS,AS MEASURED,PRIMARY,true,true,40,Y - GLOBAL,NEWTONS,AS MEASURED,PRIMARY,true,true,41,Y - GLOBAL,NEWTONS,AS MEASURED,PRIMARY,true,true,42,Y - GLOBAL,NEWTONS,AS MEASURED,PRIMARY,true,true,17,G'S,AS MEASURED,PRIMARY,true,true,18,G'S,AS MEASURED,PRIMARY,true,true,19,G'S,AS MEASURED,PRIMARY,true
7639,2012-02-01,NEW CAR ASSESSMENT TEST,VEHICLE INTO POLE,NEW CAR ASSESSMENT PROGRAM SIDE POLE BARRIER IMPACT TEST,side,side,classified,,side_pole_load_cell_8,side_pole_load_cell_barrier,covered_with_mask,POLE,POLE,pole_barrier_unconditional,1,8,8,0,"[1, 8]",8,8,8,,,true,true,[],[],"{""missing_expected_channel_count"": 0, ""duplicate_channel_count"": 0, ""force_channel_count"": 8, ""moment_channel_count"": 0}",3,0,,true,false,true,27,false,true,35,Y - GLOBAL,NEWTONS,AS MEASURED,PRIMARY,true,true,36,Y - GLOBAL,NEWTONS,AS MEASURED,PRIMARY,true,true,37,Y - GLOBAL,NEWTONS,AS MEASURED,PRIMARY,true,true,38,Y - GLOBAL,NEWTONS,AS MEASURED,PRIMARY,true,true,39,Y - GLOBAL,NEWTONS,AS MEASURED,PRIMARY,true,true,40,Y - GLOBAL,NEWTONS,AS MEASURED,PRIMARY,true,true,41,Y - GLOBAL,NEWTONS,AS MEASURED,PRIMARY,true,true,42,Y - GLOBAL,NEWTONS,AS MEASURED,PRIMARY,true,true,17,G'S,QUESTIONABLE DATA,PRIMARY,false,true,18,G'S,QUESTIONABLE DATA,PRIMARY,false,true,19,G'S,QUESTIONABLE DATA,PRIMARY,false
7649,2012-02-07,NEW CAR ASSESSMENT TEST,VEHICLE INTO POLE,NCAP SIDE IMPACT POLE BARRIER- 2012 HONDA CIVIC LX 2-DOOR COUPE,side,side,classified,,side_pole_load_cell_8,side_pole_load_cell_barrier,covered_with_mask,POLE,POLE,pole_barrier_unconditional,1,8,8,0,"[1, 8]",8,8,8,,,true,true,[],[],"{""missing_expected_channel_count"": 0, ""duplicate_channel_count"": 0, ""force_channel_count"": 8, ""moment_channel_count"": 0}",3,0,,true,true,false,27,false,true,35,Y - GLOBAL,NEWTONS,AS MEASURED,PRIMARY,true,true,36,Y - GLOBAL,NEWTONS,AS MEASURED,PRIMARY,true,true,37,Y - GLOBAL,NEWTONS,AS MEASURED,PRIMARY,true,true,38,Y - GLOBAL,NEWTONS,AS MEASURED,PRIMARY,true,true,39,Y - GLOBAL,NEWTONS,AS MEASURED,PRIMARY,true,true,40,Y - GLOBAL,NEWTONS,AS MEASURED,PRIMARY,true,true,41,Y - GLOBAL,NEWTONS,AS MEASURED,PRIMARY,true,true,42,Y - GLOBAL,NEWTONS,AS MEASURED,PRIMARY,true,true,17,G'S,AS MEASURED,PRIMARY,true,true,18,G'S,AS MEASURED,PRIMARY,true,true,19,G'S,AS MEASURED,PRIMARY,true
7651,2012-02-09,NEW CAR ASSESSMENT TEST,VEHICLE INTO POLE,NCAP SIDE IMPACT POLE BARRIER- 2012 FORD SD F250 CREW CAB 4-DOOR TRUCK,side,side,classified,,side_pole_load_cell_8,side_pole_load_cell_barrier,covered_with_mask,POLE,POLE,pole_barrier_unconditional,1,8,8,0,"[1, 8]",8,8,8,,,true,false,[],[],"{""missing_expected_channel_count"": 0, ""duplicate_channel_count"": 0, ""force_channel_count"": 8, ""moment_channel_count"": 0}",3,0,,true,true,false,27,false,true,35,Y - GLOBAL,NEWTONS,AS MEASURED,PRIMARY,true,true,36,Y - GLOBAL,NEWTONS,AS MEASURED,PRIMARY,true,true,37,Y - GLOBAL,NEWTONS,AS MEASURED,PRIMARY,true,true,38,Y - GLOBAL,NEWTONS,AS MEASURED,PRIMARY,true,true,39,Y - GLOBAL,NEWTONS,AS MEASURED,PRIMARY,true,true,40,Y - GLOBAL,NEWTONS,AS MEASURED,PRIMARY,true,true,41,Y - GLOBAL,NEWTONS,AS MEASURED,PRIMARY,true,true,42,Y - GLOBAL,NEWTONS,CHANNEL FAILED,PRIMARY,false,true,17,G'S,AS MEASURED,PRIMARY,true,true,18,G'S,AS MEASURED,PRIMARY,true,true,19,G'S,AS MEASURED,PRIMARY,true
7656,2011-06-30,RESEARCH SAFETY VEHICLE TEST,VEHICLE INTO BARRIER,2010 ACURA MDX LEFT SIDE FMVSS 214 POLE IMPACT AT 32 KPH,side,research_other,classified,,side_pole_load_cell_8,side_pole_load_cell_barrier,covered_with_mask,POLE,POLE,pole_barrier_unconditional,1,8,8,0,"[1, 8]",8,8,8,,,true,true,[],[],"{""missing_expected_channel_count"": 0, ""duplicate_channel_count"": 0, ""force_channel_count"": 8, ""moment_channel_count"": 0}",3,0,,true,true,false,59,false,true,128,X - GLOBAL,NEWTONS,AS MEASURED,PRIMARY,true,true,129,X - GLOBAL,NEWTONS,AS MEASURED,PRIMARY,true,true,130,X - GLOBAL,NEWTONS,AS MEASURED,PRIMARY,true,true,131,X - GLOBAL,NEWTONS,AS MEASURED,PRIMARY,true,true,132,X - GLOBAL,NEWTONS,AS MEASURED,PRIMARY,true,true,133,X - GLOBAL,NEWTONS,AS MEASURED,PRIMARY,true,true,134,X - GLOBAL,NEWTONS,AS MEASURED,PRIMARY,true,true,135,X - GLOBAL,NEWTONS,AS MEASURED,PRIMARY,true,true,96,G'S,AS MEASURED,PRIMARY,true,true,97,G'S,AS MEASURED,PRIMARY,true,true,98,G'S,AS MEASURED,PRIMARY,true
7657,2011-07-08,RESEARCH SAFETY VEHICLE TEST,VEHICLE INTO BARRIER,2010 KIA FORTE LEFT SIDE FMVSS 214 POLE IMPACT AT 32 KPH,side,research_other,classified,,side_pole_load_cell_8,side_pole_load_cell_barrier,covered_with_mask,POLE,POLE,pole_barrier_unconditional,1,8,8,0,"[1, 8]",8,8,8,,,true,true,[],[],"{""missing_expected_channel_count"": 0, ""duplicate_channel_count"": 0, ""force_channel_count"": 8, ""moment_channel_count"": 0}",3,0,,true,true,false,59,false,true,128,X - GLOBAL,NEWTONS,AS MEASURED,PRIMARY,true,true,129,X - GLOBAL,NEWTONS,AS MEASURED,PRIMARY,true,true,130,X - GLOBAL,NEWTONS,AS MEASURED,PRIMARY,true,true,131,X - GLOBAL,NEWTONS,AS MEASURED,PRIMARY,true,true,132,X - GLOBAL,NEWTONS,AS MEASURED,PRIMARY,true,true,133,X - GLOBAL,NEWTONS,AS MEASURED,PRIMARY,true,true,134,X - GLOBAL,NEWTONS,AS MEASURED,PRIMARY,true,true,135,X - GLOBAL,NEWTONS,AS MEASURED,PRIMARY,true,true,96,G'S,AS MEASURED,PRIMARY,true,true,97,G'S,AS MEASURED,PRIMARY,true,true,98,G'S,AS MEASURED,PRIMARY,true
7658,2011-08-01,RESEARCH SAFETY VEHICLE TEST,VEHICLE INTO BARRIER,2010 SUZUKI SX4 LEFT SIDE FMVSS 214 POLE IMPACT AT 32 KPH,side,research_other,classified,,side_pole_load_cell_8,side_pole_load_cell_barrier,covered_with_mask,POLE,POLE,pole_barrier_unconditional,1,8,8,0,"[1, 8]",8,8,8,,,true,true,[],[],"{""missing_expected_channel_count"": 0, ""duplicate_channel_count"": 0, ""force_channel_count"": 8, ""moment_channel_count"": 0}",3,0,,true,true,false,59,false,true,128,X - GLOBAL,NEWTONS,AS MEASURED,PRIMARY,true,true,129,X - GLOBAL,NEWTONS,AS MEASURED,PRIMARY,true,true,130,X - GLOBAL,NEWTONS,AS MEASURED,PRIMARY,true,true,131,X - GLOBAL,NEWTONS,AS MEASURED,PRIMARY,true,true,132,X - GLOBAL,NEWTONS,AS MEASURED,PRIMARY,true,true,133,X - GLOBAL,NEWTONS,AS MEASURED,PRIMARY,true,true,134,X - GLOBAL,NEWTONS,AS MEASURED,PRIMARY,true,true,135,X - GLOBAL,NEWTONS,AS MEASURED,PRIMARY,true,true,96,G'S,AS MEASURED,PRIMARY,true,true,97,G'S,AS MEASURED,PRIMARY,true,true,98,G'S,AS MEASURED,PRIMARY,true
7659,2011-08-17,RESEARCH SAFETY VEHICLE TEST,VEHICLE INTO BARRIER,2011 HYUNDAI TUCSON LEFT SIDE FMVSS 214 POLE IMPACT AT 32 KPH,side,research_other,classified,,side_pole_load_cell_8,side_pole_load_cell_barrier,covered_with_mask,POLE,POLE,pole_barrier_unconditional,1,8,8,0,"[1, 8]",8,8,8,,,true,true,[],[],"{""missing_expected_channel_count"": 0, ""duplicate_channel_count"": 0, ""force_channel_count"": 8, ""moment_channel_count"": 0}",3,0,,true,true,false,56,false,true,123,X - GLOBAL,NEWTONS,AS MEASURED,PRIMARY,true,true,124,X - GLOBAL,NEWTONS,AS MEASURED,PRIMARY,true,true,125,X - GLOBAL,NEWTONS,AS MEASURED,PRIMARY,true,true,126,X - GLOBAL,NEWTONS,AS MEASURED,PRIMARY,true,true,127,X - GLOBAL,NEWTONS,AS MEASURED,PRIMARY,true,true,128,X - GLOBAL,NEWTONS,AS MEASURED,PRIMARY,true,true,129,X - GLOBAL,NEWTONS,AS MEASURED,PRIMARY,true,true,130,X - GLOBAL,NEWTONS,AS MEASURED,PRIMARY,true,true,91,G'S,AS MEASURED,PRIMARY,true,true,92,G'S,AS MEASURED,PRIMARY,true,true,93,G'S,AS MEASURED,PRIMARY,true
7660,2011-08-24,RESEARCH SAFETY VEHICLE TEST,VEHICLE INTO BARRIER,2011 JEEP GRAND CHEROKEE LEFT SIDE FMVSS 214 POLE IMPACT AT 32 KPH,side,research_other,classified,,side_pole_load_cell_8,side_pole_load_cell_barrier,covered_with_mask,POLE,POLE,pole_barrier_unconditional,1,8,8,0,"[1, 8]",8,8,8,,,true,true,[],[],"{""missing_expected_channel_count"": 0, ""duplicate_channel_count"": 0, ""force_channel_count"": 8, ""moment_channel_count"": 0}",3,0,,true,true,false,56,false,true,123,X - GLOBAL,NEWTONS,AS MEASURED,PRIMARY,true,true,124,X - GLOBAL,NEWTONS,AS MEASURED,PRIMARY,true,true,125,X - GLOBAL,NEWTONS,AS MEASURED,PRIMARY,true,true,126,X - GLOBAL,NEWTONS,AS MEASURED,PRIMARY,true,true,127,X - GLOBAL,NEWTONS,AS MEASURED,PRIMARY,true,true,128,X - GLOBAL,NEWTONS,AS MEASURED,PRIMARY,true,true,129,X - GLOBAL,NEWTONS,AS MEASURED,PRIMARY,true,true,130,X - GLOBAL,NEWTONS,AS MEASURED,PRIMARY,true,true,91,G'S,AS MEASURED,PRIMARY,true,true,92,G'S,AS MEASURED,PRIMARY,true,true,93,G'S,AS MEASURED,PRIMARY,true
7661,2011-08-30,RESEARCH SAFETY VEHICLE TEST,VEHICLE INTO BARRIER,2011 CADILLAC CTS LEFT SIDE FMVSS 214 POLE IMPACT AT 32 KPH,side,research_other,classified,,side_pole_load_cell_8,side_pole_load_cell_barrier,covered_with_mask,POLE,POLE,pole_barrier_unconditional,1,8,8,0,"[1, 8]",8,8,8,,,true,true,[],[],"{""missing_expected_channel_count"": 0, ""duplicate_channel_count"": 0, ""force_channel_count"": 8, ""moment_channel_count"": 0}",3,0,,true,true,false,56,false,true,123,X - GLOBAL,NEWTONS,AS MEASURED,PRIMARY,true,true,124,X - GLOBAL,NEWTONS,AS MEASURED,PRIMARY,true,true,125,X - GLOBAL,NEWTONS,AS MEASURED,PRIMARY,true,true,126,X - GLOBAL,NEWTONS,AS MEASURED,PRIMARY,true,true,127,X - GLOBAL,NEWTONS,AS MEASURED,PRIMARY,true,true,128,X - GLOBAL,NEWTONS,AS MEASURED,PRIMARY,true,true,129,X - GLOBAL,NEWTONS,AS MEASURED,PRIMARY,true,true,130,X - GLOBAL,NEWTONS,AS MEASURED,PRIMARY,true,true,91,G'S,AS MEASURED,PRIMARY,true,true,92,G'S,AS MEASURED,PRIMARY,true,true,93,G'S,AS MEASURED,PRIMARY,true
7662,2011-09-08,RESEARCH SAFETY VEHICLE TEST,VEHICLE INTO BARRIER,2011 FORD EXPLORER LEFT SIDE FMVSS 214 POLE IMPACT AT 32 KPH,side,research_other,classified,,side_pole_load_cell_8,side_pole_load_cell_barrier,covered_with_mask,POLE,POLE,pole_barrier_unconditional,1,8,8,0,"[1, 8]",8,8,8,,,true,true,[],[],"{""missing_expected_channel_count"": 0, ""duplicate_channel_count"": 0, ""force_channel_count"": 8, ""moment_channel_count"": 0}",3,0,,true,false,true,56,false,true,123,X - GLOBAL,NEWTONS,AS MEASURED,PRIMARY,true,true,124,X - GLOBAL,NEWTONS,AS MEASURED,PRIMARY,true,true,125,X - GLOBAL,NEWTONS,AS MEASURED,PRIMARY,true,true,126,X - GLOBAL,NEWTONS,AS MEASURED,PRIMARY,true,true,127,X - GLOBAL,NEWTONS,AS MEASURED,PRIMARY,true,true,128,X - GLOBAL,NEWTONS,AS MEASURED,PRIMARY,true,true,129,X - GLOBAL,NEWTONS,AS MEASURED,PRIMARY,true,true,130,X - GLOBAL,NEWTONS,AS MEASURED,PRIMARY,true,true,91,G'S,QUESTIONABLE DATA,PRIMARY,false,true,92,G'S,QUESTIONABLE DATA,PRIMARY,false,true,93,G'S,QUESTIONABLE DATA,PRIMARY,false
7663,2011-09-14,RESEARCH SAFETY VEHICLE TEST,VEHICLE INTO BARRIER,2011 HONDA ODYSSEY LEFT SIDE FMVSS 214 POLE IMPACT AT 32 KPH,side,research_other,classified,,side_pole_load_cell_8,side_pole_load_cell_barrier,covered_with_mask,POLE,POLE,pole_barrier_unconditional,1,8,8,0,"[1, 8]",8,8,8,,,true,true,[],[],"{""missing_expected_channel_count"": 0, ""duplicate_channel_count"": 0, ""force_channel_count"": 8, ""moment_channel_count"": 0}",3,0,,true,true,false,56,false,true,123,X - GLOBAL,NEWTONS,AS MEASURED,PRIMARY,true,true,124,X - GLOBAL,NEWTONS,AS MEASURED,PRIMARY,true,true,125,X - GLOBAL,NEWTONS,AS MEASURED,PRIMARY,true,true,126,X - GLOBAL,NEWTONS,AS MEASURED,PRIMARY,true,true,127,X - GLOBAL,NEWTONS,AS MEASURED,PRIMARY,true,true,128,X - GLOBAL,NEWTONS,AS MEASURED,PRIMARY,true,true,129,X - GLOBAL,NEWTONS,AS MEASURED,PRIMARY,true,true,130,X - GLOBAL,NEWTONS,AS MEASURED,PRIMARY,true,true,91,G'S,AS MEASURED,PRIMARY,true,true,92,G'S,AS MEASURED,PRIMARY,true,true,93,G'S,AS MEASURED,PRIMARY,true
7715,2012-02-14,NEW CAR ASSESSMENT TEST,VEHICLE INTO POLE,NCAP SIDE POLE - 2012 HONDA CIVIC IMA 4-DR SEDAN,side,side,classified,,side_pole_load_cell_8,side_pole_load_cell_barrier,covered_with_mask,POLE,POLE,pole_barrier_unconditional,1,8,8,0,"[1, 8]",8,8,8,,,true,true,[],[],"{""missing_expected_channel_count"": 0, ""duplicate_channel_count"": 0, ""force_channel_count"": 8, ""moment_channel_count"": 0}",3,0,,true,false,true,27,false,true,35,Y - GLOBAL,NEWTONS,AS MEASURED,PRIMARY,true,true,36,Y - GLOBAL,NEWTONS,AS MEASURED,PRIMARY,true,true,37,Y - GLOBAL,NEWTONS,AS MEASURED,PRIMARY,true,true,38,Y - GLOBAL,NEWTONS,AS MEASURED,PRIMARY,true,true,39,Y - GLOBAL,NEWTONS,AS MEASURED,PRIMARY,true,true,40,Y - GLOBAL,NEWTONS,AS MEASURED,PRIMARY,true,true,41,Y - GLOBAL,NEWTONS,AS MEASURED,PRIMARY,true,true,42,Y - GLOBAL,NEWTONS,AS MEASURED,PRIMARY,true,true,17,G'S,QUESTIONABLE DATA,PRIMARY,false,true,18,G'S,QUESTIONABLE DATA,PRIMARY,false,true,19,G'S,AS MEASURED,PRIMARY,true
7718,2012-02-15,NEW CAR ASSESSMENT TEST,VEHICLE INTO POLE,NCAP SIDE POLE - 2012 SUBARU IMPREZA 4-DR SEDAN,side,side,classified,,side_pole_load_cell_8,side_pole_load_cell_barrier,covered_with_mask,POLE,POLE,pole_barrier_unconditional,1,8,8,0,"[1, 8]",8,8,8,,,true,true,[],[],"{""missing_expected_channel_count"": 0, ""duplicate_channel_count"": 0, ""force_channel_count"": 8, ""moment_channel_count"": 0}",3,0,,true,true,false,27,false,true,35,Y - GLOBAL,NEWTONS,AS MEASURED,PRIMARY,true,true,36,Y - GLOBAL,NEWTONS,AS MEASURED,PRIMARY,true,true,37,Y - GLOBAL,NEWTONS,AS MEASURED,PRIMARY,true,true,38,Y - GLOBAL,NEWTONS,AS MEASURED,PRIMARY,true,true,39,Y - GLOBAL,NEWTONS,AS MEASURED,PRIMARY,true,true,40,Y - GLOBAL,NEWTONS,AS MEASURED,PRIMARY,true,true,41,Y - GLOBAL,NEWTONS,AS MEASURED,PRIMARY,true,true,42,Y - GLOBAL,NEWTONS,AS MEASURED,PRIMARY,true,true,17,G'S,AS MEASURED,PRIMARY,true,true,18,G'S,AS MEASURED,PRIMARY,true,true,19,G'S,AS MEASURED,PRIMARY,true
7719,2012-02-16,NEW CAR ASSESSMENT TEST,VEHICLE INTO POLE,SIDE NCAP RIGID POLE 2012 HONDA CR-V 5-DOOR SUV,side,side,classified,,side_pole_load_cell_8,side_pole_load_cell_barrier,covered_with_mask,POLE,POLE,pole_barrier_unconditional,1,8,8,0,"[1, 8]",8,8,8,,,true,true,[],[],"{""missing_expected_channel_count"": 0, ""duplicate_channel_count"": 0, ""force_channel_count"": 8, ""moment_channel_count"": 0}",3,0,,true,true,false,27,false,true,35,Y - GLOBAL,NEWTONS,AS MEASURED,PRIMARY,true,true,36,Y - GLOBAL,NEWTONS,AS MEASURED,PRIMARY,true,true,37,Y - GLOBAL,NEWTONS,AS MEASURED,PRIMARY,true,true,38,Y - GLOBAL,NEWTONS,AS MEASURED,PRIMARY,true,true,39,Y - GLOBAL,NEWTONS,AS MEASURED,PRIMARY,true,true,40,Y - GLOBAL,NEWTONS,AS MEASURED,PRIMARY,true,true,41,Y - GLOBAL,NEWTONS,AS MEASURED,PRIMARY,true,true,42,Y - GLOBAL,NEWTONS,AS MEASURED,PRIMARY,true,true,17,G'S,AS MEASURED,PRIMARY,true,true,18,G'S,AS MEASURED,PRIMARY,true,true,19,G'S,AS MEASURED,PRIMARY,true
7730,2012-02-21,NEW CAR ASSESSMENT TEST,VEHICLE INTO POLE,NCAP SIDE POLE - 2012 MITSUBISHI LANCER ES 4-DR SEDAN,side,side,classified,,side_pole_load_cell_8,side_pole_load_cell_barrier,covered_with_mask,POLE,POLE,pole_barrier_unconditional,1,8,8,0,"[1, 8]",8,8,8,,,true,true,[],[],"{""missing_expected_channel_count"": 0, ""duplicate_channel_count"": 0, ""force_channel_count"": 8, ""moment_channel_count"": 0}",3,0,,true,false,true,27,false,true,35,Y - GLOBAL,NEWTONS,AS MEASURED,PRIMARY,true,true,36,Y - GLOBAL,NEWTONS,AS MEASURED,PRIMARY,true,true,37,Y - GLOBAL,NEWTONS,AS MEASURED,PRIMARY,true,true,38,Y - GLOBAL,NEWTONS,AS MEASURED,PRIMARY,true,true,39,Y - GLOBAL,NEWTONS,AS MEASURED,PRIMARY,true,true,40,Y - GLOBAL,NEWTONS,AS MEASURED,PRIMARY,true,true,41,Y - GLOBAL,NEWTONS,AS MEASURED,PRIMARY,true,true,42,Y - GLOBAL,NEWTONS,AS MEASURED,PRIMARY,true,true,17,G'S,CHANNEL FAILED,PRIMARY,false,true,18,G'S,CHANNEL FAILED,PRIMARY,false,true,19,G'S,CHANNEL FAILED,PRIMARY,false
7735,2012-02-24,NEW CAR ASSESSMENT TEST,VEHICLE INTO POLE,NCAP SIDE IMPACT POLE BARRIER- 2012 SCION IQ 3-DOOR HATCHBACK,side,side,classified,,side_pole_load_cell_8,side_pole_load_cell_barrier,covered_with_mask,POLE,POLE,pole_barrier_unconditional,1,8,8,0,"[1, 8]",8,8,8,,,true,true,[],[],"{""missing_expected_channel_count"": 0, ""duplicate_channel_count"": 0, ""force_channel_count"": 8, ""moment_channel_count"": 0}",3,0,,true,true,false,27,false,true,35,Y - GLOBAL,NEWTONS,AS MEASURED,PRIMARY,true,true,36,Y - GLOBAL,NEWTONS,AS MEASURED,PRIMARY,true,true,37,Y - GLOBAL,NEWTONS,AS MEASURED,PRIMARY,true,true,38,Y - GLOBAL,NEWTONS,AS MEASURED,PRIMARY,true,true,39,Y - GLOBAL,NEWTONS,AS MEASURED,PRIMARY,true,true,40,Y - GLOBAL,NEWTONS,AS MEASURED,PRIMARY,true,true,41,Y - GLOBAL,NEWTONS,AS MEASURED,PRIMARY,true,true,42,Y - GLOBAL,NEWTONS,AS MEASURED,PRIMARY,true,true,17,G'S,AS MEASURED,PRIMARY,true,true,18,G'S,AS MEASURED,PRIMARY,true,true,19,G'S,AS MEASURED,PRIMARY,true
7736,2012-02-27,NEW CAR ASSESSMENT TEST,VEHICLE INTO POLE,NCAP SIDE POLE - 2012 MITSUBISHI OUTLANDER SPORT ES SUV,side,side,classified,,side_pole_load_cell_8,side_pole_load_cell_barrier,covered_with_mask,POLE,POLE,pole_barrier_unconditional,1,8,8,0,"[1, 8]",8,8,8,,,true,true,[],[],"{""missing_expected_channel_count"": 0, ""duplicate_channel_count"": 0, ""force_channel_count"": 8, ""moment_channel_count"": 0}",3,0,,true,false,true,27,false,true,35,Y - GLOBAL,NEWTONS,AS MEASURED,PRIMARY,true,true,36,Y - GLOBAL,NEWTONS,AS MEASURED,PRIMARY,true,true,37,Y - GLOBAL,NEWTONS,AS MEASURED,PRIMARY,true,true,38,Y - GLOBAL,NEWTONS,AS MEASURED,PRIMARY,true,true,39,Y - GLOBAL,NEWTONS,AS MEASURED,PRIMARY,true,true,40,Y - GLOBAL,NEWTONS,AS MEASURED,PRIMARY,true,true,41,Y - GLOBAL,NEWTONS,AS MEASURED,PRIMARY,true,true,42,Y - GLOBAL,NEWTONS,AS MEASURED,PRIMARY,true,true,17,G'S,CHANNEL FAILED,PRIMARY,false,true,18,G'S,CHANNEL FAILED,PRIMARY,false,true,19,G'S,CHANNEL FAILED,PRIMARY,false
7742,2012-03-05,NEW CAR ASSESSMENT TEST,VEHICLE INTO POLE,NCAP SIDE POLE - 2012 BUICK REGAL WITH EASSIST 4-DR SEDAN,side,side,classified,,side_pole_load_cell_8,side_pole_load_cell_barrier,covered_with_mask,POLE,POLE,pole_barrier_unconditional,1,8,8,0,"[1, 8]",8,8,8,,,true,true,[],[],"{""missing_expected_channel_count"": 0, ""duplicate_channel_count"": 0, ""force_channel_count"": 8, ""moment_channel_count"": 0}",3,0,,true,false,true,27,false,true,35,Y - GLOBAL,NEWTONS,AS MEASURED,PRIMARY,true,true,36,Y - GLOBAL,NEWTONS,AS MEASURED,PRIMARY,true,true,37,Y - GLOBAL,NEWTONS,AS MEASURED,PRIMARY,true,true,38,Y - GLOBAL,NEWTONS,AS MEASURED,PRIMARY,true,true,39,Y - GLOBAL,NEWTONS,AS MEASURED,PRIMARY,true,true,40,Y - GLOBAL,NEWTONS,AS MEASURED,PRIMARY,true,true,41,Y - GLOBAL,NEWTONS,AS MEASURED,PRIMARY,true,true,42,Y - GLOBAL,NEWTONS,AS MEASURED,PRIMARY,true,true,17,G'S,QUESTIONABLE DATA,PRIMARY,false,true,18,G'S,QUESTIONABLE DATA,PRIMARY,false,true,19,G'S,QUESTIONABLE DATA,PRIMARY,false
7746,2012-03-07,NEW CAR ASSESSMENT TEST,VEHICLE INTO POLE,NCAP SIDE IMPACT POLE BARRIER- 2012 RAM 2500 ST CREW CAB 4-DOOR TRUCK,side,side,classified,,side_pole_load_cell_8,side_pole_load_cell_barrier,covered_with_mask,POLE,POLE,pole_barrier_unconditional,1,8,8,0,"[1, 8]",8,8,8,,,true,false,[],[],"{""missing_expected_channel_count"": 0, ""duplicate_channel_count"": 0, ""force_channel_count"": 8, ""moment_channel_count"": 0}",3,0,,true,true,false,27,false,true,35,Y - GLOBAL,NEWTONS,AS MEASURED,PRIMARY,true,true,36,Y - GLOBAL,NEWTONS,AS MEASURED,PRIMARY,true,true,37,Y - GLOBAL,NEWTONS,AS MEASURED,PRIMARY,true,true,38,Y - GLOBAL,NEWTONS,AS MEASURED,PRIMARY,true,true,39,Y - GLOBAL,NEWTONS,AS MEASURED,PRIMARY,true,true,40,Y - GLOBAL,NEWTONS,AS MEASURED,PRIMARY,true,true,41,Y - GLOBAL,NEWTONS,AS MEASURED,PRIMARY,true,true,42,Y - GLOBAL,NEWTONS,CHANNEL FAILED,PRIMARY,false,true,17,G'S,AS MEASURED,PRIMARY,true,true,18,G'S,AS MEASURED,PRIMARY,true,true,19,G'S,AS MEASURED,PRIMARY,true
7748,2012-03-08,NEW CAR ASSESSMENT TEST,VEHICLE INTO POLE,75 DEGREE OBLIQUE RIGID POLE SIDE NCAP IMPACT,side,side,classified,,side_pole_load_cell_8,side_pole_load_cell_barrier,covered_with_mask,POLE,POLE,pole_barrier_unconditional,1,8,8,0,"[1, 8]",8,8,8,,,true,false,[],[],"{""missing_expected_channel_count"": 0, ""duplicate_channel_count"": 0, ""force_channel_count"": 8, ""moment_channel_count"": 0}",3,0,,true,true,false,27,false,true,35,Y - GLOBAL,NEWTONS,COMPUTED,PRIMARY,false,true,36,Y - GLOBAL,NEWTONS,COMPUTED,PRIMARY,false,true,37,Y - GLOBAL,NEWTONS,COMPUTED,PRIMARY,false,true,38,Y - GLOBAL,NEWTONS,COMPUTED,PRIMARY,false,true,39,Y - GLOBAL,NEWTONS,COMPUTED,PRIMARY,false,true,40,Y - GLOBAL,NEWTONS,COMPUTED,PRIMARY,false,true,41,Y - GLOBAL,NEWTONS,COMPUTED,PRIMARY,false,true,42,Y - GLOBAL,NEWTONS,COMPUTED,PRIMARY,false,true,17,G'S,AS MEASURED,PRIMARY,true,true,18,G'S,AS MEASURED,PRIMARY,true,true,19,G'S,AS MEASURED,PRIMARY,true
7754,2012-03-14,NEW CAR ASSESSMENT TEST,VEHICLE INTO POLE,NCAP SIDE POLE - 2012 KIA RIO LX 4-DR SEDAN,side,side,classified,,side_pole_load_cell_8,side_pole_load_cell_barrier,covered_with_mask,POLE,POLE,pole_barrier_unconditional,1,8,8,0,"[1, 8]",8,8,8,,,true,true,[],[],"{""missing_expected_channel_count"": 0, ""duplicate_channel_count"": 0, ""force_channel_count"": 8, ""moment_channel_count"": 0}",3,0,,true,true,false,27,false,true,35,Y - GLOBAL,NEWTONS,AS MEASURED,PRIMARY,true,true,36,Y - GLOBAL,NEWTONS,AS MEASURED,PRIMARY,true,true,37,Y - GLOBAL,NEWTONS,AS MEASURED,PRIMARY,true,true,38,Y - GLOBAL,NEWTONS,AS MEASURED,PRIMARY,true,true,39,Y - GLOBAL,NEWTONS,AS MEASURED,PRIMARY,true,true,40,Y - GLOBAL,NEWTONS,AS MEASURED,PRIMARY,true,true,41,Y - GLOBAL,NEWTONS,AS MEASURED,PRIMARY,true,true,42,Y - GLOBAL,NEWTONS,AS MEASURED,PRIMARY,true,true,17,G'S,AS MEASURED,PRIMARY,true,true,18,G'S,AS MEASURED,PRIMARY,true,true,19,G'S,AS MEASURED,PRIMARY,true
7756,2012-03-19,NEW CAR ASSESSMENT TEST,VEHICLE INTO POLE,NCAP SIDE IMPACT POLE BARRIER- 2012 TOYOTA 4RUNNER 5-DOOR MPV,side,side,classified,,side_pole_load_cell_8,side_pole_load_cell_barrier,covered_with_mask,POLE,POLE,pole_barrier_unconditional,1,8,8,0,"[1, 8]",8,8,8,,,true,false,[],[],"{""missing_expected_channel_count"": 0, ""duplicate_channel_count"": 0, ""force_channel_count"": 8, ""moment_channel_count"": 0}",3,0,,true,true,false,27,false,true,35,Y - GLOBAL,NEWTONS,AS MEASURED,PRIMARY,true,true,36,Y - GLOBAL,NEWTONS,AS MEASURED,PRIMARY,true,true,37,Y - GLOBAL,NEWTONS,AS MEASURED,PRIMARY,true,true,38,Y - GLOBAL,NEWTONS,AS MEASURED,PRIMARY,true,true,39,Y - GLOBAL,NEWTONS,AS MEASURED,PRIMARY,true,true,40,Y - GLOBAL,NEWTONS,AS MEASURED,PRIMARY,true,true,41,Y - GLOBAL,NEWTONS,AS MEASURED,PRIMARY,true,true,42,Y - GLOBAL,NEWTONS,CHANNEL FAILED,PRIMARY,false,true,17,G'S,AS MEASURED,PRIMARY,true,true,18,G'S,AS MEASURED,PRIMARY,true,true,19,G'S,AS MEASURED,PRIMARY,true
7854,2012-05-01,NEW CAR ASSESSMENT TEST,VEHICLE INTO POLE,NCAP SIDE POLE - 2013 CHEVROLET MALIBU ECO 1SA 4-DR SEDAN,side,side,classified,,side_pole_load_cell_8,side_pole_load_cell_barrier,covered_with_mask,POLE,POLE,pole_barrier_unconditional,1,8,8,0,"[1, 8]",8,8,8,,,true,true,[],[],"{""missing_expected_channel_count"": 0, ""duplicate_channel_count"": 0, ""force_channel_count"": 8, ""moment_channel_count"": 0}",3,0,,true,false,true,27,false,true,35,Y - GLOBAL,NEWTONS,AS MEASURED,PRIMARY,true,true,36,Y - GLOBAL,NEWTONS,AS MEASURED,PRIMARY,true,true,37,Y - GLOBAL,NEWTONS,AS MEASURED,PRIMARY,true,true,38,Y - GLOBAL,NEWTONS,AS MEASURED,PRIMARY,true,true,39,Y - GLOBAL,NEWTONS,AS MEASURED,PRIMARY,true,true,40,Y - GLOBAL,NEWTONS,AS MEASURED,PRIMARY,true,true,41,Y - GLOBAL,NEWTONS,AS MEASURED,PRIMARY,true,true,42,Y - GLOBAL,NEWTONS,AS MEASURED,PRIMARY,true,true,17,G'S,AS MEASURED,PRIMARY,true,true,18,G'S,AS MEASURED,PRIMARY,true,true,19,G'S,QUESTIONABLE DATA,PRIMARY,false
7859,2012-05-10,NEW CAR ASSESSMENT TEST,VEHICLE INTO POLE,NCAP SIDE IMPACT POLE BARRIER- 2012 BMW 328I 4-DOOR SEDAN,side,side,classified,,side_pole_load_cell_8,side_pole_load_cell_barrier,covered_with_mask,POLE,POLE,pole_barrier_unconditional,1,8,8,0,"[1, 8]",8,8,8,,,true,false,[],[],"{""missing_expected_channel_count"": 0, ""duplicate_channel_count"": 0, ""force_channel_count"": 8, ""moment_channel_count"": 0}",3,0,,true,true,false,27,false,true,35,Y - GLOBAL,NEWTONS,AS MEASURED,PRIMARY,true,true,36,Y - GLOBAL,NEWTONS,AS MEASURED,PRIMARY,true,true,37,Y - GLOBAL,NEWTONS,AS MEASURED,PRIMARY,true,true,38,Y - GLOBAL,NEWTONS,AS MEASURED,PRIMARY,true,true,39,Y - GLOBAL,NEWTONS,AS MEASURED,PRIMARY,true,true,40,Y - GLOBAL,NEWTONS,AS MEASURED,PRIMARY,true,true,41,Y - GLOBAL,NEWTONS,AS MEASURED,PRIMARY,true,true,42,Y - GLOBAL,NEWTONS,CHANNEL FAILED,PRIMARY,false,true,17,G'S,AS MEASURED,PRIMARY,true,true,18,G'S,AS MEASURED,PRIMARY,true,true,19,G'S,AS MEASURED,PRIMARY,true
7870,2012-05-22,NEW CAR ASSESSMENT TEST,VEHICLE INTO POLE,NCAP SIDE POLE - 2012 MITSUBISHI I-MIEV ES 5-DR HATCHBACK,side,side,classified,,side_pole_load_cell_8,side_pole_load_cell_barrier,covered_with_mask,POLE,POLE,pole_barrier_unconditional,1,8,8,0,"[1, 8]",8,8,8,,,true,true,[],[],"{""missing_expected_channel_count"": 0, ""duplicate_channel_count"": 0, ""force_channel_count"": 8, ""moment_channel_count"": 0}",3,0,,true,true,false,27,false,true,35,Y - GLOBAL,NEWTONS,AS MEASURED,PRIMARY,true,true,36,Y - GLOBAL,NEWTONS,AS MEASURED,PRIMARY,true,true,37,Y - GLOBAL,NEWTONS,AS MEASURED,PRIMARY,true,true,38,Y - GLOBAL,NEWTONS,AS MEASURED,PRIMARY,true,true,39,Y - GLOBAL,NEWTONS,AS MEASURED,PRIMARY,true,true,40,Y - GLOBAL,NEWTONS,AS MEASURED,PRIMARY,true,true,41,Y - GLOBAL,NEWTONS,AS MEASURED,PRIMARY,true,true,42,Y - GLOBAL,NEWTONS,AS MEASURED,PRIMARY,true,true,17,G'S,AS MEASURED,PRIMARY,true,true,18,G'S,AS MEASURED,PRIMARY,true,true,19,G'S,AS MEASURED,PRIMARY,true
7875,2012-06-14,NEW CAR ASSESSMENT TEST,VEHICLE INTO POLE,NCAP SIDE IMPACT POLE BARRIER- 2013 LEXUS RX350 5-DOOR MPV,side,side,classified,,side_pole_load_cell_8,side_pole_load_cell_barrier,covered_with_mask,POLE,POLE,pole_barrier_unconditional,1,8,8,0,"[1, 8]",8,8,8,,,true,true,[],[],"{""missing_expected_channel_count"": 0, ""duplicate_channel_count"": 0, ""force_channel_count"": 8, ""moment_channel_count"": 0}",3,0,,true,true,false,27,false,true,35,Y - GLOBAL,NEWTONS,AS MEASURED,PRIMARY,true,true,36,Y - GLOBAL,NEWTONS,AS MEASURED,PRIMARY,true,true,37,Y - GLOBAL,NEWTONS,AS MEASURED,PRIMARY,true,true,38,Y - GLOBAL,NEWTONS,AS MEASURED,PRIMARY,true,true,39,Y - GLOBAL,NEWTONS,AS MEASURED,PRIMARY,true,true,40,Y - GLOBAL,NEWTONS,AS MEASURED,PRIMARY,true,true,41,Y - GLOBAL,NEWTONS,AS MEASURED,PRIMARY,true,true,42,Y - GLOBAL,NEWTONS,AS MEASURED,PRIMARY,true,true,17,G'S,AS MEASURED,PRIMARY,true,true,18,G'S,AS MEASURED,PRIMARY,true,true,19,G'S,AS MEASURED,PRIMARY,true
7878,2012-06-20,OPTIONAL NEW CAR ASSESSMENT TEST,VEHICLE INTO POLE,NCAP SIDE POLE - 2012 TOYOTA PRIUS PLUG-IN HYBRID 5-DR HATCHBACK,side,side,classified,,side_pole_load_cell_8,side_pole_load_cell_barrier,covered_with_mask,POLE,POLE,pole_barrier_unconditional,1,8,8,0,"[1, 8]",8,8,8,,,true,true,[],[],"{""missing_expected_channel_count"": 0, ""duplicate_channel_count"": 0, ""force_channel_count"": 8, ""moment_channel_count"": 0}",3,0,,true,false,true,27,false,true,35,Y - GLOBAL,NEWTONS,AS MEASURED,PRIMARY,true,true,36,Y - GLOBAL,NEWTONS,AS MEASURED,PRIMARY,true,true,37,Y - GLOBAL,NEWTONS,AS MEASURED,PRIMARY,true,true,38,Y - GLOBAL,NEWTONS,AS MEASURED,PRIMARY,true,true,39,Y - GLOBAL,NEWTONS,AS MEASURED,PRIMARY,true,true,40,Y - GLOBAL,NEWTONS,AS MEASURED,PRIMARY,true,true,41,Y - GLOBAL,NEWTONS,AS MEASURED,PRIMARY,true,true,42,Y - GLOBAL,NEWTONS,AS MEASURED,PRIMARY,true,true,17,G'S,CHANNEL FAILED,PRIMARY,false,true,18,G'S,CHANNEL FAILED,PRIMARY,false,true,19,G'S,CHANNEL FAILED,PRIMARY,false
7932,2012-07-06,NEW CAR ASSESSMENT TEST,VEHICLE INTO POLE,NCAP SIDE POLE - 2013 MAZDA CX-5 SPORT FRONT WHEEL DRIVE 5-DR SUV,side,side,classified,,side_pole_load_cell_8,side_pole_load_cell_barrier,covered_with_mask,POLE,POLE,pole_barrier_unconditional,1,8,8,0,"[1, 8]",8,8,8,,,true,true,[],[],"{""missing_expected_channel_count"": 0, ""duplicate_channel_count"": 0, ""force_channel_count"": 8, ""moment_channel_count"": 0}",3,0,,true,false,true,27,false,true,35,Y - GLOBAL,NEWTONS,AS MEASURED,PRIMARY,true,true,36,Y - GLOBAL,NEWTONS,AS MEASURED,PRIMARY,true,true,37,Y - GLOBAL,NEWTONS,AS MEASURED,PRIMARY,true,true,38,Y - GLOBAL,NEWTONS,AS MEASURED,PRIMARY,true,true,39,Y - GLOBAL,NEWTONS,AS MEASURED,PRIMARY,true,true,40,Y - GLOBAL,NEWTONS,AS MEASURED,PRIMARY,true,true,41,Y - GLOBAL,NEWTONS,AS MEASURED,PRIMARY,true,true,42,Y - GLOBAL,NEWTONS,AS MEASURED,PRIMARY,true,true,17,G'S,CHANNEL FAILED,PRIMARY,false,true,18,G'S,QUESTIONABLE DATA,PRIMARY,false,true,19,G'S,AS MEASURED,PRIMARY,true
7935,2012-07-16,NEW CAR ASSESSMENT TEST,VEHICLE INTO POLE,NCAP SIDE IMPACT POLE BARRIER- 2013 FORD ESCAPE 5-DOOR MPV,side,side,classified,,side_pole_load_cell_8,side_pole_load_cell_barrier,covered_with_mask,POLE,POLE,pole_barrier_unconditional,1,8,8,0,"[1, 8]",8,8,8,,,true,false,[],[],"{""missing_expected_channel_count"": 0, ""duplicate_channel_count"": 0, ""force_channel_count"": 8, ""moment_channel_count"": 0}",3,0,,true,true,false,27,false,true,35,Y - GLOBAL,NEWTONS,AS MEASURED,PRIMARY,true,true,36,Y - GLOBAL,NEWTONS,AS MEASURED,PRIMARY,true,true,37,Y - GLOBAL,NEWTONS,AS MEASURED,PRIMARY,true,true,38,Y - GLOBAL,NEWTONS,AS MEASURED,PRIMARY,true,true,39,Y - GLOBAL,NEWTONS,AS MEASURED,PRIMARY,true,true,40,Y - GLOBAL,NEWTONS,AS MEASURED,PRIMARY,true,true,41,Y - GLOBAL,NEWTONS,AS MEASURED,PRIMARY,true,true,42,Y - GLOBAL,NEWTONS,CHANNEL FAILED,PRIMARY,false,true,17,G'S,AS MEASURED,PRIMARY,true,true,18,G'S,AS MEASURED,PRIMARY,true,true,19,G'S,AS MEASURED,PRIMARY,true
7943,2012-07-25,OPTIONAL NEW CAR ASSESSMENT TEST,VEHICLE INTO POLE,NCAP SIDE POLE - 2012 CHEVROLET SILVERADO 2500 LT CREW CAB,side,side,classified,,side_pole_load_cell_8,side_pole_load_cell_barrier,covered_with_mask,POLE,POLE,pole_barrier_unconditional,1,8,8,0,"[1, 8]",8,8,8,,,true,true,[],[],"{""missing_expected_channel_count"": 0, ""duplicate_channel_count"": 0, ""force_channel_count"": 8, ""moment_channel_count"": 0}",3,0,,true,true,false,27,false,true,35,Y - GLOBAL,NEWTONS,AS MEASURED,PRIMARY,true,true,36,Y - GLOBAL,NEWTONS,AS MEASURED,PRIMARY,true,true,37,Y - GLOBAL,NEWTONS,AS MEASURED,PRIMARY,true,true,38,Y - GLOBAL,NEWTONS,AS MEASURED,PRIMARY,true,true,39,Y - GLOBAL,NEWTONS,AS MEASURED,PRIMARY,true,true,40,Y - GLOBAL,NEWTONS,AS MEASURED,PRIMARY,true,true,41,Y - GLOBAL,NEWTONS,AS MEASURED,PRIMARY,true,true,42,Y - GLOBAL,NEWTONS,AS MEASURED,PRIMARY,true,true,17,G'S,AS MEASURED,PRIMARY,true,true,18,G'S,AS MEASURED,PRIMARY,true,true,19,G'S,AS MEASURED,PRIMARY,true
7946,2012-08-02,NEW CAR ASSESSMENT TEST,VEHICLE INTO POLE,NCAP SIDE IMPACT POLE BARRIER- 2012 CODA 4-DOOR SEDAN,side,side,classified,,side_pole_load_cell_8,side_pole_load_cell_barrier,covered_with_mask,POLE,POLE,pole_barrier_unconditional,1,8,8,0,"[1, 8]",8,8,8,,,true,false,[],[],"{""missing_expected_channel_count"": 0, ""duplicate_channel_count"": 0, ""force_channel_count"": 8, ""moment_channel_count"": 0}",3,0,,true,true,false,27,false,true,35,Y - GLOBAL,NEWTONS,AS MEASURED,PRIMARY,true,true,36,Y - GLOBAL,NEWTONS,AS MEASURED,PRIMARY,true,true,37,Y - GLOBAL,NEWTONS,AS MEASURED,PRIMARY,true,true,38,Y - GLOBAL,NEWTONS,AS MEASURED,PRIMARY,true,true,39,Y - GLOBAL,NEWTONS,AS MEASURED,PRIMARY,true,true,40,Y - GLOBAL,NEWTONS,AS MEASURED,PRIMARY,true,true,41,Y - GLOBAL,NEWTONS,AS MEASURED,PRIMARY,true,true,42,Y - GLOBAL,NEWTONS,CHANNEL FAILED,PRIMARY,false,true,17,G'S,AS MEASURED,PRIMARY,true,true,18,G'S,AS MEASURED,PRIMARY,true,true,19,G'S,AS MEASURED,PRIMARY,true
7952,2012-08-28,OPTIONAL NEW CAR ASSESSMENT TEST,VEHICLE INTO POLE,NCAP SIDE IMPACT POLE BARRIER- 2013 INFINITI M 4-DOOR SEDAN,side,side,classified,,side_pole_load_cell_8,side_pole_load_cell_barrier,covered_with_mask,POLE,POLE,pole_barrier_unconditional,1,8,8,0,"[1, 8]",8,8,8,,,true,true,[],[],"{""missing_expected_channel_count"": 0, ""duplicate_channel_count"": 0, ""force_channel_count"": 8, ""moment_channel_count"": 0}",3,0,,true,true,false,27,false,true,35,Y - GLOBAL,NEWTONS,AS MEASURED,PRIMARY,true,true,36,Y - GLOBAL,NEWTONS,AS MEASURED,PRIMARY,true,true,37,Y - GLOBAL,NEWTONS,AS MEASURED,PRIMARY,true,true,38,Y - GLOBAL,NEWTONS,AS MEASURED,PRIMARY,true,true,39,Y - GLOBAL,NEWTONS,AS MEASURED,PRIMARY,true,true,40,Y - GLOBAL,NEWTONS,AS MEASURED,PRIMARY,true,true,41,Y - GLOBAL,NEWTONS,AS MEASURED,PRIMARY,true,true,42,Y - GLOBAL,NEWTONS,AS MEASURED,PRIMARY,true,true,17,G'S,AS MEASURED,PRIMARY,true,true,18,G'S,AS MEASURED,PRIMARY,true,true,19,G'S,AS MEASURED,PRIMARY,true
7955,2012-08-28,NEW CAR ASSESSMENT TEST,VEHICLE INTO POLE,NCAP SIDE POLE - 2013 NISSAN ALTIMA S 4-DR SEDAN,side,side,classified,,side_pole_load_cell_8,side_pole_load_cell_barrier,covered_with_mask,POLE,POLE,pole_barrier_unconditional,1,8,8,0,"[1, 8]",8,8,8,,,true,true,[],[],"{""missing_expected_channel_count"": 0, ""duplicate_channel_count"": 0, ""force_channel_count"": 8, ""moment_channel_count"": 0}",3,0,,true,false,true,33,false,true,35,Y - GLOBAL,NEWTONS,AS MEASURED,PRIMARY,true,true,36,Y - GLOBAL,NEWTONS,AS MEASURED,PRIMARY,true,true,37,Y - GLOBAL,NEWTONS,AS MEASURED,PRIMARY,true,true,38,Y - GLOBAL,NEWTONS,AS MEASURED,PRIMARY,true,true,39,Y - GLOBAL,NEWTONS,AS MEASURED,PRIMARY,true,true,40,Y - GLOBAL,NEWTONS,AS MEASURED,PRIMARY,true,true,41,Y - GLOBAL,NEWTONS,AS MEASURED,PRIMARY,true,true,42,Y - GLOBAL,NEWTONS,AS MEASURED,PRIMARY,true,true,17,G'S,QUESTIONABLE DATA,PRIMARY,false,true,18,G'S,AS MEASURED,PRIMARY,true,true,19,G'S,AS MEASURED,PRIMARY,true
7979,2012-09-24,NEW CAR ASSESSMENT TEST,VEHICLE INTO POLE,NCAP SIDE POLE - 2013 VOLKSWAGEN TIGUAN S SUV,side,side,classified,,side_pole_load_cell_8,side_pole_load_cell_barrier,covered_with_mask,POLE,POLE,pole_barrier_unconditional,1,8,8,0,"[1, 8]",8,8,8,,,true,true,[],[],"{""missing_expected_channel_count"": 0, ""duplicate_channel_count"": 0, ""force_channel_count"": 8, ""moment_channel_count"": 0}",3,0,,true,false,true,33,false,true,35,Y - GLOBAL,NEWTONS,AS MEASURED,PRIMARY,true,true,36,Y - GLOBAL,NEWTONS,AS MEASURED,PRIMARY,true,true,37,Y - GLOBAL,NEWTONS,AS MEASURED,PRIMARY,true,true,38,Y - GLOBAL,NEWTONS,AS MEASURED,PRIMARY,true,true,39,Y - GLOBAL,NEWTONS,AS MEASURED,PRIMARY,true,true,40,Y - GLOBAL,NEWTONS,AS MEASURED,PRIMARY,true,true,41,Y - GLOBAL,NEWTONS,AS MEASURED,PRIMARY,true,true,42,Y - GLOBAL,NEWTONS,AS MEASURED,PRIMARY,true,true,17,G'S,CHANNEL FAILED,PRIMARY,false,true,18,G'S,CHANNEL FAILED,PRIMARY,false,true,19,G'S,AS MEASURED,PRIMARY,true
7980,2012-09-25,NEW CAR ASSESSMENT TEST,VEHICLE INTO POLE,NEW CAR ASSESSMENT PROGRAM SIDE POLE BARRIER IMPACT TEST,side,side,classified,,side_pole_load_cell_8,side_pole_load_cell_barrier,covered_with_mask,POLE,POLE,pole_barrier_unconditional,1,8,8,0,"[1, 8]",8,8,8,,,true,true,[],[],"{""missing_expected_channel_count"": 0, ""duplicate_channel_count"": 0, ""force_channel_count"": 8, ""moment_channel_count"": 0}",3,0,,true,true,false,27,false,true,35,Y - GLOBAL,NEWTONS,AS MEASURED,PRIMARY,true,true,36,Y - GLOBAL,NEWTONS,AS MEASURED,PRIMARY,true,true,37,Y - GLOBAL,NEWTONS,AS MEASURED,PRIMARY,true,true,38,Y - GLOBAL,NEWTONS,AS MEASURED,PRIMARY,true,true,39,Y - GLOBAL,NEWTONS,AS MEASURED,PRIMARY,true,true,40,Y - GLOBAL,NEWTONS,AS MEASURED,PRIMARY,true,true,41,Y - GLOBAL,NEWTONS,AS MEASURED,PRIMARY,true,true,42,Y - GLOBAL,NEWTONS,AS MEASURED,PRIMARY,true,true,17,G'S,AS MEASURED,PRIMARY,true,true,18,G'S,AS MEASURED,PRIMARY,true,true,19,G'S,AS MEASURED,PRIMARY,true
7982,2012-09-26,NEW CAR ASSESSMENT TEST,VEHICLE INTO POLE,NCAP SIDE IMPACT POLE BARRIER- 2013 BMW X5 XDRIVE 35I AWD 5-DOOR MPV,side,side,classified,,side_pole_load_cell_8,side_pole_load_cell_barrier,covered_with_mask,POLE,POLE,pole_barrier_unconditional,1,8,8,0,"[1, 8]",8,8,8,,,true,true,[],[],"{""missing_expected_channel_count"": 0, ""duplicate_channel_count"": 0, ""force_channel_count"": 8, ""moment_channel_count"": 0}",3,0,,true,true,false,27,false,true,35,Y - GLOBAL,NEWTONS,AS MEASURED,PRIMARY,true,true,36,Y - GLOBAL,NEWTONS,AS MEASURED,PRIMARY,true,true,37,Y - GLOBAL,NEWTONS,AS MEASURED,PRIMARY,true,true,38,Y - GLOBAL,NEWTONS,AS MEASURED,PRIMARY,true,true,39,Y - GLOBAL,NEWTONS,AS MEASURED,PRIMARY,true,true,40,Y - GLOBAL,NEWTONS,AS MEASURED,PRIMARY,true,true,41,Y - GLOBAL,NEWTONS,AS MEASURED,PRIMARY,true,true,42,Y - GLOBAL,NEWTONS,AS MEASURED,PRIMARY,true,true,17,G'S,AS MEASURED,PRIMARY,true,true,18,G'S,AS MEASURED,PRIMARY,true,true,19,G'S,AS MEASURED,PRIMARY,true
7987,2012-09-27,NEW CAR ASSESSMENT TEST,VEHICLE INTO POLE,75 DEGREE OBLIQUE RIGID POLE SIDE NCAP IMPACT,side,side,classified,,side_pole_load_cell_8,side_pole_load_cell_barrier,covered_with_mask,POLE,POLE,pole_barrier_unconditional,1,8,8,0,"[1, 8]",8,8,8,,,true,false,[],[],"{""missing_expected_channel_count"": 0, ""duplicate_channel_count"": 0, ""force_channel_count"": 8, ""moment_channel_count"": 0}",3,0,,true,true,false,27,false,true,35,Y - GLOBAL,NEWTONS,AS MEASURED,PRIMARY,true,true,36,Y - GLOBAL,NEWTONS,AS MEASURED,PRIMARY,true,true,37,Y - GLOBAL,NEWTONS,QUESTIONABLE DATA,PRIMARY,false,true,38,Y - GLOBAL,NEWTONS,QUESTIONABLE DATA,PRIMARY,false,true,39,Y - GLOBAL,NEWTONS,AS MEASURED,PRIMARY,true,true,40,Y - GLOBAL,NEWTONS,AS MEASURED,PRIMARY,true,true,41,Y - GLOBAL,NEWTONS,AS MEASURED,PRIMARY,true,true,42,Y - GLOBAL,NEWTONS,AS MEASURED,PRIMARY,true,true,17,G'S,AS MEASURED,PRIMARY,true,true,18,G'S,AS MEASURED,PRIMARY,true,true,19,G'S,AS MEASURED,PRIMARY,true
7988,2012-10-01,NEW CAR ASSESSMENT TEST,VEHICLE INTO POLE,NCAP SIDE POLE - 2013 CADILLAC XTS 4-DR SEDAN,side,side,classified,,side_pole_load_cell_8,side_pole_load_cell_barrier,covered_with_mask,POLE,POLE,pole_barrier_unconditional,1,8,8,0,"[1, 8]",8,8,8,,,true,false,[],[],"{""missing_expected_channel_count"": 0, ""duplicate_channel_count"": 0, ""force_channel_count"": 8, ""moment_channel_count"": 0}",3,0,,true,true,false,33,false,true,35,Y - GLOBAL,NEWTONS,QUESTIONABLE DATA,PRIMARY,false,true,36,Y - GLOBAL,NEWTONS,AS MEASURED,PRIMARY,true,true,37,Y - GLOBAL,NEWTONS,AS MEASURED,PRIMARY,true,true,38,Y - GLOBAL,NEWTONS,AS MEASURED,PRIMARY,true,true,39,Y - GLOBAL,NEWTONS,AS MEASURED,PRIMARY,true,true,40,Y - GLOBAL,NEWTONS,AS MEASURED,PRIMARY,true,true,41,Y - GLOBAL,NEWTONS,AS MEASURED,PRIMARY,true,true,42,Y - GLOBAL,NEWTONS,AS MEASURED,PRIMARY,true,true,17,G'S,AS MEASURED,PRIMARY,true,true,18,G'S,AS MEASURED,PRIMARY,true,true,19,G'S,AS MEASURED,PRIMARY,true
7996,2012-10-05,NEW CAR ASSESSMENT TEST,VEHICLE INTO POLE,75 DEGREE OBLIQUE RIGID POLE SIDE NCAP IMPACT,side,side,classified,,side_pole_load_cell_8,side_pole_load_cell_barrier,covered_with_mask,POLE,POLE,pole_barrier_unconditional,1,8,8,0,"[1, 8]",8,8,8,,,true,true,[],[],"{""missing_expected_channel_count"": 0, ""duplicate_channel_count"": 0, ""force_channel_count"": 8, ""moment_channel_count"": 0}",3,0,,true,false,true,27,false,true,35,Y - GLOBAL,NEWTONS,AS MEASURED,PRIMARY,true,true,36,Y - GLOBAL,NEWTONS,AS MEASURED,PRIMARY,true,true,37,Y - GLOBAL,NEWTONS,AS MEASURED,PRIMARY,true,true,38,Y - GLOBAL,NEWTONS,AS MEASURED,PRIMARY,true,true,39,Y - GLOBAL,NEWTONS,AS MEASURED,PRIMARY,true,true,40,Y - GLOBAL,NEWTONS,AS MEASURED,PRIMARY,true,true,41,Y - GLOBAL,NEWTONS,AS MEASURED,PRIMARY,true,true,42,Y - GLOBAL,NEWTONS,AS MEASURED,PRIMARY,true,true,17,G'S,AS MEASURED,PRIMARY,true,true,18,G'S,AS MEASURED,PRIMARY,true,true,19,G'S,CHANNEL FAILED,PRIMARY,false
7997,2012-10-09,NEW CAR ASSESSMENT TEST,VEHICLE INTO POLE,NCAP SIDE POLE - 2013 HYUNDAI SANTA FE SPORT SUV,side,side,classified,,side_pole_load_cell_8,side_pole_load_cell_barrier,covered_with_mask,POLE,POLE,pole_barrier_unconditional,1,8,8,0,"[1, 8]",8,8,8,,,true,true,[],[],"{""missing_expected_channel_count"": 0, ""duplicate_channel_count"": 0, ""force_channel_count"": 8, ""moment_channel_count"": 0}",3,0,,true,false,true,33,false,true,35,Y - GLOBAL,NEWTONS,AS MEASURED,PRIMARY,true,true,36,Y - GLOBAL,NEWTONS,AS MEASURED,PRIMARY,true,true,37,Y - GLOBAL,NEWTONS,AS MEASURED,PRIMARY,true,true,38,Y - GLOBAL,NEWTONS,AS MEASURED,PRIMARY,true,true,39,Y - GLOBAL,NEWTONS,AS MEASURED,PRIMARY,true,true,40,Y - GLOBAL,NEWTONS,AS MEASURED,PRIMARY,true,true,41,Y - GLOBAL,NEWTONS,AS MEASURED,PRIMARY,true,true,42,Y - GLOBAL,NEWTONS,AS MEASURED,PRIMARY,true,true,17,G'S,QUESTIONABLE DATA,PRIMARY,false,true,18,G'S,QUESTIONABLE DATA,PRIMARY,false,true,19,G'S,AS MEASURED,PRIMARY,true
7999,2012-10-09,NEW CAR ASSESSMENT TEST,VEHICLE INTO POLE,NEW CAR ASSESSMENT PROGRAM SIDE POLE BARRIER IMPACT TEST,side,side,classified,,side_pole_load_cell_8,side_pole_load_cell_barrier,covered_with_mask,POLE,POLE,pole_barrier_unconditional,1,8,8,0,"[1, 8]",8,8,8,,,true,true,[],[],"{""missing_expected_channel_count"": 0, ""duplicate_channel_count"": 0, ""force_channel_count"": 8, ""moment_channel_count"": 0}",3,0,,true,true,false,27,false,true,35,Y - GLOBAL,NEWTONS,AS MEASURED,PRIMARY,true,true,36,Y - GLOBAL,NEWTONS,AS MEASURED,PRIMARY,true,true,37,Y - GLOBAL,NEWTONS,AS MEASURED,PRIMARY,true,true,38,Y - GLOBAL,NEWTONS,AS MEASURED,PRIMARY,true,true,39,Y - GLOBAL,NEWTONS,AS MEASURED,PRIMARY,true,true,40,Y - GLOBAL,NEWTONS,AS MEASURED,PRIMARY,true,true,41,Y - GLOBAL,NEWTONS,AS MEASURED,PRIMARY,true,true,42,Y - GLOBAL,NEWTONS,AS MEASURED,PRIMARY,true,true,17,G'S,AS MEASURED,PRIMARY,true,true,18,G'S,AS MEASURED,PRIMARY,true,true,19,G'S,AS MEASURED,PRIMARY,true
8028,2012-10-18,NEW CAR ASSESSMENT TEST,VEHICLE INTO POLE,75 DEGREE OBLIQUE RIGID POLE SIDE NCAP IMPACT,side,side,classified,,side_pole_load_cell_8,side_pole_load_cell_barrier,covered_with_mask,POLE,POLE,pole_barrier_unconditional,1,8,8,0,"[1, 8]",8,8,8,,,true,false,[],[],"{""missing_expected_channel_count"": 0, ""duplicate_channel_count"": 0, ""force_channel_count"": 8, ""moment_channel_count"": 0}",3,0,,true,false,true,27,false,true,35,Y - GLOBAL,NEWTONS,AS MEASURED,PRIMARY,true,true,36,Y - GLOBAL,NEWTONS,QUESTIONABLE DATA,PRIMARY,false,true,37,Y - GLOBAL,NEWTONS,AS MEASURED,PRIMARY,true,true,38,Y - GLOBAL,NEWTONS,AS MEASURED,PRIMARY,true,true,39,Y - GLOBAL,NEWTONS,AS MEASURED,PRIMARY,true,true,40,Y - GLOBAL,NEWTONS,AS MEASURED,PRIMARY,true,true,41,Y - GLOBAL,NEWTONS,AS MEASURED,PRIMARY,true,true,42,Y - GLOBAL,NEWTONS,AS MEASURED,PRIMARY,true,true,17,G'S,QUESTIONABLE DATA,PRIMARY,false,true,18,G'S,AS MEASURED,PRIMARY,true,true,19,G'S,AS MEASURED,PRIMARY,true
8029,2012-10-18,OPTIONAL NEW CAR ASSESSMENT TEST,VEHICLE INTO POLE,NCAP SIDE POLE - 2013 ACURA ILX 4-DR SEDAN,side,side,classified,,side_pole_load_cell_8,side_pole_load_cell_barrier,covered_with_mask,POLE,POLE,pole_barrier_unconditional,1,8,8,0,"[1, 8]",8,8,8,,,true,true,[],[],"{""missing_expected_channel_count"": 0, ""duplicate_channel_count"": 0, ""force_channel_count"": 8, ""moment_channel_count"": 0}",3,0,,true,false,true,27,false,true,35,Y - GLOBAL,NEWTONS,AS MEASURED,PRIMARY,true,true,36,Y - GLOBAL,NEWTONS,AS MEASURED,PRIMARY,true,true,37,Y - GLOBAL,NEWTONS,AS MEASURED,PRIMARY,true,true,38,Y - GLOBAL,NEWTONS,AS MEASURED,PRIMARY,true,true,39,Y - GLOBAL,NEWTONS,AS MEASURED,PRIMARY,true,true,40,Y - GLOBAL,NEWTONS,AS MEASURED,PRIMARY,true,true,41,Y - GLOBAL,NEWTONS,AS MEASURED,PRIMARY,true,true,42,Y - GLOBAL,NEWTONS,AS MEASURED,PRIMARY,true,true,17,G'S,QUESTIONABLE DATA,PRIMARY,false,true,18,G'S,AS MEASURED,PRIMARY,true,true,19,G'S,AS MEASURED,PRIMARY,true
8032,2012-10-22,NEW CAR ASSESSMENT TEST,VEHICLE INTO POLE,NCAP SIDE IMPACT POLE BARRIER- 2013 HONDA ACCORD EX 4-DOOR SEDAN,side,side,classified,,side_pole_load_cell_8,side_pole_load_cell_barrier,covered_with_mask,POLE,POLE,pole_barrier_unconditional,1,8,8,0,"[1, 8]",8,8,8,,,true,true,[],[],"{""missing_expected_channel_count"": 0, ""duplicate_channel_count"": 0, ""force_channel_count"": 8, ""moment_channel_count"": 0}",3,0,,true,true,false,27,false,true,35,Y - GLOBAL,NEWTONS,AS MEASURED,PRIMARY,true,true,36,Y - GLOBAL,NEWTONS,AS MEASURED,PRIMARY,true,true,37,Y - GLOBAL,NEWTONS,AS MEASURED,PRIMARY,true,true,38,Y - GLOBAL,NEWTONS,AS MEASURED,PRIMARY,true,true,39,Y - GLOBAL,NEWTONS,AS MEASURED,PRIMARY,true,true,40,Y - GLOBAL,NEWTONS,AS MEASURED,PRIMARY,true,true,41,Y - GLOBAL,NEWTONS,AS MEASURED,PRIMARY,true,true,42,Y - GLOBAL,NEWTONS,AS MEASURED,PRIMARY,true,true,17,G'S,AS MEASURED,PRIMARY,true,true,18,G'S,AS MEASURED,PRIMARY,true,true,19,G'S,AS MEASURED,PRIMARY,true
8034,2012-10-23,NEW CAR ASSESSMENT TEST,VEHICLE INTO POLE,75 DEGREE OBLIQUE RIGID POLE SIDE NCAP IMPACT,side,side,classified,,side_pole_load_cell_8,side_pole_load_cell_barrier,covered_with_mask,POLE,POLE,pole_barrier_unconditional,1,8,8,0,"[1, 8]",8,8,8,,,true,true,[],[],"{""missing_expected_channel_count"": 0, ""duplicate_channel_count"": 0, ""force_channel_count"": 8, ""moment_channel_count"": 0}",3,0,,true,true,false,27,false,true,35,Y - GLOBAL,NEWTONS,AS MEASURED,PRIMARY,true,true,36,Y - GLOBAL,NEWTONS,AS MEASURED,PRIMARY,true,true,37,Y - GLOBAL,NEWTONS,AS MEASURED,PRIMARY,true,true,38,Y - GLOBAL,NEWTONS,AS MEASURED,PRIMARY,true,true,39,Y - GLOBAL,NEWTONS,AS MEASURED,PRIMARY,true,true,40,Y - GLOBAL,NEWTONS,AS MEASURED,PRIMARY,true,true,41,Y - GLOBAL,NEWTONS,AS MEASURED,PRIMARY,true,true,42,Y - GLOBAL,NEWTONS,AS MEASURED,PRIMARY,true,true,17,G'S,AS MEASURED,PRIMARY,true,true,18,G'S,AS MEASURED,PRIMARY,true,true,19,G'S,AS MEASURED,PRIMARY,true
8037,2012-10-25,OPTIONAL NEW CAR ASSESSMENT TEST,VEHICLE INTO POLE,NCAP SIDE POLE - 2013 LEXUS ES 350 4-DR SEDAN,side,side,classified,,side_pole_load_cell_8,side_pole_load_cell_barrier,covered_with_mask,POLE,POLE,pole_barrier_unconditional,1,8,8,0,"[1, 8]",8,8,8,,,true,true,[],[],"{""missing_expected_channel_count"": 0, ""duplicate_channel_count"": 0, ""force_channel_count"": 8, ""moment_channel_count"": 0}",3,0,,true,true,false,27,false,true,35,Y - GLOBAL,NEWTONS,AS MEASURED,PRIMARY,true,true,36,Y - GLOBAL,NEWTONS,AS MEASURED,PRIMARY,true,true,37,Y - GLOBAL,NEWTONS,AS MEASURED,PRIMARY,true,true,38,Y - GLOBAL,NEWTONS,AS MEASURED,PRIMARY,true,true,39,Y - GLOBAL,NEWTONS,AS MEASURED,PRIMARY,true,true,40,Y - GLOBAL,NEWTONS,AS MEASURED,PRIMARY,true,true,41,Y - GLOBAL,NEWTONS,AS MEASURED,PRIMARY,true,true,42,Y - GLOBAL,NEWTONS,AS MEASURED,PRIMARY,true,true,17,G'S,AS MEASURED,PRIMARY,true,true,18,G'S,AS MEASURED,PRIMARY,true,true,19,G'S,AS MEASURED,PRIMARY,true
8040,2012-10-29,OPTIONAL NEW CAR ASSESSMENT TEST,VEHICLE INTO POLE,NEW CAR ASSESSMENT PROGRAM SIDE POLE BARRIER IMPACT TEST,side,side,classified,,side_pole_load_cell_8,side_pole_load_cell_barrier,covered_with_mask,POLE,POLE,pole_barrier_unconditional,1,8,8,0,"[1, 8]",8,8,8,,,true,true,[],[],"{""missing_expected_channel_count"": 0, ""duplicate_channel_count"": 0, ""force_channel_count"": 8, ""moment_channel_count"": 0}",3,0,,true,true,false,27,false,true,35,Y - GLOBAL,NEWTONS,AS MEASURED,PRIMARY,true,true,36,Y - GLOBAL,NEWTONS,AS MEASURED,PRIMARY,true,true,37,Y - GLOBAL,NEWTONS,AS MEASURED,PRIMARY,true,true,38,Y - GLOBAL,NEWTONS,AS MEASURED,PRIMARY,true,true,39,Y - GLOBAL,NEWTONS,AS MEASURED,PRIMARY,true,true,40,Y - GLOBAL,NEWTONS,AS MEASURED,PRIMARY,true,true,41,Y - GLOBAL,NEWTONS,AS MEASURED,PRIMARY,true,true,42,Y - GLOBAL,NEWTONS,AS MEASURED,PRIMARY,true,true,17,G'S,AS MEASURED,PRIMARY,true,true,18,G'S,AS MEASURED,PRIMARY,true,true,19,G'S,AS MEASURED,PRIMARY,true
8046,2012-11-08,NEW CAR ASSESSMENT TEST,VEHICLE INTO POLE,NCAP SIDE IMPACT POLE BARRIER- 2013 CADILLAC ATS 4-DOOR SEDAN,side,side,classified,,side_pole_load_cell_8,side_pole_load_cell_barrier,covered_with_mask,POLE,POLE,pole_barrier_unconditional,1,8,8,0,"[1, 8]",8,8,8,,,true,true,[],[],"{""missing_expected_channel_count"": 0, ""duplicate_channel_count"": 0, ""force_channel_count"": 8, ""moment_channel_count"": 0}",3,0,,true,true,false,27,false,true,35,Y - GLOBAL,NEWTONS,AS MEASURED,PRIMARY,true,true,36,Y - GLOBAL,NEWTONS,AS MEASURED,PRIMARY,true,true,37,Y - GLOBAL,NEWTONS,AS MEASURED,PRIMARY,true,true,38,Y - GLOBAL,NEWTONS,AS MEASURED,PRIMARY,true,true,39,Y - GLOBAL,NEWTONS,AS MEASURED,PRIMARY,true,true,40,Y - GLOBAL,NEWTONS,AS MEASURED,PRIMARY,true,true,41,Y - GLOBAL,NEWTONS,AS MEASURED,PRIMARY,true,true,42,Y - GLOBAL,NEWTONS,AS MEASURED,PRIMARY,true,true,17,G'S,AS MEASURED,PRIMARY,true,true,18,G'S,AS MEASURED,PRIMARY,true,true,19,G'S,AS MEASURED,PRIMARY,true
8050,2012-11-06,NEW CAR ASSESSMENT TEST,VEHICLE INTO POLE,NEW CAR ASSESSMENT PROGRAM SIDE POLE BARRIER IMPACT TEST,side,side,classified,,side_pole_load_cell_8,side_pole_load_cell_barrier,covered_with_mask,POLE,POLE,pole_barrier_unconditional,1,8,8,0,"[1, 8]",8,8,8,,,true,false,[],[],"{""missing_expected_channel_count"": 0, ""duplicate_channel_count"": 0, ""force_channel_count"": 8, ""moment_channel_count"": 0}",3,0,,true,true,false,27,false,true,35,Y - GLOBAL,NEWTONS,AS MEASURED,PRIMARY,true,true,36,Y - GLOBAL,NEWTONS,AS MEASURED,PRIMARY,true,true,37,Y - GLOBAL,NEWTONS,AS MEASURED,PRIMARY,true,true,38,Y - GLOBAL,NEWTONS,QUESTIONABLE DATA,PRIMARY,false,true,39,Y - GLOBAL,NEWTONS,AS MEASURED,PRIMARY,true,true,40,Y - GLOBAL,NEWTONS,AS MEASURED,PRIMARY,true,true,41,Y - GLOBAL,NEWTONS,AS MEASURED,PRIMARY,true,true,42,Y - GLOBAL,NEWTONS,AS MEASURED,PRIMARY,true,true,17,G'S,AS MEASURED,PRIMARY,true,true,18,G'S,AS MEASURED,PRIMARY,true,true,19,G'S,AS MEASURED,PRIMARY,true
8052,2012-11-09,NEW CAR ASSESSMENT TEST,VEHICLE INTO POLE,NCAP SIDE POLE - 2013 DODGE CHALLENGER SXT 2-DR COUPE,side,side,classified,,side_pole_load_cell_8,side_pole_load_cell_barrier,covered_with_mask,POLE,POLE,pole_barrier_unconditional,1,8,8,0,"[1, 8]",8,8,8,,,true,true,[],[],"{""missing_expected_channel_count"": 0, ""duplicate_channel_count"": 0, ""force_channel_count"": 8, ""moment_channel_count"": 0}",3,0,,true,true,false,33,false,true,35,Y - GLOBAL,NEWTONS,AS MEASURED,PRIMARY,true,true,36,Y - GLOBAL,NEWTONS,AS MEASURED,PRIMARY,true,true,37,Y - GLOBAL,NEWTONS,AS MEASURED,PRIMARY,true,true,38,Y - GLOBAL,NEWTONS,AS MEASURED,PRIMARY,true,true,39,Y - GLOBAL,NEWTONS,AS MEASURED,PRIMARY,true,true,40,Y - GLOBAL,NEWTONS,AS MEASURED,PRIMARY,true,true,41,Y - GLOBAL,NEWTONS,AS MEASURED,PRIMARY,true,true,42,Y - GLOBAL,NEWTONS,AS MEASURED,PRIMARY,true,true,17,G'S,AS MEASURED,PRIMARY,true,true,18,G'S,AS MEASURED,PRIMARY,true,true,19,G'S,AS MEASURED,PRIMARY,true
8056,2012-11-15,OPTIONAL NEW CAR ASSESSMENT TEST,VEHICLE INTO POLE,NCAP SIDE POLE - 2013 INFINITI JX35 SUV,side,side,classified,,side_pole_load_cell_8,side_pole_load_cell_barrier,covered_with_mask,POLE,POLE,pole_barrier_unconditional,1,8,8,0,"[1, 8]",8,8,8,,,true,true,[],[],"{""missing_expected_channel_count"": 0, ""duplicate_channel_count"": 0, ""force_channel_count"": 8, ""moment_channel_count"": 0}",3,0,,true,true,false,27,false,true,35,Y - GLOBAL,NEWTONS,AS MEASURED,PRIMARY,true,true,36,Y - GLOBAL,NEWTONS,AS MEASURED,PRIMARY,true,true,37,Y - GLOBAL,NEWTONS,AS MEASURED,PRIMARY,true,true,38,Y - GLOBAL,NEWTONS,AS MEASURED,PRIMARY,true,true,39,Y - GLOBAL,NEWTONS,AS MEASURED,PRIMARY,true,true,40,Y - GLOBAL,NEWTONS,AS MEASURED,PRIMARY,true,true,41,Y - GLOBAL,NEWTONS,AS MEASURED,PRIMARY,true,true,42,Y - GLOBAL,NEWTONS,AS MEASURED,PRIMARY,true,true,17,G'S,AS MEASURED,PRIMARY,true,true,18,G'S,AS MEASURED,PRIMARY,true,true,19,G'S,AS MEASURED,PRIMARY,true
8060,2012-11-14,NEW CAR ASSESSMENT TEST,VEHICLE INTO POLE,NCAP SIDE IMPACT POLE BARRIER- 2013 LEXUS IS250 4-DOOR SEDAN,side,side,classified,,side_pole_load_cell_8,side_pole_load_cell_barrier,covered_with_mask,POLE,POLE,pole_barrier_unconditional,1,8,8,0,"[1, 8]",8,8,8,,,true,true,[],[],"{""missing_expected_channel_count"": 0, ""duplicate_channel_count"": 0, ""force_channel_count"": 8, ""moment_channel_count"": 0}",3,0,,true,true,false,27,false,true,35,Y - GLOBAL,NEWTONS,AS MEASURED,PRIMARY,true,true,36,Y - GLOBAL,NEWTONS,AS MEASURED,PRIMARY,true,true,37,Y - GLOBAL,NEWTONS,AS MEASURED,PRIMARY,true,true,38,Y - GLOBAL,NEWTONS,AS MEASURED,PRIMARY,true,true,39,Y - GLOBAL,NEWTONS,AS MEASURED,PRIMARY,true,true,40,Y - GLOBAL,NEWTONS,AS MEASURED,PRIMARY,true,true,41,Y - GLOBAL,NEWTONS,AS MEASURED,PRIMARY,true,true,42,Y - GLOBAL,NEWTONS,AS MEASURED,PRIMARY,true,true,17,G'S,AS MEASURED,PRIMARY,true,true,18,G'S,AS MEASURED,PRIMARY,true,true,19,G'S,AS MEASURED,PRIMARY,true
8067,2012-02-16,NEW CAR ASSESSMENT TEST,VEHICLE INTO POLE,SIDE NCAP RIGID POLE 2013 RAM 1500 4-DOOR CREW CAB PICKUP,side,side,classified,,side_pole_load_cell_8,side_pole_load_cell_barrier,covered_with_mask,POLE,POLE,pole_barrier_unconditional,1,8,8,0,"[1, 8]",8,8,8,,,true,true,[],[],"{""missing_expected_channel_count"": 0, ""duplicate_channel_count"": 0, ""force_channel_count"": 8, ""moment_channel_count"": 0}",3,0,,true,true,false,27,false,true,35,Y - GLOBAL,NEWTONS,AS MEASURED,PRIMARY,true,true,36,Y - GLOBAL,NEWTONS,AS MEASURED,PRIMARY,true,true,37,Y - GLOBAL,NEWTONS,AS MEASURED,PRIMARY,true,true,38,Y - GLOBAL,NEWTONS,AS MEASURED,PRIMARY,true,true,39,Y - GLOBAL,NEWTONS,AS MEASURED,PRIMARY,true,true,40,Y - GLOBAL,NEWTONS,AS MEASURED,PRIMARY,true,true,41,Y - GLOBAL,NEWTONS,AS MEASURED,PRIMARY,true,true,42,Y - GLOBAL,NEWTONS,AS MEASURED,PRIMARY,true,true,17,G'S,AS MEASURED,PRIMARY,true,true,18,G'S,AS MEASURED,PRIMARY,true,true,19,G'S,AS MEASURED,PRIMARY,true
8070,2012-12-05,NEW CAR ASSESSMENT TEST,VEHICLE INTO POLE,NCAP SIDE POLE - 2013 FORD C-MAX HYBRID SE 5-DR HATCHBACK,side,side,classified,,side_pole_load_cell_8,side_pole_load_cell_barrier,covered_with_mask,POLE,POLE,pole_barrier_unconditional,1,8,8,0,"[1, 8]",8,8,8,,,true,false,[],[],"{""missing_expected_channel_count"": 0, ""duplicate_channel_count"": 0, ""force_channel_count"": 8, ""moment_channel_count"": 0}",3,0,,true,true,false,27,false,true,35,Y - GLOBAL,NEWTONS,AS MEASURED,PRIMARY,true,true,36,Y - GLOBAL,NEWTONS,AS MEASURED,PRIMARY,true,true,37,Y - GLOBAL,NEWTONS,AS MEASURED,PRIMARY,true,true,38,Y - GLOBAL,NEWTONS,AS MEASURED,PRIMARY,true,true,39,Y - GLOBAL,NEWTONS,AS MEASURED,PRIMARY,true,true,40,Y - GLOBAL,NEWTONS,AS MEASURED,PRIMARY,true,true,41,Y - GLOBAL,NEWTONS,AS MEASURED,PRIMARY,true,true,42,Y - GLOBAL,NEWTONS,CHANNEL FAILED,PRIMARY,false,true,17,G'S,AS MEASURED,PRIMARY,true,true,18,G'S,AS MEASURED,PRIMARY,true,true,19,G'S,AS MEASURED,PRIMARY,true
8073,2012-12-11,NEW CAR ASSESSMENT TEST,VEHICLE INTO POLE,NCAP SIDE POLE - 2013 FORD FUSION SE HYBRID 4-DR SEDAN,side,side,classified,,side_pole_load_cell_8,side_pole_load_cell_barrier,covered_with_mask,POLE,POLE,pole_barrier_unconditional,1,8,8,0,"[1, 8]",8,8,8,,,true,true,[],[],"{""missing_expected_channel_count"": 0, ""duplicate_channel_count"": 0, ""force_channel_count"": 8, ""moment_channel_count"": 0}",3,0,,true,true,false,27,false,true,35,Y - GLOBAL,NEWTONS,AS MEASURED,PRIMARY,true,true,36,Y - GLOBAL,NEWTONS,AS MEASURED,PRIMARY,true,true,37,Y - GLOBAL,NEWTONS,AS MEASURED,PRIMARY,true,true,38,Y - GLOBAL,NEWTONS,AS MEASURED,PRIMARY,true,true,39,Y - GLOBAL,NEWTONS,AS MEASURED,PRIMARY,true,true,40,Y - GLOBAL,NEWTONS,AS MEASURED,PRIMARY,true,true,41,Y - GLOBAL,NEWTONS,AS MEASURED,PRIMARY,true,true,42,Y - GLOBAL,NEWTONS,AS MEASURED,PRIMARY,true,true,17,G'S,AS MEASURED,PRIMARY,true,true,18,G'S,AS MEASURED,PRIMARY,true,true,19,G'S,AS MEASURED,PRIMARY,true
8075,2012-12-12,NEW CAR ASSESSMENT TEST,VEHICLE INTO POLE,NCAP SIDE IMPACT POLE BARRIER- 2013 MERCEDES-BENZ C250 4-DOOR SEDAN,side,side,classified,,side_pole_load_cell_8,side_pole_load_cell_barrier,covered_with_mask,POLE,POLE,pole_barrier_unconditional,1,8,8,0,"[1, 8]",8,8,8,,,true,true,[],[],"{""missing_expected_channel_count"": 0, ""duplicate_channel_count"": 0, ""force_channel_count"": 8, ""moment_channel_count"": 0}",3,0,,true,true,false,27,false,true,35,Y - GLOBAL,NEWTONS,AS MEASURED,PRIMARY,true,true,36,Y - GLOBAL,NEWTONS,AS MEASURED,PRIMARY,true,true,37,Y - GLOBAL,NEWTONS,AS MEASURED,PRIMARY,true,true,38,Y - GLOBAL,NEWTONS,AS MEASURED,PRIMARY,true,true,39,Y - GLOBAL,NEWTONS,AS MEASURED,PRIMARY,true,true,40,Y - GLOBAL,NEWTONS,AS MEASURED,PRIMARY,true,true,41,Y - GLOBAL,NEWTONS,AS MEASURED,PRIMARY,true,true,42,Y - GLOBAL,NEWTONS,AS MEASURED,PRIMARY,true,true,17,G'S,AS MEASURED,PRIMARY,true,true,18,G'S,AS MEASURED,PRIMARY,true,true,19,G'S,AS MEASURED,PRIMARY,true
8076,2012-12-13,NEW CAR ASSESSMENT TEST,VEHICLE INTO POLE,SIDE NCAP RIGID POLE 2013 DODGE RAM 1500 4-DOOR QUAD CAB PICKUP,side,side,classified,,side_pole_load_cell_8,side_pole_load_cell_barrier,covered_with_mask,POLE,POLE,pole_barrier_unconditional,1,8,8,0,"[1, 8]",8,8,8,,,true,true,[],[],"{""missing_expected_channel_count"": 0, ""duplicate_channel_count"": 0, ""force_channel_count"": 8, ""moment_channel_count"": 0}",3,0,,true,true,false,27,false,true,35,Y - GLOBAL,NEWTONS,AS MEASURED,PRIMARY,true,true,36,Y - GLOBAL,NEWTONS,AS MEASURED,PRIMARY,true,true,37,Y - GLOBAL,NEWTONS,AS MEASURED,PRIMARY,true,true,38,Y - GLOBAL,NEWTONS,AS MEASURED,PRIMARY,true,true,39,Y - GLOBAL,NEWTONS,AS MEASURED,PRIMARY,true,true,40,Y - GLOBAL,NEWTONS,AS MEASURED,PRIMARY,true,true,41,Y - GLOBAL,NEWTONS,AS MEASURED,PRIMARY,true,true,42,Y - GLOBAL,NEWTONS,AS MEASURED,PRIMARY,true,true,17,G'S,AS MEASURED,PRIMARY,true,true,18,G'S,AS MEASURED,PRIMARY,true,true,19,G'S,AS MEASURED,PRIMARY,true
8083,2012-12-20,NEW CAR ASSESSMENT TEST,VEHICLE INTO POLE,NCAP SIDE IMPACT POLE BARRIER- 2013 FORD FOCUS ELECTRIC 5-DR HATCHBACK,side,side,classified,,side_pole_load_cell_8,side_pole_load_cell_barrier,covered_with_mask,POLE,POLE,pole_barrier_unconditional,1,8,8,0,"[1, 8]",8,8,8,,,true,true,[],[],"{""missing_expected_channel_count"": 0, ""duplicate_channel_count"": 0, ""force_channel_count"": 8, ""moment_channel_count"": 0}",3,0,,true,true,false,27,false,true,35,Y - GLOBAL,NEWTONS,AS MEASURED,PRIMARY,true,true,36,Y - GLOBAL,NEWTONS,AS MEASURED,PRIMARY,true,true,37,Y - GLOBAL,NEWTONS,AS MEASURED,PRIMARY,true,true,38,Y - GLOBAL,NEWTONS,AS MEASURED,PRIMARY,true,true,39,Y - GLOBAL,NEWTONS,AS MEASURED,PRIMARY,true,true,40,Y - GLOBAL,NEWTONS,AS MEASURED,PRIMARY,true,true,41,Y - GLOBAL,NEWTONS,AS MEASURED,PRIMARY,true,true,42,Y - GLOBAL,NEWTONS,AS MEASURED,PRIMARY,true,true,17,G'S,AS MEASURED,PRIMARY,true,true,18,G'S,AS MEASURED,PRIMARY,true,true,19,G'S,AS MEASURED,PRIMARY,true
8090,2012-12-19,NEW CAR ASSESSMENT TEST,VEHICLE INTO POLE,NCAP SIDE POLE - 2013 MERCEDES-BENZ ML350 SUV,side,side,classified,,side_pole_load_cell_8,side_pole_load_cell_barrier,covered_with_mask,POLE,POLE,pole_barrier_unconditional,1,8,8,0,"[1, 8]",8,8,8,,,true,true,[],[],"{""missing_expected_channel_count"": 0, ""duplicate_channel_count"": 0, ""force_channel_count"": 8, ""moment_channel_count"": 0}",3,0,,true,false,true,27,false,true,35,Y - GLOBAL,NEWTONS,AS MEASURED,PRIMARY,true,true,36,Y - GLOBAL,NEWTONS,AS MEASURED,PRIMARY,true,true,37,Y - GLOBAL,NEWTONS,AS MEASURED,PRIMARY,true,true,38,Y - GLOBAL,NEWTONS,AS MEASURED,PRIMARY,true,true,39,Y - GLOBAL,NEWTONS,AS MEASURED,PRIMARY,true,true,40,Y - GLOBAL,NEWTONS,AS MEASURED,PRIMARY,true,true,41,Y - GLOBAL,NEWTONS,AS MEASURED,PRIMARY,true,true,42,Y - GLOBAL,NEWTONS,AS MEASURED,PRIMARY,true,true,17,G'S,QUESTIONABLE DATA,PRIMARY,false,true,18,G'S,AS MEASURED,PRIMARY,true,true,19,G'S,AS MEASURED,PRIMARY,true
8093,2013-01-03,NEW CAR ASSESSMENT TEST,VEHICLE INTO POLE,NCAP SIDE IMPACT POLE BARRIER- 2013 NISSAN SENTRA S 4-DOOR SEDAN,side,side,classified,,side_pole_load_cell_8,side_pole_load_cell_barrier,covered_with_mask,POLE,POLE,pole_barrier_unconditional,1,8,8,0,"[1, 8]",8,8,8,,,true,true,[],[],"{""missing_expected_channel_count"": 0, ""duplicate_channel_count"": 0, ""force_channel_count"": 8, ""moment_channel_count"": 0}",3,0,,true,false,true,27,false,true,35,Y - GLOBAL,NEWTONS,AS MEASURED,PRIMARY,true,true,36,Y - GLOBAL,NEWTONS,AS MEASURED,PRIMARY,true,true,37,Y - GLOBAL,NEWTONS,AS MEASURED,PRIMARY,true,true,38,Y - GLOBAL,NEWTONS,AS MEASURED,PRIMARY,true,true,39,Y - GLOBAL,NEWTONS,AS MEASURED,PRIMARY,true,true,40,Y - GLOBAL,NEWTONS,AS MEASURED,PRIMARY,true,true,41,Y - GLOBAL,NEWTONS,AS MEASURED,PRIMARY,true,true,42,Y - GLOBAL,NEWTONS,AS MEASURED,PRIMARY,true,true,17,G'S,CHANNEL FAILED,PRIMARY,false,true,18,G'S,CHANNEL FAILED,PRIMARY,false,true,19,G'S,CHANNEL FAILED,PRIMARY,false
8098,2013-01-09,NEW CAR ASSESSMENT TEST,VEHICLE INTO POLE,NCAP SIDE IMPACT POLE BARRIER- 2013 HONDA ACCORD EX 2-DOOR COUPE,side,side,classified,,side_pole_load_cell_8,side_pole_load_cell_barrier,covered_with_mask,POLE,POLE,pole_barrier_unconditional,1,8,8,0,"[1, 8]",8,8,8,,,true,true,[],[],"{""missing_expected_channel_count"": 0, ""duplicate_channel_count"": 0, ""force_channel_count"": 8, ""moment_channel_count"": 0}",3,0,,true,false,true,27,false,true,35,Y - GLOBAL,NEWTONS,AS MEASURED,PRIMARY,true,true,36,Y - GLOBAL,NEWTONS,AS MEASURED,PRIMARY,true,true,37,Y - GLOBAL,NEWTONS,AS MEASURED,PRIMARY,true,true,38,Y - GLOBAL,NEWTONS,AS MEASURED,PRIMARY,true,true,39,Y - GLOBAL,NEWTONS,AS MEASURED,PRIMARY,true,true,40,Y - GLOBAL,NEWTONS,AS MEASURED,PRIMARY,true,true,41,Y - GLOBAL,NEWTONS,AS MEASURED,PRIMARY,true,true,42,Y - GLOBAL,NEWTONS,AS MEASURED,PRIMARY,true,true,17,G'S,CHANNEL FAILED,PRIMARY,false,true,18,G'S,CHANNEL FAILED,PRIMARY,false,true,19,G'S,CHANNEL FAILED,PRIMARY,false
8103,2013-01-11,OPTIONAL NEW CAR ASSESSMENT TEST,VEHICLE INTO POLE,NCAP SIDE POLE - 2013 TOYOTA AVALON XLE 4-DR SEDAN,side,side,classified,,side_pole_load_cell_8,side_pole_load_cell_barrier,covered_with_mask,POLE,POLE,pole_barrier_unconditional,1,8,8,0,"[1, 8]",8,8,8,,,true,true,[],[],"{""missing_expected_channel_count"": 0, ""duplicate_channel_count"": 0, ""force_channel_count"": 8, ""moment_channel_count"": 0}",3,0,,true,true,false,27,false,true,35,Y - GLOBAL,NEWTONS,AS MEASURED,PRIMARY,true,true,36,Y - GLOBAL,NEWTONS,AS MEASURED,PRIMARY,true,true,37,Y - GLOBAL,NEWTONS,AS MEASURED,PRIMARY,true,true,38,Y - GLOBAL,NEWTONS,AS MEASURED,PRIMARY,true,true,39,Y - GLOBAL,NEWTONS,AS MEASURED,PRIMARY,true,true,40,Y - GLOBAL,NEWTONS,AS MEASURED,PRIMARY,true,true,41,Y - GLOBAL,NEWTONS,AS MEASURED,PRIMARY,true,true,42,Y - GLOBAL,NEWTONS,AS MEASURED,PRIMARY,true,true,17,G'S,AS MEASURED,PRIMARY,true,true,18,G'S,AS MEASURED,PRIMARY,true,true,19,G'S,AS MEASURED,PRIMARY,true
8107,2013-01-15,NEW CAR ASSESSMENT TEST,VEHICLE INTO POLE,75 DEGREE OBLIQUE RIGID POLE SIDE NCAP IMPACT,side,side,classified,,side_pole_load_cell_8,side_pole_load_cell_barrier,covered_with_mask,POLE,POLE,pole_barrier_unconditional,1,8,8,0,"[1, 8]",8,8,8,,,true,true,[],[],"{""missing_expected_channel_count"": 0, ""duplicate_channel_count"": 0, ""force_channel_count"": 8, ""moment_channel_count"": 0}",3,0,,true,true,false,27,false,true,35,Y - GLOBAL,NEWTONS,AS MEASURED,PRIMARY,true,true,36,Y - GLOBAL,NEWTONS,AS MEASURED,PRIMARY,true,true,37,Y - GLOBAL,NEWTONS,AS MEASURED,PRIMARY,true,true,38,Y - GLOBAL,NEWTONS,AS MEASURED,PRIMARY,true,true,39,Y - GLOBAL,NEWTONS,AS MEASURED,PRIMARY,true,true,40,Y - GLOBAL,NEWTONS,AS MEASURED,PRIMARY,true,true,41,Y - GLOBAL,NEWTONS,AS MEASURED,PRIMARY,true,true,42,Y - GLOBAL,NEWTONS,AS MEASURED,PRIMARY,true,true,17,G'S,AS MEASURED,PRIMARY,true,true,18,G'S,AS MEASURED,PRIMARY,true,true,19,G'S,AS MEASURED,PRIMARY,true
8110,2013-01-17,NEW CAR ASSESSMENT TEST,VEHICLE INTO POLE,NCAP SIDE IMPACT POLE BARRIER- 2013 TOYOTA PRIUS V 5-DOOR HATCHBACK,side,side,classified,,side_pole_load_cell_8,side_pole_load_cell_barrier,covered_with_mask,POLE,POLE,pole_barrier_unconditional,1,8,8,0,"[1, 8]",8,8,8,,,true,true,[],[],"{""missing_expected_channel_count"": 0, ""duplicate_channel_count"": 0, ""force_channel_count"": 8, ""moment_channel_count"": 0}",3,0,,true,true,false,27,false,true,35,Y - GLOBAL,NEWTONS,AS MEASURED,PRIMARY,true,true,36,Y - GLOBAL,NEWTONS,AS MEASURED,PRIMARY,true,true,37,Y - GLOBAL,NEWTONS,AS MEASURED,PRIMARY,true,true,38,Y - GLOBAL,NEWTONS,AS MEASURED,PRIMARY,true,true,39,Y - GLOBAL,NEWTONS,AS MEASURED,PRIMARY,true,true,40,Y - GLOBAL,NEWTONS,AS MEASURED,PRIMARY,true,true,41,Y - GLOBAL,NEWTONS,AS MEASURED,PRIMARY,true,true,42,Y - GLOBAL,NEWTONS,AS MEASURED,PRIMARY,true,true,17,G'S,AS MEASURED,PRIMARY,true,true,18,G'S,AS MEASURED,PRIMARY,true,true,19,G'S,AS MEASURED,PRIMARY,true
8118,2013-01-29,NEW CAR ASSESSMENT TEST,VEHICLE INTO POLE,NEW CAR ASSESSMENT PROGRAM SIDE POLE BARRIER IMPACT TEST,side,side,classified,,side_pole_load_cell_8,side_pole_load_cell_barrier,covered_with_mask,POLE,POLE,pole_barrier_unconditional,1,8,8,0,"[1, 8]",8,8,8,,,true,true,[],[],"{""missing_expected_channel_count"": 0, ""duplicate_channel_count"": 0, ""force_channel_count"": 8, ""moment_channel_count"": 0}",3,0,,true,true,false,27,false,true,35,Y - GLOBAL,NEWTONS,AS MEASURED,PRIMARY,true,true,36,Y - GLOBAL,NEWTONS,AS MEASURED,PRIMARY,true,true,37,Y - GLOBAL,NEWTONS,AS MEASURED,PRIMARY,true,true,38,Y - GLOBAL,NEWTONS,AS MEASURED,PRIMARY,true,true,39,Y - GLOBAL,NEWTONS,AS MEASURED,PRIMARY,true,true,40,Y - GLOBAL,NEWTONS,AS MEASURED,PRIMARY,true,true,41,Y - GLOBAL,NEWTONS,AS MEASURED,PRIMARY,true,true,42,Y - GLOBAL,NEWTONS,AS MEASURED,PRIMARY,true,true,17,G'S,AS MEASURED,PRIMARY,true,true,18,G'S,AS MEASURED,PRIMARY,true,true,19,G'S,AS MEASURED,PRIMARY,true
8148,2013-02-19,NEW CAR ASSESSMENT TEST,VEHICLE INTO POLE,NCAP SIDE IMPACT POLE BARRIER- 2013 TOYOTA PRIUS C 5-DOOR HATCHBACK,side,side,classified,,side_pole_load_cell_8,side_pole_load_cell_barrier,covered_with_mask,POLE,POLE,pole_barrier_unconditional,1,8,8,0,"[1, 8]",8,8,8,,,true,true,[],[],"{""missing_expected_channel_count"": 0, ""duplicate_channel_count"": 0, ""force_channel_count"": 8, ""moment_channel_count"": 0}",3,0,,true,false,true,27,false,true,35,Y - GLOBAL,NEWTONS,AS MEASURED,PRIMARY,true,true,36,Y - GLOBAL,NEWTONS,AS MEASURED,PRIMARY,true,true,37,Y - GLOBAL,NEWTONS,AS MEASURED,PRIMARY,true,true,38,Y - GLOBAL,NEWTONS,AS MEASURED,PRIMARY,true,true,39,Y - GLOBAL,NEWTONS,AS MEASURED,PRIMARY,true,true,40,Y - GLOBAL,NEWTONS,AS MEASURED,PRIMARY,true,true,41,Y - GLOBAL,NEWTONS,AS MEASURED,PRIMARY,true,true,42,Y - GLOBAL,NEWTONS,AS MEASURED,PRIMARY,true,true,17,G'S,CHANNEL FAILED,PRIMARY,false,true,18,G'S,CHANNEL FAILED,PRIMARY,false,true,19,G'S,CHANNEL FAILED,PRIMARY,false
8152,2013-02-22,NEW CAR ASSESSMENT TEST,VEHICLE INTO POLE,NCAP SIDE POLE - 2013 FORD C-MAX ENERGI SEL 5-DR HATCHBACK,side,side,classified,,side_pole_load_cell_8,side_pole_load_cell_barrier,covered_with_mask,POLE,POLE,pole_barrier_unconditional,1,8,8,0,"[1, 8]",8,8,8,,,true,true,[],[],"{""missing_expected_channel_count"": 0, ""duplicate_channel_count"": 0, ""force_channel_count"": 8, ""moment_channel_count"": 0}",3,0,,true,true,false,27,false,true,35,Y - GLOBAL,NEWTONS,AS MEASURED,PRIMARY,true,true,36,Y - GLOBAL,NEWTONS,AS MEASURED,PRIMARY,true,true,37,Y - GLOBAL,NEWTONS,AS MEASURED,PRIMARY,true,true,38,Y - GLOBAL,NEWTONS,AS MEASURED,PRIMARY,true,true,39,Y - GLOBAL,NEWTONS,AS MEASURED,PRIMARY,true,true,40,Y - GLOBAL,NEWTONS,AS MEASURED,PRIMARY,true,true,41,Y - GLOBAL,NEWTONS,AS MEASURED,PRIMARY,true,true,42,Y - GLOBAL,NEWTONS,AS MEASURED,PRIMARY,true,true,17,G'S,AS MEASURED,PRIMARY,true,true,18,G'S,AS MEASURED,PRIMARY,true,true,19,G'S,AS MEASURED,PRIMARY,true
8180,2013-03-01,NEW CAR ASSESSMENT TEST,VEHICLE INTO POLE,NCAP SIDE IMPACT POLE BARRIER- 2013 HONDA CIVIC LX 2-DOOR COUPE,side,side,classified,,side_pole_load_cell_8,side_pole_load_cell_barrier,covered_with_mask,POLE,POLE,pole_barrier_unconditional,1,8,8,0,"[1, 8]",8,8,8,,,true,true,[],[],"{""missing_expected_channel_count"": 0, ""duplicate_channel_count"": 0, ""force_channel_count"": 8, ""moment_channel_count"": 0}",3,0,,true,true,false,27,false,true,35,Y - GLOBAL,NEWTONS,AS MEASURED,PRIMARY,true,true,36,Y - GLOBAL,NEWTONS,AS MEASURED,PRIMARY,true,true,37,Y - GLOBAL,NEWTONS,AS MEASURED,PRIMARY,true,true,38,Y - GLOBAL,NEWTONS,AS MEASURED,PRIMARY,true,true,39,Y - GLOBAL,NEWTONS,AS MEASURED,PRIMARY,true,true,40,Y - GLOBAL,NEWTONS,AS MEASURED,PRIMARY,true,true,41,Y - GLOBAL,NEWTONS,AS MEASURED,PRIMARY,true,true,42,Y - GLOBAL,NEWTONS,AS MEASURED,PRIMARY,true,true,17,G'S,AS MEASURED,PRIMARY,true,true,18,G'S,AS MEASURED,PRIMARY,true,true,19,G'S,AS MEASURED,PRIMARY,true
8190,2013-03-08,OPTIONAL NEW CAR ASSESSMENT TEST,VEHICLE INTO POLE,NCAP SIDE POLE - 2013 TOYOTA RAV4 LE SUV,side,side,classified,,side_pole_load_cell_8,side_pole_load_cell_barrier,covered_with_mask,POLE,POLE,pole_barrier_unconditional,1,8,8,0,"[1, 8]",8,8,8,,,true,true,[],[],"{""missing_expected_channel_count"": 0, ""duplicate_channel_count"": 0, ""force_channel_count"": 8, ""moment_channel_count"": 0}",3,0,,true,true,false,27,false,true,35,Y - GLOBAL,NEWTONS,AS MEASURED,PRIMARY,true,true,36,Y - GLOBAL,NEWTONS,AS MEASURED,PRIMARY,true,true,37,Y - GLOBAL,NEWTONS,AS MEASURED,PRIMARY,true,true,38,Y - GLOBAL,NEWTONS,AS MEASURED,PRIMARY,true,true,39,Y - GLOBAL,NEWTONS,AS MEASURED,PRIMARY,true,true,40,Y - GLOBAL,NEWTONS,AS MEASURED,PRIMARY,true,true,41,Y - GLOBAL,NEWTONS,AS MEASURED,PRIMARY,true,true,42,Y - GLOBAL,NEWTONS,AS MEASURED,PRIMARY,true,true,17,G'S,AS MEASURED,PRIMARY,true,true,18,G'S,AS MEASURED,PRIMARY,true,true,19,G'S,AS MEASURED,PRIMARY,true
8208,2013-03-29,NEW CAR ASSESSMENT TEST,VEHICLE INTO POLE,NCAP SIDE IMPACT POLE BARRIER- 2013 HONDA CIVIC HYBRID 4-DOOR SEDAN,side,side,classified,,side_pole_load_cell_8,side_pole_load_cell_barrier,covered_with_mask,POLE,POLE,pole_barrier_unconditional,1,8,8,0,"[1, 8]",8,8,8,,,true,true,[],[],"{""missing_expected_channel_count"": 0, ""duplicate_channel_count"": 0, ""force_channel_count"": 8, ""moment_channel_count"": 0}",3,0,,true,true,false,27,false,true,35,Y - GLOBAL,NEWTONS,AS MEASURED,PRIMARY,true,true,36,Y - GLOBAL,NEWTONS,AS MEASURED,PRIMARY,true,true,37,Y - GLOBAL,NEWTONS,AS MEASURED,PRIMARY,true,true,38,Y - GLOBAL,NEWTONS,AS MEASURED,PRIMARY,true,true,39,Y - GLOBAL,NEWTONS,AS MEASURED,PRIMARY,true,true,40,Y - GLOBAL,NEWTONS,AS MEASURED,PRIMARY,true,true,41,Y - GLOBAL,NEWTONS,AS MEASURED,PRIMARY,true,true,42,Y - GLOBAL,NEWTONS,AS MEASURED,PRIMARY,true,true,17,G'S,AS MEASURED,PRIMARY,true,true,18,G'S,AS MEASURED,PRIMARY,true,true,19,G'S,AS MEASURED,PRIMARY,true
8211,2013-04-09,OPTIONAL NEW CAR ASSESSMENT TEST,VEHICLE INTO POLE,NCAP SIDE POLE - 2013 BUICK ENCORE SUV,side,side,classified,,side_pole_load_cell_8,side_pole_load_cell_barrier,covered_with_mask,POLE,POLE,pole_barrier_unconditional,1,8,8,0,"[1, 8]",8,8,8,,,true,true,[],[],"{""missing_expected_channel_count"": 0, ""duplicate_channel_count"": 0, ""force_channel_count"": 8, ""moment_channel_count"": 0}",3,0,,true,true,false,27,false,true,35,Y - GLOBAL,NEWTONS,AS MEASURED,PRIMARY,true,true,36,Y - GLOBAL,NEWTONS,AS MEASURED,PRIMARY,true,true,37,Y - GLOBAL,NEWTONS,AS MEASURED,PRIMARY,true,true,38,Y - GLOBAL,NEWTONS,AS MEASURED,PRIMARY,true,true,39,Y - GLOBAL,NEWTONS,AS MEASURED,PRIMARY,true,true,40,Y - GLOBAL,NEWTONS,AS MEASURED,PRIMARY,true,true,41,Y - GLOBAL,NEWTONS,AS MEASURED,PRIMARY,true,true,42,Y - GLOBAL,NEWTONS,AS MEASURED,PRIMARY,true,true,17,G'S,AS MEASURED,PRIMARY,true,true,18,G'S,AS MEASURED,PRIMARY,true,true,19,G'S,AS MEASURED,PRIMARY,true
8215,2013-04-11,NEW CAR ASSESSMENT TEST,VEHICLE INTO POLE,NCAP SIDE POLE - 2013 NISSAN LEAF S 5-DR HATCHBACK,side,side,classified,,side_pole_load_cell_8,side_pole_load_cell_barrier,covered_with_mask,POLE,POLE,pole_barrier_unconditional,1,8,8,0,"[1, 8]",8,8,8,,,true,false,[],[],"{""missing_expected_channel_count"": 0, ""duplicate_channel_count"": 0, ""force_channel_count"": 8, ""moment_channel_count"": 0}",3,0,,true,true,false,27,false,true,35,Y - GLOBAL,NEWTONS,NO DATA,PRIMARY,false,true,36,Y - GLOBAL,NEWTONS,NO DATA,PRIMARY,false,true,37,Y - GLOBAL,NEWTONS,NO DATA,PRIMARY,false,true,38,Y - GLOBAL,NEWTONS,NO DATA,PRIMARY,false,true,39,Y - GLOBAL,NEWTONS,NO DATA,PRIMARY,false,true,40,Y - GLOBAL,NEWTONS,NO DATA,PRIMARY,false,true,41,Y - GLOBAL,NEWTONS,NO DATA,PRIMARY,false,true,42,Y - GLOBAL,NEWTONS,NO DATA,PRIMARY,false,true,17,G'S,AS MEASURED,PRIMARY,true,true,18,G'S,AS MEASURED,PRIMARY,true,true,19,G'S,AS MEASURED,PRIMARY,true
8218,2013-04-16,NEW CAR ASSESSMENT TEST,VEHICLE INTO POLE,NCAP SIDE POLE - 2013 FORD FUSION ENERGI SE 4-DR SEDAN,side,side,classified,,side_pole_load_cell_8,side_pole_load_cell_barrier,covered_with_mask,POLE,POLE,pole_barrier_unconditional,1,8,8,0,"[1, 8]",8,8,8,,,true,true,[],[],"{""missing_expected_channel_count"": 0, ""duplicate_channel_count"": 0, ""force_channel_count"": 8, ""moment_channel_count"": 0}",3,0,,true,true,false,27,false,true,35,Y - GLOBAL,NEWTONS,AS MEASURED,PRIMARY,true,true,36,Y - GLOBAL,NEWTONS,AS MEASURED,PRIMARY,true,true,37,Y - GLOBAL,NEWTONS,AS MEASURED,PRIMARY,true,true,38,Y - GLOBAL,NEWTONS,AS MEASURED,PRIMARY,true,true,39,Y - GLOBAL,NEWTONS,AS MEASURED,PRIMARY,true,true,40,Y - GLOBAL,NEWTONS,AS MEASURED,PRIMARY,true,true,41,Y - GLOBAL,NEWTONS,AS MEASURED,PRIMARY,true,true,42,Y - GLOBAL,NEWTONS,AS MEASURED,PRIMARY,true,true,17,G'S,AS MEASURED,PRIMARY,true,true,18,G'S,AS MEASURED,PRIMARY,true,true,19,G'S,AS MEASURED,PRIMARY,true
8291,2013-06-18,NEW CAR ASSESSMENT TEST,VEHICLE INTO POLE,75 DEGREE OBLIQUE RIGID POLE SIDE NCAP IMPACT,side,side,classified,,side_pole_load_cell_8,side_pole_load_cell_barrier,covered_with_mask,POLE,POLE,pole_barrier_unconditional,1,8,8,0,"[1, 8]",8,8,8,,,true,false,[],[],"{""missing_expected_channel_count"": 0, ""duplicate_channel_count"": 0, ""force_channel_count"": 8, ""moment_channel_count"": 0}",3,0,,true,true,false,27,false,true,35,Y - GLOBAL,NEWTONS,AS MEASURED,PRIMARY,true,true,36,Y - GLOBAL,NEWTONS,CHANNEL FAILED,PRIMARY,false,true,37,Y - GLOBAL,NEWTONS,AS MEASURED,PRIMARY,true,true,38,Y - GLOBAL,NEWTONS,AS MEASURED,PRIMARY,true,true,39,Y - GLOBAL,NEWTONS,AS MEASURED,PRIMARY,true,true,40,Y - GLOBAL,NEWTONS,AS MEASURED,PRIMARY,true,true,41,Y - GLOBAL,NEWTONS,AS MEASURED,PRIMARY,true,true,42,Y - GLOBAL,NEWTONS,AS MEASURED,PRIMARY,true,true,17,G'S,AS MEASURED,PRIMARY,true,true,18,G'S,AS MEASURED,PRIMARY,true,true,19,G'S,AS MEASURED,PRIMARY,true
8295,2013-07-08,NEW CAR ASSESSMENT TEST,VEHICLE INTO POLE,NCAP SIDE POLE - 2014 KIA FORTE LX 4-DR SEDAN,side,side,classified,,side_pole_load_cell_8,side_pole_load_cell_barrier,covered_with_mask,POLE,POLE,pole_barrier_unconditional,1,8,8,0,"[1, 8]",8,8,8,,,true,true,[],[],"{""missing_expected_channel_count"": 0, ""duplicate_channel_count"": 0, ""force_channel_count"": 8, ""moment_channel_count"": 0}",3,0,,true,true,false,27,false,true,35,Y - GLOBAL,NEWTONS,AS MEASURED,PRIMARY,true,true,36,Y - GLOBAL,NEWTONS,AS MEASURED,PRIMARY,true,true,37,Y - GLOBAL,NEWTONS,AS MEASURED,PRIMARY,true,true,38,Y - GLOBAL,NEWTONS,AS MEASURED,PRIMARY,true,true,39,Y - GLOBAL,NEWTONS,AS MEASURED,PRIMARY,true,true,40,Y - GLOBAL,NEWTONS,AS MEASURED,PRIMARY,true,true,41,Y - GLOBAL,NEWTONS,AS MEASURED,PRIMARY,true,true,42,Y - GLOBAL,NEWTONS,AS MEASURED,PRIMARY,true,true,17,G'S,AS MEASURED,PRIMARY,true,true,18,G'S,AS MEASURED,PRIMARY,true,true,19,G'S,AS MEASURED,PRIMARY,true
8298,2013-07-11,OPTIONAL NEW CAR ASSESSMENT TEST,VEHICLE INTO POLE,NCAP SIDE POLE - 2014 KIA SORENTO LX SUV,side,side,classified,,side_pole_load_cell_8,side_pole_load_cell_barrier,covered_with_mask,POLE,POLE,pole_barrier_unconditional,1,8,8,0,"[1, 8]",8,8,8,,,true,true,[],[],"{""missing_expected_channel_count"": 0, ""duplicate_channel_count"": 0, ""force_channel_count"": 8, ""moment_channel_count"": 0}",3,0,,true,true,false,27,false,true,35,Y - GLOBAL,NEWTONS,AS MEASURED,PRIMARY,true,true,36,Y - GLOBAL,NEWTONS,AS MEASURED,PRIMARY,true,true,37,Y - GLOBAL,NEWTONS,AS MEASURED,PRIMARY,true,true,38,Y - GLOBAL,NEWTONS,AS MEASURED,PRIMARY,true,true,39,Y - GLOBAL,NEWTONS,AS MEASURED,PRIMARY,true,true,40,Y - GLOBAL,NEWTONS,AS MEASURED,PRIMARY,true,true,41,Y - GLOBAL,NEWTONS,AS MEASURED,PRIMARY,true,true,42,Y - GLOBAL,NEWTONS,AS MEASURED,PRIMARY,true,true,17,G'S,AS MEASURED,PRIMARY,true,true,18,G'S,AS MEASURED,PRIMARY,true,true,19,G'S,AS MEASURED,PRIMARY,true
8309,2013-07-24,NEW CAR ASSESSMENT TEST,VEHICLE INTO POLE,NCAP SIDE IMPACT POLE BARRIER- 2013 TESLA MODEL S 5-DOOR HATCHBACK,side,side,classified,,side_pole_load_cell_8,side_pole_load_cell_barrier,covered_with_mask,POLE,POLE,pole_barrier_unconditional,1,8,8,0,"[1, 8]",8,8,8,,,true,true,[],[],"{""missing_expected_channel_count"": 0, ""duplicate_channel_count"": 0, ""force_channel_count"": 8, ""moment_channel_count"": 0}",3,0,,true,true,false,27,false,true,35,Y - GLOBAL,NEWTONS,AS MEASURED,PRIMARY,true,true,36,Y - GLOBAL,NEWTONS,AS MEASURED,PRIMARY,true,true,37,Y - GLOBAL,NEWTONS,AS MEASURED,PRIMARY,true,true,38,Y - GLOBAL,NEWTONS,AS MEASURED,PRIMARY,true,true,39,Y - GLOBAL,NEWTONS,AS MEASURED,PRIMARY,true,true,40,Y - GLOBAL,NEWTONS,AS MEASURED,PRIMARY,true,true,41,Y - GLOBAL,NEWTONS,AS MEASURED,PRIMARY,true,true,42,Y - GLOBAL,NEWTONS,AS MEASURED,PRIMARY,true,true,17,G'S,AS MEASURED,PRIMARY,true,true,18,G'S,AS MEASURED,PRIMARY,true,true,19,G'S,AS MEASURED,PRIMARY,true
8311,2013-07-25,NEW CAR ASSESSMENT TEST,VEHICLE INTO POLE,NCAP SIDE IMPACT POLE BARRIER- 2013 SMART ELECTRIC DRIVE 2-DOOR COUPE,side,side,classified,,side_pole_load_cell_8,side_pole_load_cell_barrier,covered_with_mask,POLE,POLE,pole_barrier_unconditional,1,8,8,0,"[1, 8]",8,8,8,,,true,true,[],[],"{""missing_expected_channel_count"": 0, ""duplicate_channel_count"": 0, ""force_channel_count"": 8, ""moment_channel_count"": 0}",3,0,,true,true,false,27,false,true,35,Y - GLOBAL,NEWTONS,AS MEASURED,PRIMARY,true,true,36,Y - GLOBAL,NEWTONS,AS MEASURED,PRIMARY,true,true,37,Y - GLOBAL,NEWTONS,AS MEASURED,PRIMARY,true,true,38,Y - GLOBAL,NEWTONS,AS MEASURED,PRIMARY,true,true,39,Y - GLOBAL,NEWTONS,AS MEASURED,PRIMARY,true,true,40,Y - GLOBAL,NEWTONS,AS MEASURED,PRIMARY,true,true,41,Y - GLOBAL,NEWTONS,AS MEASURED,PRIMARY,true,true,42,Y - GLOBAL,NEWTONS,AS MEASURED,PRIMARY,true,true,17,G'S,AS MEASURED,PRIMARY,true,true,18,G'S,AS MEASURED,PRIMARY,true,true,19,G'S,AS MEASURED,PRIMARY,true
8318,2013-07-31,NEW CAR ASSESSMENT TEST,VEHICLE INTO POLE,NCAP SIDE POLE - 2014 CHEVROLET SILVERADO 1500 LT CREW CAB,side,side,classified,,side_pole_load_cell_8,side_pole_load_cell_barrier,covered_with_mask,POLE,POLE,pole_barrier_unconditional,1,8,8,0,"[1, 8]",8,8,8,,,true,true,[],[],"{""missing_expected_channel_count"": 0, ""duplicate_channel_count"": 0, ""force_channel_count"": 8, ""moment_channel_count"": 0}",3,0,,true,true,false,27,false,true,35,Y - GLOBAL,NEWTONS,AS MEASURED,PRIMARY,true,true,36,Y - GLOBAL,NEWTONS,AS MEASURED,PRIMARY,true,true,37,Y - GLOBAL,NEWTONS,AS MEASURED,PRIMARY,true,true,38,Y - GLOBAL,NEWTONS,AS MEASURED,PRIMARY,true,true,39,Y - GLOBAL,NEWTONS,AS MEASURED,PRIMARY,true,true,40,Y - GLOBAL,NEWTONS,AS MEASURED,PRIMARY,true,true,41,Y - GLOBAL,NEWTONS,AS MEASURED,PRIMARY,true,true,42,Y - GLOBAL,NEWTONS,AS MEASURED,PRIMARY,true,true,17,G'S,AS MEASURED,PRIMARY,true,true,18,G'S,AS MEASURED,PRIMARY,true,true,19,G'S,AS MEASURED,PRIMARY,true
8319,2013-07-31,OPTIONAL NEW CAR ASSESSMENT TEST,VEHICLE INTO POLE,75 DEGREE OBLIQUE RIGID POLE SIDE NCAP IMPACT,side,side,classified,,side_pole_load_cell_8,side_pole_load_cell_barrier,covered_with_mask,POLE,POLE,pole_barrier_unconditional,1,8,8,0,"[1, 8]",8,8,8,,,true,true,[],[],"{""missing_expected_channel_count"": 0, ""duplicate_channel_count"": 0, ""force_channel_count"": 8, ""moment_channel_count"": 0}",3,0,,true,true,false,27,false,true,35,Y - GLOBAL,NEWTONS,AS MEASURED,PRIMARY,true,true,36,Y - GLOBAL,NEWTONS,AS MEASURED,PRIMARY,true,true,37,Y - GLOBAL,NEWTONS,AS MEASURED,PRIMARY,true,true,38,Y - GLOBAL,NEWTONS,AS MEASURED,PRIMARY,true,true,39,Y - GLOBAL,NEWTONS,AS MEASURED,PRIMARY,true,true,40,Y - GLOBAL,NEWTONS,AS MEASURED,PRIMARY,true,true,41,Y - GLOBAL,NEWTONS,AS MEASURED,PRIMARY,true,true,42,Y - GLOBAL,NEWTONS,AS MEASURED,PRIMARY,true,true,17,G'S,AS MEASURED,PRIMARY,true,true,18,G'S,AS MEASURED,PRIMARY,true,true,19,G'S,AS MEASURED,PRIMARY,true
8320,2013-08-13,NEW CAR ASSESSMENT TEST,VEHICLE INTO POLE,NCAP SIDE POLE - 2014 LEXUS IS250 4-DR SEDAN,side,side,classified,,side_pole_load_cell_8,side_pole_load_cell_barrier,covered_with_mask,POLE,POLE,pole_barrier_unconditional,1,8,8,0,"[1, 8]",8,8,8,,,true,true,[],[],"{""missing_expected_channel_count"": 0, ""duplicate_channel_count"": 0, ""force_channel_count"": 8, ""moment_channel_count"": 0}",3,0,,true,true,false,27,false,true,35,Y - GLOBAL,NEWTONS,AS MEASURED,PRIMARY,true,true,36,Y - GLOBAL,NEWTONS,AS MEASURED,PRIMARY,true,true,37,Y - GLOBAL,NEWTONS,AS MEASURED,PRIMARY,true,true,38,Y - GLOBAL,NEWTONS,AS MEASURED,PRIMARY,true,true,39,Y - GLOBAL,NEWTONS,AS MEASURED,PRIMARY,true,true,40,Y - GLOBAL,NEWTONS,AS MEASURED,PRIMARY,true,true,41,Y - GLOBAL,NEWTONS,AS MEASURED,PRIMARY,true,true,42,Y - GLOBAL,NEWTONS,AS MEASURED,PRIMARY,true,true,17,G'S,AS MEASURED,PRIMARY,true,true,18,G'S,AS MEASURED,PRIMARY,true,true,19,G'S,AS MEASURED,PRIMARY,true
8330,2013-08-16,NEW CAR ASSESSMENT TEST,VEHICLE INTO POLE,NCAP SIDE IMPACT POLE BARRIER- 2014 NISSAN VERSA NOTE S 5-DOOR HBK,side,side,classified,,side_pole_load_cell_8,side_pole_load_cell_barrier,covered_with_mask,POLE,POLE,pole_barrier_unconditional,1,8,8,0,"[1, 8]",8,8,8,,,true,true,[],[],"{""missing_expected_channel_count"": 0, ""duplicate_channel_count"": 0, ""force_channel_count"": 8, ""moment_channel_count"": 0}",3,0,,true,true,false,27,false,true,35,Y - GLOBAL,NEWTONS,AS MEASURED,PRIMARY,true,true,36,Y - GLOBAL,NEWTONS,AS MEASURED,PRIMARY,true,true,37,Y - GLOBAL,NEWTONS,AS MEASURED,PRIMARY,true,true,38,Y - GLOBAL,NEWTONS,AS MEASURED,PRIMARY,true,true,39,Y - GLOBAL,NEWTONS,AS MEASURED,PRIMARY,true,true,40,Y - GLOBAL,NEWTONS,AS MEASURED,PRIMARY,true,true,41,Y - GLOBAL,NEWTONS,AS MEASURED,PRIMARY,true,true,42,Y - GLOBAL,NEWTONS,AS MEASURED,PRIMARY,true,true,17,G'S,AS MEASURED,PRIMARY,true,true,18,G'S,AS MEASURED,PRIMARY,true,true,19,G'S,AS MEASURED,PRIMARY,true
8359,2013-09-13,OPTIONAL NEW CAR ASSESSMENT TEST,VEHICLE INTO POLE,NCAP SIDE POLE - 2014 ACURA RDX SUV,side,side,classified,,side_pole_load_cell_8,side_pole_load_cell_barrier,covered_with_mask,POLE,POLE,pole_barrier_unconditional,1,8,8,0,"[1, 8]",8,8,8,,,true,true,[],[],"{""missing_expected_channel_count"": 0, ""duplicate_channel_count"": 0, ""force_channel_count"": 8, ""moment_channel_count"": 0}",3,0,,true,true,false,27,false,true,35,Y - GLOBAL,NEWTONS,AS MEASURED,PRIMARY,true,true,36,Y - GLOBAL,NEWTONS,AS MEASURED,PRIMARY,true,true,37,Y - GLOBAL,NEWTONS,AS MEASURED,PRIMARY,true,true,38,Y - GLOBAL,NEWTONS,AS MEASURED,PRIMARY,true,true,39,Y - GLOBAL,NEWTONS,AS MEASURED,PRIMARY,true,true,40,Y - GLOBAL,NEWTONS,AS MEASURED,PRIMARY,true,true,41,Y - GLOBAL,NEWTONS,AS MEASURED,PRIMARY,true,true,42,Y - GLOBAL,NEWTONS,AS MEASURED,PRIMARY,true,true,17,G'S,AS MEASURED,PRIMARY,true,true,18,G'S,AS MEASURED,PRIMARY,true,true,19,G'S,AS MEASURED,PRIMARY,true
8386,2013-09-20,OPTIONAL NEW CAR ASSESSMENT TEST,VEHICLE INTO POLE,NCAP SIDE POLE - 2014 ACURA MDX SUV,side,side,classified,,side_pole_load_cell_8,side_pole_load_cell_barrier,covered_with_mask,POLE,POLE,pole_barrier_unconditional,1,8,8,0,"[1, 8]",8,8,8,,,true,true,[],[],"{""missing_expected_channel_count"": 0, ""duplicate_channel_count"": 0, ""force_channel_count"": 8, ""moment_channel_count"": 0}",3,0,,true,true,false,27,false,true,35,Y - GLOBAL,NEWTONS,AS MEASURED,PRIMARY,true,true,36,Y - GLOBAL,NEWTONS,AS MEASURED,PRIMARY,true,true,37,Y - GLOBAL,NEWTONS,AS MEASURED,PRIMARY,true,true,38,Y - GLOBAL,NEWTONS,AS MEASURED,PRIMARY,true,true,39,Y - GLOBAL,NEWTONS,AS MEASURED,PRIMARY,true,true,40,Y - GLOBAL,NEWTONS,AS MEASURED,PRIMARY,true,true,41,Y - GLOBAL,NEWTONS,AS MEASURED,PRIMARY,true,true,42,Y - GLOBAL,NEWTONS,AS MEASURED,PRIMARY,true,true,17,G'S,AS MEASURED,PRIMARY,true,true,18,G'S,AS MEASURED,PRIMARY,true,true,19,G'S,AS MEASURED,PRIMARY,true
8403,2013-10-22,OPTIONAL NEW CAR ASSESSMENT TEST,VEHICLE INTO POLE,NCAP SIDE POLE - 2014 TOYOTA SIENNA LE MINIVAN,side,side,classified,,side_pole_load_cell_8,side_pole_load_cell_barrier,covered_with_mask,POLE,POLE,pole_barrier_unconditional,1,8,8,0,"[1, 8]",8,8,8,,,true,true,[],[],"{""missing_expected_channel_count"": 0, ""duplicate_channel_count"": 0, ""force_channel_count"": 8, ""moment_channel_count"": 0}",3,0,,true,true,false,27,false,true,35,Y - GLOBAL,NEWTONS,AS MEASURED,PRIMARY,true,true,36,Y - GLOBAL,NEWTONS,AS MEASURED,PRIMARY,true,true,37,Y - GLOBAL,NEWTONS,AS MEASURED,PRIMARY,true,true,38,Y - GLOBAL,NEWTONS,AS MEASURED,PRIMARY,true,true,39,Y - GLOBAL,NEWTONS,AS MEASURED,PRIMARY,true,true,40,Y - GLOBAL,NEWTONS,AS MEASURED,PRIMARY,true,true,41,Y - GLOBAL,NEWTONS,AS MEASURED,PRIMARY,true,true,42,Y - GLOBAL,NEWTONS,AS MEASURED,PRIMARY,true,true,17,G'S,AS MEASURED,PRIMARY,true,true,18,G'S,AS MEASURED,PRIMARY,true,true,19,G'S,AS MEASURED,PRIMARY,true
8406,2013-11-07,OPTIONAL NEW CAR ASSESSMENT TEST,VEHICLE INTO POLE,NCAP SIDE POLE - 2014 TOYOTA COROLLA LE 4-DR SEDAN,side,side,classified,,side_pole_load_cell_8,side_pole_load_cell_barrier,covered_with_mask,POLE,POLE,pole_barrier_unconditional,1,8,8,0,"[1, 8]",8,8,8,,,true,true,[],[],"{""missing_expected_channel_count"": 0, ""duplicate_channel_count"": 0, ""force_channel_count"": 8, ""moment_channel_count"": 0}",3,0,,true,true,false,27,false,true,35,Y - GLOBAL,NEWTONS,AS MEASURED,PRIMARY,true,true,36,Y - GLOBAL,NEWTONS,AS MEASURED,PRIMARY,true,true,37,Y - GLOBAL,NEWTONS,AS MEASURED,PRIMARY,true,true,38,Y - GLOBAL,NEWTONS,AS MEASURED,PRIMARY,true,true,39,Y - GLOBAL,NEWTONS,AS MEASURED,PRIMARY,true,true,40,Y - GLOBAL,NEWTONS,AS MEASURED,PRIMARY,true,true,41,Y - GLOBAL,NEWTONS,AS MEASURED,PRIMARY,true,true,42,Y - GLOBAL,NEWTONS,AS MEASURED,PRIMARY,true,true,17,G'S,AS MEASURED,PRIMARY,true,true,18,G'S,AS MEASURED,PRIMARY,true,true,19,G'S,AS MEASURED,PRIMARY,true
8408,2013-11-11,OPTIONAL NEW CAR ASSESSMENT TEST,VEHICLE INTO POLE,NCAP SIDE POLE - 2014 KIA SEDONA LX MINIVAN,side,side,classified,,side_pole_load_cell_8,side_pole_load_cell_barrier,covered_with_mask,POLE,POLE,pole_barrier_unconditional,1,8,8,0,"[1, 8]",8,8,8,,,true,true,[],[],"{""missing_expected_channel_count"": 0, ""duplicate_channel_count"": 0, ""force_channel_count"": 8, ""moment_channel_count"": 0}",3,0,,true,true,false,27,false,true,35,Y - GLOBAL,NEWTONS,AS MEASURED,PRIMARY,true,true,36,Y - GLOBAL,NEWTONS,AS MEASURED,PRIMARY,true,true,37,Y - GLOBAL,NEWTONS,AS MEASURED,PRIMARY,true,true,38,Y - GLOBAL,NEWTONS,AS MEASURED,PRIMARY,true,true,39,Y - GLOBAL,NEWTONS,AS MEASURED,PRIMARY,true,true,40,Y - GLOBAL,NEWTONS,AS MEASURED,PRIMARY,true,true,41,Y - GLOBAL,NEWTONS,AS MEASURED,PRIMARY,true,true,42,Y - GLOBAL,NEWTONS,AS MEASURED,PRIMARY,true,true,17,G'S,AS MEASURED,PRIMARY,true,true,18,G'S,AS MEASURED,PRIMARY,true,true,19,G'S,AS MEASURED,PRIMARY,true
8410,2013-11-12,NEW CAR ASSESSMENT TEST,VEHICLE INTO POLE,NCAP SIDE IMPACT POLE BARRIER- 2014 INFINITI Q50 3.7 PREMIUM 4DR SEDAN,side,side,classified,,side_pole_load_cell_8,side_pole_load_cell_barrier,covered_with_mask,POLE,POLE,pole_barrier_unconditional,1,8,8,0,"[1, 8]",8,8,8,,,true,true,[],[],"{""missing_expected_channel_count"": 0, ""duplicate_channel_count"": 0, ""force_channel_count"": 8, ""moment_channel_count"": 0}",3,0,,true,false,true,27,false,true,35,Y - GLOBAL,NEWTONS,AS MEASURED,PRIMARY,true,true,36,Y - GLOBAL,NEWTONS,AS MEASURED,PRIMARY,true,true,37,Y - GLOBAL,NEWTONS,AS MEASURED,PRIMARY,true,true,38,Y - GLOBAL,NEWTONS,AS MEASURED,PRIMARY,true,true,39,Y - GLOBAL,NEWTONS,AS MEASURED,PRIMARY,true,true,40,Y - GLOBAL,NEWTONS,AS MEASURED,PRIMARY,true,true,41,Y - GLOBAL,NEWTONS,AS MEASURED,PRIMARY,true,true,42,Y - GLOBAL,NEWTONS,AS MEASURED,PRIMARY,true,true,17,G'S,CHANNEL FAILED,PRIMARY,false,true,18,G'S,CHANNEL FAILED,PRIMARY,false,true,19,G'S,CHANNEL FAILED,PRIMARY,false
8443,2013-11-13,NEW CAR ASSESSMENT TEST,VEHICLE INTO POLE,75 DEGREE OBLIQUE RIGID POLE SIDE NCAP IMPACT,side,side,classified,,side_pole_load_cell_8,side_pole_load_cell_barrier,covered_with_mask,POLE,POLE,pole_barrier_unconditional,1,8,8,0,"[1, 8]",8,8,8,,,true,false,[],[],"{""missing_expected_channel_count"": 0, ""duplicate_channel_count"": 0, ""force_channel_count"": 8, ""moment_channel_count"": 0}",3,0,,true,true,false,27,false,true,35,Y - GLOBAL,NEWTONS,QUESTIONABLE DATA,PRIMARY,false,true,36,Y - GLOBAL,NEWTONS,QUESTIONABLE DATA,PRIMARY,false,true,37,Y - GLOBAL,NEWTONS,AS MEASURED,PRIMARY,true,true,38,Y - GLOBAL,NEWTONS,AS MEASURED,PRIMARY,true,true,39,Y - GLOBAL,NEWTONS,AS MEASURED,PRIMARY,true,true,40,Y - GLOBAL,NEWTONS,AS MEASURED,PRIMARY,true,true,41,Y - GLOBAL,NEWTONS,AS MEASURED,PRIMARY,true,true,42,Y - GLOBAL,NEWTONS,AS MEASURED,PRIMARY,true,true,17,G'S,AS MEASURED,PRIMARY,true,true,18,G'S,AS MEASURED,PRIMARY,true,true,19,G'S,AS MEASURED,PRIMARY,true
8444,2013-11-14,NEW CAR ASSESSMENT TEST,VEHICLE INTO POLE,SIDE NCAP RIGID POLE 2014 JEEP PATRIOT 4-DOOR SUV,side,side,classified,,side_pole_load_cell_8,side_pole_load_cell_barrier,covered_with_mask,POLE,POLE,pole_barrier_unconditional,1,8,8,0,"[1, 8]",8,8,8,,,true,true,[],[],"{""missing_expected_channel_count"": 0, ""duplicate_channel_count"": 0, ""force_channel_count"": 8, ""moment_channel_count"": 0}",3,0,,true,true,false,27,false,true,35,Y - GLOBAL,NEWTONS,AS MEASURED,PRIMARY,true,true,36,Y - GLOBAL,NEWTONS,AS MEASURED,PRIMARY,true,true,37,Y - GLOBAL,NEWTONS,AS MEASURED,PRIMARY,true,true,38,Y - GLOBAL,NEWTONS,AS MEASURED,PRIMARY,true,true,39,Y - GLOBAL,NEWTONS,AS MEASURED,PRIMARY,true,true,40,Y - GLOBAL,NEWTONS,AS MEASURED,PRIMARY,true,true,41,Y - GLOBAL,NEWTONS,AS MEASURED,PRIMARY,true,true,42,Y - GLOBAL,NEWTONS,AS MEASURED,PRIMARY,true,true,17,G'S,AS MEASURED,PRIMARY,true,true,18,G'S,AS MEASURED,PRIMARY,true,true,19,G'S,AS MEASURED,PRIMARY,true
8448,2013-11-19,OPTIONAL NEW CAR ASSESSMENT TEST,VEHICLE INTO POLE,NCAP SIDE POLE - 2014 BUICK LACROSSE 4-DR SEDAN,side,side,classified,,side_pole_load_cell_8,side_pole_load_cell_barrier,covered_with_mask,POLE,POLE,pole_barrier_unconditional,1,8,8,0,"[1, 8]",8,8,8,,,true,true,[],[],"{""missing_expected_channel_count"": 0, ""duplicate_channel_count"": 0, ""force_channel_count"": 8, ""moment_channel_count"": 0}",3,0,,true,true,false,27,false,true,35,Y - GLOBAL,NEWTONS,AS MEASURED,PRIMARY,true,true,36,Y - GLOBAL,NEWTONS,AS MEASURED,PRIMARY,true,true,37,Y - GLOBAL,NEWTONS,AS MEASURED,PRIMARY,true,true,38,Y - GLOBAL,NEWTONS,AS MEASURED,PRIMARY,true,true,39,Y - GLOBAL,NEWTONS,AS MEASURED,PRIMARY,true,true,40,Y - GLOBAL,NEWTONS,AS MEASURED,PRIMARY,true,true,41,Y - GLOBAL,NEWTONS,AS MEASURED,PRIMARY,true,true,42,Y - GLOBAL,NEWTONS,AS MEASURED,PRIMARY,true,true,17,G'S,AS MEASURED,PRIMARY,true,true,18,G'S,AS MEASURED,PRIMARY,true,true,19,G'S,AS MEASURED,PRIMARY,true
8450,2013-11-21,NEW CAR ASSESSMENT TEST,VEHICLE INTO POLE,SIDE NCAP RIGID POLE 2014 JEEP COMPASS 5-DOOR SUV,side,side,classified,,side_pole_load_cell_8,side_pole_load_cell_barrier,covered_with_mask,POLE,POLE,pole_barrier_unconditional,1,8,8,0,"[1, 8]",8,8,8,,,true,true,[],[],"{""missing_expected_channel_count"": 0, ""duplicate_channel_count"": 0, ""force_channel_count"": 8, ""moment_channel_count"": 0}",3,0,,true,true,false,27,false,true,35,Y - GLOBAL,NEWTONS,AS MEASURED,PRIMARY,true,true,36,Y - GLOBAL,NEWTONS,AS MEASURED,PRIMARY,true,true,37,Y - GLOBAL,NEWTONS,AS MEASURED,PRIMARY,true,true,38,Y - GLOBAL,NEWTONS,AS MEASURED,PRIMARY,true,true,39,Y - GLOBAL,NEWTONS,AS MEASURED,PRIMARY,true,true,40,Y - GLOBAL,NEWTONS,AS MEASURED,PRIMARY,true,true,41,Y - GLOBAL,NEWTONS,AS MEASURED,PRIMARY,true,true,42,Y - GLOBAL,NEWTONS,AS MEASURED,PRIMARY,true,true,17,G'S,AS MEASURED,PRIMARY,true,true,18,G'S,AS MEASURED,PRIMARY,true,true,19,G'S,AS MEASURED,PRIMARY,true
8453,2013-11-26,OPTIONAL NEW CAR ASSESSMENT TEST,VEHICLE INTO POLE,NCAP SIDE IMPACT POLE BARRIER- 2014 VOLKSWAGEN JETTA S 4 DOOR SEDAN,side,side,classified,,side_pole_load_cell_8,side_pole_load_cell_barrier,covered_with_mask,POLE,POLE,pole_barrier_unconditional,1,8,8,0,"[1, 8]",8,8,8,,,true,true,[],[],"{""missing_expected_channel_count"": 0, ""duplicate_channel_count"": 0, ""force_channel_count"": 8, ""moment_channel_count"": 0}",3,0,,true,false,true,27,false,true,35,Y - GLOBAL,NEWTONS,AS MEASURED,PRIMARY,true,true,36,Y - GLOBAL,NEWTONS,AS MEASURED,PRIMARY,true,true,37,Y - GLOBAL,NEWTONS,AS MEASURED,PRIMARY,true,true,38,Y - GLOBAL,NEWTONS,AS MEASURED,PRIMARY,true,true,39,Y - GLOBAL,NEWTONS,AS MEASURED,PRIMARY,true,true,40,Y - GLOBAL,NEWTONS,AS MEASURED,PRIMARY,true,true,41,Y - GLOBAL,NEWTONS,AS MEASURED,PRIMARY,true,true,42,Y - GLOBAL,NEWTONS,AS MEASURED,PRIMARY,true,true,17,G'S,CHANNEL FAILED,PRIMARY,false,true,18,G'S,CHANNEL FAILED,PRIMARY,false,true,19,G'S,CHANNEL FAILED,PRIMARY,false
8454,2013-11-26,NEW CAR ASSESSMENT TEST,VEHICLE INTO POLE,NCAP SIDE POLE - 2014 CHEVROLET SILVERADO 1500 DOUBLE CAB,side,side,classified,,side_pole_load_cell_8,side_pole_load_cell_barrier,covered_with_mask,POLE,POLE,pole_barrier_unconditional,1,8,8,0,"[1, 8]",8,8,8,,,true,true,[],[],"{""missing_expected_channel_count"": 0, ""duplicate_channel_count"": 0, ""force_channel_count"": 8, ""moment_channel_count"": 0}",3,0,,true,true,false,33,false,true,35,Y - GLOBAL,NEWTONS,AS MEASURED,PRIMARY,true,true,36,Y - GLOBAL,NEWTONS,AS MEASURED,PRIMARY,true,true,37,Y - GLOBAL,NEWTONS,AS MEASURED,PRIMARY,true,true,38,Y - GLOBAL,NEWTONS,AS MEASURED,PRIMARY,true,true,39,Y - GLOBAL,NEWTONS,AS MEASURED,PRIMARY,true,true,40,Y - GLOBAL,NEWTONS,AS MEASURED,PRIMARY,true,true,41,Y - GLOBAL,NEWTONS,AS MEASURED,PRIMARY,true,true,42,Y - GLOBAL,NEWTONS,AS MEASURED,PRIMARY,true,true,17,G'S,AS MEASURED,PRIMARY,true,true,18,G'S,AS MEASURED,PRIMARY,true,true,19,G'S,AS MEASURED,PRIMARY,true
8461,2013-12-06,OPTIONAL NEW CAR ASSESSMENT TEST,VEHICLE INTO POLE,NCAP SIDE POLE - 2014 KIA SOUL SUV,side,side,classified,,side_pole_load_cell_8,side_pole_load_cell_barrier,covered_with_mask,POLE,POLE,pole_barrier_unconditional,1,8,8,0,"[1, 8]",8,8,8,,,true,false,[],[],"{""missing_expected_channel_count"": 0, ""duplicate_channel_count"": 0, ""force_channel_count"": 8, ""moment_channel_count"": 0}",3,0,,true,true,false,27,false,true,35,Y - GLOBAL,NEWTONS,AS MEASURED,PRIMARY,true,true,36,Y - GLOBAL,NEWTONS,AS MEASURED,PRIMARY,true,true,37,Y - GLOBAL,NEWTONS,AS MEASURED,PRIMARY,true,true,38,Y - GLOBAL,NEWTONS,AS MEASURED,PRIMARY,true,true,39,Y - GLOBAL,NEWTONS,AS MEASURED,PRIMARY,true,true,40,Y - GLOBAL,NEWTONS,COMPUTED,PRIMARY,false,true,41,Y - GLOBAL,NEWTONS,AS MEASURED,PRIMARY,true,true,42,Y - GLOBAL,NEWTONS,AS MEASURED,PRIMARY,true,true,17,G'S,AS MEASURED,PRIMARY,true,true,18,G'S,AS MEASURED,PRIMARY,true,true,19,G'S,AS MEASURED,PRIMARY,true
8462,2013-12-05,NEW CAR ASSESSMENT TEST,VEHICLE INTO POLE,SIDE NCAP RIGID POLE 2014 HONDA ODYSSEY 5-DOOR MV,side,side,classified,,side_pole_load_cell_8,side_pole_load_cell_barrier,covered_with_mask,POLE,POLE,pole_barrier_unconditional,1,8,8,0,"[1, 8]",8,8,8,,,true,true,[],[],"{""missing_expected_channel_count"": 0, ""duplicate_channel_count"": 0, ""force_channel_count"": 8, ""moment_channel_count"": 0}",3,0,,true,true,false,27,false,true,35,Y - GLOBAL,NEWTONS,AS MEASURED,PRIMARY,true,true,36,Y - GLOBAL,NEWTONS,AS MEASURED,PRIMARY,true,true,37,Y - GLOBAL,NEWTONS,AS MEASURED,PRIMARY,true,true,38,Y - GLOBAL,NEWTONS,AS MEASURED,PRIMARY,true,true,39,Y - GLOBAL,NEWTONS,AS MEASURED,PRIMARY,true,true,40,Y - GLOBAL,NEWTONS,AS MEASURED,PRIMARY,true,true,41,Y - GLOBAL,NEWTONS,AS MEASURED,PRIMARY,true,true,42,Y - GLOBAL,NEWTONS,AS MEASURED,PRIMARY,true,true,17,G'S,AS MEASURED,PRIMARY,true,true,18,G'S,AS MEASURED,PRIMARY,true,true,19,G'S,AS MEASURED,PRIMARY,true
8463,2013-12-06,NEW CAR ASSESSMENT TEST,VEHICLE INTO POLE,NCAP SIDE IMPACT POLE BARRIER- 2014 TOYOTA PRIUS 5-DOOR HATCHBACK,side,side,classified,,side_pole_load_cell_8,side_pole_load_cell_barrier,covered_with_mask,POLE,POLE,pole_barrier_unconditional,1,8,8,0,"[1, 8]",8,8,8,,,true,true,[],[],"{""missing_expected_channel_count"": 0, ""duplicate_channel_count"": 0, ""force_channel_count"": 8, ""moment_channel_count"": 0}",3,0,,true,true,false,27,false,true,35,Y - GLOBAL,NEWTONS,AS MEASURED,PRIMARY,true,true,36,Y - GLOBAL,NEWTONS,AS MEASURED,PRIMARY,true,true,37,Y - GLOBAL,NEWTONS,AS MEASURED,PRIMARY,true,true,38,Y - GLOBAL,NEWTONS,AS MEASURED,PRIMARY,true,true,39,Y - GLOBAL,NEWTONS,AS MEASURED,PRIMARY,true,true,40,Y - GLOBAL,NEWTONS,AS MEASURED,PRIMARY,true,true,41,Y - GLOBAL,NEWTONS,AS MEASURED,PRIMARY,true,true,42,Y - GLOBAL,NEWTONS,AS MEASURED,PRIMARY,true,true,17,G'S,AS MEASURED,PRIMARY,true,true,18,G'S,AS MEASURED,PRIMARY,true,true,19,G'S,AS MEASURED,PRIMARY,true
8466,2013-12-12,NEW CAR ASSESSMENT TEST,VEHICLE INTO POLE,SIDE NCAP RIGID POLE 2014 CHEVROLET SPARK 5-DOOR HATCHBACK,side,side,classified,,side_pole_load_cell_8,side_pole_load_cell_barrier,covered_with_mask,POLE,POLE,pole_barrier_unconditional,1,8,8,0,"[1, 8]",8,8,8,,,true,true,[],[],"{""missing_expected_channel_count"": 0, ""duplicate_channel_count"": 0, ""force_channel_count"": 8, ""moment_channel_count"": 0}",3,0,,true,true,false,27,false,true,35,Y - GLOBAL,NEWTONS,AS MEASURED,PRIMARY,true,true,36,Y - GLOBAL,NEWTONS,AS MEASURED,PRIMARY,true,true,37,Y - GLOBAL,NEWTONS,AS MEASURED,PRIMARY,true,true,38,Y - GLOBAL,NEWTONS,AS MEASURED,PRIMARY,true,true,39,Y - GLOBAL,NEWTONS,AS MEASURED,PRIMARY,true,true,40,Y - GLOBAL,NEWTONS,AS MEASURED,PRIMARY,true,true,41,Y - GLOBAL,NEWTONS,AS MEASURED,PRIMARY,true,true,42,Y - GLOBAL,NEWTONS,AS MEASURED,PRIMARY,true,true,17,G'S,AS MEASURED,PRIMARY,true,true,18,G'S,AS MEASURED,PRIMARY,true,true,19,G'S,AS MEASURED,PRIMARY,true
8469,2013-12-13,OPTIONAL NEW CAR ASSESSMENT TEST,VEHICLE INTO POLE,NCAP SIDE POLE - 2014 NISSAN PATHFINDER S SUV,side,side,classified,,side_pole_load_cell_8,side_pole_load_cell_barrier,covered_with_mask,POLE,POLE,pole_barrier_unconditional,1,8,8,0,"[1, 8]",8,8,8,,,true,true,[],[],"{""missing_expected_channel_count"": 0, ""duplicate_channel_count"": 0, ""force_channel_count"": 8, ""moment_channel_count"": 0}",3,0,,true,true,false,27,false,true,35,Y - GLOBAL,NEWTONS,AS MEASURED,PRIMARY,true,true,36,Y - GLOBAL,NEWTONS,AS MEASURED,PRIMARY,true,true,37,Y - GLOBAL,NEWTONS,AS MEASURED,PRIMARY,true,true,38,Y - GLOBAL,NEWTONS,AS MEASURED,PRIMARY,true,true,39,Y - GLOBAL,NEWTONS,AS MEASURED,PRIMARY,true,true,40,Y - GLOBAL,NEWTONS,AS MEASURED,PRIMARY,true,true,41,Y - GLOBAL,NEWTONS,AS MEASURED,PRIMARY,true,true,42,Y - GLOBAL,NEWTONS,AS MEASURED,PRIMARY,true,true,17,G'S,AS MEASURED,PRIMARY,true,true,18,G'S,AS MEASURED,PRIMARY,true,true,19,G'S,AS MEASURED,PRIMARY,true
8471,2013-12-16,NEW CAR ASSESSMENT TEST,VEHICLE INTO POLE,75 DEGREE OBLIQUE RIGID POLE SIDE NCAP IMPACT,side,side,classified,,side_pole_load_cell_8,side_pole_load_cell_barrier,covered_with_mask,POLE,POLE,pole_barrier_unconditional,1,8,8,0,"[1, 8]",8,8,8,,,true,false,[],[],"{""missing_expected_channel_count"": 0, ""duplicate_channel_count"": 0, ""force_channel_count"": 8, ""moment_channel_count"": 0}",3,0,,true,true,false,27,false,true,35,Y - GLOBAL,NEWTONS,QUESTIONABLE DATA,PRIMARY,false,true,36,Y - GLOBAL,NEWTONS,QUESTIONABLE DATA,PRIMARY,false,true,37,Y - GLOBAL,NEWTONS,AS MEASURED,PRIMARY,true,true,38,Y - GLOBAL,NEWTONS,AS MEASURED,PRIMARY,true,true,39,Y - GLOBAL,NEWTONS,AS MEASURED,PRIMARY,true,true,40,Y - GLOBAL,NEWTONS,AS MEASURED,PRIMARY,true,true,41,Y - GLOBAL,NEWTONS,AS MEASURED,PRIMARY,true,true,42,Y - GLOBAL,NEWTONS,AS MEASURED,PRIMARY,true,true,17,G'S,AS MEASURED,PRIMARY,true,true,18,G'S,AS MEASURED,PRIMARY,true,true,19,G'S,AS MEASURED,PRIMARY,true
8479,2013-12-17,NEW CAR ASSESSMENT TEST,VEHICLE INTO POLE,NCAP SIDE POLE - 2014 RAM 2500 CREW CAB,side,side,classified,,side_pole_load_cell_8,side_pole_load_cell_barrier,covered_with_mask,POLE,POLE,pole_barrier_unconditional,1,8,8,0,"[1, 8]",8,8,8,,,true,true,[],[],"{""missing_expected_channel_count"": 0, ""duplicate_channel_count"": 0, ""force_channel_count"": 8, ""moment_channel_count"": 0}",3,0,,true,true,false,33,false,true,35,Y - GLOBAL,NEWTONS,AS MEASURED,PRIMARY,true,true,36,Y - GLOBAL,NEWTONS,AS MEASURED,PRIMARY,true,true,37,Y - GLOBAL,NEWTONS,AS MEASURED,PRIMARY,true,true,38,Y - GLOBAL,NEWTONS,AS MEASURED,PRIMARY,true,true,39,Y - GLOBAL,NEWTONS,AS MEASURED,PRIMARY,true,true,40,Y - GLOBAL,NEWTONS,AS MEASURED,PRIMARY,true,true,41,Y - GLOBAL,NEWTONS,AS MEASURED,PRIMARY,true,true,42,Y - GLOBAL,NEWTONS,AS MEASURED,PRIMARY,true,true,17,G'S,AS MEASURED,PRIMARY,true,true,18,G'S,AS MEASURED,PRIMARY,true,true,19,G'S,AS MEASURED,PRIMARY,true
8481,2013-12-19,NEW CAR ASSESSMENT TEST,VEHICLE INTO POLE,SIDE NCAP RIGID POLE 2014 TOYOTA SCION FR-S 2-DOOR COUPE,side,side,classified,,side_pole_load_cell_8,side_pole_load_cell_barrier,covered_with_mask,POLE,POLE,pole_barrier_unconditional,1,8,8,0,"[1, 8]",8,8,8,,,true,true,[],[],"{""missing_expected_channel_count"": 0, ""duplicate_channel_count"": 0, ""force_channel_count"": 8, ""moment_channel_count"": 0}",3,0,,true,true,false,27,false,true,35,Y - GLOBAL,NEWTONS,AS MEASURED,PRIMARY,true,true,36,Y - GLOBAL,NEWTONS,AS MEASURED,PRIMARY,true,true,37,Y - GLOBAL,NEWTONS,AS MEASURED,PRIMARY,true,true,38,Y - GLOBAL,NEWTONS,AS MEASURED,PRIMARY,true,true,39,Y - GLOBAL,NEWTONS,AS MEASURED,PRIMARY,true,true,40,Y - GLOBAL,NEWTONS,AS MEASURED,PRIMARY,true,true,41,Y - GLOBAL,NEWTONS,AS MEASURED,PRIMARY,true,true,42,Y - GLOBAL,NEWTONS,AS MEASURED,PRIMARY,true,true,17,G'S,AS MEASURED,PRIMARY,true,true,18,G'S,AS MEASURED,PRIMARY,true,true,19,G'S,AS MEASURED,PRIMARY,true
8489,2014-01-08,NEW CAR ASSESSMENT TEST,VEHICLE INTO POLE,75 DEGREE OBLIQUE RIGID POLE SIDE NCAP IMPACT,side,side,classified,,side_pole_load_cell_8,side_pole_load_cell_barrier,covered_with_mask,POLE,POLE,pole_barrier_unconditional,1,8,8,0,"[1, 8]",8,8,8,,,true,false,[],[],"{""missing_expected_channel_count"": 0, ""duplicate_channel_count"": 0, ""force_channel_count"": 8, ""moment_channel_count"": 0}",3,0,,true,true,false,27,false,true,35,Y - GLOBAL,NEWTONS,QUESTIONABLE DATA,PRIMARY,false,true,36,Y - GLOBAL,NEWTONS,AS MEASURED,PRIMARY,true,true,37,Y - GLOBAL,NEWTONS,AS MEASURED,PRIMARY,true,true,38,Y - GLOBAL,NEWTONS,AS MEASURED,PRIMARY,true,true,39,Y - GLOBAL,NEWTONS,AS MEASURED,PRIMARY,true,true,40,Y - GLOBAL,NEWTONS,AS MEASURED,PRIMARY,true,true,41,Y - GLOBAL,NEWTONS,AS MEASURED,PRIMARY,true,true,42,Y - GLOBAL,NEWTONS,AS MEASURED,PRIMARY,true,true,17,G'S,AS MEASURED,PRIMARY,true,true,18,G'S,AS MEASURED,PRIMARY,true,true,19,G'S,AS MEASURED,PRIMARY,true
8492,2014-01-13,NEW CAR ASSESSMENT TEST,VEHICLE INTO POLE,75 DEGREE OBLIQUE RIGID POLE SIDE NCAP IMPACT,side,side,classified,,side_pole_load_cell_8,side_pole_load_cell_barrier,covered_with_mask,POLE,POLE,pole_barrier_unconditional,1,8,8,0,"[1, 8]",8,8,8,,,true,false,[],[],"{""missing_expected_channel_count"": 0, ""duplicate_channel_count"": 0, ""force_channel_count"": 8, ""moment_channel_count"": 0}",3,0,,true,false,true,27,false,true,35,Y - GLOBAL,NEWTONS,QUESTIONABLE DATA,PRIMARY,false,true,36,Y - GLOBAL,NEWTONS,AS MEASURED,PRIMARY,true,true,37,Y - GLOBAL,NEWTONS,AS MEASURED,PRIMARY,true,true,38,Y - GLOBAL,NEWTONS,AS MEASURED,PRIMARY,true,true,39,Y - GLOBAL,NEWTONS,AS MEASURED,PRIMARY,true,true,40,Y - GLOBAL,NEWTONS,AS MEASURED,PRIMARY,true,true,41,Y - GLOBAL,NEWTONS,AS MEASURED,PRIMARY,true,true,42,Y - GLOBAL,NEWTONS,AS MEASURED,PRIMARY,true,true,17,G'S,AS MEASURED,PRIMARY,true,true,18,G'S,QUESTIONABLE DATA,PRIMARY,false,true,19,G'S,AS MEASURED,PRIMARY,true
8497,2014-01-21,NEW CAR ASSESSMENT TEST,VEHICLE INTO POLE,75 DEGREE OBLIQUE RIGID POLE SIDE NCAP IMPACT,side,side,classified,,side_pole_load_cell_8,side_pole_load_cell_barrier,covered_with_mask,POLE,POLE,pole_barrier_unconditional,1,8,8,0,"[1, 8]",8,8,8,,,true,false,[],[],"{""missing_expected_channel_count"": 0, ""duplicate_channel_count"": 0, ""force_channel_count"": 8, ""moment_channel_count"": 0}",3,0,,true,true,false,27,false,true,35,Y - GLOBAL,NEWTONS,QUESTIONABLE DATA,PRIMARY,false,true,36,Y - GLOBAL,NEWTONS,AS MEASURED,PRIMARY,true,true,37,Y - GLOBAL,NEWTONS,AS MEASURED,PRIMARY,true,true,38,Y - GLOBAL,NEWTONS,AS MEASURED,PRIMARY,true,true,39,Y - GLOBAL,NEWTONS,AS MEASURED,PRIMARY,true,true,40,Y - GLOBAL,NEWTONS,AS MEASURED,PRIMARY,true,true,41,Y - GLOBAL,NEWTONS,AS MEASURED,PRIMARY,true,true,42,Y - GLOBAL,NEWTONS,AS MEASURED,PRIMARY,true,true,17,G'S,AS MEASURED,PRIMARY,true,true,18,G'S,AS MEASURED,PRIMARY,true,true,19,G'S,AS MEASURED,PRIMARY,true
8499,2014-01-27,NEW CAR ASSESSMENT TEST,VEHICLE INTO POLE,75 DEGREE OBLIQUE RIGID POLE SIDE NCAP IMPACT,side,side,classified,,side_pole_load_cell_8,side_pole_load_cell_barrier,covered_with_mask,POLE,POLE,pole_barrier_unconditional,1,8,8,0,"[1, 8]",8,8,8,,,true,false,[],[],"{""missing_expected_channel_count"": 0, ""duplicate_channel_count"": 0, ""force_channel_count"": 8, ""moment_channel_count"": 0}",3,0,,true,true,false,27,false,true,35,Y - GLOBAL,NEWTONS,QUESTIONABLE DATA,PRIMARY,false,true,36,Y - GLOBAL,NEWTONS,QUESTIONABLE DATA,PRIMARY,false,true,37,Y - GLOBAL,NEWTONS,AS MEASURED,PRIMARY,true,true,38,Y - GLOBAL,NEWTONS,AS MEASURED,PRIMARY,true,true,39,Y - GLOBAL,NEWTONS,AS MEASURED,PRIMARY,true,true,40,Y - GLOBAL,NEWTONS,AS MEASURED,PRIMARY,true,true,41,Y - GLOBAL,NEWTONS,AS MEASURED,PRIMARY,true,true,42,Y - GLOBAL,NEWTONS,AS MEASURED,PRIMARY,true,true,17,G'S,AS MEASURED,PRIMARY,true,true,18,G'S,AS MEASURED,PRIMARY,true,true,19,G'S,AS MEASURED,PRIMARY,true
8523,2014-01-30,NEW CAR ASSESSMENT TEST,VEHICLE INTO POLE,SIDE NCAP RIGID POLE 2014 MITSUBISHI OUTLANDER 5-DOOR SUV,side,side,classified,,side_pole_load_cell_8,side_pole_load_cell_barrier,covered_with_mask,POLE,POLE,pole_barrier_unconditional,1,8,8,0,"[1, 8]",8,8,8,,,true,true,[],[],"{""missing_expected_channel_count"": 0, ""duplicate_channel_count"": 0, ""force_channel_count"": 8, ""moment_channel_count"": 0}",3,0,,true,true,false,27,false,true,35,Y - GLOBAL,NEWTONS,AS MEASURED,PRIMARY,true,true,36,Y - GLOBAL,NEWTONS,AS MEASURED,PRIMARY,true,true,37,Y - GLOBAL,NEWTONS,AS MEASURED,PRIMARY,true,true,38,Y - GLOBAL,NEWTONS,AS MEASURED,PRIMARY,true,true,39,Y - GLOBAL,NEWTONS,AS MEASURED,PRIMARY,true,true,40,Y - GLOBAL,NEWTONS,AS MEASURED,PRIMARY,true,true,41,Y - GLOBAL,NEWTONS,AS MEASURED,PRIMARY,true,true,42,Y - GLOBAL,NEWTONS,AS MEASURED,PRIMARY,true,true,17,G'S,AS MEASURED,PRIMARY,true,true,18,G'S,AS MEASURED,PRIMARY,true,true,19,G'S,AS MEASURED,PRIMARY,true
8524,2014-01-27,OPTIONAL NEW CAR ASSESSMENT TEST,VEHICLE INTO POLE,NCAP SIDE POLE - 2014 AUDI A4 4-DR SEDAN,side,side,classified,,side_pole_load_cell_8,side_pole_load_cell_barrier,covered_with_mask,POLE,POLE,pole_barrier_unconditional,1,8,8,0,"[1, 8]",8,8,8,,,true,true,[],[],"{""missing_expected_channel_count"": 0, ""duplicate_channel_count"": 0, ""force_channel_count"": 8, ""moment_channel_count"": 0}",3,0,,true,false,true,27,false,true,35,Y - GLOBAL,NEWTONS,AS MEASURED,PRIMARY,true,true,36,Y - GLOBAL,NEWTONS,AS MEASURED,PRIMARY,true,true,37,Y - GLOBAL,NEWTONS,AS MEASURED,PRIMARY,true,true,38,Y - GLOBAL,NEWTONS,AS MEASURED,PRIMARY,true,true,39,Y - GLOBAL,NEWTONS,AS MEASURED,PRIMARY,true,true,40,Y - GLOBAL,NEWTONS,AS MEASURED,PRIMARY,true,true,41,Y - GLOBAL,NEWTONS,AS MEASURED,PRIMARY,true,true,42,Y - GLOBAL,NEWTONS,AS MEASURED,PRIMARY,true,true,17,G'S,QUESTIONABLE DATA,PRIMARY,false,true,18,G'S,QUESTIONABLE DATA,PRIMARY,false,true,19,G'S,QUESTIONABLE DATA,PRIMARY,false
8528,2014-02-05,NEW CAR ASSESSMENT TEST,VEHICLE INTO POLE,75 DEGREE OBLIQUE RIGID POLE SIDE NCAP IMPACT,side,side,classified,,side_pole_load_cell_8,side_pole_load_cell_barrier,covered_with_mask,POLE,POLE,pole_barrier_unconditional,1,8,8,0,"[1, 8]",8,8,8,,,true,false,[],[],"{""missing_expected_channel_count"": 0, ""duplicate_channel_count"": 0, ""force_channel_count"": 8, ""moment_channel_count"": 0}",3,0,,true,true,false,27,false,true,35,Y - GLOBAL,NEWTONS,QUESTIONABLE DATA,PRIMARY,false,true,36,Y - GLOBAL,NEWTONS,QUESTIONABLE DATA,PRIMARY,false,true,37,Y - GLOBAL,NEWTONS,AS MEASURED,PRIMARY,true,true,38,Y - GLOBAL,NEWTONS,AS MEASURED,PRIMARY,true,true,39,Y - GLOBAL,NEWTONS,AS MEASURED,PRIMARY,true,true,40,Y - GLOBAL,NEWTONS,AS MEASURED,PRIMARY,true,true,41,Y - GLOBAL,NEWTONS,AS MEASURED,PRIMARY,true,true,42,Y - GLOBAL,NEWTONS,AS MEASURED,PRIMARY,true,true,17,G'S,AS MEASURED,PRIMARY,true,true,18,G'S,AS MEASURED,PRIMARY,true,true,19,G'S,AS MEASURED,PRIMARY,true
8532,2014-02-03,NEW CAR ASSESSMENT TEST,VEHICLE INTO POLE,NCAP SIDE IMPACT POLE BARRIER- 2014 AUDI Q5 2.0T QUATTRO 5-DOOR MPV,side,side,classified,,side_pole_load_cell_8,side_pole_load_cell_barrier,covered_with_mask,POLE,POLE,pole_barrier_unconditional,1,8,8,0,"[1, 8]",8,8,8,,,true,true,[],[],"{""missing_expected_channel_count"": 0, ""duplicate_channel_count"": 0, ""force_channel_count"": 8, ""moment_channel_count"": 0}",3,0,,true,true,false,27,false,true,35,Y - GLOBAL,NEWTONS,AS MEASURED,PRIMARY,true,true,36,Y - GLOBAL,NEWTONS,AS MEASURED,PRIMARY,true,true,37,Y - GLOBAL,NEWTONS,AS MEASURED,PRIMARY,true,true,38,Y - GLOBAL,NEWTONS,AS MEASURED,PRIMARY,true,true,39,Y - GLOBAL,NEWTONS,AS MEASURED,PRIMARY,true,true,40,Y - GLOBAL,NEWTONS,AS MEASURED,PRIMARY,true,true,41,Y - GLOBAL,NEWTONS,AS MEASURED,PRIMARY,true,true,42,Y - GLOBAL,NEWTONS,AS MEASURED,PRIMARY,true,true,17,G'S,AS MEASURED,PRIMARY,true,true,18,G'S,AS MEASURED,PRIMARY,true,true,19,G'S,AS MEASURED,PRIMARY,true
8534,2014-02-04,OPTIONAL NEW CAR ASSESSMENT TEST,VEHICLE INTO POLE,NCAP SIDE POLE - 2014 TOYOTA HIGHLANDER LE 5-DR WAGON,side,side,classified,,side_pole_load_cell_8,side_pole_load_cell_barrier,covered_with_mask,POLE,POLE,pole_barrier_unconditional,1,8,8,0,"[1, 8]",8,8,8,,,true,true,[],[],"{""missing_expected_channel_count"": 0, ""duplicate_channel_count"": 0, ""force_channel_count"": 8, ""moment_channel_count"": 0}",3,0,,true,false,true,27,false,true,35,Y - GLOBAL,NEWTONS,AS MEASURED,PRIMARY,true,true,36,Y - GLOBAL,NEWTONS,AS MEASURED,PRIMARY,true,true,37,Y - GLOBAL,NEWTONS,AS MEASURED,PRIMARY,true,true,38,Y - GLOBAL,NEWTONS,AS MEASURED,PRIMARY,true,true,39,Y - GLOBAL,NEWTONS,AS MEASURED,PRIMARY,true,true,40,Y - GLOBAL,NEWTONS,AS MEASURED,PRIMARY,true,true,41,Y - GLOBAL,NEWTONS,AS MEASURED,PRIMARY,true,true,42,Y - GLOBAL,NEWTONS,AS MEASURED,PRIMARY,true,true,17,G'S,QUESTIONABLE DATA,PRIMARY,false,true,18,G'S,QUESTIONABLE DATA,PRIMARY,false,true,19,G'S,QUESTIONABLE DATA,PRIMARY,false
8544,2014-02-19,NEW CAR ASSESSMENT TEST,VEHICLE INTO POLE,75 DEGREE OBLIQUE RIGID POLE SIDE NCAP IMPACT,side,side,classified,,side_pole_load_cell_8,side_pole_load_cell_barrier,covered_with_mask,POLE,POLE,pole_barrier_unconditional,1,8,8,0,"[1, 8]",8,8,8,,,true,true,[],[],"{""missing_expected_channel_count"": 0, ""duplicate_channel_count"": 0, ""force_channel_count"": 8, ""moment_channel_count"": 0}",3,0,,true,true,false,27,false,true,35,Y - GLOBAL,NEWTONS,AS MEASURED,PRIMARY,true,true,36,Y - GLOBAL,NEWTONS,AS MEASURED,PRIMARY,true,true,37,Y - GLOBAL,NEWTONS,AS MEASURED,PRIMARY,true,true,38,Y - GLOBAL,NEWTONS,AS MEASURED,PRIMARY,true,true,39,Y - GLOBAL,NEWTONS,AS MEASURED,PRIMARY,true,true,40,Y - GLOBAL,NEWTONS,AS MEASURED,PRIMARY,true,true,41,Y - GLOBAL,NEWTONS,AS MEASURED,PRIMARY,true,true,42,Y - GLOBAL,NEWTONS,AS MEASURED,PRIMARY,true,true,17,G'S,AS MEASURED,PRIMARY,true,true,18,G'S,AS MEASURED,PRIMARY,true,true,19,G'S,AS MEASURED,PRIMARY,true
8556,2014-02-26,NEW CAR ASSESSMENT TEST,VEHICLE INTO POLE,NCAP SIDE POLE - 2014 HYUNDAI VELOSTER 3-DR COUPE,side,side,classified,,side_pole_load_cell_8,side_pole_load_cell_barrier,covered_with_mask,POLE,POLE,pole_barrier_unconditional,1,8,8,0,"[1, 8]",8,8,8,,,true,true,[],[],"{""missing_expected_channel_count"": 0, ""duplicate_channel_count"": 0, ""force_channel_count"": 8, ""moment_channel_count"": 0}",3,0,,true,true,false,27,false,true,35,Y - GLOBAL,NEWTONS,AS MEASURED,PRIMARY,true,true,36,Y - GLOBAL,NEWTONS,AS MEASURED,PRIMARY,true,true,37,Y - GLOBAL,NEWTONS,AS MEASURED,PRIMARY,true,true,38,Y - GLOBAL,NEWTONS,AS MEASURED,PRIMARY,true,true,39,Y - GLOBAL,NEWTONS,AS MEASURED,PRIMARY,true,true,40,Y - GLOBAL,NEWTONS,AS MEASURED,PRIMARY,true,true,41,Y - GLOBAL,NEWTONS,AS MEASURED,PRIMARY,true,true,42,Y - GLOBAL,NEWTONS,AS MEASURED,PRIMARY,true,true,17,G'S,AS MEASURED,PRIMARY,true,true,18,G'S,AS MEASURED,PRIMARY,true,true,19,G'S,AS MEASURED,PRIMARY,true
8558,2014-03-03,NEW CAR ASSESSMENT TEST,VEHICLE INTO POLE,NCAP SIDE POLE - 2014.5 TOYOTA CAMRY LE 4-DR SEDAN,side,side,classified,,side_pole_load_cell_8,side_pole_load_cell_barrier,covered_with_mask,POLE,POLE,pole_barrier_unconditional,1,8,8,0,"[1, 8]",8,8,8,,,true,true,[],[],"{""missing_expected_channel_count"": 0, ""duplicate_channel_count"": 0, ""force_channel_count"": 8, ""moment_channel_count"": 0}",3,0,,true,true,false,27,false,true,35,Y - GLOBAL,NEWTONS,AS MEASURED,PRIMARY,true,true,36,Y - GLOBAL,NEWTONS,AS MEASURED,PRIMARY,true,true,37,Y - GLOBAL,NEWTONS,AS MEASURED,PRIMARY,true,true,38,Y - GLOBAL,NEWTONS,AS MEASURED,PRIMARY,true,true,39,Y - GLOBAL,NEWTONS,AS MEASURED,PRIMARY,true,true,40,Y - GLOBAL,NEWTONS,AS MEASURED,PRIMARY,true,true,41,Y - GLOBAL,NEWTONS,AS MEASURED,PRIMARY,true,true,42,Y - GLOBAL,NEWTONS,AS MEASURED,PRIMARY,true,true,17,G'S,AS MEASURED,PRIMARY,true,true,18,G'S,AS MEASURED,PRIMARY,true,true,19,G'S,AS MEASURED,PRIMARY,true
8561,2014-02-26,NEW CAR ASSESSMENT TEST,VEHICLE INTO POLE,75 DEGREE OBLIQUE RIGID POLE SIDE NCAP IMPACT,side,side,classified,,side_pole_load_cell_8,side_pole_load_cell_barrier,covered_with_mask,POLE,POLE,pole_barrier_unconditional,1,8,8,0,"[1, 8]",8,8,8,,,true,true,[],[],"{""missing_expected_channel_count"": 0, ""duplicate_channel_count"": 0, ""force_channel_count"": 8, ""moment_channel_count"": 0}",3,0,,true,true,false,27,false,true,35,Y - GLOBAL,NEWTONS,AS MEASURED,PRIMARY,true,true,36,Y - GLOBAL,NEWTONS,AS MEASURED,PRIMARY,true,true,37,Y - GLOBAL,NEWTONS,AS MEASURED,PRIMARY,true,true,38,Y - GLOBAL,NEWTONS,AS MEASURED,PRIMARY,true,true,39,Y - GLOBAL,NEWTONS,AS MEASURED,PRIMARY,true,true,40,Y - GLOBAL,NEWTONS,AS MEASURED,PRIMARY,true,true,41,Y - GLOBAL,NEWTONS,AS MEASURED,PRIMARY,true,true,42,Y - GLOBAL,NEWTONS,AS MEASURED,PRIMARY,true,true,17,G'S,AS MEASURED,PRIMARY,true,true,18,G'S,AS MEASURED,PRIMARY,true,true,19,G'S,AS MEASURED,PRIMARY,true
8568,2014-03-05,NEW CAR ASSESSMENT TEST,VEHICLE INTO POLE,NCAP SIDE POLE - 2014 FORD TRANSIT CONNECT XLT WAGON SWB,side,side,classified,,side_pole_load_cell_8,side_pole_load_cell_barrier,covered_with_mask,POLE,POLE,pole_barrier_unconditional,1,8,8,0,"[1, 8]",8,8,8,,,true,true,[],[],"{""missing_expected_channel_count"": 0, ""duplicate_channel_count"": 0, ""force_channel_count"": 8, ""moment_channel_count"": 0}",3,0,,true,false,true,27,false,true,35,Y - GLOBAL,NEWTONS,AS MEASURED,PRIMARY,true,true,36,Y - GLOBAL,NEWTONS,AS MEASURED,PRIMARY,true,true,37,Y - GLOBAL,NEWTONS,AS MEASURED,PRIMARY,true,true,38,Y - GLOBAL,NEWTONS,AS MEASURED,PRIMARY,true,true,39,Y - GLOBAL,NEWTONS,AS MEASURED,PRIMARY,true,true,40,Y - GLOBAL,NEWTONS,AS MEASURED,PRIMARY,true,true,41,Y - GLOBAL,NEWTONS,AS MEASURED,PRIMARY,true,true,42,Y - GLOBAL,NEWTONS,AS MEASURED,PRIMARY,true,true,17,G'S,AS MEASURED,PRIMARY,true,true,18,G'S,QUESTIONABLE DATA,PRIMARY,false,true,19,G'S,QUESTIONABLE DATA,PRIMARY,false
8640,2014-04-10,NEW CAR ASSESSMENT TEST,VEHICLE INTO POLE,75 DEGREE OBLIQUE RIGID POLE SIDE NCAP IMPACT,side,side,classified,,side_pole_load_cell_8,side_pole_load_cell_barrier,covered_with_mask,POLE,POLE,pole_barrier_unconditional,1,8,8,0,"[1, 8]",8,8,8,,,true,true,[],[],"{""missing_expected_channel_count"": 0, ""duplicate_channel_count"": 0, ""force_channel_count"": 8, ""moment_channel_count"": 0}",3,0,,true,true,false,27,false,true,35,Y - GLOBAL,NEWTONS,AS MEASURED,PRIMARY,true,true,36,Y - GLOBAL,NEWTONS,AS MEASURED,PRIMARY,true,true,37,Y - GLOBAL,NEWTONS,AS MEASURED,PRIMARY,true,true,38,Y - GLOBAL,NEWTONS,AS MEASURED,PRIMARY,true,true,39,Y - GLOBAL,NEWTONS,AS MEASURED,PRIMARY,true,true,40,Y - GLOBAL,NEWTONS,AS MEASURED,PRIMARY,true,true,41,Y - GLOBAL,NEWTONS,AS MEASURED,PRIMARY,true,true,42,Y - GLOBAL,NEWTONS,AS MEASURED,PRIMARY,true,true,17,G'S,AS MEASURED,PRIMARY,true,true,18,G'S,AS MEASURED,PRIMARY,true,true,19,G'S,AS MEASURED,PRIMARY,true
8648,2014-04-16,NEW CAR ASSESSMENT TEST,VEHICLE INTO POLE,NCAP SIDE IMPACT POLE BARRIER- 2014 TOYOTA 4RUNNER SR5 5-DOOR MPV,side,side,classified,,side_pole_load_cell_8,side_pole_load_cell_barrier,covered_with_mask,POLE,POLE,pole_barrier_unconditional,1,8,8,0,"[1, 8]",8,8,8,,,true,true,[],[],"{""missing_expected_channel_count"": 0, ""duplicate_channel_count"": 0, ""force_channel_count"": 8, ""moment_channel_count"": 0}",3,0,,true,true,false,27,false,true,35,Y - GLOBAL,NEWTONS,AS MEASURED,PRIMARY,true,true,36,Y - GLOBAL,NEWTONS,AS MEASURED,PRIMARY,true,true,37,Y - GLOBAL,NEWTONS,AS MEASURED,PRIMARY,true,true,38,Y - GLOBAL,NEWTONS,AS MEASURED,PRIMARY,true,true,39,Y - GLOBAL,NEWTONS,AS MEASURED,PRIMARY,true,true,40,Y - GLOBAL,NEWTONS,AS MEASURED,PRIMARY,true,true,41,Y - GLOBAL,NEWTONS,AS MEASURED,PRIMARY,true,true,42,Y - GLOBAL,NEWTONS,AS MEASURED,PRIMARY,true,true,17,G'S,AS MEASURED,PRIMARY,true,true,18,G'S,AS MEASURED,PRIMARY,true,true,19,G'S,AS MEASURED,PRIMARY,true
8661,2014-04-28,NEW CAR ASSESSMENT TEST,VEHICLE INTO POLE,NCAP SIDE POLE - 2015 CHEVROLET SILVERADO 2500 CREW CAB,side,side,classified,,side_pole_load_cell_8,side_pole_load_cell_barrier,covered_with_mask,POLE,POLE,pole_barrier_unconditional,1,8,8,0,"[1, 8]",8,8,8,,,true,true,[],[],"{""missing_expected_channel_count"": 0, ""duplicate_channel_count"": 0, ""force_channel_count"": 8, ""moment_channel_count"": 0}",3,0,,true,true,false,27,false,true,35,Y - GLOBAL,NEWTONS,AS MEASURED,PRIMARY,true,true,36,Y - GLOBAL,NEWTONS,AS MEASURED,PRIMARY,true,true,37,Y - GLOBAL,NEWTONS,AS MEASURED,PRIMARY,true,true,38,Y - GLOBAL,NEWTONS,AS MEASURED,PRIMARY,true,true,39,Y - GLOBAL,NEWTONS,AS MEASURED,PRIMARY,true,true,40,Y - GLOBAL,NEWTONS,AS MEASURED,PRIMARY,true,true,41,Y - GLOBAL,NEWTONS,AS MEASURED,PRIMARY,true,true,42,Y - GLOBAL,NEWTONS,AS MEASURED,PRIMARY,true,true,17,G'S,AS MEASURED,PRIMARY,true,true,18,G'S,AS MEASURED,PRIMARY,true,true,19,G'S,AS MEASURED,PRIMARY,true
8663,2014-05-02,NEW CAR ASSESSMENT TEST,VEHICLE INTO POLE,NCAP SIDE POLE - 2015 CHEVROLET SILVERADO 2500 DOUBLE CAB,side,side,classified,,side_pole_load_cell_8,side_pole_load_cell_barrier,covered_with_mask,POLE,POLE,pole_barrier_unconditional,1,8,8,0,"[1, 8]",8,8,8,,,true,true,[],[],"{""missing_expected_channel_count"": 0, ""duplicate_channel_count"": 0, ""force_channel_count"": 8, ""moment_channel_count"": 0}",3,0,,true,true,false,27,false,true,35,Y - GLOBAL,NEWTONS,AS MEASURED,PRIMARY,true,true,36,Y - GLOBAL,NEWTONS,AS MEASURED,PRIMARY,true,true,37,Y - GLOBAL,NEWTONS,AS MEASURED,PRIMARY,true,true,38,Y - GLOBAL,NEWTONS,AS MEASURED,PRIMARY,true,true,39,Y - GLOBAL,NEWTONS,AS MEASURED,PRIMARY,true,true,40,Y - GLOBAL,NEWTONS,AS MEASURED,PRIMARY,true,true,41,Y - GLOBAL,NEWTONS,AS MEASURED,PRIMARY,true,true,42,Y - GLOBAL,NEWTONS,AS MEASURED,PRIMARY,true,true,17,G'S,AS MEASURED,PRIMARY,true,true,18,G'S,AS MEASURED,PRIMARY,true,true,19,G'S,AS MEASURED,PRIMARY,true
8665,2014-05-09,NEW CAR ASSESSMENT TEST,VEHICLE INTO POLE,NCAP SIDE POLE - 2014 CHEVROLET CAPTIVA SPORT 1LS SUV,side,side,classified,,side_pole_load_cell_8,side_pole_load_cell_barrier,covered_with_mask,POLE,POLE,pole_barrier_unconditional,1,8,8,0,"[1, 8]",8,8,8,,,true,true,[],[],"{""missing_expected_channel_count"": 0, ""duplicate_channel_count"": 0, ""force_channel_count"": 8, ""moment_channel_count"": 0}",3,0,,true,true,false,27,false,true,35,Y - GLOBAL,NEWTONS,AS MEASURED,PRIMARY,true,true,36,Y - GLOBAL,NEWTONS,AS MEASURED,PRIMARY,true,true,37,Y - GLOBAL,NEWTONS,AS MEASURED,PRIMARY,true,true,38,Y - GLOBAL,NEWTONS,AS MEASURED,PRIMARY,true,true,39,Y - GLOBAL,NEWTONS,AS MEASURED,PRIMARY,true,true,40,Y - GLOBAL,NEWTONS,AS MEASURED,PRIMARY,true,true,41,Y - GLOBAL,NEWTONS,AS MEASURED,PRIMARY,true,true,42,Y - GLOBAL,NEWTONS,AS MEASURED,PRIMARY,true,true,17,G'S,AS MEASURED,PRIMARY,true,true,18,G'S,AS MEASURED,PRIMARY,true,true,19,G'S,AS MEASURED,PRIMARY,true
8749,2014-05-14,NEW CAR ASSESSMENT TEST,VEHICLE INTO POLE,NCAP SIDE POLE - 2015 CHEVROLET SUBURBAN 1500 LS SUV,side,side,classified,,side_pole_load_cell_8,side_pole_load_cell_barrier,covered_with_mask,POLE,POLE,pole_barrier_unconditional,1,8,8,0,"[1, 8]",8,8,8,,,true,true,[],[],"{""missing_expected_channel_count"": 0, ""duplicate_channel_count"": 0, ""force_channel_count"": 8, ""moment_channel_count"": 0}",3,0,,true,true,false,27,false,true,35,Y - GLOBAL,NEWTONS,AS MEASURED,PRIMARY,true,true,36,Y - GLOBAL,NEWTONS,AS MEASURED,PRIMARY,true,true,37,Y - GLOBAL,NEWTONS,AS MEASURED,PRIMARY,true,true,38,Y - GLOBAL,NEWTONS,AS MEASURED,PRIMARY,true,true,39,Y - GLOBAL,NEWTONS,AS MEASURED,PRIMARY,true,true,40,Y - GLOBAL,NEWTONS,AS MEASURED,PRIMARY,true,true,41,Y - GLOBAL,NEWTONS,AS MEASURED,PRIMARY,true,true,42,Y - GLOBAL,NEWTONS,AS MEASURED,PRIMARY,true,true,17,G'S,AS MEASURED,PRIMARY,true,true,18,G'S,AS MEASURED,PRIMARY,true,true,19,G'S,AS MEASURED,PRIMARY,true
8758,2014-05-30,NEW CAR ASSESSMENT TEST,VEHICLE INTO POLE,NCAP SIDE IMPACT POLE BARRIER- 2014 MINI COOPER HARDTOP 3-DR HATCHBACK,side,side,classified,,side_pole_load_cell_8,side_pole_load_cell_barrier,covered_with_mask,POLE,POLE,pole_barrier_unconditional,1,8,8,0,"[1, 8]",8,8,8,,,true,true,[],[],"{""missing_expected_channel_count"": 0, ""duplicate_channel_count"": 0, ""force_channel_count"": 8, ""moment_channel_count"": 0}",3,0,,true,true,false,27,false,true,35,Y - GLOBAL,NEWTONS,AS MEASURED,PRIMARY,true,true,36,Y - GLOBAL,NEWTONS,AS MEASURED,PRIMARY,true,true,37,Y - GLOBAL,NEWTONS,AS MEASURED,PRIMARY,true,true,38,Y - GLOBAL,NEWTONS,AS MEASURED,PRIMARY,true,true,39,Y - GLOBAL,NEWTONS,AS MEASURED,PRIMARY,true,true,40,Y - GLOBAL,NEWTONS,AS MEASURED,PRIMARY,true,true,41,Y - GLOBAL,NEWTONS,AS MEASURED,PRIMARY,true,true,42,Y - GLOBAL,NEWTONS,AS MEASURED,PRIMARY,true,true,17,G'S,AS MEASURED,PRIMARY,true,true,18,G'S,AS MEASURED,PRIMARY,true,true,19,G'S,AS MEASURED,PRIMARY,true
8780,2014-06-05,NEW CAR ASSESSMENT TEST,VEHICLE INTO POLE,NCAP SIDE IMPACT POLE BARRIER- 2015 LEXUS RX 350 5-DOOR MPV,side,side,classified,,side_pole_load_cell_8,side_pole_load_cell_barrier,covered_with_mask,POLE,POLE,pole_barrier_unconditional,1,8,8,0,"[1, 8]",8,8,8,,,true,true,[],[],"{""missing_expected_channel_count"": 0, ""duplicate_channel_count"": 0, ""force_channel_count"": 8, ""moment_channel_count"": 0}",3,0,,true,true,false,27,false,true,35,Y - GLOBAL,NEWTONS,AS MEASURED,PRIMARY,true,true,36,Y - GLOBAL,NEWTONS,AS MEASURED,PRIMARY,true,true,37,Y - GLOBAL,NEWTONS,AS MEASURED,PRIMARY,true,true,38,Y - GLOBAL,NEWTONS,AS MEASURED,PRIMARY,true,true,39,Y - GLOBAL,NEWTONS,AS MEASURED,PRIMARY,true,true,40,Y - GLOBAL,NEWTONS,AS MEASURED,PRIMARY,true,true,41,Y - GLOBAL,NEWTONS,AS MEASURED,PRIMARY,true,true,42,Y - GLOBAL,NEWTONS,AS MEASURED,PRIMARY,true,true,17,G'S,AS MEASURED,PRIMARY,true,true,18,G'S,AS MEASURED,PRIMARY,true,true,19,G'S,AS MEASURED,PRIMARY,true
8783,2014-06-06,OPTIONAL NEW CAR ASSESSMENT TEST,VEHICLE INTO POLE,NCAP SIDE POLE - 2015 HYUNDAI GENESIS 4-DR SEDAN,side,side,classified,,side_pole_load_cell_8,side_pole_load_cell_barrier,covered_with_mask,POLE,POLE,pole_barrier_unconditional,1,8,8,0,"[1, 8]",8,8,8,,,true,true,[],[],"{""missing_expected_channel_count"": 0, ""duplicate_channel_count"": 0, ""force_channel_count"": 8, ""moment_channel_count"": 0}",3,0,,true,false,true,27,false,true,35,Y - GLOBAL,NEWTONS,AS MEASURED,PRIMARY,true,true,36,Y - GLOBAL,NEWTONS,AS MEASURED,PRIMARY,true,true,37,Y - GLOBAL,NEWTONS,AS MEASURED,PRIMARY,true,true,38,Y - GLOBAL,NEWTONS,AS MEASURED,PRIMARY,true,true,39,Y - GLOBAL,NEWTONS,AS MEASURED,PRIMARY,true,true,40,Y - GLOBAL,NEWTONS,AS MEASURED,PRIMARY,true,true,41,Y - GLOBAL,NEWTONS,AS MEASURED,PRIMARY,true,true,42,Y - GLOBAL,NEWTONS,AS MEASURED,PRIMARY,true,true,17,G'S,AS MEASURED,PRIMARY,true,true,18,G'S,CHANNEL FAILED,PRIMARY,false,true,19,G'S,AS MEASURED,PRIMARY,true
8785,2014-06-11,OPTIONAL NEW CAR ASSESSMENT TEST,VEHICLE INTO POLE,SIDE NCAP RIGID POLE 2014 MITSUBISHI OUTLANDER SPORT 5-DOOR SUV,side,side,classified,,side_pole_load_cell_8,side_pole_load_cell_barrier,covered_with_mask,POLE,POLE,pole_barrier_unconditional,1,8,8,0,"[1, 8]",8,8,8,,,true,true,[],[],"{""missing_expected_channel_count"": 0, ""duplicate_channel_count"": 0, ""force_channel_count"": 8, ""moment_channel_count"": 0}",3,0,,true,true,false,27,false,true,35,Y - GLOBAL,NEWTONS,AS MEASURED,PRIMARY,true,true,36,Y - GLOBAL,NEWTONS,AS MEASURED,PRIMARY,true,true,37,Y - GLOBAL,NEWTONS,AS MEASURED,PRIMARY,true,true,38,Y - GLOBAL,NEWTONS,AS MEASURED,PRIMARY,true,true,39,Y - GLOBAL,NEWTONS,AS MEASURED,PRIMARY,true,true,40,Y - GLOBAL,NEWTONS,AS MEASURED,PRIMARY,true,true,41,Y - GLOBAL,NEWTONS,AS MEASURED,PRIMARY,true,true,42,Y - GLOBAL,NEWTONS,AS MEASURED,PRIMARY,true,true,17,G'S,AS MEASURED,PRIMARY,true,true,18,G'S,AS MEASURED,PRIMARY,true,true,19,G'S,AS MEASURED,PRIMARY,true
8792,2014-07-16,OPTIONAL NEW CAR ASSESSMENT TEST,VEHICLE INTO POLE,NCAP SIDE POLE - 2014 CADILLAC CTS 4-DR SEDAN,side,side,classified,,side_pole_load_cell_8,side_pole_load_cell_barrier,covered_with_mask,POLE,POLE,pole_barrier_unconditional,1,8,8,0,"[1, 8]",8,8,8,,,true,true,[],[],"{""missing_expected_channel_count"": 0, ""duplicate_channel_count"": 0, ""force_channel_count"": 8, ""moment_channel_count"": 0}",3,0,,true,true,false,27,false,true,35,Y - GLOBAL,NEWTONS,AS MEASURED,PRIMARY,true,true,36,Y - GLOBAL,NEWTONS,AS MEASURED,PRIMARY,true,true,37,Y - GLOBAL,NEWTONS,AS MEASURED,PRIMARY,true,true,38,Y - GLOBAL,NEWTONS,AS MEASURED,PRIMARY,true,true,39,Y - GLOBAL,NEWTONS,AS MEASURED,PRIMARY,true,true,40,Y - GLOBAL,NEWTONS,AS MEASURED,PRIMARY,true,true,41,Y - GLOBAL,NEWTONS,AS MEASURED,PRIMARY,true,true,42,Y - GLOBAL,NEWTONS,AS MEASURED,PRIMARY,true,true,17,G'S,AS MEASURED,PRIMARY,true,true,18,G'S,AS MEASURED,PRIMARY,true,true,19,G'S,AS MEASURED,PRIMARY,true
8880,2014-07-24,OPTIONAL NEW CAR ASSESSMENT TEST,VEHICLE INTO POLE,NCAP SIDE POLE - 2015 HYUNDAI SONATA 4-DR SEDAN,side,side,classified,,side_pole_load_cell_8,side_pole_load_cell_barrier,covered_with_mask,POLE,POLE,pole_barrier_unconditional,1,8,8,0,"[1, 8]",8,8,8,,,true,true,[],[],"{""missing_expected_channel_count"": 0, ""duplicate_channel_count"": 0, ""force_channel_count"": 8, ""moment_channel_count"": 0}",3,0,,true,true,false,27,false,true,35,Y - GLOBAL,NEWTONS,AS MEASURED,PRIMARY,true,true,36,Y - GLOBAL,NEWTONS,AS MEASURED,PRIMARY,true,true,37,Y - GLOBAL,NEWTONS,AS MEASURED,PRIMARY,true,true,38,Y - GLOBAL,NEWTONS,AS MEASURED,PRIMARY,true,true,39,Y - GLOBAL,NEWTONS,AS MEASURED,PRIMARY,true,true,40,Y - GLOBAL,NEWTONS,AS MEASURED,PRIMARY,true,true,41,Y - GLOBAL,NEWTONS,AS MEASURED,PRIMARY,true,true,42,Y - GLOBAL,NEWTONS,AS MEASURED,PRIMARY,true,true,17,G'S,AS MEASURED,PRIMARY,true,true,18,G'S,AS MEASURED,PRIMARY,true,true,19,G'S,AS MEASURED,PRIMARY,true
8908,2014-08-12,OPTIONAL NEW CAR ASSESSMENT TEST,VEHICLE INTO POLE,NCAP SIDE POLE - 2015 KIA FORTE 4-DR SEDAN,side,side,classified,,side_pole_load_cell_8,side_pole_load_cell_barrier,covered_with_mask,POLE,POLE,pole_barrier_unconditional,1,8,8,0,"[1, 8]",8,8,8,,,true,true,[],[],"{""missing_expected_channel_count"": 0, ""duplicate_channel_count"": 0, ""force_channel_count"": 8, ""moment_channel_count"": 0}",3,0,,true,true,false,27,false,true,35,Y - GLOBAL,NEWTONS,AS MEASURED,PRIMARY,true,true,36,Y - GLOBAL,NEWTONS,AS MEASURED,PRIMARY,true,true,37,Y - GLOBAL,NEWTONS,AS MEASURED,PRIMARY,true,true,38,Y - GLOBAL,NEWTONS,AS MEASURED,PRIMARY,true,true,39,Y - GLOBAL,NEWTONS,AS MEASURED,PRIMARY,true,true,40,Y - GLOBAL,NEWTONS,AS MEASURED,PRIMARY,true,true,41,Y - GLOBAL,NEWTONS,AS MEASURED,PRIMARY,true,true,42,Y - GLOBAL,NEWTONS,AS MEASURED,PRIMARY,true,true,17,G'S,AS MEASURED,PRIMARY,true,true,18,G'S,AS MEASURED,PRIMARY,true,true,19,G'S,AS MEASURED,PRIMARY,true
8938,2014-09-08,NEW CAR ASSESSMENT TEST,VEHICLE INTO POLE,NCAP SIDE POLE - 2015 LINCOLN MKC SUV,side,side,classified,,side_pole_load_cell_8,side_pole_load_cell_barrier,covered_with_mask,POLE,POLE,pole_barrier_unconditional,1,8,8,0,"[1, 8]",8,8,8,,,true,true,[],[],"{""missing_expected_channel_count"": 0, ""duplicate_channel_count"": 0, ""force_channel_count"": 8, ""moment_channel_count"": 0}",3,0,,true,true,false,27,false,true,35,Y - GLOBAL,NEWTONS,AS MEASURED,PRIMARY,true,true,36,Y - GLOBAL,NEWTONS,AS MEASURED,PRIMARY,true,true,37,Y - GLOBAL,NEWTONS,AS MEASURED,PRIMARY,true,true,38,Y - GLOBAL,NEWTONS,AS MEASURED,PRIMARY,true,true,39,Y - GLOBAL,NEWTONS,AS MEASURED,PRIMARY,true,true,40,Y - GLOBAL,NEWTONS,AS MEASURED,PRIMARY,true,true,41,Y - GLOBAL,NEWTONS,AS MEASURED,PRIMARY,true,true,42,Y - GLOBAL,NEWTONS,AS MEASURED,PRIMARY,true,true,17,G'S,AS MEASURED,PRIMARY,true,true,18,G'S,AS MEASURED,PRIMARY,true,true,19,G'S,AS MEASURED,PRIMARY,true
8940,2014-09-10,NEW CAR ASSESSMENT TEST,VEHICLE INTO POLE,NCAP SIDE IMPACT POLE BARRIER- 2015 NISSAN ALTIMA 2.5 S 4-DOOR SEDAN,side,side,classified,,side_pole_load_cell_8,side_pole_load_cell_barrier,covered_with_mask,POLE,POLE,pole_barrier_unconditional,1,8,8,0,"[1, 8]",8,8,8,,,true,false,[],[],"{""missing_expected_channel_count"": 0, ""duplicate_channel_count"": 0, ""force_channel_count"": 8, ""moment_channel_count"": 0}",3,0,,true,true,false,27,false,true,35,Y - GLOBAL,NEWTONS,CHANNEL FAILED,PRIMARY,false,true,36,Y - GLOBAL,NEWTONS,CHANNEL FAILED,PRIMARY,false,true,37,Y - GLOBAL,NEWTONS,CHANNEL FAILED,PRIMARY,false,true,38,Y - GLOBAL,NEWTONS,CHANNEL FAILED,PRIMARY,false,true,39,Y - GLOBAL,NEWTONS,CHANNEL FAILED,PRIMARY,false,true,40,Y - GLOBAL,NEWTONS,CHANNEL FAILED,PRIMARY,false,true,41,Y - GLOBAL,NEWTONS,CHANNEL FAILED,PRIMARY,false,true,42,Y - GLOBAL,NEWTONS,CHANNEL FAILED,PRIMARY,false,true,17,G'S,AS MEASURED,PRIMARY,true,true,18,G'S,AS MEASURED,PRIMARY,true,true,19,G'S,AS MEASURED,PRIMARY,true
8981,2014-09-23,NEW CAR ASSESSMENT TEST,VEHICLE INTO POLE,NCAP SIDE POLE - 2015 CADILLAC ATS 4-DR SEDAN,side,side,classified,,side_pole_load_cell_8,side_pole_load_cell_barrier,covered_with_mask,POLE,POLE,pole_barrier_unconditional,1,8,8,0,"[1, 8]",8,8,8,,,true,true,[],[],"{""missing_expected_channel_count"": 0, ""duplicate_channel_count"": 0, ""force_channel_count"": 8, ""moment_channel_count"": 0}",3,0,,true,false,true,27,false,true,35,Y - GLOBAL,NEWTONS,AS MEASURED,PRIMARY,true,true,36,Y - GLOBAL,NEWTONS,AS MEASURED,PRIMARY,true,true,37,Y - GLOBAL,NEWTONS,AS MEASURED,PRIMARY,true,true,38,Y - GLOBAL,NEWTONS,AS MEASURED,PRIMARY,true,true,39,Y - GLOBAL,NEWTONS,AS MEASURED,PRIMARY,true,true,40,Y - GLOBAL,NEWTONS,AS MEASURED,PRIMARY,true,true,41,Y - GLOBAL,NEWTONS,AS MEASURED,PRIMARY,true,true,42,Y - GLOBAL,NEWTONS,AS MEASURED,PRIMARY,true,true,17,G'S,AS MEASURED,PRIMARY,true,true,18,G'S,CHANNEL FAILED,PRIMARY,false,true,19,G'S,AS MEASURED,PRIMARY,true
8985,2014-10-03,OPTIONAL NEW CAR ASSESSMENT TEST,VEHICLE INTO POLE,NCAP SIDE POLE - 2015 CHRYSLER 200 LIMITED 4-DR SEDAN,side,side,classified,,side_pole_load_cell_8,side_pole_load_cell_barrier,covered_with_mask,POLE,POLE,pole_barrier_unconditional,1,8,8,0,"[1, 8]",8,8,8,,,true,true,[],[],"{""missing_expected_channel_count"": 0, ""duplicate_channel_count"": 0, ""force_channel_count"": 8, ""moment_channel_count"": 0}",3,0,,true,true,false,27,false,true,35,Y - GLOBAL,NEWTONS,AS MEASURED,PRIMARY,true,true,36,Y - GLOBAL,NEWTONS,AS MEASURED,PRIMARY,true,true,37,Y - GLOBAL,NEWTONS,AS MEASURED,PRIMARY,true,true,38,Y - GLOBAL,NEWTONS,AS MEASURED,PRIMARY,true,true,39,Y - GLOBAL,NEWTONS,AS MEASURED,PRIMARY,true,true,40,Y - GLOBAL,NEWTONS,AS MEASURED,PRIMARY,true,true,41,Y - GLOBAL,NEWTONS,AS MEASURED,PRIMARY,true,true,42,Y - GLOBAL,NEWTONS,AS MEASURED,PRIMARY,true,true,17,G'S,AS MEASURED,PRIMARY,true,true,18,G'S,AS MEASURED,PRIMARY,true,true,19,G'S,AS MEASURED,PRIMARY,true
8990,2014-10-23,OPTIONAL NEW CAR ASSESSMENT TEST,VEHICLE INTO POLE,NCAP SIDE IMPACT POLE BARRIER- 2015 SUBARU OUTBACK 2.5I 5-DOOR MPV,side,side,classified,,side_pole_load_cell_8,side_pole_load_cell_barrier,covered_with_mask,POLE,POLE,pole_barrier_unconditional,1,8,8,0,"[1, 8]",8,8,8,,,true,false,[],[],"{""missing_expected_channel_count"": 0, ""duplicate_channel_count"": 0, ""force_channel_count"": 8, ""moment_channel_count"": 0}",3,0,,true,true,false,27,false,true,35,Y - GLOBAL,NEWTONS,AS MEASURED,PRIMARY,true,true,36,Y - GLOBAL,NEWTONS,AS MEASURED,PRIMARY,true,true,37,Y - GLOBAL,NEWTONS,AS MEASURED,PRIMARY,true,true,38,Y - GLOBAL,NEWTONS,AS MEASURED,PRIMARY,true,true,39,Y - GLOBAL,NEWTONS,AS MEASURED,PRIMARY,true,true,40,Y - GLOBAL,NEWTONS,AS MEASURED,PRIMARY,true,true,41,Y - GLOBAL,NEWTONS,CHANNEL FAILED,PRIMARY,false,true,42,Y - GLOBAL,NEWTONS,AS MEASURED,PRIMARY,true,true,17,G'S,AS MEASURED,PRIMARY,true,true,18,G'S,AS MEASURED,PRIMARY,true,true,19,G'S,AS MEASURED,PRIMARY,true
8994,2014-10-29,NEW CAR ASSESSMENT TEST,VEHICLE INTO POLE,NCAP SIDE IMPACT POLE BARRIER- 2015 TOYOTA TACOMA ACCESS CAB 2-DR TRK,side,side,classified,,side_pole_load_cell_8,side_pole_load_cell_barrier,covered_with_mask,POLE,POLE,pole_barrier_unconditional,1,8,8,0,"[1, 8]",8,8,8,,,true,true,[],[],"{""missing_expected_channel_count"": 0, ""duplicate_channel_count"": 0, ""force_channel_count"": 8, ""moment_channel_count"": 0}",3,0,,true,true,false,27,false,true,35,Y - GLOBAL,NEWTONS,AS MEASURED,PRIMARY,true,true,36,Y - GLOBAL,NEWTONS,AS MEASURED,PRIMARY,true,true,37,Y - GLOBAL,NEWTONS,AS MEASURED,PRIMARY,true,true,38,Y - GLOBAL,NEWTONS,AS MEASURED,PRIMARY,true,true,39,Y - GLOBAL,NEWTONS,AS MEASURED,PRIMARY,true,true,40,Y - GLOBAL,NEWTONS,AS MEASURED,PRIMARY,true,true,41,Y - GLOBAL,NEWTONS,AS MEASURED,PRIMARY,true,true,42,Y - GLOBAL,NEWTONS,AS MEASURED,PRIMARY,true,true,17,G'S,AS MEASURED,PRIMARY,true,true,18,G'S,AS MEASURED,PRIMARY,true,true,19,G'S,AS MEASURED,PRIMARY,true
8995,2014-10-28,NEW CAR ASSESSMENT TEST,VEHICLE INTO POLE,NCAP SIDE POLE - 2015 FORD TRANSIT 150 LR WAGON XLT,side,side,classified,,side_pole_load_cell_8,side_pole_load_cell_barrier,covered_with_mask,POLE,POLE,pole_barrier_unconditional,1,8,8,0,"[1, 8]",8,8,8,,,true,true,[],[],"{""missing_expected_channel_count"": 0, ""duplicate_channel_count"": 0, ""force_channel_count"": 8, ""moment_channel_count"": 0}",3,0,,true,true,false,27,false,true,35,Y - GLOBAL,NEWTONS,AS MEASURED,PRIMARY,true,true,36,Y - GLOBAL,NEWTONS,AS MEASURED,PRIMARY,true,true,37,Y - GLOBAL,NEWTONS,AS MEASURED,PRIMARY,true,true,38,Y - GLOBAL,NEWTONS,AS MEASURED,PRIMARY,true,true,39,Y - GLOBAL,NEWTONS,AS MEASURED,PRIMARY,true,true,40,Y - GLOBAL,NEWTONS,AS MEASURED,PRIMARY,true,true,41,Y - GLOBAL,NEWTONS,AS MEASURED,PRIMARY,true,true,42,Y - GLOBAL,NEWTONS,AS MEASURED,PRIMARY,true,true,17,G'S,AS MEASURED,PRIMARY,true,true,18,G'S,AS MEASURED,PRIMARY,true,true,19,G'S,AS MEASURED,PRIMARY,true
8996,2014-10-30,NEW CAR ASSESSMENT TEST,VEHICLE INTO POLE,NCAP SIDE IMPACT POLE BARRIER 2015 TOYOTA TACOMA PRERUNNER 4-DOOR TRK,side,side,classified,,side_pole_load_cell_8,side_pole_load_cell_barrier,covered_with_mask,POLE,POLE,pole_barrier_unconditional,1,8,8,0,"[1, 8]",8,8,8,,,true,true,[],[],"{""missing_expected_channel_count"": 0, ""duplicate_channel_count"": 0, ""force_channel_count"": 8, ""moment_channel_count"": 0}",3,0,,true,true,false,27,false,true,35,Y - GLOBAL,NEWTONS,AS MEASURED,PRIMARY,true,true,36,Y - GLOBAL,NEWTONS,AS MEASURED,PRIMARY,true,true,37,Y - GLOBAL,NEWTONS,AS MEASURED,PRIMARY,true,true,38,Y - GLOBAL,NEWTONS,AS MEASURED,PRIMARY,true,true,39,Y - GLOBAL,NEWTONS,AS MEASURED,PRIMARY,true,true,40,Y - GLOBAL,NEWTONS,AS MEASURED,PRIMARY,true,true,41,Y - GLOBAL,NEWTONS,AS MEASURED,PRIMARY,true,true,42,Y - GLOBAL,NEWTONS,AS MEASURED,PRIMARY,true,true,17,G'S,AS MEASURED,PRIMARY,true,true,18,G'S,AS MEASURED,PRIMARY,true,true,19,G'S,AS MEASURED,PRIMARY,true
9003,2014-11-11,NEW CAR ASSESSMENT TEST,VEHICLE INTO POLE,NCAP SIDE IMPACT POLE BARRIER- 2015 BMW X5 SDRIVE35I 5-DOOR MPV,side,side,classified,,side_pole_load_cell_8,side_pole_load_cell_barrier,covered_with_mask,POLE,POLE,pole_barrier_unconditional,1,8,8,0,"[1, 8]",8,8,8,,,true,true,[],[],"{""missing_expected_channel_count"": 0, ""duplicate_channel_count"": 0, ""force_channel_count"": 8, ""moment_channel_count"": 0}",3,0,,true,true,false,27,false,true,35,Y - GLOBAL,NEWTONS,AS MEASURED,PRIMARY,true,true,36,Y - GLOBAL,NEWTONS,AS MEASURED,PRIMARY,true,true,37,Y - GLOBAL,NEWTONS,AS MEASURED,PRIMARY,true,true,38,Y - GLOBAL,NEWTONS,AS MEASURED,PRIMARY,true,true,39,Y - GLOBAL,NEWTONS,AS MEASURED,PRIMARY,true,true,40,Y - GLOBAL,NEWTONS,AS MEASURED,PRIMARY,true,true,41,Y - GLOBAL,NEWTONS,AS MEASURED,PRIMARY,true,true,42,Y - GLOBAL,NEWTONS,AS MEASURED,PRIMARY,true,true,17,G'S,AS MEASURED,PRIMARY,true,true,18,G'S,AS MEASURED,PRIMARY,true,true,19,G'S,AS MEASURED,PRIMARY,true
9004,2014-11-04,NEW CAR ASSESSMENT TEST,VEHICLE INTO POLE,NCAP SIDE POLE - 2015 TOYOTA CAMRY LE 4-DR SEDAN,side,side,classified,,side_pole_load_cell_8,side_pole_load_cell_barrier,covered_with_mask,POLE,POLE,pole_barrier_unconditional,1,8,8,0,"[1, 8]",8,8,8,,,true,true,[],[],"{""missing_expected_channel_count"": 0, ""duplicate_channel_count"": 0, ""force_channel_count"": 8, ""moment_channel_count"": 0}",3,0,,true,true,false,27,false,true,35,Y - GLOBAL,NEWTONS,AS MEASURED,PRIMARY,true,true,36,Y - GLOBAL,NEWTONS,AS MEASURED,PRIMARY,true,true,37,Y - GLOBAL,NEWTONS,AS MEASURED,PRIMARY,true,true,38,Y - GLOBAL,NEWTONS,AS MEASURED,PRIMARY,true,true,39,Y - GLOBAL,NEWTONS,AS MEASURED,PRIMARY,true,true,40,Y - GLOBAL,NEWTONS,AS MEASURED,PRIMARY,true,true,41,Y - GLOBAL,NEWTONS,AS MEASURED,PRIMARY,true,true,42,Y - GLOBAL,NEWTONS,AS MEASURED,PRIMARY,true,true,17,G'S,AS MEASURED,PRIMARY,true,true,18,G'S,AS MEASURED,PRIMARY,true,true,19,G'S,AS MEASURED,PRIMARY,true
9007,2014-11-12,OPTIONAL NEW CAR ASSESSMENT TEST,VEHICLE INTO POLE,NCAP SIDE POLE - 2015 AUDI A3 4-DR SEDAN,side,side,classified,,side_pole_load_cell_8,side_pole_load_cell_barrier,covered_with_mask,POLE,POLE,pole_barrier_unconditional,1,8,8,0,"[1, 8]",8,8,8,,,true,false,[],[],"{""missing_expected_channel_count"": 0, ""duplicate_channel_count"": 0, ""force_channel_count"": 8, ""moment_channel_count"": 0}",3,0,,true,true,false,27,false,true,35,Y - GLOBAL,NEWTONS,AS MEASURED,PRIMARY,true,true,36,Y - GLOBAL,NEWTONS,AS MEASURED,PRIMARY,true,true,37,Y - GLOBAL,NEWTONS,AS MEASURED,PRIMARY,true,true,38,Y - GLOBAL,NEWTONS,AS MEASURED,PRIMARY,true,true,39,Y - GLOBAL,NEWTONS,AS MEASURED,PRIMARY,true,true,40,Y - GLOBAL,NEWTONS,AS MEASURED,PRIMARY,true,true,41,Y - GLOBAL,NEWTONS,AS MEASURED,PRIMARY,true,true,42,Y - GLOBAL,NEWTONS,QUESTIONABLE DATA,PRIMARY,false,true,17,G'S,AS MEASURED,PRIMARY,true,true,18,G'S,AS MEASURED,PRIMARY,true,true,19,G'S,AS MEASURED,PRIMARY,true
9014,2014-11-19,OPTIONAL NEW CAR ASSESSMENT TEST,VEHICLE INTO POLE,NCAP SIDE POLE - 2015 TOYOTA SIENNA L MINIVAN,side,side,classified,,side_pole_load_cell_8,side_pole_load_cell_barrier,covered_with_mask,POLE,POLE,pole_barrier_unconditional,1,8,8,0,"[1, 8]",8,8,8,,,true,false,[],[],"{""missing_expected_channel_count"": 0, ""duplicate_channel_count"": 0, ""force_channel_count"": 8, ""moment_channel_count"": 0}",3,0,,true,true,false,27,false,true,35,Y - GLOBAL,NEWTONS,AS MEASURED,PRIMARY,true,true,36,Y - GLOBAL,NEWTONS,AS MEASURED,PRIMARY,true,true,37,Y - GLOBAL,NEWTONS,AS MEASURED,PRIMARY,true,true,38,Y - GLOBAL,NEWTONS,AS MEASURED,PRIMARY,true,true,39,Y - GLOBAL,NEWTONS,AS MEASURED,PRIMARY,true,true,40,Y - GLOBAL,NEWTONS,AS MEASURED,PRIMARY,true,true,41,Y - GLOBAL,NEWTONS,AS MEASURED,PRIMARY,true,true,42,Y - GLOBAL,NEWTONS,CHANNEL FAILED,PRIMARY,false,true,17,G'S,AS MEASURED,PRIMARY,true,true,18,G'S,AS MEASURED,PRIMARY,true,true,19,G'S,AS MEASURED,PRIMARY,true
9016,2014-11-19,NEW CAR ASSESSMENT TEST,VEHICLE INTO POLE,NCAP SIDE IMPACT POLE BARRIER- 2015 DODGE CHALLENGER SXT 2-DOOR COUPE,side,side,classified,,side_pole_load_cell_8,side_pole_load_cell_barrier,covered_with_mask,POLE,POLE,pole_barrier_unconditional,1,8,8,0,"[1, 8]",8,8,8,,,true,true,[],[],"{""missing_expected_channel_count"": 0, ""duplicate_channel_count"": 0, ""force_channel_count"": 8, ""moment_channel_count"": 0}",3,0,,true,true,false,27,false,true,35,Y - GLOBAL,NEWTONS,AS MEASURED,PRIMARY,true,true,36,Y - GLOBAL,NEWTONS,AS MEASURED,PRIMARY,true,true,37,Y - GLOBAL,NEWTONS,AS MEASURED,PRIMARY,true,true,38,Y - GLOBAL,NEWTONS,AS MEASURED,PRIMARY,true,true,39,Y - GLOBAL,NEWTONS,AS MEASURED,PRIMARY,true,true,40,Y - GLOBAL,NEWTONS,AS MEASURED,PRIMARY,true,true,41,Y - GLOBAL,NEWTONS,AS MEASURED,PRIMARY,true,true,42,Y - GLOBAL,NEWTONS,AS MEASURED,PRIMARY,true,true,17,G'S,AS MEASURED,PRIMARY,true,true,18,G'S,AS MEASURED,PRIMARY,true,true,19,G'S,AS MEASURED,PRIMARY,true
9031,2014-12-02,NEW CAR ASSESSMENT TEST,VEHICLE INTO POLE,NCAP SIDE POLE - 2015 MITSUBISHI MIRAGE DE 5-DR HATCHBACK,side,side,classified,,side_pole_load_cell_8,side_pole_load_cell_barrier,covered_with_mask,POLE,POLE,pole_barrier_unconditional,1,8,8,0,"[1, 8]",8,8,8,,,true,true,[],[],"{""missing_expected_channel_count"": 0, ""duplicate_channel_count"": 0, ""force_channel_count"": 8, ""moment_channel_count"": 0}",3,0,,true,true,false,27,false,true,35,Y - GLOBAL,NEWTONS,AS MEASURED,PRIMARY,true,true,36,Y - GLOBAL,NEWTONS,AS MEASURED,PRIMARY,true,true,37,Y - GLOBAL,NEWTONS,AS MEASURED,PRIMARY,true,true,38,Y - GLOBAL,NEWTONS,AS MEASURED,PRIMARY,true,true,39,Y - GLOBAL,NEWTONS,AS MEASURED,PRIMARY,true,true,40,Y - GLOBAL,NEWTONS,AS MEASURED,PRIMARY,true,true,41,Y - GLOBAL,NEWTONS,AS MEASURED,PRIMARY,true,true,42,Y - GLOBAL,NEWTONS,AS MEASURED,PRIMARY,true,true,17,G'S,AS MEASURED,PRIMARY,true,true,18,G'S,AS MEASURED,PRIMARY,true,true,19,G'S,AS MEASURED,PRIMARY,true
9034,2014-12-03,NEW CAR ASSESSMENT TEST,VEHICLE INTO POLE,NEW CAR ASSESSMENT PROGRAM SIDE POLE BARRIER IMPACT TEST,side,side,classified,,side_pole_load_cell_8,side_pole_load_cell_barrier,covered_with_mask,POLE,POLE,pole_barrier_unconditional,1,8,8,0,"[1, 8]",8,8,8,,,true,false,[],[],"{""missing_expected_channel_count"": 0, ""duplicate_channel_count"": 0, ""force_channel_count"": 8, ""moment_channel_count"": 0}",3,0,,true,true,false,27,false,true,35,Y - GLOBAL,NEWTONS,COMPUTED,PRIMARY,false,true,36,Y - GLOBAL,NEWTONS,COMPUTED,PRIMARY,false,true,37,Y - GLOBAL,NEWTONS,COMPUTED,PRIMARY,false,true,38,Y - GLOBAL,NEWTONS,COMPUTED,PRIMARY,false,true,39,Y - GLOBAL,NEWTONS,COMPUTED,PRIMARY,false,true,40,Y - GLOBAL,NEWTONS,COMPUTED,PRIMARY,false,true,41,Y - GLOBAL,NEWTONS,COMPUTED,PRIMARY,false,true,42,Y - GLOBAL,NEWTONS,COMPUTED,PRIMARY,false,true,17,G'S,AS MEASURED,PRIMARY,true,true,18,G'S,AS MEASURED,PRIMARY,true,true,19,G'S,AS MEASURED,PRIMARY,true
9044,2014-12-09,NEW CAR ASSESSMENT TEST,VEHICLE INTO POLE,NCAP SIDE IMPACT POLE BARRIER- 2015 BMW X3 XDRIVE28I 5-DOOR MPV,side,side,classified,,side_pole_load_cell_8,side_pole_load_cell_barrier,covered_with_mask,POLE,POLE,pole_barrier_unconditional,1,8,8,0,"[1, 8]",8,8,8,,,true,true,[],[],"{""missing_expected_channel_count"": 0, ""duplicate_channel_count"": 0, ""force_channel_count"": 8, ""moment_channel_count"": 0}",3,0,,true,true,false,27,false,true,35,Y - GLOBAL,NEWTONS,AS MEASURED,PRIMARY,true,true,36,Y - GLOBAL,NEWTONS,AS MEASURED,PRIMARY,true,true,37,Y - GLOBAL,NEWTONS,AS MEASURED,PRIMARY,true,true,38,Y - GLOBAL,NEWTONS,AS MEASURED,PRIMARY,true,true,39,Y - GLOBAL,NEWTONS,AS MEASURED,PRIMARY,true,true,40,Y - GLOBAL,NEWTONS,AS MEASURED,PRIMARY,true,true,41,Y - GLOBAL,NEWTONS,AS MEASURED,PRIMARY,true,true,42,Y - GLOBAL,NEWTONS,AS MEASURED,PRIMARY,true,true,17,G'S,AS MEASURED,PRIMARY,true,true,18,G'S,AS MEASURED,PRIMARY,true,true,19,G'S,AS MEASURED,PRIMARY,true
9045,2014-12-09,NEW CAR ASSESSMENT TEST,VEHICLE INTO POLE,NEW CAR ASSESSMENT PROGRAM SIDE POLE BARRIER IMPACT TEST,side,side,classified,,side_pole_load_cell_8,side_pole_load_cell_barrier,covered_with_mask,POLE,POLE,pole_barrier_unconditional,1,8,8,0,"[1, 8]",8,8,8,,,true,true,[],[],"{""missing_expected_channel_count"": 0, ""duplicate_channel_count"": 0, ""force_channel_count"": 8, ""moment_channel_count"": 0}",3,0,,true,true,false,27,false,true,35,Y - GLOBAL,NEWTONS,AS MEASURED,PRIMARY,true,true,36,Y - GLOBAL,NEWTONS,AS MEASURED,PRIMARY,true,true,37,Y - GLOBAL,NEWTONS,AS MEASURED,PRIMARY,true,true,38,Y - GLOBAL,NEWTONS,AS MEASURED,PRIMARY,true,true,39,Y - GLOBAL,NEWTONS,AS MEASURED,PRIMARY,true,true,40,Y - GLOBAL,NEWTONS,AS MEASURED,PRIMARY,true,true,41,Y - GLOBAL,NEWTONS,AS MEASURED,PRIMARY,true,true,42,Y - GLOBAL,NEWTONS,AS MEASURED,PRIMARY,true,true,17,G'S,AS MEASURED,PRIMARY,true,true,18,G'S,AS MEASURED,PRIMARY,true,true,19,G'S,AS MEASURED,PRIMARY,true
9049,2014-12-10,NEW CAR ASSESSMENT TEST,VEHICLE INTO POLE,NCAP SIDE POLE - 2015 FORD EXPEDITION XLT SUV,side,side,classified,,side_pole_load_cell_8,side_pole_load_cell_barrier,covered_with_mask,POLE,POLE,pole_barrier_unconditional,1,8,8,0,"[1, 8]",8,8,8,,,true,true,[],[],"{""missing_expected_channel_count"": 0, ""duplicate_channel_count"": 0, ""force_channel_count"": 8, ""moment_channel_count"": 0}",3,0,,true,true,false,27,false,true,35,Y - GLOBAL,NEWTONS,AS MEASURED,PRIMARY,true,true,36,Y - GLOBAL,NEWTONS,AS MEASURED,PRIMARY,true,true,37,Y - GLOBAL,NEWTONS,AS MEASURED,PRIMARY,true,true,38,Y - GLOBAL,NEWTONS,AS MEASURED,PRIMARY,true,true,39,Y - GLOBAL,NEWTONS,AS MEASURED,PRIMARY,true,true,40,Y - GLOBAL,NEWTONS,AS MEASURED,PRIMARY,true,true,41,Y - GLOBAL,NEWTONS,AS MEASURED,PRIMARY,true,true,42,Y - GLOBAL,NEWTONS,AS MEASURED,PRIMARY,true,true,17,G'S,AS MEASURED,PRIMARY,true,true,18,G'S,AS MEASURED,PRIMARY,true,true,19,G'S,AS MEASURED,PRIMARY,true
9053,2014-12-12,NEW CAR ASSESSMENT TEST,VEHICLE INTO POLE,NCAP SIDE POLE - 2015 MAZDA CX-9 SPORT SUV,side,side,classified,,side_pole_load_cell_8,side_pole_load_cell_barrier,covered_with_mask,POLE,POLE,pole_barrier_unconditional,1,8,8,0,"[1, 8]",8,8,8,,,true,true,[],[],"{""missing_expected_channel_count"": 0, ""duplicate_channel_count"": 0, ""force_channel_count"": 8, ""moment_channel_count"": 0}",3,0,,true,true,false,27,false,true,35,Y - GLOBAL,NEWTONS,AS MEASURED,PRIMARY,true,true,36,Y - GLOBAL,NEWTONS,AS MEASURED,PRIMARY,true,true,37,Y - GLOBAL,NEWTONS,AS MEASURED,PRIMARY,true,true,38,Y - GLOBAL,NEWTONS,AS MEASURED,PRIMARY,true,true,39,Y - GLOBAL,NEWTONS,AS MEASURED,PRIMARY,true,true,40,Y - GLOBAL,NEWTONS,AS MEASURED,PRIMARY,true,true,41,Y - GLOBAL,NEWTONS,AS MEASURED,PRIMARY,true,true,42,Y - GLOBAL,NEWTONS,AS MEASURED,PRIMARY,true,true,17,G'S,AS MEASURED,PRIMARY,true,true,18,G'S,AS MEASURED,PRIMARY,true,true,19,G'S,AS MEASURED,PRIMARY,true
9055,2014-12-23,OPTIONAL NEW CAR ASSESSMENT TEST,VEHICLE INTO POLE,NCAP SIDE POLE - 2015 BUICK ENCORE SUV,side,side,classified,,side_pole_load_cell_8,side_pole_load_cell_barrier,covered_with_mask,POLE,POLE,pole_barrier_unconditional,1,8,8,0,"[1, 8]",8,8,8,,,true,true,[],[],"{""missing_expected_channel_count"": 0, ""duplicate_channel_count"": 0, ""force_channel_count"": 8, ""moment_channel_count"": 0}",3,0,,true,false,true,27,false,true,35,Y - GLOBAL,NEWTONS,AS MEASURED,PRIMARY,true,true,36,Y - GLOBAL,NEWTONS,AS MEASURED,PRIMARY,true,true,37,Y - GLOBAL,NEWTONS,AS MEASURED,PRIMARY,true,true,38,Y - GLOBAL,NEWTONS,AS MEASURED,PRIMARY,true,true,39,Y - GLOBAL,NEWTONS,AS MEASURED,PRIMARY,true,true,40,Y - GLOBAL,NEWTONS,AS MEASURED,PRIMARY,true,true,41,Y - GLOBAL,NEWTONS,AS MEASURED,PRIMARY,true,true,42,Y - GLOBAL,NEWTONS,AS MEASURED,PRIMARY,true,true,17,G'S,QUESTIONABLE DATA,PRIMARY,false,true,18,G'S,AS MEASURED,PRIMARY,true,true,19,G'S,AS MEASURED,PRIMARY,true
9061,2015-01-08,NEW CAR ASSESSMENT TEST,VEHICLE INTO POLE,NCAP SIDE IMPACT POLE BARRIER- 2015 FORD MUSTANG 2-DOOR COUPE,side,side,classified,,side_pole_load_cell_8,side_pole_load_cell_barrier,covered_with_mask,POLE,POLE,pole_barrier_unconditional,1,8,8,0,"[1, 8]",8,8,8,,,true,true,[],[],"{""missing_expected_channel_count"": 0, ""duplicate_channel_count"": 0, ""force_channel_count"": 8, ""moment_channel_count"": 0}",3,0,,true,true,false,27,false,true,35,Y - GLOBAL,NEWTONS,AS MEASURED,PRIMARY,true,true,36,Y - GLOBAL,NEWTONS,AS MEASURED,PRIMARY,true,true,37,Y - GLOBAL,NEWTONS,AS MEASURED,PRIMARY,true,true,38,Y - GLOBAL,NEWTONS,AS MEASURED,PRIMARY,true,true,39,Y - GLOBAL,NEWTONS,AS MEASURED,PRIMARY,true,true,40,Y - GLOBAL,NEWTONS,AS MEASURED,PRIMARY,true,true,41,Y - GLOBAL,NEWTONS,AS MEASURED,PRIMARY,true,true,42,Y - GLOBAL,NEWTONS,AS MEASURED,PRIMARY,true,true,17,G'S,AS MEASURED,PRIMARY,true,true,18,G'S,AS MEASURED,PRIMARY,true,true,19,G'S,AS MEASURED,PRIMARY,true
9062,2015-01-13,NEW CAR ASSESSMENT TEST,VEHICLE INTO POLE,NCAP SIDE IMPACT POLE BARRIER- 2015 MINI COOPER HARDTOP 3-DR HATCHBACK,side,side,classified,,side_pole_load_cell_8,side_pole_load_cell_barrier,covered_with_mask,POLE,POLE,pole_barrier_unconditional,1,8,8,0,"[1, 8]",8,8,8,,,true,true,[],[],"{""missing_expected_channel_count"": 0, ""duplicate_channel_count"": 0, ""force_channel_count"": 8, ""moment_channel_count"": 0}",3,0,,true,true,false,27,false,true,35,Y - GLOBAL,NEWTONS,AS MEASURED,PRIMARY,true,true,36,Y - GLOBAL,NEWTONS,AS MEASURED,PRIMARY,true,true,37,Y - GLOBAL,NEWTONS,AS MEASURED,PRIMARY,true,true,38,Y - GLOBAL,NEWTONS,AS MEASURED,PRIMARY,true,true,39,Y - GLOBAL,NEWTONS,AS MEASURED,PRIMARY,true,true,40,Y - GLOBAL,NEWTONS,AS MEASURED,PRIMARY,true,true,41,Y - GLOBAL,NEWTONS,AS MEASURED,PRIMARY,true,true,42,Y - GLOBAL,NEWTONS,AS MEASURED,PRIMARY,true,true,17,G'S,AS MEASURED,PRIMARY,true,true,18,G'S,AS MEASURED,PRIMARY,true,true,19,G'S,AS MEASURED,PRIMARY,true
9066,2015-01-22,NEW CAR ASSESSMENT TEST,VEHICLE INTO POLE,NCAP SIDE POLE - 2015 ACURA TLX 4-DR SEDAN,side,side,classified,,side_pole_load_cell_8,side_pole_load_cell_barrier,covered_with_mask,POLE,POLE,pole_barrier_unconditional,1,8,8,0,"[1, 8]",8,8,8,,,true,true,[],[],"{""missing_expected_channel_count"": 0, ""duplicate_channel_count"": 0, ""force_channel_count"": 8, ""moment_channel_count"": 0}",3,0,,true,true,false,27,false,true,35,Y - GLOBAL,NEWTONS,AS MEASURED,PRIMARY,true,true,36,Y - GLOBAL,NEWTONS,AS MEASURED,PRIMARY,true,true,37,Y - GLOBAL,NEWTONS,AS MEASURED,PRIMARY,true,true,38,Y - GLOBAL,NEWTONS,AS MEASURED,PRIMARY,true,true,39,Y - GLOBAL,NEWTONS,AS MEASURED,PRIMARY,true,true,40,Y - GLOBAL,NEWTONS,AS MEASURED,PRIMARY,true,true,41,Y - GLOBAL,NEWTONS,AS MEASURED,PRIMARY,true,true,42,Y - GLOBAL,NEWTONS,AS MEASURED,PRIMARY,true,true,17,G'S,AS MEASURED,PRIMARY,true,true,18,G'S,AS MEASURED,PRIMARY,true,true,19,G'S,AS MEASURED,PRIMARY,true
9071,2015-01-27,NEW CAR ASSESSMENT TEST,VEHICLE INTO POLE,NEW CAR ASSESSMENT PROGRAM SIDE POLE BARRIER IMPACT TEST,side,side,classified,,side_pole_load_cell_8,side_pole_load_cell_barrier,covered_with_mask,POLE,POLE,pole_barrier_unconditional,1,8,8,0,"[1, 8]",8,8,8,,,true,true,[],[],"{""missing_expected_channel_count"": 0, ""duplicate_channel_count"": 0, ""force_channel_count"": 8, ""moment_channel_count"": 0}",3,0,,true,true,false,27,false,true,35,Y - GLOBAL,NEWTONS,AS MEASURED,PRIMARY,true,true,36,Y - GLOBAL,NEWTONS,AS MEASURED,PRIMARY,true,true,37,Y - GLOBAL,NEWTONS,AS MEASURED,PRIMARY,true,true,38,Y - GLOBAL,NEWTONS,AS MEASURED,PRIMARY,true,true,39,Y - GLOBAL,NEWTONS,AS MEASURED,PRIMARY,true,true,40,Y - GLOBAL,NEWTONS,AS MEASURED,PRIMARY,true,true,41,Y - GLOBAL,NEWTONS,AS MEASURED,PRIMARY,true,true,42,Y - GLOBAL,NEWTONS,AS MEASURED,PRIMARY,true,true,17,G'S,AS MEASURED,PRIMARY,true,true,18,G'S,AS MEASURED,PRIMARY,true,true,19,G'S,AS MEASURED,PRIMARY,true
9072,2015-01-27,OPTIONAL NEW CAR ASSESSMENT TEST,VEHICLE INTO POLE,NCAP SIDE POLE - 2015 LEXUS NX 200T F SPORT 5-DR SUV,side,side,classified,,side_pole_load_cell_8,side_pole_load_cell_barrier,covered_with_mask,POLE,POLE,pole_barrier_unconditional,1,8,8,0,"[1, 8]",8,8,8,,,true,true,[],[],"{""missing_expected_channel_count"": 0, ""duplicate_channel_count"": 0, ""force_channel_count"": 8, ""moment_channel_count"": 0}",3,0,,true,true,false,27,false,true,35,Y - GLOBAL,NEWTONS,AS MEASURED,PRIMARY,true,true,36,Y - GLOBAL,NEWTONS,AS MEASURED,PRIMARY,true,true,37,Y - GLOBAL,NEWTONS,AS MEASURED,PRIMARY,true,true,38,Y - GLOBAL,NEWTONS,AS MEASURED,PRIMARY,true,true,39,Y - GLOBAL,NEWTONS,AS MEASURED,PRIMARY,true,true,40,Y - GLOBAL,NEWTONS,AS MEASURED,PRIMARY,true,true,41,Y - GLOBAL,NEWTONS,AS MEASURED,PRIMARY,true,true,42,Y - GLOBAL,NEWTONS,AS MEASURED,PRIMARY,true,true,17,G'S,AS MEASURED,PRIMARY,true,true,18,G'S,AS MEASURED,PRIMARY,true,true,19,G'S,AS MEASURED,PRIMARY,true
9075,2015-01-29,OPTIONAL NEW CAR ASSESSMENT TEST,VEHICLE INTO POLE,NCAP SIDE POLE - 2015 VOLKSWAGEN GOLF 3-DR HATCHBACK,side,side,classified,,side_pole_load_cell_8,side_pole_load_cell_barrier,covered_with_mask,POLE,POLE,pole_barrier_unconditional,1,8,8,0,"[1, 8]",8,8,8,,,true,true,[],[],"{""missing_expected_channel_count"": 0, ""duplicate_channel_count"": 0, ""force_channel_count"": 8, ""moment_channel_count"": 0}",3,0,,true,true,false,27,false,true,35,Y - GLOBAL,NEWTONS,AS MEASURED,PRIMARY,true,true,36,Y - GLOBAL,NEWTONS,AS MEASURED,PRIMARY,true,true,37,Y - GLOBAL,NEWTONS,AS MEASURED,PRIMARY,true,true,38,Y - GLOBAL,NEWTONS,AS MEASURED,PRIMARY,true,true,39,Y - GLOBAL,NEWTONS,AS MEASURED,PRIMARY,true,true,40,Y - GLOBAL,NEWTONS,AS MEASURED,PRIMARY,true,true,41,Y - GLOBAL,NEWTONS,AS MEASURED,PRIMARY,true,true,42,Y - GLOBAL,NEWTONS,AS MEASURED,PRIMARY,true,true,17,G'S,AS MEASURED,PRIMARY,true,true,18,G'S,AS MEASURED,PRIMARY,true,true,19,G'S,AS MEASURED,PRIMARY,true
9082,2015-02-05,NEW CAR ASSESSMENT TEST,VEHICLE INTO POLE,NEW CAR ASSESSMENT PROGRAM SIDE POLE BARRIER IMPACT TEST,side,side,classified,,side_pole_load_cell_8,side_pole_load_cell_barrier,covered_with_mask,POLE,POLE,pole_barrier_unconditional,1,8,8,0,"[1, 8]",8,8,8,,,true,true,[],[],"{""missing_expected_channel_count"": 0, ""duplicate_channel_count"": 0, ""force_channel_count"": 8, ""moment_channel_count"": 0}",3,0,,true,true,false,27,false,true,35,Y - GLOBAL,NEWTONS,AS MEASURED,PRIMARY,true,true,36,Y - GLOBAL,NEWTONS,AS MEASURED,PRIMARY,true,true,37,Y - GLOBAL,NEWTONS,AS MEASURED,PRIMARY,true,true,38,Y - GLOBAL,NEWTONS,AS MEASURED,PRIMARY,true,true,39,Y - GLOBAL,NEWTONS,AS MEASURED,PRIMARY,true,true,40,Y - GLOBAL,NEWTONS,AS MEASURED,PRIMARY,true,true,41,Y - GLOBAL,NEWTONS,AS MEASURED,PRIMARY,true,true,42,Y - GLOBAL,NEWTONS,AS MEASURED,PRIMARY,true,true,17,G'S,AS MEASURED,PRIMARY,true,true,18,G'S,AS MEASURED,PRIMARY,true,true,19,G'S,AS MEASURED,PRIMARY,true
9085,2015-02-12,NEW CAR ASSESSMENT TEST,VEHICLE INTO POLE,NEW CAR ASSESSMENT PROGRAM SIDE POLE BARRIER IMPACT TEST,side,side,classified,,side_pole_load_cell_8,side_pole_load_cell_barrier,covered_with_mask,POLE,POLE,pole_barrier_unconditional,1,8,8,0,"[1, 8]",8,8,8,,,true,true,[],[],"{""missing_expected_channel_count"": 0, ""duplicate_channel_count"": 0, ""force_channel_count"": 8, ""moment_channel_count"": 0}",3,0,,true,true,false,27,false,true,35,Y - GLOBAL,NEWTONS,AS MEASURED,PRIMARY,true,true,36,Y - GLOBAL,NEWTONS,AS MEASURED,PRIMARY,true,true,37,Y - GLOBAL,NEWTONS,AS MEASURED,PRIMARY,true,true,38,Y - GLOBAL,NEWTONS,AS MEASURED,PRIMARY,true,true,39,Y - GLOBAL,NEWTONS,AS MEASURED,PRIMARY,true,true,40,Y - GLOBAL,NEWTONS,AS MEASURED,PRIMARY,true,true,41,Y - GLOBAL,NEWTONS,AS MEASURED,PRIMARY,true,true,42,Y - GLOBAL,NEWTONS,AS MEASURED,PRIMARY,true,true,17,G'S,AS MEASURED,PRIMARY,true,true,18,G'S,AS MEASURED,PRIMARY,true,true,19,G'S,AS MEASURED,PRIMARY,true
9088,2015-02-18,NEW CAR ASSESSMENT TEST,VEHICLE INTO POLE,NCAP SIDE POLE - 2015 FORD F-150 SUPERCREW XL TRUCK,side,side,classified,,side_pole_load_cell_8,side_pole_load_cell_barrier,covered_with_mask,POLE,POLE,pole_barrier_unconditional,1,8,8,0,"[1, 8]",8,8,8,,,true,true,[],[],"{""missing_expected_channel_count"": 0, ""duplicate_channel_count"": 0, ""force_channel_count"": 8, ""moment_channel_count"": 0}",3,0,,true,false,true,27,false,true,35,Y - GLOBAL,NEWTONS,AS MEASURED,PRIMARY,true,true,36,Y - GLOBAL,NEWTONS,AS MEASURED,PRIMARY,true,true,37,Y - GLOBAL,NEWTONS,AS MEASURED,PRIMARY,true,true,38,Y - GLOBAL,NEWTONS,AS MEASURED,PRIMARY,true,true,39,Y - GLOBAL,NEWTONS,AS MEASURED,PRIMARY,true,true,40,Y - GLOBAL,NEWTONS,AS MEASURED,PRIMARY,true,true,41,Y - GLOBAL,NEWTONS,AS MEASURED,PRIMARY,true,true,42,Y - GLOBAL,NEWTONS,AS MEASURED,PRIMARY,true,true,17,G'S,CHANNEL FAILED,PRIMARY,false,true,18,G'S,CHANNEL FAILED,PRIMARY,false,true,19,G'S,CHANNEL FAILED,PRIMARY,false
9100,2015-02-26,NEW CAR ASSESSMENT TEST,VEHICLE INTO POLE,NCAP SIDE POLE - 2015 FORD F-150 SUPERCAB XL TRUCK,side,side,classified,,side_pole_load_cell_8,side_pole_load_cell_barrier,covered_with_mask,POLE,POLE,pole_barrier_unconditional,1,8,8,0,"[1, 8]",8,8,8,,,true,true,[],[],"{""missing_expected_channel_count"": 0, ""duplicate_channel_count"": 0, ""force_channel_count"": 8, ""moment_channel_count"": 0}",3,0,,true,false,true,27,false,true,35,Y - GLOBAL,NEWTONS,AS MEASURED,PRIMARY,true,true,36,Y - GLOBAL,NEWTONS,AS MEASURED,PRIMARY,true,true,37,Y - GLOBAL,NEWTONS,AS MEASURED,PRIMARY,true,true,38,Y - GLOBAL,NEWTONS,AS MEASURED,PRIMARY,true,true,39,Y - GLOBAL,NEWTONS,AS MEASURED,PRIMARY,true,true,40,Y - GLOBAL,NEWTONS,AS MEASURED,PRIMARY,true,true,41,Y - GLOBAL,NEWTONS,AS MEASURED,PRIMARY,true,true,42,Y - GLOBAL,NEWTONS,AS MEASURED,PRIMARY,true,true,17,G'S,CHANNEL FAILED,PRIMARY,false,true,18,G'S,CHANNEL FAILED,PRIMARY,false,true,19,G'S,CHANNEL FAILED,PRIMARY,false
9120,2015-03-11,NEW CAR ASSESSMENT TEST,VEHICLE INTO POLE,NCAP SIDE IMPACT POLE BARRIER- 2015 KIA SEDONA L 5-DOOR MPV,side,side,classified,,side_pole_load_cell_8,side_pole_load_cell_barrier,covered_with_mask,POLE,POLE,pole_barrier_unconditional,1,8,8,0,"[1, 8]",8,8,8,,,true,true,[],[],"{""missing_expected_channel_count"": 0, ""duplicate_channel_count"": 0, ""force_channel_count"": 8, ""moment_channel_count"": 0}",3,0,,true,true,false,27,false,true,35,Y - GLOBAL,NEWTONS,AS MEASURED,PRIMARY,true,true,36,Y - GLOBAL,NEWTONS,AS MEASURED,PRIMARY,true,true,37,Y - GLOBAL,NEWTONS,AS MEASURED,PRIMARY,true,true,38,Y - GLOBAL,NEWTONS,AS MEASURED,PRIMARY,true,true,39,Y - GLOBAL,NEWTONS,AS MEASURED,PRIMARY,true,true,40,Y - GLOBAL,NEWTONS,AS MEASURED,PRIMARY,true,true,41,Y - GLOBAL,NEWTONS,AS MEASURED,PRIMARY,true,true,42,Y - GLOBAL,NEWTONS,AS MEASURED,PRIMARY,true,true,17,G'S,AS MEASURED,PRIMARY,true,true,18,G'S,AS MEASURED,PRIMARY,true,true,19,G'S,AS MEASURED,PRIMARY,true
9158,2015-03-24,NEW CAR ASSESSMENT TEST,VEHICLE INTO POLE,NCAP SIDE POLE - 2016 KIA SORENTO L 5-DR SUV,side,side,classified,,side_pole_load_cell_8,side_pole_load_cell_barrier,covered_with_mask,POLE,POLE,pole_barrier_unconditional,1,8,8,0,"[1, 8]",8,8,8,,,true,true,[],[],"{""missing_expected_channel_count"": 0, ""duplicate_channel_count"": 0, ""force_channel_count"": 8, ""moment_channel_count"": 0}",3,0,,true,true,false,27,false,true,35,Y - GLOBAL,NEWTONS,AS MEASURED,PRIMARY,true,true,36,Y - GLOBAL,NEWTONS,AS MEASURED,PRIMARY,true,true,37,Y - GLOBAL,NEWTONS,AS MEASURED,PRIMARY,true,true,38,Y - GLOBAL,NEWTONS,AS MEASURED,PRIMARY,true,true,39,Y - GLOBAL,NEWTONS,AS MEASURED,PRIMARY,true,true,40,Y - GLOBAL,NEWTONS,AS MEASURED,PRIMARY,true,true,41,Y - GLOBAL,NEWTONS,AS MEASURED,PRIMARY,true,true,42,Y - GLOBAL,NEWTONS,AS MEASURED,PRIMARY,true,true,17,G'S,AS MEASURED,PRIMARY,true,true,18,G'S,AS MEASURED,PRIMARY,true,true,19,G'S,AS MEASURED,PRIMARY,true
9161,2015-03-30,OPTIONAL NEW CAR ASSESSMENT TEST,VEHICLE INTO POLE,NCAP SIDE POLE - 2015 NISSAN MURANO S 5-DR SUV,side,side,classified,,side_pole_load_cell_8,side_pole_load_cell_barrier,covered_with_mask,POLE,POLE,pole_barrier_unconditional,1,8,8,0,"[1, 8]",8,8,8,,,true,true,[],[],"{""missing_expected_channel_count"": 0, ""duplicate_channel_count"": 0, ""force_channel_count"": 8, ""moment_channel_count"": 0}",3,0,,true,true,false,27,false,true,35,Y - GLOBAL,NEWTONS,AS MEASURED,PRIMARY,true,true,36,Y - GLOBAL,NEWTONS,AS MEASURED,PRIMARY,true,true,37,Y - GLOBAL,NEWTONS,AS MEASURED,PRIMARY,true,true,38,Y - GLOBAL,NEWTONS,AS MEASURED,PRIMARY,true,true,39,Y - GLOBAL,NEWTONS,AS MEASURED,PRIMARY,true,true,40,Y - GLOBAL,NEWTONS,AS MEASURED,PRIMARY,true,true,41,Y - GLOBAL,NEWTONS,AS MEASURED,PRIMARY,true,true,42,Y - GLOBAL,NEWTONS,AS MEASURED,PRIMARY,true,true,17,G'S,AS MEASURED,PRIMARY,true,true,18,G'S,AS MEASURED,PRIMARY,true,true,19,G'S,AS MEASURED,PRIMARY,true
9167,2015-04-02,OPTIONAL NEW CAR ASSESSMENT TEST,VEHICLE INTO POLE,NCAP SIDE POLE - 2015 ACURA RLX TECH 4-DR SEDAN,side,side,classified,,side_pole_load_cell_8,side_pole_load_cell_barrier,covered_with_mask,POLE,POLE,pole_barrier_unconditional,1,8,8,0,"[1, 8]",8,8,8,,,true,true,[],[],"{""missing_expected_channel_count"": 0, ""duplicate_channel_count"": 0, ""force_channel_count"": 8, ""moment_channel_count"": 0}",3,0,,true,true,false,27,false,true,35,Y - GLOBAL,NEWTONS,AS MEASURED,PRIMARY,true,true,36,Y - GLOBAL,NEWTONS,AS MEASURED,PRIMARY,true,true,37,Y - GLOBAL,NEWTONS,AS MEASURED,PRIMARY,true,true,38,Y - GLOBAL,NEWTONS,AS MEASURED,PRIMARY,true,true,39,Y - GLOBAL,NEWTONS,AS MEASURED,PRIMARY,true,true,40,Y - GLOBAL,NEWTONS,AS MEASURED,PRIMARY,true,true,41,Y - GLOBAL,NEWTONS,AS MEASURED,PRIMARY,true,true,42,Y - GLOBAL,NEWTONS,AS MEASURED,PRIMARY,true,true,17,G'S,AS MEASURED,PRIMARY,true,true,18,G'S,AS MEASURED,PRIMARY,true,true,19,G'S,AS MEASURED,PRIMARY,true
9169,2015-04-13,NEW CAR ASSESSMENT TEST,VEHICLE INTO POLE,NCAP SIDE IMPACT POLE BARRIER- 2015 MERCEDES-BENZ C300 4-DOOR SEDAN,side,side,classified,,side_pole_load_cell_8,side_pole_load_cell_barrier,covered_with_mask,POLE,POLE,pole_barrier_unconditional,1,8,8,0,"[1, 8]",8,8,8,,,true,true,[],[],"{""missing_expected_channel_count"": 0, ""duplicate_channel_count"": 0, ""force_channel_count"": 8, ""moment_channel_count"": 0}",3,0,,true,true,false,27,false,true,35,Y - GLOBAL,NEWTONS,AS MEASURED,PRIMARY,true,true,36,Y - GLOBAL,NEWTONS,AS MEASURED,PRIMARY,true,true,37,Y - GLOBAL,NEWTONS,AS MEASURED,PRIMARY,true,true,38,Y - GLOBAL,NEWTONS,AS MEASURED,PRIMARY,true,true,39,Y - GLOBAL,NEWTONS,AS MEASURED,PRIMARY,true,true,40,Y - GLOBAL,NEWTONS,AS MEASURED,PRIMARY,true,true,41,Y - GLOBAL,NEWTONS,AS MEASURED,PRIMARY,true,true,42,Y - GLOBAL,NEWTONS,AS MEASURED,PRIMARY,true,true,17,G'S,AS MEASURED,PRIMARY,true,true,18,G'S,AS MEASURED,PRIMARY,true,true,19,G'S,AS MEASURED,PRIMARY,true
9251,2015-04-22,NEW CAR ASSESSMENT TEST,VEHICLE INTO POLE,NCAP SIDE IMPACT POLE BARRIER- 2015 FORD EDGE SEL FWD 5-DOOR MPV,side,side,classified,,side_pole_load_cell_8,side_pole_load_cell_barrier,covered_with_mask,POLE,POLE,pole_barrier_unconditional,1,8,8,0,"[1, 8]",8,8,8,,,true,true,[],[],"{""missing_expected_channel_count"": 0, ""duplicate_channel_count"": 0, ""force_channel_count"": 8, ""moment_channel_count"": 0}",3,0,,true,true,false,27,false,true,35,Y - GLOBAL,NEWTONS,AS MEASURED,PRIMARY,true,true,36,Y - GLOBAL,NEWTONS,AS MEASURED,PRIMARY,true,true,37,Y - GLOBAL,NEWTONS,AS MEASURED,PRIMARY,true,true,38,Y - GLOBAL,NEWTONS,AS MEASURED,PRIMARY,true,true,39,Y - GLOBAL,NEWTONS,AS MEASURED,PRIMARY,true,true,40,Y - GLOBAL,NEWTONS,AS MEASURED,PRIMARY,true,true,41,Y - GLOBAL,NEWTONS,AS MEASURED,PRIMARY,true,true,42,Y - GLOBAL,NEWTONS,AS MEASURED,PRIMARY,true,true,17,G'S,AS MEASURED,PRIMARY,true,true,18,G'S,AS MEASURED,PRIMARY,true,true,19,G'S,AS MEASURED,PRIMARY,true
9253,2015-06-17,OPTIONAL NEW CAR ASSESSMENT TEST,VEHICLE INTO POLE,NCAP SIDE POLE - 2016 ACURA ILX ACURAWATCH PLUS 4-DR SEDAN,side,side,classified,,side_pole_load_cell_8,side_pole_load_cell_barrier,covered_with_mask,POLE,POLE,pole_barrier_unconditional,1,8,8,0,"[1, 8]",8,8,8,,,true,true,[],[],"{""missing_expected_channel_count"": 0, ""duplicate_channel_count"": 0, ""force_channel_count"": 8, ""moment_channel_count"": 0}",3,0,,true,true,false,27,false,true,38,Y - GLOBAL,NEWTONS,AS MEASURED,PRIMARY,true,true,39,Y - GLOBAL,NEWTONS,AS MEASURED,PRIMARY,true,true,40,Y - GLOBAL,NEWTONS,AS MEASURED,PRIMARY,true,true,41,Y - GLOBAL,NEWTONS,AS MEASURED,PRIMARY,true,true,42,Y - GLOBAL,NEWTONS,AS MEASURED,PRIMARY,true,true,43,Y - GLOBAL,NEWTONS,AS MEASURED,PRIMARY,true,true,44,Y - GLOBAL,NEWTONS,AS MEASURED,PRIMARY,true,true,45,Y - GLOBAL,NEWTONS,AS MEASURED,PRIMARY,true,true,17,G'S,AS MEASURED,PRIMARY,true,true,18,G'S,AS MEASURED,PRIMARY,true,true,19,G'S,AS MEASURED,PRIMARY,true
9293,2015-07-09,NEW CAR ASSESSMENT TEST,VEHICLE INTO POLE,NCAP SIDE POLE - 2016 NISSAN MAXIMA S 4-DR SEDAN,side,side,classified,,side_pole_load_cell_8,side_pole_load_cell_barrier,covered_with_mask,POLE,POLE,pole_barrier_unconditional,1,8,8,0,"[1, 8]",8,8,8,,,true,true,[],[],"{""missing_expected_channel_count"": 0, ""duplicate_channel_count"": 0, ""force_channel_count"": 8, ""moment_channel_count"": 0}",3,0,,true,true,false,27,false,true,38,Y - GLOBAL,NEWTONS,AS MEASURED,PRIMARY,true,true,39,Y - GLOBAL,NEWTONS,AS MEASURED,PRIMARY,true,true,40,Y - GLOBAL,NEWTONS,AS MEASURED,PRIMARY,true,true,41,Y - GLOBAL,NEWTONS,AS MEASURED,PRIMARY,true,true,42,Y - GLOBAL,NEWTONS,AS MEASURED,PRIMARY,true,true,43,Y - GLOBAL,NEWTONS,AS MEASURED,PRIMARY,true,true,44,Y - GLOBAL,NEWTONS,AS MEASURED,PRIMARY,true,true,45,Y - GLOBAL,NEWTONS,AS MEASURED,PRIMARY,true,true,17,G'S,AS MEASURED,PRIMARY,true,true,18,G'S,AS MEASURED,PRIMARY,true,true,19,G'S,AS MEASURED,PRIMARY,true
9297,2015-07-14,OPTIONAL NEW CAR ASSESSMENT TEST,VEHICLE INTO POLE,NCAP SIDE POLE - 2016 HONDA HR-V 2WD LX 5-DR SUV,side,side,classified,,side_pole_load_cell_8,side_pole_load_cell_barrier,covered_with_mask,POLE,POLE,pole_barrier_unconditional,1,8,8,0,"[1, 8]",8,8,8,,,true,true,[],[],"{""missing_expected_channel_count"": 0, ""duplicate_channel_count"": 0, ""force_channel_count"": 8, ""moment_channel_count"": 0}",3,0,,true,true,false,27,false,true,38,Y - GLOBAL,NEWTONS,AS MEASURED,PRIMARY,true,true,39,Y - GLOBAL,NEWTONS,AS MEASURED,PRIMARY,true,true,40,Y - GLOBAL,NEWTONS,AS MEASURED,PRIMARY,true,true,41,Y - GLOBAL,NEWTONS,AS MEASURED,PRIMARY,true,true,42,Y - GLOBAL,NEWTONS,AS MEASURED,PRIMARY,true,true,43,Y - GLOBAL,NEWTONS,AS MEASURED,PRIMARY,true,true,44,Y - GLOBAL,NEWTONS,AS MEASURED,PRIMARY,true,true,45,Y - GLOBAL,NEWTONS,AS MEASURED,PRIMARY,true,true,17,G'S,AS MEASURED,PRIMARY,true,true,18,G'S,AS MEASURED,PRIMARY,true,true,19,G'S,AS MEASURED,PRIMARY,true
9300,2015-07-16,OPTIONAL NEW CAR ASSESSMENT TEST,VEHICLE INTO POLE,OPTIONAL NCAP SIDE POLE - 2016 ACURA RDX 5-DR SUV,side,side,classified,,side_pole_load_cell_8,side_pole_load_cell_barrier,covered_with_mask,POLE,POLE,pole_barrier_unconditional,1,8,8,0,"[1, 8]",8,8,8,,,true,false,[],[],"{""missing_expected_channel_count"": 0, ""duplicate_channel_count"": 0, ""force_channel_count"": 8, ""moment_channel_count"": 0}",3,0,,true,true,false,27,false,true,38,Y - GLOBAL,NEWTONS,AS MEASURED,PRIMARY,true,true,39,Y - GLOBAL,NEWTONS,AS MEASURED,PRIMARY,true,true,40,Y - GLOBAL,NEWTONS,AS MEASURED,PRIMARY,true,true,41,Y - GLOBAL,NEWTONS,AS MEASURED,PRIMARY,true,true,42,Y - GLOBAL,NEWTONS,AS MEASURED,PRIMARY,true,true,43,Y - GLOBAL,NEWTONS,AS MEASURED,PRIMARY,true,true,44,Y - GLOBAL,NEWTONS,AS MEASURED,PRIMARY,true,true,45,Y - GLOBAL,NEWTONS,CHANNEL FAILED,PRIMARY,false,true,17,G'S,AS MEASURED,PRIMARY,true,true,18,G'S,AS MEASURED,PRIMARY,true,true,19,G'S,AS MEASURED,PRIMARY,true
9325,2015-08-11,OPTIONAL NEW CAR ASSESSMENT TEST,VEHICLE INTO POLE,OPTIONAL NCAP SIDE POLE - 2016 HONDA PILOT 2WD EX 5-DR SUV,side,side,classified,,side_pole_load_cell_8,side_pole_load_cell_barrier,covered_with_mask,POLE,POLE,pole_barrier_unconditional,1,8,8,0,"[1, 8]",8,8,8,,,true,true,[],[],"{""missing_expected_channel_count"": 0, ""duplicate_channel_count"": 0, ""force_channel_count"": 8, ""moment_channel_count"": 0}",3,0,,true,true,false,27,false,true,38,Y - GLOBAL,NEWTONS,AS MEASURED,PRIMARY,true,true,39,Y - GLOBAL,NEWTONS,AS MEASURED,PRIMARY,true,true,40,Y - GLOBAL,NEWTONS,AS MEASURED,PRIMARY,true,true,41,Y - GLOBAL,NEWTONS,AS MEASURED,PRIMARY,true,true,42,Y - GLOBAL,NEWTONS,AS MEASURED,PRIMARY,true,true,43,Y - GLOBAL,NEWTONS,AS MEASURED,PRIMARY,true,true,44,Y - GLOBAL,NEWTONS,AS MEASURED,PRIMARY,true,true,45,Y - GLOBAL,NEWTONS,AS MEASURED,PRIMARY,true,true,17,G'S,AS MEASURED,PRIMARY,true,true,18,G'S,AS MEASURED,PRIMARY,true,true,19,G'S,AS MEASURED,PRIMARY,true
9351,2015-10-06,NEW CAR ASSESSMENT TEST,VEHICLE INTO POLE,NCAP SIDE POLE - 2016 HYUNDAI TUCSON SE FWD 5-DR SUV,side,side,classified,,side_pole_load_cell_8,side_pole_load_cell_barrier,covered_with_mask,POLE,POLE,pole_barrier_unconditional,1,8,8,0,"[1, 8]",8,8,8,,,true,true,[],[],"{""missing_expected_channel_count"": 0, ""duplicate_channel_count"": 0, ""force_channel_count"": 8, ""moment_channel_count"": 0}",3,0,,true,true,false,27,false,true,38,Y - GLOBAL,NEWTONS,AS MEASURED,PRIMARY,true,true,39,Y - GLOBAL,NEWTONS,AS MEASURED,PRIMARY,true,true,40,Y - GLOBAL,NEWTONS,AS MEASURED,PRIMARY,true,true,41,Y - GLOBAL,NEWTONS,AS MEASURED,PRIMARY,true,true,42,Y - GLOBAL,NEWTONS,AS MEASURED,PRIMARY,true,true,43,Y - GLOBAL,NEWTONS,AS MEASURED,PRIMARY,true,true,44,Y - GLOBAL,NEWTONS,AS MEASURED,PRIMARY,true,true,45,Y - GLOBAL,NEWTONS,AS MEASURED,PRIMARY,true,true,17,G'S,AS MEASURED,PRIMARY,true,true,18,G'S,AS MEASURED,PRIMARY,true,true,19,G'S,AS MEASURED,PRIMARY,true
9352,2015-10-06,NEW CAR ASSESSMENT TEST,VEHICLE INTO POLE,NCAP SIDE IMPACT POLE BARRIER- 2016 JEEP PATRIOT SPORT 5-DOOR MPV,side,side,classified,,side_pole_load_cell_8,side_pole_load_cell_barrier,covered_with_mask,POLE,POLE,pole_barrier_unconditional,1,8,8,0,"[1, 8]",8,8,8,,,true,true,[],[],"{""missing_expected_channel_count"": 0, ""duplicate_channel_count"": 0, ""force_channel_count"": 8, ""moment_channel_count"": 0}",3,0,,true,true,false,27,false,true,35,Y - GLOBAL,NEWTONS,AS MEASURED,PRIMARY,true,true,36,Y - GLOBAL,NEWTONS,AS MEASURED,PRIMARY,true,true,37,Y - GLOBAL,NEWTONS,AS MEASURED,PRIMARY,true,true,38,Y - GLOBAL,NEWTONS,AS MEASURED,PRIMARY,true,true,39,Y - GLOBAL,NEWTONS,AS MEASURED,PRIMARY,true,true,40,Y - GLOBAL,NEWTONS,AS MEASURED,PRIMARY,true,true,41,Y - GLOBAL,NEWTONS,AS MEASURED,PRIMARY,true,true,42,Y - GLOBAL,NEWTONS,AS MEASURED,PRIMARY,true,true,17,G'S,AS MEASURED,PRIMARY,true,true,18,G'S,AS MEASURED,PRIMARY,true,true,19,G'S,AS MEASURED,PRIMARY,true
9469,2015-10-15,NEW CAR ASSESSMENT TEST,VEHICLE INTO POLE,75 DEGREE OBLIQUE RIGID POLE SIDE NCAP IMPACT,side,side,classified,,side_pole_load_cell_8,side_pole_load_cell_barrier,covered_with_mask,POLE,POLE,pole_barrier_unconditional,1,8,8,0,"[1, 8]",8,8,8,,,true,false,[],[],"{""missing_expected_channel_count"": 0, ""duplicate_channel_count"": 0, ""force_channel_count"": 8, ""moment_channel_count"": 0}",3,0,,true,true,false,27,false,true,35,X - GLOBAL,NEWTONS,QUESTIONABLE DATA,PRIMARY,false,true,36,X - GLOBAL,NEWTONS,AS MEASURED,PRIMARY,true,true,37,X - GLOBAL,NEWTONS,AS MEASURED,PRIMARY,true,true,38,X - GLOBAL,NEWTONS,AS MEASURED,PRIMARY,true,true,39,X - GLOBAL,NEWTONS,AS MEASURED,PRIMARY,true,true,40,X - GLOBAL,NEWTONS,AS MEASURED,PRIMARY,true,true,41,X - GLOBAL,NEWTONS,AS MEASURED,PRIMARY,true,true,42,X - GLOBAL,NEWTONS,AS MEASURED,PRIMARY,true,true,17,G'S,AS MEASURED,PRIMARY,true,true,18,G'S,AS MEASURED,PRIMARY,true,true,19,G'S,AS MEASURED,PRIMARY,true
9472,2015-10-10,NEW CAR ASSESSMENT TEST,VEHICLE INTO POLE,NCAP SIDE POLE - 2016 DODGE JOURNEY SE 5-DR SUV,side,side,classified,,side_pole_load_cell_8,side_pole_load_cell_barrier,covered_with_mask,POLE,POLE,pole_barrier_unconditional,1,8,8,0,"[1, 8]",8,8,8,,,true,true,[],[],"{""missing_expected_channel_count"": 0, ""duplicate_channel_count"": 0, ""force_channel_count"": 8, ""moment_channel_count"": 0}",3,0,,true,true,false,27,false,true,38,Y - GLOBAL,NEWTONS,AS MEASURED,PRIMARY,true,true,39,Y - GLOBAL,NEWTONS,AS MEASURED,PRIMARY,true,true,40,Y - GLOBAL,NEWTONS,AS MEASURED,PRIMARY,true,true,41,Y - GLOBAL,NEWTONS,AS MEASURED,PRIMARY,true,true,42,Y - GLOBAL,NEWTONS,AS MEASURED,PRIMARY,true,true,43,Y - GLOBAL,NEWTONS,AS MEASURED,PRIMARY,true,true,44,Y - GLOBAL,NEWTONS,AS MEASURED,PRIMARY,true,true,45,Y - GLOBAL,NEWTONS,AS MEASURED,PRIMARY,true,true,17,G'S,AS MEASURED,PRIMARY,true,true,18,G'S,AS MEASURED,PRIMARY,true,true,19,G'S,AS MEASURED,PRIMARY,true
9473,2015-10-22,NEW CAR ASSESSMENT TEST,VEHICLE INTO POLE,75 DEGREE OBLIQUE RIGID POLE SIDE NCAP IMPACT,side,side,classified,,side_pole_load_cell_8,side_pole_load_cell_barrier,covered_with_mask,POLE,POLE,pole_barrier_unconditional,1,8,8,0,"[1, 8]",8,8,8,,,true,false,[],[],"{""missing_expected_channel_count"": 0, ""duplicate_channel_count"": 0, ""force_channel_count"": 8, ""moment_channel_count"": 0}",3,0,,true,true,false,27,false,true,35,X - GLOBAL,NEWTONS,AS MEASURED,PRIMARY,true,true,36,X - GLOBAL,NEWTONS,AS MEASURED,PRIMARY,true,true,37,X - GLOBAL,NEWTONS,QUESTIONABLE DATA,PRIMARY,false,true,38,X - GLOBAL,NEWTONS,AS MEASURED,PRIMARY,true,true,39,X - GLOBAL,NEWTONS,AS MEASURED,PRIMARY,true,true,40,X - GLOBAL,NEWTONS,AS MEASURED,PRIMARY,true,true,41,X - GLOBAL,NEWTONS,AS MEASURED,PRIMARY,true,true,42,X - GLOBAL,NEWTONS,AS MEASURED,PRIMARY,true,true,17,G'S,AS MEASURED,PRIMARY,true,true,18,G'S,AS MEASURED,PRIMARY,true,true,19,G'S,AS MEASURED,PRIMARY,true
9485,2015-11-05,NEW CAR ASSESSMENT TEST,VEHICLE INTO POLE,NEW CAR ASSESSMENT PROGRAM SIDE POLE BARRIER IMPACT TEST,side,side,classified,,side_pole_load_cell_8,side_pole_load_cell_barrier,covered_with_mask,POLE,POLE,pole_barrier_unconditional,1,8,8,0,"[1, 8]",8,8,8,,,true,true,[],[],"{""missing_expected_channel_count"": 0, ""duplicate_channel_count"": 0, ""force_channel_count"": 8, ""moment_channel_count"": 0}",3,0,,true,true,false,27,false,true,35,Y - GLOBAL,NEWTONS,AS MEASURED,PRIMARY,true,true,36,Y - GLOBAL,NEWTONS,AS MEASURED,PRIMARY,true,true,37,Y - GLOBAL,NEWTONS,AS MEASURED,PRIMARY,true,true,38,Y - GLOBAL,NEWTONS,AS MEASURED,PRIMARY,true,true,39,Y - GLOBAL,NEWTONS,AS MEASURED,PRIMARY,true,true,40,Y - GLOBAL,NEWTONS,AS MEASURED,PRIMARY,true,true,41,Y - GLOBAL,NEWTONS,AS MEASURED,PRIMARY,true,true,42,Y - GLOBAL,NEWTONS,AS MEASURED,PRIMARY,true,true,17,G'S,AS MEASURED,PRIMARY,true,true,18,G'S,AS MEASURED,PRIMARY,true,true,19,G'S,AS MEASURED,PRIMARY,true
9489,2015-11-11,NEW CAR ASSESSMENT TEST,VEHICLE INTO POLE,NCAP SIDE IMPACT POLE BARRIER- 2016 LEXUS ES 350 4-DOOR SEDAN,side,side,classified,,side_pole_load_cell_8,side_pole_load_cell_barrier,covered_with_mask,POLE,POLE,pole_barrier_unconditional,1,8,8,0,"[1, 8]",8,8,8,,,true,true,[],[],"{""missing_expected_channel_count"": 0, ""duplicate_channel_count"": 0, ""force_channel_count"": 8, ""moment_channel_count"": 0}",3,0,,true,true,false,27,false,true,35,Y - GLOBAL,NEWTONS,AS MEASURED,PRIMARY,true,true,36,Y - GLOBAL,NEWTONS,AS MEASURED,PRIMARY,true,true,37,Y - GLOBAL,NEWTONS,AS MEASURED,PRIMARY,true,true,38,Y - GLOBAL,NEWTONS,AS MEASURED,PRIMARY,true,true,39,Y - GLOBAL,NEWTONS,AS MEASURED,PRIMARY,true,true,40,Y - GLOBAL,NEWTONS,AS MEASURED,PRIMARY,true,true,41,Y - GLOBAL,NEWTONS,AS MEASURED,PRIMARY,true,true,42,Y - GLOBAL,NEWTONS,AS MEASURED,PRIMARY,true,true,17,G'S,AS MEASURED,PRIMARY,true,true,18,G'S,AS MEASURED,PRIMARY,true,true,19,G'S,AS MEASURED,PRIMARY,true
9490,2015-11-16,NEW CAR ASSESSMENT TEST,VEHICLE INTO POLE,NCAP SIDE IMPACT POLE BARRIER- 2016 MAZDA CX-3 TOURING 5-DR HATCHBACK,side,side,classified,,side_pole_load_cell_8,side_pole_load_cell_barrier,covered_with_mask,POLE,POLE,pole_barrier_unconditional,1,8,8,0,"[1, 8]",8,8,8,,,true,true,[],[],"{""missing_expected_channel_count"": 0, ""duplicate_channel_count"": 0, ""force_channel_count"": 8, ""moment_channel_count"": 0}",3,0,,true,true,false,27,false,true,35,Y - GLOBAL,NEWTONS,AS MEASURED,PRIMARY,true,true,36,Y - GLOBAL,NEWTONS,AS MEASURED,PRIMARY,true,true,37,Y - GLOBAL,NEWTONS,AS MEASURED,PRIMARY,true,true,38,Y - GLOBAL,NEWTONS,AS MEASURED,PRIMARY,true,true,39,Y - GLOBAL,NEWTONS,AS MEASURED,PRIMARY,true,true,40,Y - GLOBAL,NEWTONS,AS MEASURED,PRIMARY,true,true,41,Y - GLOBAL,NEWTONS,AS MEASURED,PRIMARY,true,true,42,Y - GLOBAL,NEWTONS,AS MEASURED,PRIMARY,true,true,17,G'S,AS MEASURED,PRIMARY,true,true,18,G'S,AS MEASURED,PRIMARY,true,true,19,G'S,AS MEASURED,PRIMARY,true
9495,2015-11-24,NEW CAR ASSESSMENT TEST,VEHICLE INTO POLE,75 DEGREE OBLIQUE RIGID POLE SIDE NCAP IMPACT,side,side,classified,,side_pole_load_cell_8,side_pole_load_cell_barrier,covered_with_mask,POLE,POLE,pole_barrier_unconditional,1,8,8,0,"[1, 8]",8,8,8,,,true,true,[],[],"{""missing_expected_channel_count"": 0, ""duplicate_channel_count"": 0, ""force_channel_count"": 8, ""moment_channel_count"": 0}",3,0,,true,true,false,27,false,true,35,X - GLOBAL,NEWTONS,AS MEASURED,PRIMARY,true,true,36,X - GLOBAL,NEWTONS,AS MEASURED,PRIMARY,true,true,37,X - GLOBAL,NEWTONS,AS MEASURED,PRIMARY,true,true,38,X - GLOBAL,NEWTONS,AS MEASURED,PRIMARY,true,true,39,X - GLOBAL,NEWTONS,AS MEASURED,PRIMARY,true,true,40,X - GLOBAL,NEWTONS,AS MEASURED,PRIMARY,true,true,41,X - GLOBAL,NEWTONS,AS MEASURED,PRIMARY,true,true,42,X - GLOBAL,NEWTONS,AS MEASURED,PRIMARY,true,true,17,G'S,AS MEASURED,PRIMARY,true,true,18,G'S,AS MEASURED,PRIMARY,true,true,19,G'S,AS MEASURED,PRIMARY,true
9496,2015-11-23,OPTIONAL NEW CAR ASSESSMENT TEST,VEHICLE INTO POLE,NEW CAR ASSESSMENT PROGRAM SIDE POLE BARRIER IMPACT TEST,side,side,classified,,side_pole_load_cell_8,side_pole_load_cell_barrier,covered_with_mask,POLE,POLE,pole_barrier_unconditional,1,8,8,0,"[1, 8]",8,8,8,,,true,true,[],[],"{""missing_expected_channel_count"": 0, ""duplicate_channel_count"": 0, ""force_channel_count"": 8, ""moment_channel_count"": 0}",3,0,,true,true,false,27,false,true,35,Y - GLOBAL,NEWTONS,AS MEASURED,PRIMARY,true,true,36,Y - GLOBAL,NEWTONS,AS MEASURED,PRIMARY,true,true,37,Y - GLOBAL,NEWTONS,AS MEASURED,PRIMARY,true,true,38,Y - GLOBAL,NEWTONS,AS MEASURED,PRIMARY,true,true,39,Y - GLOBAL,NEWTONS,AS MEASURED,PRIMARY,true,true,40,Y - GLOBAL,NEWTONS,AS MEASURED,PRIMARY,true,true,41,Y - GLOBAL,NEWTONS,AS MEASURED,PRIMARY,true,true,42,Y - GLOBAL,NEWTONS,AS MEASURED,PRIMARY,true,true,17,G'S,AS MEASURED,PRIMARY,true,true,18,G'S,AS MEASURED,PRIMARY,true,true,19,G'S,AS MEASURED,PRIMARY,true
9502,2015-12-08,NEW CAR ASSESSMENT TEST,VEHICLE INTO POLE,NCAP SIDE POLE - 2016 DODGE CHARGER RWD SE 4-DOOR SEDAN,side,side,classified,,side_pole_load_cell_8,side_pole_load_cell_barrier,covered_with_mask,POLE,POLE,pole_barrier_unconditional,1,8,8,0,"[1, 8]",8,8,8,,,true,true,[],[],"{""missing_expected_channel_count"": 0, ""duplicate_channel_count"": 0, ""force_channel_count"": 8, ""moment_channel_count"": 0}",3,0,,true,false,true,27,false,true,35,Y - GLOBAL,NEWTONS,AS MEASURED,PRIMARY,true,true,36,Y - GLOBAL,NEWTONS,AS MEASURED,PRIMARY,true,true,37,Y - GLOBAL,NEWTONS,AS MEASURED,PRIMARY,true,true,38,Y - GLOBAL,NEWTONS,AS MEASURED,PRIMARY,true,true,39,Y - GLOBAL,NEWTONS,AS MEASURED,PRIMARY,true,true,40,Y - GLOBAL,NEWTONS,AS MEASURED,PRIMARY,true,true,41,Y - GLOBAL,NEWTONS,AS MEASURED,PRIMARY,true,true,42,Y - GLOBAL,NEWTONS,AS MEASURED,PRIMARY,true,true,17,G'S,AS MEASURED,PRIMARY,true,true,18,G'S,AS MEASURED,PRIMARY,true,true,19,G'S,QUESTIONABLE DATA,PRIMARY,false
9507,2015-12-14,NEW CAR ASSESSMENT TEST,VEHICLE INTO POLE,NCAP SIDE IMPACT POLE BARRIER- 2016 NISSAN VERSA S 4-DOOR SEDAN,side,side,classified,,side_pole_load_cell_8,side_pole_load_cell_barrier,covered_with_mask,POLE,POLE,pole_barrier_unconditional,1,8,8,0,"[1, 8]",8,8,8,,,true,true,[],[],"{""missing_expected_channel_count"": 0, ""duplicate_channel_count"": 0, ""force_channel_count"": 8, ""moment_channel_count"": 0}",3,0,,true,true,false,27,false,true,35,Y - GLOBAL,NEWTONS,AS MEASURED,PRIMARY,true,true,36,Y - GLOBAL,NEWTONS,AS MEASURED,PRIMARY,true,true,37,Y - GLOBAL,NEWTONS,AS MEASURED,PRIMARY,true,true,38,Y - GLOBAL,NEWTONS,AS MEASURED,PRIMARY,true,true,39,Y - GLOBAL,NEWTONS,AS MEASURED,PRIMARY,true,true,40,Y - GLOBAL,NEWTONS,AS MEASURED,PRIMARY,true,true,41,Y - GLOBAL,NEWTONS,AS MEASURED,PRIMARY,true,true,42,Y - GLOBAL,NEWTONS,AS MEASURED,PRIMARY,true,true,17,G'S,AS MEASURED,PRIMARY,true,true,18,G'S,AS MEASURED,PRIMARY,true,true,19,G'S,AS MEASURED,PRIMARY,true
9509,2015-12-16,NEW CAR ASSESSMENT TEST,VEHICLE INTO POLE,NEW CAR ASSESSMENT PROGRAM SIDE POLE BARRIER IMPACT TEST,side,side,classified,,side_pole_load_cell_8,side_pole_load_cell_barrier,covered_with_mask,POLE,POLE,pole_barrier_unconditional,1,8,8,0,"[1, 8]",8,8,8,,,true,true,[],[],"{""missing_expected_channel_count"": 0, ""duplicate_channel_count"": 0, ""force_channel_count"": 8, ""moment_channel_count"": 0}",3,0,,true,true,false,27,false,true,35,Y - GLOBAL,NEWTONS,AS MEASURED,PRIMARY,true,true,36,Y - GLOBAL,NEWTONS,AS MEASURED,PRIMARY,true,true,37,Y - GLOBAL,NEWTONS,AS MEASURED,PRIMARY,true,true,38,Y - GLOBAL,NEWTONS,AS MEASURED,PRIMARY,true,true,39,Y - GLOBAL,NEWTONS,AS MEASURED,PRIMARY,true,true,40,Y - GLOBAL,NEWTONS,AS MEASURED,PRIMARY,true,true,41,Y - GLOBAL,NEWTONS,AS MEASURED,PRIMARY,true,true,42,Y - GLOBAL,NEWTONS,AS MEASURED,PRIMARY,true,true,17,G'S,AS MEASURED,PRIMARY,true,true,18,G'S,AS MEASURED,PRIMARY,true,true,19,G'S,AS MEASURED,PRIMARY,true
9514,2016-01-06,NEW CAR ASSESSMENT TEST,VEHICLE INTO POLE,NCAP SIDE POLE - 2016 JEEP RENEGADE LATITUDE FWD 5-DR SUV,side,side,classified,,side_pole_load_cell_8,side_pole_load_cell_barrier,covered_with_mask,POLE,POLE,pole_barrier_unconditional,1,8,8,0,"[1, 8]",8,8,8,,,true,true,[],[],"{""missing_expected_channel_count"": 0, ""duplicate_channel_count"": 0, ""force_channel_count"": 8, ""moment_channel_count"": 0}",3,0,,true,true,false,27,false,true,35,Y - GLOBAL,NEWTONS,AS MEASURED,PRIMARY,true,true,36,Y - GLOBAL,NEWTONS,AS MEASURED,PRIMARY,true,true,37,Y - GLOBAL,NEWTONS,AS MEASURED,PRIMARY,true,true,38,Y - GLOBAL,NEWTONS,AS MEASURED,PRIMARY,true,true,39,Y - GLOBAL,NEWTONS,AS MEASURED,PRIMARY,true,true,40,Y - GLOBAL,NEWTONS,AS MEASURED,PRIMARY,true,true,41,Y - GLOBAL,NEWTONS,AS MEASURED,PRIMARY,true,true,42,Y - GLOBAL,NEWTONS,AS MEASURED,PRIMARY,true,true,17,G'S,AS MEASURED,PRIMARY,true,true,18,G'S,AS MEASURED,PRIMARY,true,true,19,G'S,AS MEASURED,PRIMARY,true
9515,2016-01-08,NEW CAR ASSESSMENT TEST,VEHICLE INTO POLE,NCAP SIDE IMPACT POLE BARRIER- 2016 NISSAN VERSA NOTE 5-DOOR HATCHBACK,side,side,classified,,side_pole_load_cell_8,side_pole_load_cell_barrier,covered_with_mask,POLE,POLE,pole_barrier_unconditional,1,8,8,0,"[1, 8]",8,8,8,,,true,true,[],[],"{""missing_expected_channel_count"": 0, ""duplicate_channel_count"": 0, ""force_channel_count"": 8, ""moment_channel_count"": 0}",3,0,,true,true,false,27,false,true,35,Y - GLOBAL,NEWTONS,AS MEASURED,PRIMARY,true,true,36,Y - GLOBAL,NEWTONS,AS MEASURED,PRIMARY,true,true,37,Y - GLOBAL,NEWTONS,AS MEASURED,PRIMARY,true,true,38,Y - GLOBAL,NEWTONS,AS MEASURED,PRIMARY,true,true,39,Y - GLOBAL,NEWTONS,AS MEASURED,PRIMARY,true,true,40,Y - GLOBAL,NEWTONS,AS MEASURED,PRIMARY,true,true,41,Y - GLOBAL,NEWTONS,AS MEASURED,PRIMARY,true,true,42,Y - GLOBAL,NEWTONS,AS MEASURED,PRIMARY,true,true,17,G'S,AS MEASURED,PRIMARY,true,true,18,G'S,AS MEASURED,PRIMARY,true,true,19,G'S,AS MEASURED,PRIMARY,true
9548,2016-01-21,NEW CAR ASSESSMENT TEST,VEHICLE INTO POLE,NCAP SIDE IMPACT POLE BARRIER- 2016 KIA OPTIMA LX 4-DOOR SEDAN,side,side,classified,,side_pole_load_cell_8,side_pole_load_cell_barrier,covered_with_mask,POLE,POLE,pole_barrier_unconditional,1,8,8,0,"[1, 8]",8,8,8,,,true,true,[],[],"{""missing_expected_channel_count"": 0, ""duplicate_channel_count"": 0, ""force_channel_count"": 8, ""moment_channel_count"": 0}",3,0,,true,true,false,27,false,true,35,Y - GLOBAL,NEWTONS,AS MEASURED,PRIMARY,true,true,36,Y - GLOBAL,NEWTONS,AS MEASURED,PRIMARY,true,true,37,Y - GLOBAL,NEWTONS,AS MEASURED,PRIMARY,true,true,38,Y - GLOBAL,NEWTONS,AS MEASURED,PRIMARY,true,true,39,Y - GLOBAL,NEWTONS,AS MEASURED,PRIMARY,true,true,40,Y - GLOBAL,NEWTONS,AS MEASURED,PRIMARY,true,true,41,Y - GLOBAL,NEWTONS,AS MEASURED,PRIMARY,true,true,42,Y - GLOBAL,NEWTONS,AS MEASURED,PRIMARY,true,true,17,G'S,AS MEASURED,PRIMARY,true,true,18,G'S,AS MEASURED,PRIMARY,true,true,19,G'S,AS MEASURED,PRIMARY,true
9551,2016-01-27,NEW CAR ASSESSMENT TEST,VEHICLE INTO POLE,75 DEGREE OBLIQUE RIGID POLE SIDE NCAP IMPACT,side,side,classified,,side_pole_load_cell_8,side_pole_load_cell_barrier,covered_with_mask,POLE,POLE,pole_barrier_unconditional,1,8,8,0,"[1, 8]",8,8,8,,,true,false,[],[],"{""missing_expected_channel_count"": 0, ""duplicate_channel_count"": 0, ""force_channel_count"": 8, ""moment_channel_count"": 0}",3,0,,true,true,false,27,false,true,35,X - GLOBAL,NEWTONS,COMPUTED,PRIMARY,false,true,36,X - GLOBAL,NEWTONS,COMPUTED,PRIMARY,false,true,37,X - GLOBAL,NEWTONS,COMPUTED,PRIMARY,false,true,38,X - GLOBAL,NEWTONS,COMPUTED,PRIMARY,false,true,39,X - GLOBAL,NEWTONS,COMPUTED,PRIMARY,false,true,40,X - GLOBAL,NEWTONS,COMPUTED,PRIMARY,false,true,41,X - GLOBAL,NEWTONS,COMPUTED,PRIMARY,false,true,42,X - GLOBAL,NEWTONS,COMPUTED,PRIMARY,false,true,17,G'S,AS MEASURED,PRIMARY,true,true,18,G'S,AS MEASURED,PRIMARY,true,true,19,G'S,AS MEASURED,PRIMARY,true
9554,2016-01-29,OPTIONAL NEW CAR ASSESSMENT TEST,VEHICLE INTO POLE,OPTIONAL NCAP SIDE POLE - 2016 VOLKSWAGEN PASSAT 1.8T S 4-DR SEDAN,side,side,classified,,side_pole_load_cell_8,side_pole_load_cell_barrier,covered_with_mask,POLE,POLE,pole_barrier_unconditional,1,8,8,0,"[1, 8]",8,8,8,,,true,true,[],[],"{""missing_expected_channel_count"": 0, ""duplicate_channel_count"": 0, ""force_channel_count"": 8, ""moment_channel_count"": 0}",3,0,,true,false,true,27,false,true,35,Y - GLOBAL,NEWTONS,AS MEASURED,PRIMARY,true,true,36,Y - GLOBAL,NEWTONS,AS MEASURED,PRIMARY,true,true,37,Y - GLOBAL,NEWTONS,AS MEASURED,PRIMARY,true,true,38,Y - GLOBAL,NEWTONS,AS MEASURED,PRIMARY,true,true,39,Y - GLOBAL,NEWTONS,AS MEASURED,PRIMARY,true,true,40,Y - GLOBAL,NEWTONS,AS MEASURED,PRIMARY,true,true,41,Y - GLOBAL,NEWTONS,AS MEASURED,PRIMARY,true,true,42,Y - GLOBAL,NEWTONS,AS MEASURED,PRIMARY,true,true,17,G'S,AS MEASURED,PRIMARY,true,true,18,G'S,AS MEASURED,PRIMARY,true,true,19,G'S,CHANNEL FAILED,PRIMARY,false
9556,2016-02-02,NEW CAR ASSESSMENT TEST,VEHICLE INTO POLE,NEW CAR ASSESSMENT PROGRAM SIDE POLE BARRIER IMPACT TEST,side,side,classified,,side_pole_load_cell_8,side_pole_load_cell_barrier,covered_with_mask,POLE,POLE,pole_barrier_unconditional,1,8,8,0,"[1, 8]",8,8,8,,,true,true,[],[],"{""missing_expected_channel_count"": 0, ""duplicate_channel_count"": 0, ""force_channel_count"": 8, ""moment_channel_count"": 0}",3,0,,true,true,false,27,false,true,35,Y - GLOBAL,NEWTONS,AS MEASURED,PRIMARY,true,true,36,Y - GLOBAL,NEWTONS,AS MEASURED,PRIMARY,true,true,37,Y - GLOBAL,NEWTONS,AS MEASURED,PRIMARY,true,true,38,Y - GLOBAL,NEWTONS,AS MEASURED,PRIMARY,true,true,39,Y - GLOBAL,NEWTONS,AS MEASURED,PRIMARY,true,true,40,Y - GLOBAL,NEWTONS,AS MEASURED,PRIMARY,true,true,41,Y - GLOBAL,NEWTONS,AS MEASURED,PRIMARY,true,true,42,Y - GLOBAL,NEWTONS,AS MEASURED,PRIMARY,true,true,17,G'S,AS MEASURED,PRIMARY,true,true,18,G'S,AS MEASURED,PRIMARY,true,true,19,G'S,AS MEASURED,PRIMARY,true
9559,2016-02-04,OPTIONAL NEW CAR ASSESSMENT TEST,VEHICLE INTO POLE,OPTIONAL NCAP SIDE POLE - 2016 VOLVO XC90 T6 AWD MOMENTUM 5-DR SUV,side,side,classified,,side_pole_load_cell_8,side_pole_load_cell_barrier,covered_with_mask,POLE,POLE,pole_barrier_unconditional,1,8,8,0,"[1, 8]",8,8,8,,,true,true,[],[],"{""missing_expected_channel_count"": 0, ""duplicate_channel_count"": 0, ""force_channel_count"": 8, ""moment_channel_count"": 0}",3,0,,true,false,true,27,false,true,35,Y - GLOBAL,NEWTONS,AS MEASURED,PRIMARY,true,true,36,Y - GLOBAL,NEWTONS,AS MEASURED,PRIMARY,true,true,37,Y - GLOBAL,NEWTONS,AS MEASURED,PRIMARY,true,true,38,Y - GLOBAL,NEWTONS,AS MEASURED,PRIMARY,true,true,39,Y - GLOBAL,NEWTONS,AS MEASURED,PRIMARY,true,true,40,Y - GLOBAL,NEWTONS,AS MEASURED,PRIMARY,true,true,41,Y - GLOBAL,NEWTONS,AS MEASURED,PRIMARY,true,true,42,Y - GLOBAL,NEWTONS,AS MEASURED,PRIMARY,true,true,17,G'S,QUESTIONABLE DATA,PRIMARY,false,true,18,G'S,AS MEASURED,PRIMARY,true,true,19,G'S,AS MEASURED,PRIMARY,true
9565,2016-02-11,NEW CAR ASSESSMENT TEST,VEHICLE INTO POLE,75 DEGREE OBLIQUE RIGID POLE SIDE NCAP IMPACT,side,side,classified,,side_pole_load_cell_8,side_pole_load_cell_barrier,covered_with_mask,POLE,POLE,pole_barrier_unconditional,1,8,8,0,"[1, 8]",8,8,8,,,true,true,[],[],"{""missing_expected_channel_count"": 0, ""duplicate_channel_count"": 0, ""force_channel_count"": 8, ""moment_channel_count"": 0}",3,0,,true,true,false,27,false,true,35,X - GLOBAL,NEWTONS,AS MEASURED,PRIMARY,true,true,36,X - GLOBAL,NEWTONS,AS MEASURED,PRIMARY,true,true,37,X - GLOBAL,NEWTONS,AS MEASURED,PRIMARY,true,true,38,X - GLOBAL,NEWTONS,AS MEASURED,PRIMARY,true,true,39,X - GLOBAL,NEWTONS,AS MEASURED,PRIMARY,true,true,40,X - GLOBAL,NEWTONS,AS MEASURED,PRIMARY,true,true,41,X - GLOBAL,NEWTONS,AS MEASURED,PRIMARY,true,true,42,X - GLOBAL,NEWTONS,AS MEASURED,PRIMARY,true,true,17,G'S,AS MEASURED,PRIMARY,true,true,18,G'S,AS MEASURED,PRIMARY,true,true,19,G'S,AS MEASURED,PRIMARY,true
9584,2016-02-29,NEW CAR ASSESSMENT TEST,VEHICLE INTO POLE,NCAP SIDE POLE - 2016 LEXUS RX 350 5-DR SUV,side,side,classified,,side_pole_load_cell_8,side_pole_load_cell_barrier,covered_with_mask,POLE,POLE,pole_barrier_unconditional,1,8,8,0,"[1, 8]",8,8,8,,,true,true,[],[],"{""missing_expected_channel_count"": 0, ""duplicate_channel_count"": 0, ""force_channel_count"": 8, ""moment_channel_count"": 0}",3,0,,true,true,false,27,false,true,35,Y - GLOBAL,NEWTONS,AS MEASURED,PRIMARY,true,true,36,Y - GLOBAL,NEWTONS,AS MEASURED,PRIMARY,true,true,37,Y - GLOBAL,NEWTONS,AS MEASURED,PRIMARY,true,true,38,Y - GLOBAL,NEWTONS,AS MEASURED,PRIMARY,true,true,39,Y - GLOBAL,NEWTONS,AS MEASURED,PRIMARY,true,true,40,Y - GLOBAL,NEWTONS,AS MEASURED,PRIMARY,true,true,41,Y - GLOBAL,NEWTONS,AS MEASURED,PRIMARY,true,true,42,Y - GLOBAL,NEWTONS,AS MEASURED,PRIMARY,true,true,17,G'S,AS MEASURED,PRIMARY,true,true,18,G'S,AS MEASURED,PRIMARY,true,true,19,G'S,AS MEASURED,PRIMARY,true
9589,2016-03-09,NEW CAR ASSESSMENT TEST,VEHICLE INTO POLE,NCAP SIDE POLE - 2016 TOYOTA PRIUS TWO 5-DOOR HATCHBACK,side,side,classified,,side_pole_load_cell_8,side_pole_load_cell_barrier,covered_with_mask,POLE,POLE,pole_barrier_unconditional,1,8,8,0,"[1, 8]",8,8,8,,,true,false,[],[],"{""missing_expected_channel_count"": 0, ""duplicate_channel_count"": 0, ""force_channel_count"": 8, ""moment_channel_count"": 0}",3,0,,true,true,false,27,false,true,35,Y - GLOBAL,NEWTONS,CHANNEL FAILED,PRIMARY,false,true,36,Y - GLOBAL,NEWTONS,CHANNEL FAILED,PRIMARY,false,true,37,Y - GLOBAL,NEWTONS,CHANNEL FAILED,PRIMARY,false,true,38,Y - GLOBAL,NEWTONS,CHANNEL FAILED,PRIMARY,false,true,39,Y - GLOBAL,NEWTONS,CHANNEL FAILED,PRIMARY,false,true,40,Y - GLOBAL,NEWTONS,CHANNEL FAILED,PRIMARY,false,true,41,Y - GLOBAL,NEWTONS,CHANNEL FAILED,PRIMARY,false,true,42,Y - GLOBAL,NEWTONS,CHANNEL FAILED,PRIMARY,false,true,17,G'S,AS MEASURED,PRIMARY,true,true,18,G'S,AS MEASURED,PRIMARY,true,true,19,G'S,AS MEASURED,PRIMARY,true
9590,2016-03-18,NEW CAR ASSESSMENT TEST,VEHICLE INTO POLE,NEW CAR ASSESSMENT PROGRAM SIDE POLE BARRIER IMPACT TEST,side,side,classified,,side_pole_load_cell_8,side_pole_load_cell_barrier,covered_with_mask,POLE,POLE,pole_barrier_unconditional,1,8,8,0,"[1, 8]",8,8,8,,,true,true,[],[],"{""missing_expected_channel_count"": 0, ""duplicate_channel_count"": 0, ""force_channel_count"": 8, ""moment_channel_count"": 0}",3,0,,true,true,false,27,false,true,35,Y - GLOBAL,NEWTONS,AS MEASURED,PRIMARY,true,true,36,Y - GLOBAL,NEWTONS,AS MEASURED,PRIMARY,true,true,37,Y - GLOBAL,NEWTONS,AS MEASURED,PRIMARY,true,true,38,Y - GLOBAL,NEWTONS,AS MEASURED,PRIMARY,true,true,39,Y - GLOBAL,NEWTONS,AS MEASURED,PRIMARY,true,true,40,Y - GLOBAL,NEWTONS,AS MEASURED,PRIMARY,true,true,41,Y - GLOBAL,NEWTONS,AS MEASURED,PRIMARY,true,true,42,Y - GLOBAL,NEWTONS,AS MEASURED,PRIMARY,true,true,17,G'S,AS MEASURED,PRIMARY,true,true,18,G'S,AS MEASURED,PRIMARY,true,true,19,G'S,AS MEASURED,PRIMARY,true
9594,2016-04-11,NEW CAR ASSESSMENT TEST,VEHICLE INTO POLE,75 DEGREE OBLIQUE RIGID POLE SIDE NCAP IMPACT,side,side,classified,,side_pole_load_cell_8,side_pole_load_cell_barrier,covered_with_mask,POLE,POLE,pole_barrier_unconditional,1,8,8,0,"[1, 8]",8,8,8,,,true,false,[],[],"{""missing_expected_channel_count"": 0, ""duplicate_channel_count"": 0, ""force_channel_count"": 8, ""moment_channel_count"": 0}",3,0,,true,true,false,27,false,true,35,X - GLOBAL,NEWTONS,AS MEASURED,PRIMARY,true,true,36,X - GLOBAL,NEWTONS,QUESTIONABLE DATA,PRIMARY,false,true,37,X - GLOBAL,NEWTONS,CHANNEL FAILED,PRIMARY,false,true,38,X - GLOBAL,NEWTONS,AS MEASURED,PRIMARY,true,true,39,X - GLOBAL,NEWTONS,AS MEASURED,PRIMARY,true,true,40,X - GLOBAL,NEWTONS,AS MEASURED,PRIMARY,true,true,41,X - GLOBAL,NEWTONS,AS MEASURED,PRIMARY,true,true,42,X - GLOBAL,NEWTONS,AS MEASURED,PRIMARY,true,true,17,G'S,AS MEASURED,PRIMARY,true,true,18,G'S,AS MEASURED,PRIMARY,true,true,19,G'S,AS MEASURED,PRIMARY,true
9698,2016-04-26,OPTIONAL NEW CAR ASSESSMENT TEST,VEHICLE INTO POLE,OPTIONAL NCAP SIDE POLE - 2016 VOLVO XC90 T8 AWD INSCRIPTION 5-DR SUV,side,side,classified,,side_pole_load_cell_8,side_pole_load_cell_barrier,covered_with_mask,POLE,POLE,pole_barrier_unconditional,1,8,8,0,"[1, 8]",8,8,8,,,true,true,[],[],"{""missing_expected_channel_count"": 0, ""duplicate_channel_count"": 0, ""force_channel_count"": 8, ""moment_channel_count"": 0}",3,0,,true,true,false,27,false,true,35,Y - GLOBAL,NEWTONS,AS MEASURED,PRIMARY,true,true,36,Y - GLOBAL,NEWTONS,AS MEASURED,PRIMARY,true,true,37,Y - GLOBAL,NEWTONS,AS MEASURED,PRIMARY,true,true,38,Y - GLOBAL,NEWTONS,AS MEASURED,PRIMARY,true,true,39,Y - GLOBAL,NEWTONS,AS MEASURED,PRIMARY,true,true,40,Y - GLOBAL,NEWTONS,AS MEASURED,PRIMARY,true,true,41,Y - GLOBAL,NEWTONS,AS MEASURED,PRIMARY,true,true,42,Y - GLOBAL,NEWTONS,AS MEASURED,PRIMARY,true,true,17,G'S,AS MEASURED,PRIMARY,true,true,18,G'S,AS MEASURED,PRIMARY,true,true,19,G'S,AS MEASURED,PRIMARY,true
9746,2016-05-27,OPTIONAL NEW CAR ASSESSMENT TEST,VEHICLE INTO POLE,OPTIONAL NCAP SIDE POLE - 2017 KIA SPORTAGE LX 5-DOOR SUV,side,side,classified,,side_pole_load_cell_8,side_pole_load_cell_barrier,covered_with_mask,POLE,POLE,pole_barrier_unconditional,1,8,8,0,"[1, 8]",8,8,8,,,true,true,[],[],"{""missing_expected_channel_count"": 0, ""duplicate_channel_count"": 0, ""force_channel_count"": 8, ""moment_channel_count"": 0}",3,0,,true,false,true,27,false,true,35,Y - GLOBAL,NEWTONS,AS MEASURED,PRIMARY,true,true,36,Y - GLOBAL,NEWTONS,AS MEASURED,PRIMARY,true,true,37,Y - GLOBAL,NEWTONS,AS MEASURED,PRIMARY,true,true,38,Y - GLOBAL,NEWTONS,AS MEASURED,PRIMARY,true,true,39,Y - GLOBAL,NEWTONS,AS MEASURED,PRIMARY,true,true,40,Y - GLOBAL,NEWTONS,AS MEASURED,PRIMARY,true,true,41,Y - GLOBAL,NEWTONS,AS MEASURED,PRIMARY,true,true,42,Y - GLOBAL,NEWTONS,AS MEASURED,PRIMARY,true,true,17,G'S,CHANNEL FAILED,PRIMARY,false,true,18,G'S,CHANNEL FAILED,PRIMARY,false,true,19,G'S,CHANNEL FAILED,PRIMARY,false
9776,2016-06-16,NEW CAR ASSESSMENT TEST,VEHICLE INTO POLE,NCAP SIDE POLE - 2017 FORD FUSION SE 4-DOOR SEDAN,side,side,classified,,side_pole_load_cell_8,side_pole_load_cell_barrier,covered_with_mask,POLE,POLE,pole_barrier_unconditional,1,8,8,0,"[1, 8]",8,8,8,,,true,true,[],[],"{""missing_expected_channel_count"": 0, ""duplicate_channel_count"": 0, ""force_channel_count"": 8, ""moment_channel_count"": 0}",3,0,,true,true,false,27,false,true,35,Y - GLOBAL,NEWTONS,AS MEASURED,PRIMARY,true,true,36,Y - GLOBAL,NEWTONS,AS MEASURED,PRIMARY,true,true,37,Y - GLOBAL,NEWTONS,AS MEASURED,PRIMARY,true,true,38,Y - GLOBAL,NEWTONS,AS MEASURED,PRIMARY,true,true,39,Y - GLOBAL,NEWTONS,AS MEASURED,PRIMARY,true,true,40,Y - GLOBAL,NEWTONS,AS MEASURED,PRIMARY,true,true,41,Y - GLOBAL,NEWTONS,AS MEASURED,PRIMARY,true,true,42,Y - GLOBAL,NEWTONS,AS MEASURED,PRIMARY,true,true,17,G'S,AS MEASURED,PRIMARY,true,true,18,G'S,AS MEASURED,PRIMARY,true,true,19,G'S,AS MEASURED,PRIMARY,true
9779,2016-06-16,NEW CAR ASSESSMENT TEST,VEHICLE INTO POLE,75 DEGREE OBLIQUE RIGID POLE SIDE NCAP IMPACT,side,side,classified,,side_pole_load_cell_8,side_pole_load_cell_barrier,covered_with_mask,POLE,POLE,pole_barrier_unconditional,1,8,8,0,"[1, 8]",8,8,8,,,true,true,[],[],"{""missing_expected_channel_count"": 0, ""duplicate_channel_count"": 0, ""force_channel_count"": 8, ""moment_channel_count"": 0}",3,0,,true,true,false,27,false,true,35,X - GLOBAL,NEWTONS,AS MEASURED,PRIMARY,true,true,36,X - GLOBAL,NEWTONS,AS MEASURED,PRIMARY,true,true,37,X - GLOBAL,NEWTONS,AS MEASURED,PRIMARY,true,true,38,X - GLOBAL,NEWTONS,AS MEASURED,PRIMARY,true,true,39,X - GLOBAL,NEWTONS,AS MEASURED,PRIMARY,true,true,40,X - GLOBAL,NEWTONS,AS MEASURED,PRIMARY,true,true,41,X - GLOBAL,NEWTONS,AS MEASURED,PRIMARY,true,true,42,X - GLOBAL,NEWTONS,AS MEASURED,PRIMARY,true,true,17,G'S,AS MEASURED,PRIMARY,true,true,18,G'S,AS MEASURED,PRIMARY,true,true,19,G'S,AS MEASURED,PRIMARY,true
9780,2016-03-29,Validation New Car Assessment Test,VEHICLE INTO POLE,2016 NISSAN ROGUE LEFT SIDE POLE IMPACT AT 32 KPH NCAP VALIDATION TEST,side,side,classified,,side_pole_load_cell_8,side_pole_load_cell_barrier,covered_with_mask,POLE,POLE,pole_barrier_unconditional,1,8,8,0,"[1, 8]",8,8,8,,,true,true,[],[],"{""missing_expected_channel_count"": 0, ""duplicate_channel_count"": 0, ""force_channel_count"": 8, ""moment_channel_count"": 0}",3,0,,true,true,false,38,false,true,142,X - GLOBAL,NEWTONS,AS MEASURED,PRIMARY,true,true,143,X - GLOBAL,NEWTONS,AS MEASURED,PRIMARY,true,true,144,X - GLOBAL,NEWTONS,AS MEASURED,PRIMARY,true,true,145,X - GLOBAL,NEWTONS,AS MEASURED,PRIMARY,true,true,146,X - GLOBAL,NEWTONS,AS MEASURED,PRIMARY,true,true,147,X - GLOBAL,NEWTONS,AS MEASURED,PRIMARY,true,true,148,X - GLOBAL,NEWTONS,AS MEASURED,PRIMARY,true,true,149,X - GLOBAL,NEWTONS,AS MEASURED,PRIMARY,true,true,112,G'S,AS MEASURED,PRIMARY,true,true,113,G'S,AS MEASURED,PRIMARY,true,true,114,G'S,AS MEASURED,PRIMARY,true
9781,2016-04-13,RESEARCH SAFETY VEHICLE TEST,VEHICLE INTO POLE,2016 CHEVROLET TAHOE LEFT SIDE FMVSS 214 POLE IMPACT AT 32 KPH,side,research_other,classified,,side_pole_load_cell_8,side_pole_load_cell_barrier,covered_with_mask,POLE,POLE,pole_barrier_unconditional,1,8,8,0,"[1, 8]",8,8,8,,,true,false,[],[],"{""missing_expected_channel_count"": 0, ""duplicate_channel_count"": 0, ""force_channel_count"": 8, ""moment_channel_count"": 0}",3,0,,true,true,false,38,false,true,141,X - GLOBAL,NEWTONS,AS MEASURED,PRIMARY,true,true,142,X - GLOBAL,NEWTONS,AS MEASURED,PRIMARY,true,true,143,X - GLOBAL,NEWTONS,QUESTIONABLE DATA,PRIMARY,false,true,144,X - GLOBAL,NEWTONS,AS MEASURED,PRIMARY,true,true,145,X - GLOBAL,NEWTONS,AS MEASURED,PRIMARY,true,true,146,X - GLOBAL,NEWTONS,AS MEASURED,PRIMARY,true,true,147,X - GLOBAL,NEWTONS,AS MEASURED,PRIMARY,true,true,148,X - GLOBAL,NEWTONS,AS MEASURED,PRIMARY,true,true,111,G'S,AS MEASURED,PRIMARY,true,true,112,G'S,AS MEASURED,PRIMARY,true,true,113,G'S,AS MEASURED,PRIMARY,true
9782,2016-04-19,VALIDATION NEW CAR ASSESSMENT TEST,VEHICLE INTO POLE,2016 CHEVROLET MALIBU LEFT SIDE POLE IMPACT AT 32 KPH VALIDATION TEST,side,side,classified,,side_pole_load_cell_8,side_pole_load_cell_barrier,covered_with_mask,POLE,POLE,pole_barrier_unconditional,1,8,8,0,"[1, 8]",8,8,8,,,true,true,[],[],"{""missing_expected_channel_count"": 0, ""duplicate_channel_count"": 0, ""force_channel_count"": 8, ""moment_channel_count"": 0}",3,0,,true,true,false,38,false,true,141,X - GLOBAL,NEWTONS,AS MEASURED,PRIMARY,true,true,142,X - GLOBAL,NEWTONS,AS MEASURED,PRIMARY,true,true,143,X - GLOBAL,NEWTONS,AS MEASURED,PRIMARY,true,true,144,X - GLOBAL,NEWTONS,AS MEASURED,PRIMARY,true,true,145,X - GLOBAL,NEWTONS,AS MEASURED,PRIMARY,true,true,146,X - GLOBAL,NEWTONS,AS MEASURED,PRIMARY,true,true,147,X - GLOBAL,NEWTONS,AS MEASURED,PRIMARY,true,true,148,X - GLOBAL,NEWTONS,AS MEASURED,PRIMARY,true,true,111,G'S,AS MEASURED,PRIMARY,true,true,112,G'S,AS MEASURED,PRIMARY,true,true,113,G'S,AS MEASURED,PRIMARY,true
9783,2016-05-10,VALIDATION NEW CAR ASSESSMENT TEST,VEHICLE INTO POLE,2016 HONDA FIT LEFT SIDE POLE IMPACT AT 32 KPH NCAP VALIDATION TEST,side,side,classified,,side_pole_load_cell_8,side_pole_load_cell_barrier,covered_with_mask,POLE,POLE,pole_barrier_unconditional,1,8,8,0,"[1, 8]",8,8,8,,,true,true,[],[],"{""missing_expected_channel_count"": 0, ""duplicate_channel_count"": 0, ""force_channel_count"": 8, ""moment_channel_count"": 0}",3,0,,true,true,false,38,false,true,138,X - GLOBAL,NEWTONS,AS MEASURED,PRIMARY,true,true,139,X - GLOBAL,NEWTONS,AS MEASURED,PRIMARY,true,true,140,X - GLOBAL,NEWTONS,AS MEASURED,PRIMARY,true,true,141,X - GLOBAL,NEWTONS,AS MEASURED,PRIMARY,true,true,142,X - GLOBAL,NEWTONS,AS MEASURED,PRIMARY,true,true,143,X - GLOBAL,NEWTONS,AS MEASURED,PRIMARY,true,true,144,X - GLOBAL,NEWTONS,AS MEASURED,PRIMARY,true,true,145,X - GLOBAL,NEWTONS,AS MEASURED,PRIMARY,true,true,111,G'S,AS MEASURED,PRIMARY,true,true,112,G'S,AS MEASURED,PRIMARY,true,true,113,G'S,AS MEASURED,PRIMARY,true
9784,2016-05-24,Validation New Car Assessment Test,VEHICLE INTO POLE,2016 FORD F-150 LEFT SIDE POLE IMPACT AT 32 KPH NCAP VALIDATION TEST ,side,side,classified,,side_pole_load_cell_8,side_pole_load_cell_barrier,covered_with_mask,POLE,POLE,pole_barrier_unconditional,1,8,8,0,"[1, 8]",8,8,8,,,true,false,[],[],"{""missing_expected_channel_count"": 0, ""duplicate_channel_count"": 0, ""force_channel_count"": 8, ""moment_channel_count"": 0}",3,0,,true,true,false,38,false,true,138,X - GLOBAL,NEWTONS,AS MEASURED,PRIMARY,true,true,139,X - GLOBAL,NEWTONS,CHANNEL FAILED,PRIMARY,false,true,140,X - GLOBAL,NEWTONS,AS MEASURED,PRIMARY,true,true,141,X - GLOBAL,NEWTONS,AS MEASURED,PRIMARY,true,true,142,X - GLOBAL,NEWTONS,AS MEASURED,PRIMARY,true,true,143,X - GLOBAL,NEWTONS,AS MEASURED,PRIMARY,true,true,144,X - GLOBAL,NEWTONS,AS MEASURED,PRIMARY,true,true,145,X - GLOBAL,NEWTONS,AS MEASURED,PRIMARY,true,true,111,G'S,AS MEASURED,PRIMARY,true,true,112,G'S,AS MEASURED,PRIMARY,true,true,113,G'S,AS MEASURED,PRIMARY,true
9785,2016-06-14,Validation New Car Assessment Test,VEHICLE INTO POLE,2015 TOYOTA SIENNA LEFT SIDE POLE IMPACT AT 32 KPH NCAP VALIDATION TEST ,side,side,classified,,side_pole_load_cell_8,side_pole_load_cell_barrier,covered_with_mask,POLE,POLE,pole_barrier_unconditional,1,8,8,0,"[1, 8]",8,8,8,,,true,false,[],[],"{""missing_expected_channel_count"": 0, ""duplicate_channel_count"": 0, ""force_channel_count"": 8, ""moment_channel_count"": 0}",3,0,,true,true,false,38,false,true,138,X - GLOBAL,NEWTONS,AS MEASURED,PRIMARY,true,true,139,X - GLOBAL,NEWTONS,CHANNEL FAILED,PRIMARY,false,true,140,X - GLOBAL,NEWTONS,AS MEASURED,PRIMARY,true,true,141,X - GLOBAL,NEWTONS,AS MEASURED,PRIMARY,true,true,142,X - GLOBAL,NEWTONS,AS MEASURED,PRIMARY,true,true,143,X - GLOBAL,NEWTONS,AS MEASURED,PRIMARY,true,true,144,X - GLOBAL,NEWTONS,AS MEASURED,PRIMARY,true,true,145,X - GLOBAL,NEWTONS,AS MEASURED,PRIMARY,true,true,111,G'S,AS MEASURED,PRIMARY,true,true,112,G'S,AS MEASURED,PRIMARY,true,true,113,G'S,AS MEASURED,PRIMARY,true
9792,2016-06-21,NEW CAR ASSESSMENT TEST,VEHICLE INTO POLE,NEW CAR ASSESSMENT PROGRAM SIDE POLE BARRIER IMPACT TEST,side,side,classified,,side_pole_load_cell_8,side_pole_load_cell_barrier,covered_with_mask,POLE,POLE,pole_barrier_unconditional,1,8,8,0,"[1, 8]",8,8,8,,,true,true,[],[],"{""missing_expected_channel_count"": 0, ""duplicate_channel_count"": 0, ""force_channel_count"": 8, ""moment_channel_count"": 0}",3,0,,true,true,false,27,false,true,35,Y - GLOBAL,NEWTONS,AS MEASURED,PRIMARY,true,true,36,Y - GLOBAL,NEWTONS,AS MEASURED,PRIMARY,true,true,37,Y - GLOBAL,NEWTONS,AS MEASURED,PRIMARY,true,true,38,Y - GLOBAL,NEWTONS,AS MEASURED,PRIMARY,true,true,39,Y - GLOBAL,NEWTONS,AS MEASURED,PRIMARY,true,true,40,Y - GLOBAL,NEWTONS,AS MEASURED,PRIMARY,true,true,41,Y - GLOBAL,NEWTONS,AS MEASURED,PRIMARY,true,true,42,Y - GLOBAL,NEWTONS,AS MEASURED,PRIMARY,true,true,17,G'S,AS MEASURED,PRIMARY,true,true,18,G'S,AS MEASURED,PRIMARY,true,true,19,G'S,AS MEASURED,PRIMARY,true
9803,2016-07-01,OPTIONAL NEW CAR ASSESSMENT TEST,VEHICLE INTO POLE,OPTIONAL NCAP SIDE POLE - 2016 BUICK CASCADA PREMIUM 2-DR CONVERTIBLE,side,side,classified,,side_pole_load_cell_8,side_pole_load_cell_barrier,covered_with_mask,POLE,POLE,pole_barrier_unconditional,1,8,8,0,"[1, 8]",8,8,8,,,true,true,[],[],"{""missing_expected_channel_count"": 0, ""duplicate_channel_count"": 0, ""force_channel_count"": 8, ""moment_channel_count"": 0}",3,0,,true,false,true,27,false,true,35,Y - GLOBAL,NEWTONS,AS MEASURED,PRIMARY,true,true,36,Y - GLOBAL,NEWTONS,AS MEASURED,PRIMARY,true,true,37,Y - GLOBAL,NEWTONS,AS MEASURED,PRIMARY,true,true,38,Y - GLOBAL,NEWTONS,AS MEASURED,PRIMARY,true,true,39,Y - GLOBAL,NEWTONS,AS MEASURED,PRIMARY,true,true,40,Y - GLOBAL,NEWTONS,AS MEASURED,PRIMARY,true,true,41,Y - GLOBAL,NEWTONS,AS MEASURED,PRIMARY,true,true,42,Y - GLOBAL,NEWTONS,AS MEASURED,PRIMARY,true,true,17,G'S,CHANNEL FAILED,PRIMARY,false,true,18,G'S,AS MEASURED,PRIMARY,true,true,19,G'S,AS MEASURED,PRIMARY,true
9809,2016-07-13,OPTIONAL NEW CAR ASSESSMENT TEST,VEHICLE INTO POLE,OPTIONAL NCAP SIDE POLE - 2016 HONDA CIVIC LX 2-DR COUPE,side,side,classified,,side_pole_load_cell_8,side_pole_load_cell_barrier,covered_with_mask,POLE,POLE,pole_barrier_unconditional,1,8,8,0,"[1, 8]",8,8,8,,,true,true,[],[],"{""missing_expected_channel_count"": 0, ""duplicate_channel_count"": 0, ""force_channel_count"": 8, ""moment_channel_count"": 0}",3,0,,true,true,false,27,false,true,35,Y - GLOBAL,NEWTONS,AS MEASURED,PRIMARY,true,true,36,Y - GLOBAL,NEWTONS,AS MEASURED,PRIMARY,true,true,37,Y - GLOBAL,NEWTONS,AS MEASURED,PRIMARY,true,true,38,Y - GLOBAL,NEWTONS,AS MEASURED,PRIMARY,true,true,39,Y - GLOBAL,NEWTONS,AS MEASURED,PRIMARY,true,true,40,Y - GLOBAL,NEWTONS,AS MEASURED,PRIMARY,true,true,41,Y - GLOBAL,NEWTONS,AS MEASURED,PRIMARY,true,true,42,Y - GLOBAL,NEWTONS,AS MEASURED,PRIMARY,true,true,17,G'S,AS MEASURED,PRIMARY,true,true,18,G'S,AS MEASURED,PRIMARY,true,true,19,G'S,AS MEASURED,PRIMARY,true
9941,2016-08-24,OPTIONAL NEW CAR ASSESSMENT TEST,VEHICLE INTO POLE,NCAP SIDE POLE - 2017 MITSUBISHI MIRAGE ES 5-HATCHBACK,side,side,classified,,side_pole_load_cell_8,side_pole_load_cell_barrier,covered_with_mask,POLE,POLE,pole_barrier_unconditional,1,8,8,0,"[1, 8]",8,8,8,,,true,false,[],[],"{""missing_expected_channel_count"": 0, ""duplicate_channel_count"": 0, ""force_channel_count"": 8, ""moment_channel_count"": 0}",3,0,,true,true,false,27,false,true,35,Y - GLOBAL,NEWTONS,AS MEASURED,PRIMARY,true,true,36,Y - GLOBAL,NEWTONS,AS MEASURED,PRIMARY,true,true,37,Y - GLOBAL,NEWTONS,AS MEASURED,PRIMARY,true,true,38,Y - GLOBAL,NEWTONS,AS MEASURED,PRIMARY,true,true,39,Y - GLOBAL,NEWTONS,AS MEASURED,PRIMARY,true,true,40,Y - GLOBAL,NEWTONS,AS MEASURED,PRIMARY,true,true,41,Y - GLOBAL,NEWTONS,AS MEASURED,PRIMARY,true,true,42,Y - GLOBAL,NEWTONS,QUESTIONABLE DATA,PRIMARY,false,true,17,G'S,AS MEASURED,PRIMARY,true,true,18,G'S,AS MEASURED,PRIMARY,true,true,19,G'S,AS MEASURED,PRIMARY,true
9947,2016-09-02,NEW CAR ASSESSMENT TEST,VEHICLE INTO POLE,75 DEGREE OBLIQUE RIGID POLE SIDE NCAP IMPACT,side,side,classified,,side_pole_load_cell_8,side_pole_load_cell_barrier,covered_with_mask,POLE,POLE,pole_barrier_unconditional,1,8,8,0,"[1, 8]",8,8,8,,,true,false,[],[],"{""missing_expected_channel_count"": 0, ""duplicate_channel_count"": 0, ""force_channel_count"": 8, ""moment_channel_count"": 0}",3,0,,true,true,false,27,false,true,35,X - GLOBAL,NEWTONS,AS MEASURED,PRIMARY,true,true,36,X - GLOBAL,NEWTONS,QUESTIONABLE DATA,PRIMARY,false,true,37,X - GLOBAL,NEWTONS,AS MEASURED,PRIMARY,true,true,38,X - GLOBAL,NEWTONS,AS MEASURED,PRIMARY,true,true,39,X - GLOBAL,NEWTONS,AS MEASURED,PRIMARY,true,true,40,X - GLOBAL,NEWTONS,AS MEASURED,PRIMARY,true,true,41,X - GLOBAL,NEWTONS,AS MEASURED,PRIMARY,true,true,42,X - GLOBAL,NEWTONS,AS MEASURED,PRIMARY,true,true,17,G'S,AS MEASURED,PRIMARY,true,true,18,G'S,AS MEASURED,PRIMARY,true,true,19,G'S,AS MEASURED,PRIMARY,true
9963,2016-09-28,OPTIONAL NEW CAR ASSESSMENT TEST,VEHICLE INTO POLE,OPTIONAL NCAP SIDE POLE - 2016 BUICK ENVISION AWD PREMIUM II 5-DR SUV,side,side,classified,,side_pole_load_cell_8,side_pole_load_cell_barrier,covered_with_mask,POLE,POLE,pole_barrier_unconditional,1,8,8,0,"[1, 8]",8,8,8,,,true,false,[],[],"{""missing_expected_channel_count"": 0, ""duplicate_channel_count"": 0, ""force_channel_count"": 8, ""moment_channel_count"": 0}",3,0,,true,true,false,27,false,true,35,Y - GLOBAL,NEWTONS,AS MEASURED,PRIMARY,true,true,36,Y - GLOBAL,NEWTONS,AS MEASURED,PRIMARY,true,true,37,Y - GLOBAL,NEWTONS,AS MEASURED,PRIMARY,true,true,38,Y - GLOBAL,NEWTONS,AS MEASURED,PRIMARY,true,true,39,Y - GLOBAL,NEWTONS,AS MEASURED,PRIMARY,true,true,40,Y - GLOBAL,NEWTONS,AS MEASURED,PRIMARY,true,true,41,Y - GLOBAL,NEWTONS,AS MEASURED,PRIMARY,true,true,42,Y - GLOBAL,NEWTONS,QUESTIONABLE DATA,PRIMARY,false,true,17,G'S,AS MEASURED,PRIMARY,true,true,18,G'S,AS MEASURED,PRIMARY,true,true,19,G'S,AS MEASURED,PRIMARY,true
9967,2016-10-05,NEW CAR ASSESSMENT TEST,VEHICLE INTO POLE,75 DEGREE OBLIQUE RIGID POLE SIDE NCAP IMPACT,side,side,classified,,side_pole_load_cell_8,side_pole_load_cell_barrier,covered_with_mask,POLE,POLE,pole_barrier_unconditional,1,8,8,0,"[1, 8]",8,8,8,,,true,true,[],[],"{""missing_expected_channel_count"": 0, ""duplicate_channel_count"": 0, ""force_channel_count"": 8, ""moment_channel_count"": 0}",3,0,,true,true,false,27,false,true,35,X - GLOBAL,NEWTONS,AS MEASURED,PRIMARY,true,true,36,X - GLOBAL,NEWTONS,AS MEASURED,PRIMARY,true,true,37,X - GLOBAL,NEWTONS,AS MEASURED,PRIMARY,true,true,38,X - GLOBAL,NEWTONS,AS MEASURED,PRIMARY,true,true,39,X - GLOBAL,NEWTONS,AS MEASURED,PRIMARY,true,true,40,X - GLOBAL,NEWTONS,AS MEASURED,PRIMARY,true,true,41,X - GLOBAL,NEWTONS,AS MEASURED,PRIMARY,true,true,42,X - GLOBAL,NEWTONS,AS MEASURED,PRIMARY,true,true,17,G'S,AS MEASURED,PRIMARY,true,true,18,G'S,AS MEASURED,PRIMARY,true,true,19,G'S,AS MEASURED,PRIMARY,true
9971,2016-10-07,OPTIONAL NEW CAR ASSESSMENT TEST,VEHICLE INTO POLE,OPTIONAL NCAP SIDE POLE - 2017 CHRYSLER PACIFICA LX MINIVAN,side,side,classified,,side_pole_load_cell_8,side_pole_load_cell_barrier,covered_with_mask,POLE,POLE,pole_barrier_unconditional,1,8,8,0,"[1, 8]",8,8,8,,,true,true,[],[],"{""missing_expected_channel_count"": 0, ""duplicate_channel_count"": 0, ""force_channel_count"": 8, ""moment_channel_count"": 0}",3,0,,true,true,false,27,false,true,35,Y - GLOBAL,NEWTONS,AS MEASURED,PRIMARY,true,true,36,Y - GLOBAL,NEWTONS,AS MEASURED,PRIMARY,true,true,37,Y - GLOBAL,NEWTONS,AS MEASURED,PRIMARY,true,true,38,Y - GLOBAL,NEWTONS,AS MEASURED,PRIMARY,true,true,39,Y - GLOBAL,NEWTONS,AS MEASURED,PRIMARY,true,true,40,Y - GLOBAL,NEWTONS,AS MEASURED,PRIMARY,true,true,41,Y - GLOBAL,NEWTONS,AS MEASURED,PRIMARY,true,true,42,Y - GLOBAL,NEWTONS,AS MEASURED,PRIMARY,true,true,17,G'S,AS MEASURED,PRIMARY,true,true,18,G'S,AS MEASURED,PRIMARY,true,true,19,G'S,AS MEASURED,PRIMARY,true
9974,2016-10-11,NEW CAR ASSESSMENT TEST,VEHICLE INTO POLE,NEW CAR ASSESSMENT PROGRAM SIDE POLE BARRIER IMPACT TEST,side,side,classified,,side_pole_load_cell_8,side_pole_load_cell_barrier,covered_with_mask,POLE,POLE,pole_barrier_unconditional,1,8,8,0,"[1, 8]",8,8,8,,,true,true,[],[],"{""missing_expected_channel_count"": 0, ""duplicate_channel_count"": 0, ""force_channel_count"": 8, ""moment_channel_count"": 0}",3,0,,true,true,false,27,false,true,35,Y - GLOBAL,NEWTONS,AS MEASURED,PRIMARY,true,true,36,Y - GLOBAL,NEWTONS,AS MEASURED,PRIMARY,true,true,37,Y - GLOBAL,NEWTONS,AS MEASURED,PRIMARY,true,true,38,Y - GLOBAL,NEWTONS,AS MEASURED,PRIMARY,true,true,39,Y - GLOBAL,NEWTONS,AS MEASURED,PRIMARY,true,true,40,Y - GLOBAL,NEWTONS,AS MEASURED,PRIMARY,true,true,41,Y - GLOBAL,NEWTONS,AS MEASURED,PRIMARY,true,true,42,Y - GLOBAL,NEWTONS,AS MEASURED,PRIMARY,true,true,17,G'S,AS MEASURED,PRIMARY,true,true,18,G'S,AS MEASURED,PRIMARY,true,true,19,G'S,AS MEASURED,PRIMARY,true
9979,2016-11-09,NEW CAR ASSESSMENT TEST,VEHICLE INTO POLE,75 DEGREE OBLIQUE RIGID POLE SIDE NCAP IMPACT,side,side,classified,,side_pole_load_cell_8,side_pole_load_cell_barrier,covered_with_mask,POLE,POLE,pole_barrier_unconditional,1,8,8,0,"[1, 8]",8,8,8,,,true,false,[],[],"{""missing_expected_channel_count"": 0, ""duplicate_channel_count"": 0, ""force_channel_count"": 8, ""moment_channel_count"": 0}",3,0,,true,true,false,27,false,true,35,X - GLOBAL,NEWTONS,AS MEASURED,PRIMARY,true,true,36,X - GLOBAL,NEWTONS,AS MEASURED,PRIMARY,true,true,37,X - GLOBAL,NEWTONS,CHANNEL FAILED,PRIMARY,false,true,38,X - GLOBAL,NEWTONS,AS MEASURED,PRIMARY,true,true,39,X - GLOBAL,NEWTONS,AS MEASURED,PRIMARY,true,true,40,X - GLOBAL,NEWTONS,AS MEASURED,PRIMARY,true,true,41,X - GLOBAL,NEWTONS,AS MEASURED,PRIMARY,true,true,42,X - GLOBAL,NEWTONS,AS MEASURED,PRIMARY,true,true,17,G'S,AS MEASURED,PRIMARY,true,true,18,G'S,AS MEASURED,PRIMARY,true,true,19,G'S,AS MEASURED,PRIMARY,true
9981,2016-11-08,NEW CAR ASSESSMENT TEST,VEHICLE INTO POLE,NEW CAR ASSESSMENT PROGRAM SIDE POLE BARRIER IMPACT TEST,side,side,classified,,side_pole_load_cell_8,side_pole_load_cell_barrier,covered_with_mask,POLE,POLE,pole_barrier_unconditional,1,8,8,0,"[1, 8]",8,8,8,,,true,true,[],[],"{""missing_expected_channel_count"": 0, ""duplicate_channel_count"": 0, ""force_channel_count"": 8, ""moment_channel_count"": 0}",3,0,,true,true,false,27,false,true,35,Y - GLOBAL,NEWTONS,AS MEASURED,PRIMARY,true,true,36,Y - GLOBAL,NEWTONS,AS MEASURED,PRIMARY,true,true,37,Y - GLOBAL,NEWTONS,AS MEASURED,PRIMARY,true,true,38,Y - GLOBAL,NEWTONS,AS MEASURED,PRIMARY,true,true,39,Y - GLOBAL,NEWTONS,AS MEASURED,PRIMARY,true,true,40,Y - GLOBAL,NEWTONS,AS MEASURED,PRIMARY,true,true,41,Y - GLOBAL,NEWTONS,AS MEASURED,PRIMARY,true,true,42,Y - GLOBAL,NEWTONS,AS MEASURED,PRIMARY,true,true,17,G'S,AS MEASURED,PRIMARY,true,true,18,G'S,AS MEASURED,PRIMARY,true,true,19,G'S,AS MEASURED,PRIMARY,true
9985,2016-11-15,NEW CAR ASSESSMENT TEST,VEHICLE INTO POLE,75 DEGREE OBLIQUE RIGID POLE SIDE NCAP IMPACT,side,side,classified,,side_pole_load_cell_8,side_pole_load_cell_barrier,covered_with_mask,POLE,POLE,pole_barrier_unconditional,1,8,8,0,"[1, 8]",8,8,8,,,true,true,[],[],"{""missing_expected_channel_count"": 0, ""duplicate_channel_count"": 0, ""force_channel_count"": 8, ""moment_channel_count"": 0}",3,0,,true,true,false,27,false,true,35,X - GLOBAL,NEWTONS,AS MEASURED,PRIMARY,true,true,36,X - GLOBAL,NEWTONS,AS MEASURED,PRIMARY,true,true,37,X - GLOBAL,NEWTONS,AS MEASURED,PRIMARY,true,true,38,X - GLOBAL,NEWTONS,AS MEASURED,PRIMARY,true,true,39,X - GLOBAL,NEWTONS,AS MEASURED,PRIMARY,true,true,40,X - GLOBAL,NEWTONS,AS MEASURED,PRIMARY,true,true,41,X - GLOBAL,NEWTONS,AS MEASURED,PRIMARY,true,true,42,X - GLOBAL,NEWTONS,AS MEASURED,PRIMARY,true,true,17,G'S,AS MEASURED,PRIMARY,true,true,18,G'S,AS MEASURED,PRIMARY,true,true,19,G'S,AS MEASURED,PRIMARY,true
9988,2016-11-21,NEW CAR ASSESSMENT TEST,VEHICLE INTO POLE,NEW CAR ASSESSMENT PROGRAM SIDE POLE BARRIER IMPACT TEST,side,side,classified,,side_pole_load_cell_8,side_pole_load_cell_barrier,covered_with_mask,POLE,POLE,pole_barrier_unconditional,1,8,8,0,"[1, 8]",8,8,8,,,true,true,[],[],"{""missing_expected_channel_count"": 0, ""duplicate_channel_count"": 0, ""force_channel_count"": 8, ""moment_channel_count"": 0}",3,0,,true,true,false,27,false,true,35,Y - GLOBAL,NEWTONS,AS MEASURED,PRIMARY,true,true,36,Y - GLOBAL,NEWTONS,AS MEASURED,PRIMARY,true,true,37,Y - GLOBAL,NEWTONS,AS MEASURED,PRIMARY,true,true,38,Y - GLOBAL,NEWTONS,AS MEASURED,PRIMARY,true,true,39,Y - GLOBAL,NEWTONS,AS MEASURED,PRIMARY,true,true,40,Y - GLOBAL,NEWTONS,AS MEASURED,PRIMARY,true,true,41,Y - GLOBAL,NEWTONS,AS MEASURED,PRIMARY,true,true,42,Y - GLOBAL,NEWTONS,AS MEASURED,PRIMARY,true,true,17,G'S,AS MEASURED,PRIMARY,true,true,18,G'S,AS MEASURED,PRIMARY,true,true,19,G'S,AS MEASURED,PRIMARY,true
9993,2016-12-02,OPTIONAL NEW CAR ASSESSMENT TEST,VEHICLE INTO POLE,OPTIONAL NCAP SIDE POLE - 2017 AUDI A4 2.0T 4-DOOR SEDAN,side,side,classified,,side_pole_load_cell_8,side_pole_load_cell_barrier,covered_with_mask,POLE,POLE,pole_barrier_unconditional,1,8,8,0,"[1, 8]",8,8,8,,,true,true,[],[],"{""missing_expected_channel_count"": 0, ""duplicate_channel_count"": 0, ""force_channel_count"": 8, ""moment_channel_count"": 0}",3,0,,true,true,false,27,false,true,35,Y - GLOBAL,NEWTONS,AS MEASURED,PRIMARY,true,true,36,Y - GLOBAL,NEWTONS,AS MEASURED,PRIMARY,true,true,37,Y - GLOBAL,NEWTONS,AS MEASURED,PRIMARY,true,true,38,Y - GLOBAL,NEWTONS,AS MEASURED,PRIMARY,true,true,39,Y - GLOBAL,NEWTONS,AS MEASURED,PRIMARY,true,true,40,Y - GLOBAL,NEWTONS,AS MEASURED,PRIMARY,true,true,41,Y - GLOBAL,NEWTONS,AS MEASURED,PRIMARY,true,true,42,Y - GLOBAL,NEWTONS,AS MEASURED,PRIMARY,true,true,17,G'S,AS MEASURED,PRIMARY,true,true,18,G'S,AS MEASURED,PRIMARY,true,true,19,G'S,AS MEASURED,PRIMARY,true
9994,2016-12-06,NEW CAR ASSESSMENT TEST,VEHICLE INTO POLE,75 DEGREE OBLIQUE RIGID POLE SIDE NCAP IMPACT,side,side,classified,,side_pole_load_cell_8,side_pole_load_cell_barrier,covered_with_mask,POLE,POLE,pole_barrier_unconditional,1,8,8,0,"[1, 8]",8,8,8,,,true,true,[],[],"{""missing_expected_channel_count"": 0, ""duplicate_channel_count"": 0, ""force_channel_count"": 8, ""moment_channel_count"": 0}",3,0,,true,true,false,27,false,true,35,X - GLOBAL,NEWTONS,AS MEASURED,PRIMARY,true,true,36,X - GLOBAL,NEWTONS,AS MEASURED,PRIMARY,true,true,37,X - GLOBAL,NEWTONS,AS MEASURED,PRIMARY,true,true,38,X - GLOBAL,NEWTONS,AS MEASURED,PRIMARY,true,true,39,X - GLOBAL,NEWTONS,AS MEASURED,PRIMARY,true,true,40,X - GLOBAL,NEWTONS,AS MEASURED,PRIMARY,true,true,41,X - GLOBAL,NEWTONS,AS MEASURED,PRIMARY,true,true,42,X - GLOBAL,NEWTONS,AS MEASURED,PRIMARY,true,true,17,G'S,AS MEASURED,PRIMARY,true,true,18,G'S,AS MEASURED,PRIMARY,true,true,19,G'S,AS MEASURED,PRIMARY,true
10004,2016-12-15,NEW CAR ASSESSMENT TEST,VEHICLE INTO POLE,NEW CAR ASSESSMENT PROGRAM SIDE POLE BARRIER IMPACT TEST,side,side,classified,,side_pole_load_cell_8,side_pole_load_cell_barrier,covered_with_mask,POLE,POLE,pole_barrier_unconditional,1,8,8,0,"[1, 8]",8,8,8,,,true,true,[],[],"{""missing_expected_channel_count"": 0, ""duplicate_channel_count"": 0, ""force_channel_count"": 8, ""moment_channel_count"": 0}",3,0,,true,true,false,27,false,true,35,Y - GLOBAL,NEWTONS,AS MEASURED,PRIMARY,true,true,36,Y - GLOBAL,NEWTONS,AS MEASURED,PRIMARY,true,true,37,Y - GLOBAL,NEWTONS,AS MEASURED,PRIMARY,true,true,38,Y - GLOBAL,NEWTONS,AS MEASURED,PRIMARY,true,true,39,Y - GLOBAL,NEWTONS,AS MEASURED,PRIMARY,true,true,40,Y - GLOBAL,NEWTONS,AS MEASURED,PRIMARY,true,true,41,Y - GLOBAL,NEWTONS,AS MEASURED,PRIMARY,true,true,42,Y - GLOBAL,NEWTONS,AS MEASURED,PRIMARY,true,true,17,G'S,AS MEASURED,PRIMARY,true,true,18,G'S,AS MEASURED,PRIMARY,true,true,19,G'S,AS MEASURED,PRIMARY,true
10006,2016-12-13,NEW CAR ASSESSMENT TEST,VEHICLE INTO POLE,75 DEGREE OBLIQUE RIGID POLE SIDE NCAP IMPACT,side,side,classified,,side_pole_load_cell_8,side_pole_load_cell_barrier,covered_with_mask,POLE,POLE,pole_barrier_unconditional,1,8,8,0,"[1, 8]",8,8,8,,,true,true,[],[],"{""missing_expected_channel_count"": 0, ""duplicate_channel_count"": 0, ""force_channel_count"": 8, ""moment_channel_count"": 0}",3,0,,true,false,true,27,false,true,35,X - GLOBAL,NEWTONS,AS MEASURED,PRIMARY,true,true,36,X - GLOBAL,NEWTONS,AS MEASURED,PRIMARY,true,true,37,X - GLOBAL,NEWTONS,AS MEASURED,PRIMARY,true,true,38,X - GLOBAL,NEWTONS,AS MEASURED,PRIMARY,true,true,39,X - GLOBAL,NEWTONS,AS MEASURED,PRIMARY,true,true,40,X - GLOBAL,NEWTONS,AS MEASURED,PRIMARY,true,true,41,X - GLOBAL,NEWTONS,AS MEASURED,PRIMARY,true,true,42,X - GLOBAL,NEWTONS,AS MEASURED,PRIMARY,true,true,17,G'S,CHANNEL FAILED,PRIMARY,false,true,18,G'S,CHANNEL FAILED,PRIMARY,false,true,19,G'S,CHANNEL FAILED,PRIMARY,false
10033,2017-01-10,NEW CAR ASSESSMENT TEST,VEHICLE INTO POLE,NEW CAR ASSESSMENT PROGRAM SIDE POLE BARRIER IMPACT TEST,side,side,classified,,side_pole_load_cell_8,side_pole_load_cell_barrier,covered_with_mask,POLE,POLE,pole_barrier_unconditional,1,8,8,0,"[1, 8]",8,8,8,,,true,true,[],[],"{""missing_expected_channel_count"": 0, ""duplicate_channel_count"": 0, ""force_channel_count"": 8, ""moment_channel_count"": 0}",3,0,,true,true,false,27,false,true,35,Y - GLOBAL,NEWTONS,AS MEASURED,PRIMARY,true,true,36,Y - GLOBAL,NEWTONS,AS MEASURED,PRIMARY,true,true,37,Y - GLOBAL,NEWTONS,AS MEASURED,PRIMARY,true,true,38,Y - GLOBAL,NEWTONS,AS MEASURED,PRIMARY,true,true,39,Y - GLOBAL,NEWTONS,AS MEASURED,PRIMARY,true,true,40,Y - GLOBAL,NEWTONS,AS MEASURED,PRIMARY,true,true,41,Y - GLOBAL,NEWTONS,AS MEASURED,PRIMARY,true,true,42,Y - GLOBAL,NEWTONS,AS MEASURED,PRIMARY,true,true,17,G'S,AS MEASURED,PRIMARY,true,true,18,G'S,AS MEASURED,PRIMARY,true,true,19,G'S,AS MEASURED,PRIMARY,true
10036,2017-01-18,NEW CAR ASSESSMENT TEST,VEHICLE INTO POLE,NEW CAR ASSESSMENT PROGRAM SIDE POLE BARRIER IMPACT TEST,side,side,classified,,side_pole_load_cell_8,side_pole_load_cell_barrier,covered_with_mask,POLE,POLE,pole_barrier_unconditional,1,8,8,0,"[1, 8]",8,8,8,,,true,false,[],[],"{""missing_expected_channel_count"": 0, ""duplicate_channel_count"": 0, ""force_channel_count"": 8, ""moment_channel_count"": 0}",3,0,,true,true,false,27,false,true,35,Y - GLOBAL,NEWTONS,COMPUTED,PRIMARY,false,true,36,Y - GLOBAL,NEWTONS,COMPUTED,PRIMARY,false,true,37,Y - GLOBAL,NEWTONS,COMPUTED,PRIMARY,false,true,38,Y - GLOBAL,NEWTONS,COMPUTED,PRIMARY,false,true,39,Y - GLOBAL,NEWTONS,COMPUTED,PRIMARY,false,true,40,Y - GLOBAL,NEWTONS,COMPUTED,PRIMARY,false,true,41,Y - GLOBAL,NEWTONS,COMPUTED,PRIMARY,false,true,42,Y - GLOBAL,NEWTONS,COMPUTED,PRIMARY,false,true,17,G'S,AS MEASURED,PRIMARY,true,true,18,G'S,AS MEASURED,PRIMARY,true,true,19,G'S,AS MEASURED,PRIMARY,true
10037,2017-01-18,OPTIONAL NEW CAR ASSESSMENT TEST,VEHICLE INTO POLE,NCAP SIDE IMPACT POLE BARRIER- 2017 SMART FORTWO 2-DOOR COUPE,side,side,classified,,side_pole_load_cell_8,side_pole_load_cell_barrier,covered_with_mask,POLE,POLE,pole_barrier_unconditional,1,8,8,0,"[1, 8]",8,8,8,,,true,true,[],[],"{""missing_expected_channel_count"": 0, ""duplicate_channel_count"": 0, ""force_channel_count"": 8, ""moment_channel_count"": 0}",3,0,,true,true,false,27,false,true,35,Y - GLOBAL,NEWTONS,AS MEASURED,PRIMARY,true,true,36,Y - GLOBAL,NEWTONS,AS MEASURED,PRIMARY,true,true,37,Y - GLOBAL,NEWTONS,AS MEASURED,PRIMARY,true,true,38,Y - GLOBAL,NEWTONS,AS MEASURED,PRIMARY,true,true,39,Y - GLOBAL,NEWTONS,AS MEASURED,PRIMARY,true,true,40,Y - GLOBAL,NEWTONS,AS MEASURED,PRIMARY,true,true,41,Y - GLOBAL,NEWTONS,AS MEASURED,PRIMARY,true,true,42,Y - GLOBAL,NEWTONS,AS MEASURED,PRIMARY,true,true,17,G'S,AS MEASURED,PRIMARY,true,true,18,G'S,AS MEASURED,PRIMARY,true,true,19,G'S,AS MEASURED,PRIMARY,true
10044,2017-02-02,NEW CAR ASSESSMENT TEST,VEHICLE INTO POLE,75 DEGREE OBLIQUE RIGID POLE SIDE NCAP IMPACT,side,side,classified,,side_pole_load_cell_8,side_pole_load_cell_barrier,covered_with_mask,POLE,POLE,pole_barrier_unconditional,1,8,8,0,"[1, 8]",8,8,8,,,true,true,[],[],"{""missing_expected_channel_count"": 0, ""duplicate_channel_count"": 0, ""force_channel_count"": 8, ""moment_channel_count"": 0}",3,0,,true,true,false,27,false,true,35,X - GLOBAL,NEWTONS,AS MEASURED,PRIMARY,true,true,36,X - GLOBAL,NEWTONS,AS MEASURED,PRIMARY,true,true,37,X - GLOBAL,NEWTONS,AS MEASURED,PRIMARY,true,true,38,X - GLOBAL,NEWTONS,AS MEASURED,PRIMARY,true,true,39,X - GLOBAL,NEWTONS,AS MEASURED,PRIMARY,true,true,40,X - GLOBAL,NEWTONS,AS MEASURED,PRIMARY,true,true,41,X - GLOBAL,NEWTONS,AS MEASURED,PRIMARY,true,true,42,X - GLOBAL,NEWTONS,AS MEASURED,PRIMARY,true,true,17,G'S,AS MEASURED,PRIMARY,true,true,18,G'S,AS MEASURED,PRIMARY,true,true,19,G'S,AS MEASURED,PRIMARY,true
10047,2017-02-06,NEW CAR ASSESSMENT TEST,VEHICLE INTO POLE,NEW CAR ASSESSMENT PROGRAM SIDE POLE BARRIER IMPACT TEST,side,side,classified,,side_pole_load_cell_8,side_pole_load_cell_barrier,covered_with_mask,POLE,POLE,pole_barrier_unconditional,1,8,8,0,"[1, 8]",8,8,8,,,true,true,[],[],"{""missing_expected_channel_count"": 0, ""duplicate_channel_count"": 0, ""force_channel_count"": 8, ""moment_channel_count"": 0}",3,0,,true,true,false,27,false,true,35,Y - GLOBAL,NEWTONS,AS MEASURED,PRIMARY,true,true,36,Y - GLOBAL,NEWTONS,AS MEASURED,PRIMARY,true,true,37,Y - GLOBAL,NEWTONS,AS MEASURED,PRIMARY,true,true,38,Y - GLOBAL,NEWTONS,AS MEASURED,PRIMARY,true,true,39,Y - GLOBAL,NEWTONS,AS MEASURED,PRIMARY,true,true,40,Y - GLOBAL,NEWTONS,AS MEASURED,PRIMARY,true,true,41,Y - GLOBAL,NEWTONS,AS MEASURED,PRIMARY,true,true,42,Y - GLOBAL,NEWTONS,AS MEASURED,PRIMARY,true,true,17,G'S,AS MEASURED,PRIMARY,true,true,18,G'S,AS MEASURED,PRIMARY,true,true,19,G'S,AS MEASURED,PRIMARY,true
10051,2016-09-28,VALIDATION NEW CAR ASSESSMENT TEST,VEHICLE INTO POLE,2016 TOYOTA PRIUS LEFT SIDE FMVSS POLE IMPACT AT 32 KPH,side,side,classified,,side_pole_load_cell_8,side_pole_load_cell_barrier,covered_with_mask,POLE,POLE,pole_barrier_unconditional,1,8,8,0,"[1, 8]",8,8,8,,,true,true,[],[],"{""missing_expected_channel_count"": 0, ""duplicate_channel_count"": 0, ""force_channel_count"": 8, ""moment_channel_count"": 0}",3,0,,true,false,true,38,false,true,138,X - GLOBAL,NEWTONS,AS MEASURED,PRIMARY,true,true,139,X - GLOBAL,NEWTONS,AS MEASURED,PRIMARY,true,true,140,X - GLOBAL,NEWTONS,AS MEASURED,PRIMARY,true,true,141,X - GLOBAL,NEWTONS,AS MEASURED,PRIMARY,true,true,142,X - GLOBAL,NEWTONS,AS MEASURED,PRIMARY,true,true,143,X - GLOBAL,NEWTONS,AS MEASURED,PRIMARY,true,true,144,X - GLOBAL,NEWTONS,AS MEASURED,PRIMARY,true,true,145,X - GLOBAL,NEWTONS,AS MEASURED,PRIMARY,true,true,111,G'S,AS MEASURED,PRIMARY,true,true,112,G'S,AS MEASURED,PRIMARY,true,true,113,G'S,QUESTIONABLE DATA,PRIMARY,false
10052,2016-10-10,VALIDATION NEW CAR ASSESSMENT TEST,VEHICLE INTO POLE,2016 JEEP PATRIOT LEFT SIDE POLE IMPACT AT 32 KPH,side,side,classified,,side_pole_load_cell_8,side_pole_load_cell_barrier,covered_with_mask,POLE,POLE,pole_barrier_unconditional,1,8,8,0,"[1, 8]",8,8,8,,,true,true,[],[],"{""missing_expected_channel_count"": 0, ""duplicate_channel_count"": 0, ""force_channel_count"": 8, ""moment_channel_count"": 0}",3,0,,true,false,true,38,false,true,138,X - GLOBAL,NEWTONS,AS MEASURED,PRIMARY,true,true,139,X - GLOBAL,NEWTONS,AS MEASURED,PRIMARY,true,true,140,X - GLOBAL,NEWTONS,AS MEASURED,PRIMARY,true,true,141,X - GLOBAL,NEWTONS,AS MEASURED,PRIMARY,true,true,142,X - GLOBAL,NEWTONS,AS MEASURED,PRIMARY,true,true,143,X - GLOBAL,NEWTONS,AS MEASURED,PRIMARY,true,true,144,X - GLOBAL,NEWTONS,AS MEASURED,PRIMARY,true,true,145,X - GLOBAL,NEWTONS,AS MEASURED,PRIMARY,true,true,111,G'S,QUESTIONABLE DATA,PRIMARY,false,true,112,G'S,AS MEASURED,PRIMARY,true,true,113,G'S,AS MEASURED,PRIMARY,true
10053,2016-10-28,VALIDATION NEW CAR ASSESSMENT TEST,VEHICLE INTO POLE,2016 FORD EXPEDITION LEFT SIDE POLE IMPACT AT 32 KPH,side,side,classified,,side_pole_load_cell_8,side_pole_load_cell_barrier,covered_with_mask,POLE,POLE,pole_barrier_unconditional,1,8,8,0,"[1, 8]",8,8,8,,,true,true,[],[],"{""missing_expected_channel_count"": 0, ""duplicate_channel_count"": 0, ""force_channel_count"": 8, ""moment_channel_count"": 0}",3,0,,true,false,true,38,false,true,138,X - GLOBAL,NEWTONS,AS MEASURED,PRIMARY,true,true,139,X - GLOBAL,NEWTONS,AS MEASURED,PRIMARY,true,true,140,X - GLOBAL,NEWTONS,AS MEASURED,PRIMARY,true,true,141,X - GLOBAL,NEWTONS,AS MEASURED,PRIMARY,true,true,142,X - GLOBAL,NEWTONS,AS MEASURED,PRIMARY,true,true,143,X - GLOBAL,NEWTONS,AS MEASURED,PRIMARY,true,true,144,X - GLOBAL,NEWTONS,AS MEASURED,PRIMARY,true,true,145,X - GLOBAL,NEWTONS,AS MEASURED,PRIMARY,true,true,111,G'S,AS MEASURED,PRIMARY,true,true,112,G'S,AS MEASURED,PRIMARY,true,true,113,G'S,QUESTIONABLE DATA,PRIMARY,false
10059,2017-02-23,OPTIONAL NEW CAR ASSESSMENT TEST,VEHICLE INTO POLE,NEW CAR ASSESSMENT PROGRAM SIDE POLE BARRIER IMPACT TEST,side,side,classified,,side_pole_load_cell_8,side_pole_load_cell_barrier,covered_with_mask,POLE,POLE,pole_barrier_unconditional,1,8,8,0,"[1, 8]",8,8,8,,,true,true,[],[],"{""missing_expected_channel_count"": 0, ""duplicate_channel_count"": 0, ""force_channel_count"": 8, ""moment_channel_count"": 0}",3,0,,true,true,false,27,false,true,35,Y - GLOBAL,NEWTONS,AS MEASURED,PRIMARY,true,true,36,Y - GLOBAL,NEWTONS,AS MEASURED,PRIMARY,true,true,37,Y - GLOBAL,NEWTONS,AS MEASURED,PRIMARY,true,true,38,Y - GLOBAL,NEWTONS,AS MEASURED,PRIMARY,true,true,39,Y - GLOBAL,NEWTONS,AS MEASURED,PRIMARY,true,true,40,Y - GLOBAL,NEWTONS,AS MEASURED,PRIMARY,true,true,41,Y - GLOBAL,NEWTONS,AS MEASURED,PRIMARY,true,true,42,Y - GLOBAL,NEWTONS,AS MEASURED,PRIMARY,true,true,17,G'S,AS MEASURED,PRIMARY,true,true,18,G'S,AS MEASURED,PRIMARY,true,true,19,G'S,AS MEASURED,PRIMARY,true
10061,2017-02-28,OPTIONAL NEW CAR ASSESSMENT TEST,VEHICLE INTO POLE,OPTIONAL NCAP SIDE POLE - 2017 HONDA CR-V LX 5-DOOR SUV,side,side,classified,,side_pole_load_cell_8,side_pole_load_cell_barrier,covered_with_mask,POLE,POLE,pole_barrier_unconditional,1,8,8,0,"[1, 8]",8,8,8,,,true,false,[],[],"{""missing_expected_channel_count"": 0, ""duplicate_channel_count"": 0, ""force_channel_count"": 8, ""moment_channel_count"": 0}",3,0,,true,false,true,27,false,true,35,Y - GLOBAL,NEWTONS,AS MEASURED,PRIMARY,true,true,36,Y - GLOBAL,NEWTONS,AS MEASURED,PRIMARY,true,true,37,Y - GLOBAL,NEWTONS,AS MEASURED,PRIMARY,true,true,38,Y - GLOBAL,NEWTONS,AS MEASURED,PRIMARY,true,true,39,Y - GLOBAL,NEWTONS,AS MEASURED,PRIMARY,true,true,40,Y - GLOBAL,NEWTONS,AS MEASURED,PRIMARY,true,true,41,Y - GLOBAL,NEWTONS,AS MEASURED,PRIMARY,true,true,42,Y - GLOBAL,NEWTONS,CHANNEL FAILED,PRIMARY,false,true,17,G'S,QUESTIONABLE DATA,PRIMARY,false,true,18,G'S,QUESTIONABLE DATA,PRIMARY,false,true,19,G'S,QUESTIONABLE DATA,PRIMARY,false
10067,2017-03-30,NEW CAR ASSESSMENT TEST,VEHICLE INTO POLE,75 DEGREE OBLIQUE RIGID POLE SIDE NCAP IMPACT,side,side,classified,,side_pole_load_cell_8,side_pole_load_cell_barrier,covered_with_mask,POLE,POLE,pole_barrier_unconditional,1,8,8,0,"[1, 8]",8,8,8,,,true,true,[],[],"{""missing_expected_channel_count"": 0, ""duplicate_channel_count"": 0, ""force_channel_count"": 8, ""moment_channel_count"": 0}",3,0,,true,true,false,27,false,true,35,X - GLOBAL,NEWTONS,AS MEASURED,PRIMARY,true,true,36,X - GLOBAL,NEWTONS,AS MEASURED,PRIMARY,true,true,37,X - GLOBAL,NEWTONS,AS MEASURED,PRIMARY,true,true,38,X - GLOBAL,NEWTONS,AS MEASURED,PRIMARY,true,true,39,X - GLOBAL,NEWTONS,AS MEASURED,PRIMARY,true,true,40,X - GLOBAL,NEWTONS,AS MEASURED,PRIMARY,true,true,41,X - GLOBAL,NEWTONS,AS MEASURED,PRIMARY,true,true,42,X - GLOBAL,NEWTONS,AS MEASURED,PRIMARY,true,true,17,G'S,AS MEASURED,PRIMARY,true,true,18,G'S,AS MEASURED,PRIMARY,true,true,19,G'S,AS MEASURED,PRIMARY,true
10070,2017-04-25,OPTIONAL NEW CAR ASSESSMENT TEST,VEHICLE INTO POLE,OPTIONAL NCAP SIDE POLE - 2017 HYUNDAI ELANTRA SE 4-DOOR SEDAN,side,side,classified,,side_pole_load_cell_8,side_pole_load_cell_barrier,covered_with_mask,POLE,POLE,pole_barrier_unconditional,1,8,8,0,"[1, 8]",8,8,8,,,true,false,[],[],"{""missing_expected_channel_count"": 0, ""duplicate_channel_count"": 0, ""force_channel_count"": 8, ""moment_channel_count"": 0}",3,0,,true,true,false,27,false,true,35,Y - GLOBAL,NEWTONS,CHANNEL FAILED,PRIMARY,false,true,36,Y - GLOBAL,NEWTONS,CHANNEL FAILED,PRIMARY,false,true,37,Y - GLOBAL,NEWTONS,CHANNEL FAILED,PRIMARY,false,true,38,Y - GLOBAL,NEWTONS,CHANNEL FAILED,PRIMARY,false,true,39,Y - GLOBAL,NEWTONS,CHANNEL FAILED,PRIMARY,false,true,40,Y - GLOBAL,NEWTONS,CHANNEL FAILED,PRIMARY,false,true,41,Y - GLOBAL,NEWTONS,CHANNEL FAILED,PRIMARY,false,true,42,Y - GLOBAL,NEWTONS,CHANNEL FAILED,PRIMARY,false,true,17,G'S,AS MEASURED,PRIMARY,true,true,18,G'S,AS MEASURED,PRIMARY,true,true,19,G'S,AS MEASURED,PRIMARY,true
10073,2017-05-08,NEW CAR ASSESSMENT TEST,VEHICLE INTO POLE,NEW CAR ASSESSMENT PROGRAM SIDE POLE BARRIER IMPACT TEST,side,side,classified,,side_pole_load_cell_8,side_pole_load_cell_barrier,covered_with_mask,POLE,POLE,pole_barrier_unconditional,1,8,8,0,"[1, 8]",8,8,8,,,true,true,[],[],"{""missing_expected_channel_count"": 0, ""duplicate_channel_count"": 0, ""force_channel_count"": 8, ""moment_channel_count"": 0}",3,0,,true,true,false,27,false,true,35,Y - GLOBAL,NEWTONS,AS MEASURED,PRIMARY,true,true,36,Y - GLOBAL,NEWTONS,AS MEASURED,PRIMARY,true,true,37,Y - GLOBAL,NEWTONS,AS MEASURED,PRIMARY,true,true,38,Y - GLOBAL,NEWTONS,AS MEASURED,PRIMARY,true,true,39,Y - GLOBAL,NEWTONS,AS MEASURED,PRIMARY,true,true,40,Y - GLOBAL,NEWTONS,AS MEASURED,PRIMARY,true,true,41,Y - GLOBAL,NEWTONS,AS MEASURED,PRIMARY,true,true,42,Y - GLOBAL,NEWTONS,AS MEASURED,PRIMARY,true,true,17,G'S,AS MEASURED,PRIMARY,true,true,18,G'S,AS MEASURED,PRIMARY,true,true,19,G'S,AS MEASURED,PRIMARY,true
10084,2017-05-25,OPTIONAL NEW CAR ASSESSMENT TEST,VEHICLE INTO POLE,NCAP SIDE IMPACT POLE BARRIER- 2017 TESLA MODEL X 75D 5-DOOR MPV,side,side,classified,,side_pole_load_cell_8,side_pole_load_cell_barrier,covered_with_mask,POLE,POLE,pole_barrier_unconditional,1,8,8,0,"[1, 8]",8,8,8,,,true,false,[],[],"{""missing_expected_channel_count"": 0, ""duplicate_channel_count"": 0, ""force_channel_count"": 8, ""moment_channel_count"": 0}",3,0,,true,true,false,27,false,true,35,Y - GLOBAL,NEWTONS,CHANNEL FAILED,PRIMARY,false,true,36,Y - GLOBAL,NEWTONS,AS MEASURED,PRIMARY,true,true,37,Y - GLOBAL,NEWTONS,AS MEASURED,PRIMARY,true,true,38,Y - GLOBAL,NEWTONS,AS MEASURED,PRIMARY,true,true,39,Y - GLOBAL,NEWTONS,AS MEASURED,PRIMARY,true,true,40,Y - GLOBAL,NEWTONS,AS MEASURED,PRIMARY,true,true,41,Y - GLOBAL,NEWTONS,AS MEASURED,PRIMARY,true,true,42,Y - GLOBAL,NEWTONS,AS MEASURED,PRIMARY,true,true,17,G'S,AS MEASURED,PRIMARY,true,true,18,G'S,AS MEASURED,PRIMARY,true,true,19,G'S,AS MEASURED,PRIMARY,true
10093,2017-06-15,OPTIONAL NEW CAR ASSESSMENT TEST,VEHICLE INTO POLE,OPTIONAL NCAP SIDE POLE - 2017 LINCOLN CONTINENTAL PREMIERE 4-DR SEDAN,side,side,classified,,side_pole_load_cell_8,side_pole_load_cell_barrier,covered_with_mask,POLE,POLE,pole_barrier_unconditional,1,8,8,0,"[1, 8]",8,8,8,,,true,false,[],[],"{""missing_expected_channel_count"": 0, ""duplicate_channel_count"": 0, ""force_channel_count"": 8, ""moment_channel_count"": 0}",3,0,,true,true,false,27,false,true,35,Y - GLOBAL,NEWTONS,AS MEASURED,PRIMARY,true,true,36,Y - GLOBAL,NEWTONS,AS MEASURED,PRIMARY,true,true,37,Y - GLOBAL,NEWTONS,AS MEASURED,PRIMARY,true,true,38,Y - GLOBAL,NEWTONS,AS MEASURED,PRIMARY,true,true,39,Y - GLOBAL,NEWTONS,AS MEASURED,PRIMARY,true,true,40,Y - GLOBAL,NEWTONS,AS MEASURED,PRIMARY,true,true,41,Y - GLOBAL,NEWTONS,AS MEASURED,PRIMARY,true,true,42,Y - GLOBAL,NEWTONS,CHANNEL FAILED,PRIMARY,false,true,17,G'S,AS MEASURED,PRIMARY,true,true,18,G'S,AS MEASURED,PRIMARY,true,true,19,G'S,AS MEASURED,PRIMARY,true
10130,2017-08-09,OPTIONAL NEW CAR ASSESSMENT TEST,VEHICLE INTO POLE,OPTIONAL NCAP SIDE POLE - 2018 HONDA ODYSSEY EX MINIVAN,side,side,classified,,side_pole_load_cell_8,side_pole_load_cell_barrier,covered_with_mask,POLE,POLE,pole_barrier_unconditional,1,8,8,0,"[1, 8]",8,8,8,,,true,false,[],[],"{""missing_expected_channel_count"": 0, ""duplicate_channel_count"": 0, ""force_channel_count"": 8, ""moment_channel_count"": 0}",3,0,,true,true,false,27,false,true,35,Y - GLOBAL,NEWTONS,AS MEASURED,PRIMARY,true,true,36,Y - GLOBAL,NEWTONS,CHANNEL FAILED,PRIMARY,false,true,37,Y - GLOBAL,NEWTONS,AS MEASURED,PRIMARY,true,true,38,Y - GLOBAL,NEWTONS,AS MEASURED,PRIMARY,true,true,39,Y - GLOBAL,NEWTONS,AS MEASURED,PRIMARY,true,true,40,Y - GLOBAL,NEWTONS,AS MEASURED,PRIMARY,true,true,41,Y - GLOBAL,NEWTONS,QUESTIONABLE DATA,PRIMARY,false,true,42,Y - GLOBAL,NEWTONS,AS MEASURED,PRIMARY,true,true,17,G'S,AS MEASURED,PRIMARY,true,true,18,G'S,AS MEASURED,PRIMARY,true,true,19,G'S,AS MEASURED,PRIMARY,true
10135,2017-08-22,OPTIONAL NEW CAR ASSESSMENT TEST,VEHICLE INTO POLE,OPTIONAL NCAP SIDE POLE - 2018 VOLKSWAGEN ATLAS 5-DOOR SUV,side,side,classified,,side_pole_load_cell_8,side_pole_load_cell_barrier,covered_with_mask,POLE,POLE,pole_barrier_unconditional,1,8,8,0,"[1, 8]",8,8,8,,,true,false,[],[],"{""missing_expected_channel_count"": 0, ""duplicate_channel_count"": 0, ""force_channel_count"": 8, ""moment_channel_count"": 0}",3,0,,true,false,true,27,false,true,35,Y - GLOBAL,NEWTONS,AS MEASURED,PRIMARY,true,true,36,Y - GLOBAL,NEWTONS,AS MEASURED,PRIMARY,true,true,37,Y - GLOBAL,NEWTONS,AS MEASURED,PRIMARY,true,true,38,Y - GLOBAL,NEWTONS,AS MEASURED,PRIMARY,true,true,39,Y - GLOBAL,NEWTONS,AS MEASURED,PRIMARY,true,true,40,Y - GLOBAL,NEWTONS,AS MEASURED,PRIMARY,true,true,41,Y - GLOBAL,NEWTONS,CHANNEL FAILED,PRIMARY,false,true,42,Y - GLOBAL,NEWTONS,AS MEASURED,PRIMARY,true,true,17,G'S,AS MEASURED,PRIMARY,true,true,18,G'S,AS MEASURED,PRIMARY,true,true,19,G'S,CHANNEL FAILED,PRIMARY,false
10145,2017-10-02,NEW CAR ASSESSMENT TEST,VEHICLE INTO POLE,NCAP SIDE POLE 2018 TOYOTA CAMRY HYBRID LE 4-DOOR SEDAN,side,side,classified,,side_pole_load_cell_8,side_pole_load_cell_barrier,covered_with_mask,POLE,POLE,pole_barrier_unconditional,1,8,8,0,"[1, 8]",8,8,8,,,true,false,[],[],"{""missing_expected_channel_count"": 0, ""duplicate_channel_count"": 0, ""force_channel_count"": 8, ""moment_channel_count"": 0}",3,0,,true,false,true,27,false,true,35,Y - GLOBAL,NEWTONS,CHANNEL FAILED,PRIMARY,false,true,36,Y - GLOBAL,NEWTONS,CHANNEL FAILED,PRIMARY,false,true,37,Y - GLOBAL,NEWTONS,AS MEASURED,PRIMARY,true,true,38,Y - GLOBAL,NEWTONS,AS MEASURED,PRIMARY,true,true,39,Y - GLOBAL,NEWTONS,AS MEASURED,PRIMARY,true,true,40,Y - GLOBAL,NEWTONS,AS MEASURED,PRIMARY,true,true,41,Y - GLOBAL,NEWTONS,CHANNEL FAILED,PRIMARY,false,true,42,Y - GLOBAL,NEWTONS,AS MEASURED,PRIMARY,true,true,17,G'S,QUESTIONABLE DATA,PRIMARY,false,true,18,G'S,QUESTIONABLE DATA,PRIMARY,false,true,19,G'S,QUESTIONABLE DATA,PRIMARY,false
10147,2017-10-04,NEW CAR ASSESSMENT TEST,VEHICLE INTO POLE,75 DEGREE OBLIQUE RIGID POLE SIDE NCAP IMPACT,side,side,classified,,side_pole_load_cell_8,side_pole_load_cell_barrier,covered_with_mask,POLE,POLE,pole_barrier_unconditional,1,8,8,0,"[1, 8]",8,8,8,,,true,false,[],[],"{""missing_expected_channel_count"": 0, ""duplicate_channel_count"": 0, ""force_channel_count"": 8, ""moment_channel_count"": 0}",3,0,,true,true,false,27,false,true,35,X - GLOBAL,NEWTONS,COMPUTED,PRIMARY,false,true,36,X - GLOBAL,NEWTONS,COMPUTED,PRIMARY,false,true,37,X - GLOBAL,NEWTONS,COMPUTED,PRIMARY,false,true,38,X - GLOBAL,NEWTONS,COMPUTED,PRIMARY,false,true,39,X - GLOBAL,NEWTONS,COMPUTED,PRIMARY,false,true,40,X - GLOBAL,NEWTONS,COMPUTED,PRIMARY,false,true,41,X - GLOBAL,NEWTONS,COMPUTED,PRIMARY,false,true,42,X - GLOBAL,NEWTONS,COMPUTED,PRIMARY,false,true,17,G'S,AS MEASURED,PRIMARY,true,true,18,G'S,AS MEASURED,PRIMARY,true,true,19,G'S,AS MEASURED,PRIMARY,true
10152,2017-10-10,NEW CAR ASSESSMENT TEST,VEHICLE INTO POLE,NCAP SIDE POLE - 2018 TOYOTA C-HR XLE 5-DOOR HATCHBACK,side,side,classified,,side_pole_load_cell_8,side_pole_load_cell_barrier,covered_with_mask,POLE,POLE,pole_barrier_unconditional,1,8,8,0,"[1, 8]",8,8,8,,,true,true,[],[],"{""missing_expected_channel_count"": 0, ""duplicate_channel_count"": 0, ""force_channel_count"": 8, ""moment_channel_count"": 0}",3,0,,true,true,false,27,false,true,35,Y - GLOBAL,NEWTONS,AS MEASURED,PRIMARY,true,true,36,Y - GLOBAL,NEWTONS,AS MEASURED,PRIMARY,true,true,37,Y - GLOBAL,NEWTONS,AS MEASURED,PRIMARY,true,true,38,Y - GLOBAL,NEWTONS,AS MEASURED,PRIMARY,true,true,39,Y - GLOBAL,NEWTONS,AS MEASURED,PRIMARY,true,true,40,Y - GLOBAL,NEWTONS,AS MEASURED,PRIMARY,true,true,41,Y - GLOBAL,NEWTONS,AS MEASURED,PRIMARY,true,true,42,Y - GLOBAL,NEWTONS,AS MEASURED,PRIMARY,true,true,17,G'S,AS MEASURED,PRIMARY,true,true,18,G'S,AS MEASURED,PRIMARY,true,true,19,G'S,AS MEASURED,PRIMARY,true
10155,2017-11-06,NEW CAR ASSESSMENT TEST,VEHICLE INTO POLE,NEW CAR ASSESSMENT PROGRAM SIDE POLE BARRIER IMPACT TEST,side,side,classified,,side_pole_load_cell_8,side_pole_load_cell_barrier,covered_with_mask,POLE,POLE,pole_barrier_unconditional,1,8,8,0,"[1, 8]",8,8,8,,,true,true,[],[],"{""missing_expected_channel_count"": 0, ""duplicate_channel_count"": 0, ""force_channel_count"": 8, ""moment_channel_count"": 0}",3,0,,true,true,false,27,false,true,35,Y - GLOBAL,NEWTONS,AS MEASURED,PRIMARY,true,true,36,Y - GLOBAL,NEWTONS,AS MEASURED,PRIMARY,true,true,37,Y - GLOBAL,NEWTONS,AS MEASURED,PRIMARY,true,true,38,Y - GLOBAL,NEWTONS,AS MEASURED,PRIMARY,true,true,39,Y - GLOBAL,NEWTONS,AS MEASURED,PRIMARY,true,true,40,Y - GLOBAL,NEWTONS,AS MEASURED,PRIMARY,true,true,41,Y - GLOBAL,NEWTONS,AS MEASURED,PRIMARY,true,true,42,Y - GLOBAL,NEWTONS,AS MEASURED,PRIMARY,true,true,17,G'S,AS MEASURED,PRIMARY,true,true,18,G'S,AS MEASURED,PRIMARY,true,true,19,G'S,AS MEASURED,PRIMARY,true
10158,2017-11-06,NEW CAR ASSESSMENT TEST,VEHICLE INTO POLE,NCAP SIDE IMPACT POLE BARRIER- 2018 JEEP COMPASS SPORT 5-DOOR MPV,side,side,classified,,side_pole_load_cell_8,side_pole_load_cell_barrier,covered_with_mask,POLE,POLE,pole_barrier_unconditional,1,8,8,0,"[1, 8]",8,8,8,,,true,true,[],[],"{""missing_expected_channel_count"": 0, ""duplicate_channel_count"": 0, ""force_channel_count"": 8, ""moment_channel_count"": 0}",3,0,,true,true,false,27,false,true,35,Y - GLOBAL,NEWTONS,AS MEASURED,PRIMARY,true,true,36,Y - GLOBAL,NEWTONS,AS MEASURED,PRIMARY,true,true,37,Y - GLOBAL,NEWTONS,AS MEASURED,PRIMARY,true,true,38,Y - GLOBAL,NEWTONS,AS MEASURED,PRIMARY,true,true,39,Y - GLOBAL,NEWTONS,AS MEASURED,PRIMARY,true,true,40,Y - GLOBAL,NEWTONS,AS MEASURED,PRIMARY,true,true,41,Y - GLOBAL,NEWTONS,AS MEASURED,PRIMARY,true,true,42,Y - GLOBAL,NEWTONS,AS MEASURED,PRIMARY,true,true,17,G'S,AS MEASURED,PRIMARY,true,true,18,G'S,AS MEASURED,PRIMARY,true,true,19,G'S,AS MEASURED,PRIMARY,true
10161,2017-11-13,NEW CAR ASSESSMENT TEST,VEHICLE INTO POLE,NEW CAR ASSESSMENT PROGRAM SIDE POLE BARRIER IMPACT TEST,side,side,classified,,side_pole_load_cell_8,side_pole_load_cell_barrier,covered_with_mask,POLE,POLE,pole_barrier_unconditional,1,8,8,0,"[1, 8]",8,8,8,,,true,true,[],[],"{""missing_expected_channel_count"": 0, ""duplicate_channel_count"": 0, ""force_channel_count"": 8, ""moment_channel_count"": 0}",3,0,,true,false,true,27,false,true,35,Y - GLOBAL,NEWTONS,AS MEASURED,PRIMARY,true,true,36,Y - GLOBAL,NEWTONS,AS MEASURED,PRIMARY,true,true,37,Y - GLOBAL,NEWTONS,AS MEASURED,PRIMARY,true,true,38,Y - GLOBAL,NEWTONS,AS MEASURED,PRIMARY,true,true,39,Y - GLOBAL,NEWTONS,AS MEASURED,PRIMARY,true,true,40,Y - GLOBAL,NEWTONS,AS MEASURED,PRIMARY,true,true,41,Y - GLOBAL,NEWTONS,AS MEASURED,PRIMARY,true,true,42,Y - GLOBAL,NEWTONS,AS MEASURED,PRIMARY,true,true,17,G'S,AS MEASURED,PRIMARY,true,true,18,G'S,AS MEASURED,PRIMARY,true,true,19,G'S,QUESTIONABLE DATA,PRIMARY,false
10163,2017-11-15,NEW CAR ASSESSMENT TEST,VEHICLE INTO POLE,75 DEGREE OBLIQUE RIGID POLE SIDE NCAP IMPACT,side,side,classified,,side_pole_load_cell_8,side_pole_load_cell_barrier,covered_with_mask,POLE,POLE,pole_barrier_unconditional,1,8,8,0,"[1, 8]",8,8,8,,,true,true,[],[],"{""missing_expected_channel_count"": 0, ""duplicate_channel_count"": 0, ""force_channel_count"": 8, ""moment_channel_count"": 0}",3,0,,true,true,false,27,false,true,35,X - GLOBAL,NEWTONS,AS MEASURED,PRIMARY,true,true,36,X - GLOBAL,NEWTONS,AS MEASURED,PRIMARY,true,true,37,X - GLOBAL,NEWTONS,AS MEASURED,PRIMARY,true,true,38,X - GLOBAL,NEWTONS,AS MEASURED,PRIMARY,true,true,39,X - GLOBAL,NEWTONS,AS MEASURED,PRIMARY,true,true,40,X - GLOBAL,NEWTONS,AS MEASURED,PRIMARY,true,true,41,X - GLOBAL,NEWTONS,AS MEASURED,PRIMARY,true,true,42,X - GLOBAL,NEWTONS,AS MEASURED,PRIMARY,true,true,17,G'S,AS MEASURED,PRIMARY,true,true,18,G'S,AS MEASURED,PRIMARY,true,true,19,G'S,AS MEASURED,PRIMARY,true
10166,2017-11-17,NEW CAR ASSESSMENT TEST,VEHICLE INTO POLE,NCAP SIDE POLE - 2018 HYUNDAI SANTA FE SE 5-DOOR SUV,side,side,classified,,side_pole_load_cell_8,side_pole_load_cell_barrier,covered_with_mask,POLE,POLE,pole_barrier_unconditional,1,8,8,0,"[1, 8]",8,8,8,,,true,false,[],[],"{""missing_expected_channel_count"": 0, ""duplicate_channel_count"": 0, ""force_channel_count"": 8, ""moment_channel_count"": 0}",3,0,,true,true,false,27,false,true,35,Y - GLOBAL,NEWTONS,AS MEASURED,PRIMARY,true,true,36,Y - GLOBAL,NEWTONS,AS MEASURED,PRIMARY,true,true,37,Y - GLOBAL,NEWTONS,AS MEASURED,PRIMARY,true,true,38,Y - GLOBAL,NEWTONS,AS MEASURED,PRIMARY,true,true,39,Y - GLOBAL,NEWTONS,AS MEASURED,PRIMARY,true,true,40,Y - GLOBAL,NEWTONS,AS MEASURED,PRIMARY,true,true,41,Y - GLOBAL,NEWTONS,AS MEASURED,PRIMARY,true,true,42,Y - GLOBAL,NEWTONS,CHANNEL FAILED,PRIMARY,false,true,17,G'S,AS MEASURED,PRIMARY,true,true,18,G'S,AS MEASURED,PRIMARY,true,true,19,G'S,AS MEASURED,PRIMARY,true
10171,2017-11-29,NEW CAR ASSESSMENT TEST,VEHICLE INTO POLE,75 DEGREE OBLIQUE RIGID POLE SIDE NCAP IMPACT,side,side,classified,,side_pole_load_cell_8,side_pole_load_cell_barrier,covered_with_mask,POLE,POLE,pole_barrier_unconditional,1,8,8,0,"[1, 8]",8,8,8,,,true,true,[],[],"{""missing_expected_channel_count"": 0, ""duplicate_channel_count"": 0, ""force_channel_count"": 8, ""moment_channel_count"": 0}",3,0,,true,true,false,27,false,true,35,X - GLOBAL,NEWTONS,AS MEASURED,PRIMARY,true,true,36,X - GLOBAL,NEWTONS,AS MEASURED,PRIMARY,true,true,37,X - GLOBAL,NEWTONS,AS MEASURED,PRIMARY,true,true,38,X - GLOBAL,NEWTONS,AS MEASURED,PRIMARY,true,true,39,X - GLOBAL,NEWTONS,AS MEASURED,PRIMARY,true,true,40,X - GLOBAL,NEWTONS,AS MEASURED,PRIMARY,true,true,41,X - GLOBAL,NEWTONS,AS MEASURED,PRIMARY,true,true,42,X - GLOBAL,NEWTONS,AS MEASURED,PRIMARY,true,true,17,G'S,AS MEASURED,PRIMARY,true,true,18,G'S,AS MEASURED,PRIMARY,true,true,19,G'S,AS MEASURED,PRIMARY,true
10173,2017-11-29,NEW CAR ASSESSMENT TEST,VEHICLE INTO POLE,NCAP SIDE IMPACT POLE BARRIER- 2018 AUDI Q5 2.0T QUATTRO 5-DOOR MPV,side,side,classified,,side_pole_load_cell_8,side_pole_load_cell_barrier,covered_with_mask,POLE,POLE,pole_barrier_unconditional,1,8,8,0,"[1, 8]",8,8,8,,,true,true,[],[],"{""missing_expected_channel_count"": 0, ""duplicate_channel_count"": 0, ""force_channel_count"": 8, ""moment_channel_count"": 0}",3,0,,true,true,false,27,false,true,35,Y - GLOBAL,NEWTONS,AS MEASURED,PRIMARY,true,true,36,Y - GLOBAL,NEWTONS,AS MEASURED,PRIMARY,true,true,37,Y - GLOBAL,NEWTONS,AS MEASURED,PRIMARY,true,true,38,Y - GLOBAL,NEWTONS,AS MEASURED,PRIMARY,true,true,39,Y - GLOBAL,NEWTONS,AS MEASURED,PRIMARY,true,true,40,Y - GLOBAL,NEWTONS,AS MEASURED,PRIMARY,true,true,41,Y - GLOBAL,NEWTONS,AS MEASURED,PRIMARY,true,true,42,Y - GLOBAL,NEWTONS,AS MEASURED,PRIMARY,true,true,17,G'S,AS MEASURED,PRIMARY,true,true,18,G'S,AS MEASURED,PRIMARY,true,true,19,G'S,AS MEASURED,PRIMARY,true
10177,2017-12-01,NEW CAR ASSESSMENT TEST,VEHICLE INTO POLE,NCAP SIDE POLE - 2018 BMW X1 SDRIVE28I 5-DOOR SUV,side,side,classified,,side_pole_load_cell_8,side_pole_load_cell_barrier,covered_with_mask,POLE,POLE,pole_barrier_unconditional,1,8,8,0,"[1, 8]",8,8,8,,,true,false,[],[],"{""missing_expected_channel_count"": 0, ""duplicate_channel_count"": 0, ""force_channel_count"": 8, ""moment_channel_count"": 0}",3,0,,true,true,false,27,false,true,35,Y - GLOBAL,NEWTONS,CHANNEL FAILED,PRIMARY,false,true,36,Y - GLOBAL,NEWTONS,CHANNEL FAILED,PRIMARY,false,true,37,Y - GLOBAL,NEWTONS,CHANNEL FAILED,PRIMARY,false,true,38,Y - GLOBAL,NEWTONS,CHANNEL FAILED,PRIMARY,false,true,39,Y - GLOBAL,NEWTONS,CHANNEL FAILED,PRIMARY,false,true,40,Y - GLOBAL,NEWTONS,CHANNEL FAILED,PRIMARY,false,true,41,Y - GLOBAL,NEWTONS,CHANNEL FAILED,PRIMARY,false,true,42,Y - GLOBAL,NEWTONS,CHANNEL FAILED,PRIMARY,false,true,17,G'S,AS MEASURED,PRIMARY,true,true,18,G'S,AS MEASURED,PRIMARY,true,true,19,G'S,AS MEASURED,PRIMARY,true
10179,2017-12-06,NEW CAR ASSESSMENT TEST,VEHICLE INTO POLE,75 DEGREE OBLIQUE RIGID POLE SIDE NCAP IMPACT,side,side,classified,,side_pole_load_cell_8,side_pole_load_cell_barrier,covered_with_mask,POLE,POLE,pole_barrier_unconditional,1,8,8,0,"[1, 8]",8,8,8,,,true,true,[],[],"{""missing_expected_channel_count"": 0, ""duplicate_channel_count"": 0, ""force_channel_count"": 8, ""moment_channel_count"": 0}",3,0,,true,true,false,27,false,true,35,X - GLOBAL,NEWTONS,AS MEASURED,PRIMARY,true,true,36,X - GLOBAL,NEWTONS,AS MEASURED,PRIMARY,true,true,37,X - GLOBAL,NEWTONS,AS MEASURED,PRIMARY,true,true,38,X - GLOBAL,NEWTONS,AS MEASURED,PRIMARY,true,true,39,X - GLOBAL,NEWTONS,AS MEASURED,PRIMARY,true,true,40,X - GLOBAL,NEWTONS,AS MEASURED,PRIMARY,true,true,41,X - GLOBAL,NEWTONS,AS MEASURED,PRIMARY,true,true,42,X - GLOBAL,NEWTONS,AS MEASURED,PRIMARY,true,true,17,G'S,AS MEASURED,PRIMARY,true,true,18,G'S,AS MEASURED,PRIMARY,true,true,19,G'S,AS MEASURED,PRIMARY,true
10182,2017-12-08,NEW CAR ASSESSMENT TEST,VEHICLE INTO POLE,NEW CAR ASSESSMENT PROGRAM SIDE POLE BARRIER IMPACT TEST,side,side,classified,,side_pole_load_cell_8,side_pole_load_cell_barrier,covered_with_mask,POLE,POLE,pole_barrier_unconditional,1,8,8,0,"[1, 8]",8,8,8,,,true,true,[],[],"{""missing_expected_channel_count"": 0, ""duplicate_channel_count"": 0, ""force_channel_count"": 8, ""moment_channel_count"": 0}",3,0,,true,true,false,27,false,true,35,Y - GLOBAL,NEWTONS,AS MEASURED,PRIMARY,true,true,36,Y - GLOBAL,NEWTONS,AS MEASURED,PRIMARY,true,true,37,Y - GLOBAL,NEWTONS,AS MEASURED,PRIMARY,true,true,38,Y - GLOBAL,NEWTONS,AS MEASURED,PRIMARY,true,true,39,Y - GLOBAL,NEWTONS,AS MEASURED,PRIMARY,true,true,40,Y - GLOBAL,NEWTONS,AS MEASURED,PRIMARY,true,true,41,Y - GLOBAL,NEWTONS,AS MEASURED,PRIMARY,true,true,42,Y - GLOBAL,NEWTONS,AS MEASURED,PRIMARY,true,true,17,G'S,AS MEASURED,PRIMARY,true,true,18,G'S,AS MEASURED,PRIMARY,true,true,19,G'S,AS MEASURED,PRIMARY,true
10184,2017-12-11,NEW CAR ASSESSMENT TEST,VEHICLE INTO POLE,NEW CAR ASSESSMENT PROGRAM SIDE POLE BARRIER IMPACT TEST,side,side,classified,,side_pole_load_cell_8,side_pole_load_cell_barrier,covered_with_mask,POLE,POLE,pole_barrier_unconditional,1,8,8,0,"[1, 8]",8,8,8,,,true,true,[],[],"{""missing_expected_channel_count"": 0, ""duplicate_channel_count"": 0, ""force_channel_count"": 8, ""moment_channel_count"": 0}",3,0,,true,true,false,27,false,true,35,Y - GLOBAL,NEWTONS,AS MEASURED,PRIMARY,true,true,36,Y - GLOBAL,NEWTONS,AS MEASURED,PRIMARY,true,true,37,Y - GLOBAL,NEWTONS,AS MEASURED,PRIMARY,true,true,38,Y - GLOBAL,NEWTONS,AS MEASURED,PRIMARY,true,true,39,Y - GLOBAL,NEWTONS,AS MEASURED,PRIMARY,true,true,40,Y - GLOBAL,NEWTONS,AS MEASURED,PRIMARY,true,true,41,Y - GLOBAL,NEWTONS,AS MEASURED,PRIMARY,true,true,42,Y - GLOBAL,NEWTONS,AS MEASURED,PRIMARY,true,true,17,G'S,AS MEASURED,PRIMARY,true,true,18,G'S,AS MEASURED,PRIMARY,true,true,19,G'S,AS MEASURED,PRIMARY,true
10188,2017-12-15,NEW CAR ASSESSMENT TEST,VEHICLE INTO POLE,75 DEGREE OBLIQUE RIGID POLE SIDE NCAP IMPACT,side,side,classified,,side_pole_load_cell_8,side_pole_load_cell_barrier,covered_with_mask,POLE,POLE,pole_barrier_unconditional,1,8,8,0,"[1, 8]",8,8,8,,,true,true,[],[],"{""missing_expected_channel_count"": 0, ""duplicate_channel_count"": 0, ""force_channel_count"": 8, ""moment_channel_count"": 0}",3,0,,true,true,false,27,false,true,35,X - GLOBAL,NEWTONS,AS MEASURED,PRIMARY,true,true,36,X - GLOBAL,NEWTONS,AS MEASURED,PRIMARY,true,true,37,X - GLOBAL,NEWTONS,AS MEASURED,PRIMARY,true,true,38,X - GLOBAL,NEWTONS,AS MEASURED,PRIMARY,true,true,39,X - GLOBAL,NEWTONS,AS MEASURED,PRIMARY,true,true,40,X - GLOBAL,NEWTONS,AS MEASURED,PRIMARY,true,true,41,X - GLOBAL,NEWTONS,AS MEASURED,PRIMARY,true,true,42,X - GLOBAL,NEWTONS,AS MEASURED,PRIMARY,true,true,17,G'S,AS MEASURED,PRIMARY,true,true,18,G'S,AS MEASURED,PRIMARY,true,true,19,G'S,AS MEASURED,PRIMARY,true
10192,2017-12-15,NEW CAR ASSESSMENT TEST,VEHICLE INTO POLE,NCAP SIDE POLE - 2018 HONDA ACCORD 1.5T LX 4-DOOR SEDAN,side,side,classified,,side_pole_load_cell_8,side_pole_load_cell_barrier,covered_with_mask,POLE,POLE,pole_barrier_unconditional,1,8,8,0,"[1, 8]",8,8,8,,,true,false,[],[],"{""missing_expected_channel_count"": 0, ""duplicate_channel_count"": 0, ""force_channel_count"": 8, ""moment_channel_count"": 0}",3,0,,true,true,false,27,false,true,35,Y - GLOBAL,NEWTONS,AS MEASURED,PRIMARY,true,true,36,Y - GLOBAL,NEWTONS,AS MEASURED,PRIMARY,true,true,37,Y - GLOBAL,NEWTONS,AS MEASURED,PRIMARY,true,true,38,Y - GLOBAL,NEWTONS,AS MEASURED,PRIMARY,true,true,39,Y - GLOBAL,NEWTONS,AS MEASURED,PRIMARY,true,true,40,Y - GLOBAL,NEWTONS,AS MEASURED,PRIMARY,true,true,41,Y - GLOBAL,NEWTONS,AS MEASURED,PRIMARY,true,true,42,Y - GLOBAL,NEWTONS,CHANNEL FAILED,PRIMARY,false,true,17,G'S,AS MEASURED,PRIMARY,true,true,18,G'S,AS MEASURED,PRIMARY,true,true,19,G'S,AS MEASURED,PRIMARY,true
10194,2017-12-14,NEW CAR ASSESSMENT TEST,VEHICLE INTO POLE,NCAP SIDE IMPACT POLE BARRIER- 2018 MERCEDES-BENZ GLC 300 5-DOOR MPV,side,side,classified,,side_pole_load_cell_8,side_pole_load_cell_barrier,covered_with_mask,POLE,POLE,pole_barrier_unconditional,1,8,8,0,"[1, 8]",8,8,8,,,true,false,[],[],"{""missing_expected_channel_count"": 0, ""duplicate_channel_count"": 0, ""force_channel_count"": 8, ""moment_channel_count"": 0}",3,0,,true,true,false,27,false,true,35,Y - GLOBAL,NEWTONS,AS MEASURED,PRIMARY,true,true,36,Y - GLOBAL,NEWTONS,AS MEASURED,PRIMARY,true,true,37,Y - GLOBAL,NEWTONS,AS MEASURED,PRIMARY,true,true,38,Y - GLOBAL,NEWTONS,AS MEASURED,PRIMARY,true,true,39,Y - GLOBAL,NEWTONS,AS MEASURED,PRIMARY,true,true,40,Y - GLOBAL,NEWTONS,AS MEASURED,PRIMARY,true,true,41,Y - GLOBAL,NEWTONS,AS MEASURED,PRIMARY,true,true,42,Y - GLOBAL,NEWTONS,COMPUTED,PRIMARY,false,true,17,G'S,AS MEASURED,PRIMARY,true,true,18,G'S,AS MEASURED,PRIMARY,true,true,19,G'S,AS MEASURED,PRIMARY,true
10314,2018-04-26,NEW CAR ASSESSMENT TEST,VEHICLE INTO POLE,75 DEGREE OBLIQUE RIGID POLE SIDE NCAP IMPACT,side,side,classified,,side_pole_load_cell_8,side_pole_load_cell_barrier,covered_with_mask,POLE,POLE,pole_barrier_unconditional,1,8,8,0,"[1, 8]",8,8,8,,,true,true,[],[],"{""missing_expected_channel_count"": 0, ""duplicate_channel_count"": 0, ""force_channel_count"": 8, ""moment_channel_count"": 0}",3,0,,true,true,false,27,false,true,35,X - GLOBAL,NEWTONS,AS MEASURED,PRIMARY,true,true,36,X - GLOBAL,NEWTONS,AS MEASURED,PRIMARY,true,true,37,X - GLOBAL,NEWTONS,AS MEASURED,PRIMARY,true,true,38,X - GLOBAL,NEWTONS,AS MEASURED,PRIMARY,true,true,39,X - GLOBAL,NEWTONS,AS MEASURED,PRIMARY,true,true,40,X - GLOBAL,NEWTONS,AS MEASURED,PRIMARY,true,true,41,X - GLOBAL,NEWTONS,AS MEASURED,PRIMARY,true,true,42,X - GLOBAL,NEWTONS,AS MEASURED,PRIMARY,true,true,17,G'S,AS MEASURED,PRIMARY,true,true,18,G'S,AS MEASURED,PRIMARY,true,true,19,G'S,AS MEASURED,PRIMARY,true
10318,2018-04-27,NEW CAR ASSESSMENT TEST,VEHICLE INTO POLE,NCAP SIDE POLE - 2018 CHEVROLET BOLT EV LT 5-DOOR HATCHBACK,side,side,classified,,side_pole_load_cell_8,side_pole_load_cell_barrier,covered_with_mask,POLE,POLE,pole_barrier_unconditional,1,8,8,0,"[1, 8]",8,8,8,,,true,false,[],[],"{""missing_expected_channel_count"": 0, ""duplicate_channel_count"": 0, ""force_channel_count"": 8, ""moment_channel_count"": 0}",3,0,,true,true,false,27,false,true,35,Y - GLOBAL,NEWTONS,AS MEASURED,PRIMARY,true,true,36,Y - GLOBAL,NEWTONS,AS MEASURED,PRIMARY,true,true,37,Y - GLOBAL,NEWTONS,AS MEASURED,PRIMARY,true,true,38,Y - GLOBAL,NEWTONS,AS MEASURED,PRIMARY,true,true,39,Y - GLOBAL,NEWTONS,AS MEASURED,PRIMARY,true,true,40,Y - GLOBAL,NEWTONS,AS MEASURED,PRIMARY,true,true,41,Y - GLOBAL,NEWTONS,AS MEASURED,PRIMARY,true,true,42,Y - GLOBAL,NEWTONS,QUESTIONABLE DATA,PRIMARY,false,true,17,G'S,AS MEASURED,PRIMARY,true,true,18,G'S,AS MEASURED,PRIMARY,true,true,19,G'S,AS MEASURED,PRIMARY,true
10322,2018-05-10,NEW CAR ASSESSMENT TEST,VEHICLE INTO POLE,75 DEGREE OBLIQUE RIGID POLE SIDE NCAP IMPACT,side,side,classified,,side_pole_load_cell_8,side_pole_load_cell_barrier,covered_with_mask,POLE,POLE,pole_barrier_unconditional,1,8,8,0,"[1, 8]",8,8,8,,,true,true,[],[],"{""missing_expected_channel_count"": 0, ""duplicate_channel_count"": 0, ""force_channel_count"": 8, ""moment_channel_count"": 0}",3,0,,true,true,false,27,false,true,35,X - GLOBAL,NEWTONS,AS MEASURED,PRIMARY,true,true,36,X - GLOBAL,NEWTONS,AS MEASURED,PRIMARY,true,true,37,X - GLOBAL,NEWTONS,AS MEASURED,PRIMARY,true,true,38,X - GLOBAL,NEWTONS,AS MEASURED,PRIMARY,true,true,39,X - GLOBAL,NEWTONS,AS MEASURED,PRIMARY,true,true,40,X - GLOBAL,NEWTONS,AS MEASURED,PRIMARY,true,true,41,X - GLOBAL,NEWTONS,AS MEASURED,PRIMARY,true,true,42,X - GLOBAL,NEWTONS,AS MEASURED,PRIMARY,true,true,17,G'S,AS MEASURED,PRIMARY,true,true,18,G'S,AS MEASURED,PRIMARY,true,true,19,G'S,AS MEASURED,PRIMARY,true
10324,2018-05-10,NEW CAR ASSESSMENT TEST,VEHICLE INTO POLE,NEW CAR ASSESSMENT PROGRAM SIDE POLE BARRIER IMPACT TEST,side,side,classified,,side_pole_load_cell_8,side_pole_load_cell_barrier,covered_with_mask,POLE,POLE,pole_barrier_unconditional,1,8,8,0,"[1, 8]",8,8,8,,,true,true,[],[],"{""missing_expected_channel_count"": 0, ""duplicate_channel_count"": 0, ""force_channel_count"": 8, ""moment_channel_count"": 0}",3,0,,true,false,true,27,false,true,35,Y - GLOBAL,NEWTONS,AS MEASURED,PRIMARY,true,true,36,Y - GLOBAL,NEWTONS,AS MEASURED,PRIMARY,true,true,37,Y - GLOBAL,NEWTONS,AS MEASURED,PRIMARY,true,true,38,Y - GLOBAL,NEWTONS,AS MEASURED,PRIMARY,true,true,39,Y - GLOBAL,NEWTONS,AS MEASURED,PRIMARY,true,true,40,Y - GLOBAL,NEWTONS,AS MEASURED,PRIMARY,true,true,41,Y - GLOBAL,NEWTONS,AS MEASURED,PRIMARY,true,true,42,Y - GLOBAL,NEWTONS,AS MEASURED,PRIMARY,true,true,17,G'S,QUESTIONABLE DATA,PRIMARY,false,true,18,G'S,QUESTIONABLE DATA,PRIMARY,false,true,19,G'S,AS MEASURED,PRIMARY,true
10345,2018-05-17,NEW CAR ASSESSMENT TEST,VEHICLE INTO POLE,NEW CAR ASSESSMENT PROGRAM SIDE POLE BARRIER IMPACT TEST,side,side,classified,,side_pole_load_cell_8,side_pole_load_cell_barrier,covered_with_mask,POLE,POLE,pole_barrier_unconditional,1,8,8,0,"[1, 8]",8,8,8,,,true,true,[],[],"{""missing_expected_channel_count"": 0, ""duplicate_channel_count"": 0, ""force_channel_count"": 8, ""moment_channel_count"": 0}",3,0,,true,true,false,27,false,true,35,Y - GLOBAL,NEWTONS,AS MEASURED,PRIMARY,true,true,36,Y - GLOBAL,NEWTONS,AS MEASURED,PRIMARY,true,true,37,Y - GLOBAL,NEWTONS,AS MEASURED,PRIMARY,true,true,38,Y - GLOBAL,NEWTONS,AS MEASURED,PRIMARY,true,true,39,Y - GLOBAL,NEWTONS,AS MEASURED,PRIMARY,true,true,40,Y - GLOBAL,NEWTONS,AS MEASURED,PRIMARY,true,true,41,Y - GLOBAL,NEWTONS,AS MEASURED,PRIMARY,true,true,42,Y - GLOBAL,NEWTONS,AS MEASURED,PRIMARY,true,true,17,G'S,AS MEASURED,PRIMARY,true,true,18,G'S,AS MEASURED,PRIMARY,true,true,19,G'S,AS MEASURED,PRIMARY,true
10348,2018-05-18,OPTIONAL NEW CAR ASSESSMENT TEST,VEHICLE INTO POLE,OPTIONAL NCAP SIDE POLE - 2018 MAZDA CX-9 SPORT 5-DOOR SUV,side,side,classified,,side_pole_load_cell_8,side_pole_load_cell_barrier,covered_with_mask,POLE,POLE,pole_barrier_unconditional,1,8,8,0,"[1, 8]",8,8,8,,,true,false,[],[],"{""missing_expected_channel_count"": 0, ""duplicate_channel_count"": 0, ""force_channel_count"": 8, ""moment_channel_count"": 0}",3,0,,true,true,false,27,false,true,35,Y - GLOBAL,NEWTONS,AS MEASURED,PRIMARY,true,true,36,Y - GLOBAL,NEWTONS,AS MEASURED,PRIMARY,true,true,37,Y - GLOBAL,NEWTONS,AS MEASURED,PRIMARY,true,true,38,Y - GLOBAL,NEWTONS,AS MEASURED,PRIMARY,true,true,39,Y - GLOBAL,NEWTONS,AS MEASURED,PRIMARY,true,true,40,Y - GLOBAL,NEWTONS,AS MEASURED,PRIMARY,true,true,41,Y - GLOBAL,NEWTONS,AS MEASURED,PRIMARY,true,true,42,Y - GLOBAL,NEWTONS,CHANNEL FAILED,PRIMARY,false,true,17,G'S,AS MEASURED,PRIMARY,true,true,18,G'S,AS MEASURED,PRIMARY,true,true,19,G'S,AS MEASURED,PRIMARY,true
10352,2018-06-05,NEW CAR ASSESSMENT TEST,VEHICLE INTO POLE,NEW CAR ASSESSMENT PROGRAM SIDE POLE BARRIER IMPACT TEST,side,side,classified,,side_pole_load_cell_8,side_pole_load_cell_barrier,covered_with_mask,POLE,POLE,pole_barrier_unconditional,1,8,8,0,"[1, 8]",8,8,8,,,true,true,[],[],"{""missing_expected_channel_count"": 0, ""duplicate_channel_count"": 0, ""force_channel_count"": 8, ""moment_channel_count"": 0}",3,0,,true,true,false,27,false,true,35,Y - GLOBAL,NEWTONS,AS MEASURED,PRIMARY,true,true,36,Y - GLOBAL,NEWTONS,AS MEASURED,PRIMARY,true,true,37,Y - GLOBAL,NEWTONS,AS MEASURED,PRIMARY,true,true,38,Y - GLOBAL,NEWTONS,AS MEASURED,PRIMARY,true,true,39,Y - GLOBAL,NEWTONS,AS MEASURED,PRIMARY,true,true,40,Y - GLOBAL,NEWTONS,AS MEASURED,PRIMARY,true,true,41,Y - GLOBAL,NEWTONS,AS MEASURED,PRIMARY,true,true,42,Y - GLOBAL,NEWTONS,AS MEASURED,PRIMARY,true,true,17,G'S,AS MEASURED,PRIMARY,true,true,18,G'S,AS MEASURED,PRIMARY,true,true,19,G'S,AS MEASURED,PRIMARY,true
10354,2018-06-06,NEW CAR ASSESSMENT TEST,VEHICLE INTO POLE,NEW CAR ASSESSMENT PROGRAM SIDE POLE BARRIER IMPACT TEST,side,side,classified,,side_pole_load_cell_8,side_pole_load_cell_barrier,covered_with_mask,POLE,POLE,pole_barrier_unconditional,1,8,8,0,"[1, 8]",8,8,8,,,true,true,[],[],"{""missing_expected_channel_count"": 0, ""duplicate_channel_count"": 0, ""force_channel_count"": 8, ""moment_channel_count"": 0}",3,0,,true,true,false,27,false,true,35,Y - GLOBAL,NEWTONS,AS MEASURED,PRIMARY,true,true,36,Y - GLOBAL,NEWTONS,AS MEASURED,PRIMARY,true,true,37,Y - GLOBAL,NEWTONS,AS MEASURED,PRIMARY,true,true,38,Y - GLOBAL,NEWTONS,AS MEASURED,PRIMARY,true,true,39,Y - GLOBAL,NEWTONS,AS MEASURED,PRIMARY,true,true,40,Y - GLOBAL,NEWTONS,AS MEASURED,PRIMARY,true,true,41,Y - GLOBAL,NEWTONS,AS MEASURED,PRIMARY,true,true,42,Y - GLOBAL,NEWTONS,AS MEASURED,PRIMARY,true,true,17,G'S,AS MEASURED,PRIMARY,true,true,18,G'S,AS MEASURED,PRIMARY,true,true,19,G'S,AS MEASURED,PRIMARY,true
10356,2018-06-11,NEW CAR ASSESSMENT TEST,VEHICLE INTO POLE,NEW CAR ASSESSMENT PROGRAM SIDE POLE BARRIER IMPACT TEST,side,side,classified,,side_pole_load_cell_8,side_pole_load_cell_barrier,covered_with_mask,POLE,POLE,pole_barrier_unconditional,1,8,8,0,"[1, 8]",8,8,8,,,true,true,[],[],"{""missing_expected_channel_count"": 0, ""duplicate_channel_count"": 0, ""force_channel_count"": 8, ""moment_channel_count"": 0}",3,0,,true,true,false,27,false,true,35,Y - GLOBAL,NEWTONS,AS MEASURED,PRIMARY,true,true,36,Y - GLOBAL,NEWTONS,AS MEASURED,PRIMARY,true,true,37,Y - GLOBAL,NEWTONS,AS MEASURED,PRIMARY,true,true,38,Y - GLOBAL,NEWTONS,AS MEASURED,PRIMARY,true,true,39,Y - GLOBAL,NEWTONS,AS MEASURED,PRIMARY,true,true,40,Y - GLOBAL,NEWTONS,AS MEASURED,PRIMARY,true,true,41,Y - GLOBAL,NEWTONS,AS MEASURED,PRIMARY,true,true,42,Y - GLOBAL,NEWTONS,AS MEASURED,PRIMARY,true,true,17,G'S,AS MEASURED,PRIMARY,true,true,18,G'S,AS MEASURED,PRIMARY,true,true,19,G'S,AS MEASURED,PRIMARY,true
10359,2018-06-26,NEW CAR ASSESSMENT TEST,VEHICLE INTO POLE,75 DEGREE OBLIQUE RIGID POLE SIDE NCAP IMPACT,side,side,classified,,side_pole_load_cell_8,side_pole_load_cell_barrier,covered_with_mask,POLE,POLE,pole_barrier_unconditional,1,8,8,0,"[1, 8]",8,8,8,,,true,true,[],[],"{""missing_expected_channel_count"": 0, ""duplicate_channel_count"": 0, ""force_channel_count"": 8, ""moment_channel_count"": 0}",3,0,,true,true,false,27,false,true,35,X - GLOBAL,NEWTONS,AS MEASURED,PRIMARY,true,true,36,X - GLOBAL,NEWTONS,AS MEASURED,PRIMARY,true,true,37,X - GLOBAL,NEWTONS,AS MEASURED,PRIMARY,true,true,38,X - GLOBAL,NEWTONS,AS MEASURED,PRIMARY,true,true,39,X - GLOBAL,NEWTONS,AS MEASURED,PRIMARY,true,true,40,X - GLOBAL,NEWTONS,AS MEASURED,PRIMARY,true,true,41,X - GLOBAL,NEWTONS,AS MEASURED,PRIMARY,true,true,42,X - GLOBAL,NEWTONS,AS MEASURED,PRIMARY,true,true,17,G'S,AS MEASURED,PRIMARY,true,true,18,G'S,AS MEASURED,PRIMARY,true,true,19,G'S,AS MEASURED,PRIMARY,true
10365,2018-08-02,OPTIONAL NEW CAR ASSESSMENT TEST,VEHICLE INTO POLE,OPTIONAL NCAP SIDE POLE - 2019 ACURA RDX 5-DOOR SUV,side,side,classified,,side_pole_load_cell_8,side_pole_load_cell_barrier,covered_with_mask,POLE,POLE,pole_barrier_unconditional,1,8,8,0,"[1, 8]",8,8,8,,,true,false,[],[],"{""missing_expected_channel_count"": 0, ""duplicate_channel_count"": 0, ""force_channel_count"": 8, ""moment_channel_count"": 0}",3,0,,true,false,true,27,false,true,35,Y - GLOBAL,NEWTONS,AS MEASURED,PRIMARY,true,true,36,Y - GLOBAL,NEWTONS,AS MEASURED,PRIMARY,true,true,37,Y - GLOBAL,NEWTONS,AS MEASURED,PRIMARY,true,true,38,Y - GLOBAL,NEWTONS,AS MEASURED,PRIMARY,true,true,39,Y - GLOBAL,NEWTONS,AS MEASURED,PRIMARY,true,true,40,Y - GLOBAL,NEWTONS,AS MEASURED,PRIMARY,true,true,41,Y - GLOBAL,NEWTONS,AS MEASURED,PRIMARY,true,true,42,Y - GLOBAL,NEWTONS,CHANNEL FAILED,PRIMARY,false,true,17,G'S,QUESTIONABLE DATA,PRIMARY,false,true,18,G'S,QUESTIONABLE DATA,PRIMARY,false,true,19,G'S,QUESTIONABLE DATA,PRIMARY,false
10385,2018-08-22,OPTIONAL NEW CAR ASSESSMENT TEST,VEHICLE INTO POLE,NCAP SIDE IMPACT POLE BARRIER- 2018 TESLA 3 LONG RANGE 4-DOOR SEDAN,side,side,classified,,side_pole_load_cell_8,side_pole_load_cell_barrier,covered_with_mask,POLE,POLE,pole_barrier_unconditional,1,8,8,0,"[1, 8]",8,8,8,,,true,true,[],[],"{""missing_expected_channel_count"": 0, ""duplicate_channel_count"": 0, ""force_channel_count"": 8, ""moment_channel_count"": 0}",3,0,,true,true,false,27,false,true,35,Y - GLOBAL,NEWTONS,AS MEASURED,PRIMARY,true,true,36,Y - GLOBAL,NEWTONS,AS MEASURED,PRIMARY,true,true,37,Y - GLOBAL,NEWTONS,AS MEASURED,PRIMARY,true,true,38,Y - GLOBAL,NEWTONS,AS MEASURED,PRIMARY,true,true,39,Y - GLOBAL,NEWTONS,AS MEASURED,PRIMARY,true,true,40,Y - GLOBAL,NEWTONS,AS MEASURED,PRIMARY,true,true,41,Y - GLOBAL,NEWTONS,AS MEASURED,PRIMARY,true,true,42,Y - GLOBAL,NEWTONS,AS MEASURED,PRIMARY,true,true,17,G'S,AS MEASURED,PRIMARY,true,true,18,G'S,AS MEASURED,PRIMARY,true,true,19,G'S,AS MEASURED,PRIMARY,true
10386,2018-08-27,OPTIONAL NEW CAR ASSESSMENT TEST,VEHICLE INTO POLE,OPTIONAL NCAP SIDE POLE - 2019 HONDA INSIGHT LX 4-DOOR SEDAN,side,side,classified,,side_pole_load_cell_8,side_pole_load_cell_barrier,covered_with_mask,POLE,POLE,pole_barrier_unconditional,1,8,8,0,"[1, 8]",8,8,8,,,true,false,[],[],"{""missing_expected_channel_count"": 0, ""duplicate_channel_count"": 0, ""force_channel_count"": 8, ""moment_channel_count"": 0}",3,0,,true,false,true,27,false,true,35,Y - GLOBAL,NEWTONS,AS MEASURED,PRIMARY,true,true,36,Y - GLOBAL,NEWTONS,AS MEASURED,PRIMARY,true,true,37,Y - GLOBAL,NEWTONS,AS MEASURED,PRIMARY,true,true,38,Y - GLOBAL,NEWTONS,AS MEASURED,PRIMARY,true,true,39,Y - GLOBAL,NEWTONS,AS MEASURED,PRIMARY,true,true,40,Y - GLOBAL,NEWTONS,AS MEASURED,PRIMARY,true,true,41,Y - GLOBAL,NEWTONS,AS MEASURED,PRIMARY,true,true,42,Y - GLOBAL,NEWTONS,CHANNEL FAILED,PRIMARY,false,true,17,G'S,CHANNEL FAILED,PRIMARY,false,true,18,G'S,CHANNEL FAILED,PRIMARY,false,true,19,G'S,CHANNEL FAILED,PRIMARY,false
10389,2018-09-18,OPTIONAL NEW CAR ASSESSMENT TEST,VEHICLE INTO POLE,NCAP SIDE IMPACT POLE BARRIER- 2019 SUBARU ASCENT 5-DOOR MPV,side,side,classified,,side_pole_load_cell_8,side_pole_load_cell_barrier,covered_with_mask,POLE,POLE,pole_barrier_unconditional,1,8,8,0,"[1, 8]",8,8,8,,,true,true,[],[],"{""missing_expected_channel_count"": 0, ""duplicate_channel_count"": 0, ""force_channel_count"": 8, ""moment_channel_count"": 0}",3,0,,true,true,false,27,false,true,35,Y - GLOBAL,NEWTONS,AS MEASURED,PRIMARY,true,true,36,Y - GLOBAL,NEWTONS,AS MEASURED,PRIMARY,true,true,37,Y - GLOBAL,NEWTONS,AS MEASURED,PRIMARY,true,true,38,Y - GLOBAL,NEWTONS,AS MEASURED,PRIMARY,true,true,39,Y - GLOBAL,NEWTONS,AS MEASURED,PRIMARY,true,true,40,Y - GLOBAL,NEWTONS,AS MEASURED,PRIMARY,true,true,41,Y - GLOBAL,NEWTONS,AS MEASURED,PRIMARY,true,true,42,Y - GLOBAL,NEWTONS,AS MEASURED,PRIMARY,true,true,17,G'S,AS MEASURED,PRIMARY,true,true,18,G'S,AS MEASURED,PRIMARY,true,true,19,G'S,AS MEASURED,PRIMARY,true
10554,2018-10-04,OPTIONAL NEW CAR ASSESSMENT TEST,VEHICLE INTO POLE,OPTIONAL NCAP SIDE POLE - 2018 NISSAN TITAN S CREW CAB TRUCK,side,side,classified,,side_pole_load_cell_8,side_pole_load_cell_barrier,covered_with_mask,POLE,POLE,pole_barrier_unconditional,1,8,8,0,"[1, 8]",8,8,8,,,true,false,[],[],"{""missing_expected_channel_count"": 0, ""duplicate_channel_count"": 0, ""force_channel_count"": 8, ""moment_channel_count"": 0}",3,0,,true,true,false,27,false,true,35,Y - GLOBAL,NEWTONS,AS MEASURED,PRIMARY,true,true,36,Y - GLOBAL,NEWTONS,AS MEASURED,PRIMARY,true,true,37,Y - GLOBAL,NEWTONS,AS MEASURED,PRIMARY,true,true,38,Y - GLOBAL,NEWTONS,AS MEASURED,PRIMARY,true,true,39,Y - GLOBAL,NEWTONS,AS MEASURED,PRIMARY,true,true,40,Y - GLOBAL,NEWTONS,AS MEASURED,PRIMARY,true,true,41,Y - GLOBAL,NEWTONS,AS MEASURED,PRIMARY,true,true,42,Y - GLOBAL,NEWTONS,CHANNEL FAILED,PRIMARY,false,true,17,G'S,AS MEASURED,PRIMARY,true,true,18,G'S,AS MEASURED,PRIMARY,true,true,19,G'S,AS MEASURED,PRIMARY,true
10558,2018-10-09,NEW CAR ASSESSMENT TEST,VEHICLE INTO POLE,NCAP SIDE IMPACT POLE BARRIER- 2019 RAM 1500 CLASSIC QUAD CAB,side,side,classified,,side_pole_load_cell_8,side_pole_load_cell_barrier,covered_with_mask,POLE,POLE,pole_barrier_unconditional,1,8,8,0,"[1, 8]",8,8,8,,,true,true,[],[],"{""missing_expected_channel_count"": 0, ""duplicate_channel_count"": 0, ""force_channel_count"": 8, ""moment_channel_count"": 0}",3,0,,true,false,true,27,false,true,35,Y - GLOBAL,NEWTONS,AS MEASURED,PRIMARY,true,true,36,Y - GLOBAL,NEWTONS,AS MEASURED,PRIMARY,true,true,37,Y - GLOBAL,NEWTONS,AS MEASURED,PRIMARY,true,true,38,Y - GLOBAL,NEWTONS,AS MEASURED,PRIMARY,true,true,39,Y - GLOBAL,NEWTONS,AS MEASURED,PRIMARY,true,true,40,Y - GLOBAL,NEWTONS,AS MEASURED,PRIMARY,true,true,41,Y - GLOBAL,NEWTONS,AS MEASURED,PRIMARY,true,true,42,Y - GLOBAL,NEWTONS,AS MEASURED,PRIMARY,true,true,17,G'S,CHANNEL FAILED,PRIMARY,false,true,18,G'S,CHANNEL FAILED,PRIMARY,false,true,19,G'S,CHANNEL FAILED,PRIMARY,false
10568,2018-11-01,NEW CAR ASSESSMENT TEST,VEHICLE INTO POLE,NCAP SIDE POLE - 2019 DODGE DURANGO SXT 5-DOOR SUV,side,side,classified,,side_pole_load_cell_8,side_pole_load_cell_barrier,covered_with_mask,POLE,POLE,pole_barrier_unconditional,1,8,8,0,"[1, 8]",8,8,8,,,true,true,[],[],"{""missing_expected_channel_count"": 0, ""duplicate_channel_count"": 0, ""force_channel_count"": 8, ""moment_channel_count"": 0}",3,0,,true,true,false,27,false,true,35,Y - GLOBAL,NEWTONS,AS MEASURED,PRIMARY,true,true,36,Y - GLOBAL,NEWTONS,AS MEASURED,PRIMARY,true,true,37,Y - GLOBAL,NEWTONS,AS MEASURED,PRIMARY,true,true,38,Y - GLOBAL,NEWTONS,AS MEASURED,PRIMARY,true,true,39,Y - GLOBAL,NEWTONS,AS MEASURED,PRIMARY,true,true,40,Y - GLOBAL,NEWTONS,AS MEASURED,PRIMARY,true,true,41,Y - GLOBAL,NEWTONS,AS MEASURED,PRIMARY,true,true,42,Y - GLOBAL,NEWTONS,AS MEASURED,PRIMARY,true,true,17,G'S,AS MEASURED,PRIMARY,true,true,18,G'S,AS MEASURED,PRIMARY,true,true,19,G'S,AS MEASURED,PRIMARY,true
10569,2018-10-31,NEW CAR ASSESSMENT TEST,VEHICLE INTO POLE,NCAP SIDE IMPACT POLE BARRIER- 2019 NISSAN FRONTIER S CREW CAB,side,side,classified,,side_pole_load_cell_8,side_pole_load_cell_barrier,covered_with_mask,POLE,POLE,pole_barrier_unconditional,1,8,8,0,"[1, 8]",8,8,8,,,true,false,[],[],"{""missing_expected_channel_count"": 0, ""duplicate_channel_count"": 0, ""force_channel_count"": 8, ""moment_channel_count"": 0}",3,0,,true,true,false,27,false,true,35,Y - GLOBAL,NEWTONS,CHANNEL FAILED,PRIMARY,false,true,36,Y - GLOBAL,NEWTONS,AS MEASURED,PRIMARY,true,true,37,Y - GLOBAL,NEWTONS,AS MEASURED,PRIMARY,true,true,38,Y - GLOBAL,NEWTONS,AS MEASURED,PRIMARY,true,true,39,Y - GLOBAL,NEWTONS,AS MEASURED,PRIMARY,true,true,40,Y - GLOBAL,NEWTONS,AS MEASURED,PRIMARY,true,true,41,Y - GLOBAL,NEWTONS,AS MEASURED,PRIMARY,true,true,42,Y - GLOBAL,NEWTONS,AS MEASURED,PRIMARY,true,true,17,G'S,AS MEASURED,PRIMARY,true,true,18,G'S,AS MEASURED,PRIMARY,true,true,19,G'S,AS MEASURED,PRIMARY,true
10627,2018-12-11,OPTIONAL NEW CAR ASSESSMENT TEST,VEHICLE INTO POLE,NCAP SIDE IMPACT POLE BARRIER- 2019 SUBARU FORESTER 5-DOOR MPV,side,side,classified,,side_pole_load_cell_8,side_pole_load_cell_barrier,covered_with_mask,POLE,POLE,pole_barrier_unconditional,1,8,8,0,"[1, 8]",8,8,8,,,true,true,[],[],"{""missing_expected_channel_count"": 0, ""duplicate_channel_count"": 0, ""force_channel_count"": 8, ""moment_channel_count"": 0}",3,0,,true,true,false,27,false,true,35,Y - GLOBAL,NEWTONS,AS MEASURED,PRIMARY,true,true,36,Y - GLOBAL,NEWTONS,AS MEASURED,PRIMARY,true,true,37,Y - GLOBAL,NEWTONS,AS MEASURED,PRIMARY,true,true,38,Y - GLOBAL,NEWTONS,AS MEASURED,PRIMARY,true,true,39,Y - GLOBAL,NEWTONS,AS MEASURED,PRIMARY,true,true,40,Y - GLOBAL,NEWTONS,AS MEASURED,PRIMARY,true,true,41,Y - GLOBAL,NEWTONS,AS MEASURED,PRIMARY,true,true,42,Y - GLOBAL,NEWTONS,AS MEASURED,PRIMARY,true,true,17,G'S,AS MEASURED,PRIMARY,true,true,18,G'S,AS MEASURED,PRIMARY,true,true,19,G'S,AS MEASURED,PRIMARY,true
10637,2018-12-18,OPTIONAL NEW CAR ASSESSMENT TEST,VEHICLE INTO POLE,OPTIONAL NCAP SIDE POLE - 2018 MITSUBISHI OUTLANDER PHEV SEL 5-DR SUV,side,side,classified,,side_pole_load_cell_8,side_pole_load_cell_barrier,covered_with_mask,POLE,POLE,pole_barrier_unconditional,1,8,8,0,"[1, 8]",8,8,8,,,true,false,[],[],"{""missing_expected_channel_count"": 0, ""duplicate_channel_count"": 0, ""force_channel_count"": 8, ""moment_channel_count"": 0}",3,0,,true,true,false,27,false,true,35,Y - GLOBAL,NEWTONS,AS MEASURED,PRIMARY,true,true,36,Y - GLOBAL,NEWTONS,AS MEASURED,PRIMARY,true,true,37,Y - GLOBAL,NEWTONS,AS MEASURED,PRIMARY,true,true,38,Y - GLOBAL,NEWTONS,AS MEASURED,PRIMARY,true,true,39,Y - GLOBAL,NEWTONS,AS MEASURED,PRIMARY,true,true,40,Y - GLOBAL,NEWTONS,AS MEASURED,PRIMARY,true,true,41,Y - GLOBAL,NEWTONS,AS MEASURED,PRIMARY,true,true,42,Y - GLOBAL,NEWTONS,CHANNEL FAILED,PRIMARY,false,true,17,G'S,AS MEASURED,PRIMARY,true,true,18,G'S,AS MEASURED,PRIMARY,true,true,19,G'S,AS MEASURED,PRIMARY,true
10639,2018-12-17,NEW CAR ASSESSMENT TEST,VEHICLE INTO POLE,NCAP SIDE IMPACT POLE BARRIER- 2019 DODGE GRAND CARAVAN SE 5-DOOR MPV,side,side,classified,,side_pole_load_cell_8,side_pole_load_cell_barrier,covered_with_mask,POLE,POLE,pole_barrier_unconditional,1,8,8,0,"[1, 8]",8,8,8,,,true,true,[],[],"{""missing_expected_channel_count"": 0, ""duplicate_channel_count"": 0, ""force_channel_count"": 8, ""moment_channel_count"": 0}",3,0,,true,false,true,27,false,true,35,Y - GLOBAL,NEWTONS,AS MEASURED,PRIMARY,true,true,36,Y - GLOBAL,NEWTONS,AS MEASURED,PRIMARY,true,true,37,Y - GLOBAL,NEWTONS,AS MEASURED,PRIMARY,true,true,38,Y - GLOBAL,NEWTONS,AS MEASURED,PRIMARY,true,true,39,Y - GLOBAL,NEWTONS,AS MEASURED,PRIMARY,true,true,40,Y - GLOBAL,NEWTONS,AS MEASURED,PRIMARY,true,true,41,Y - GLOBAL,NEWTONS,AS MEASURED,PRIMARY,true,true,42,Y - GLOBAL,NEWTONS,AS MEASURED,PRIMARY,true,true,17,G'S,CHANNEL FAILED,PRIMARY,false,true,18,G'S,CHANNEL FAILED,PRIMARY,false,true,19,G'S,CHANNEL FAILED,PRIMARY,false
10640,2019-01-08,NEW CAR ASSESSMENT TEST,VEHICLE INTO POLE,75 DEGREE OBLIQUE RIGID POLE SIDE NCAP IMPACT,side,side,classified,,side_pole_load_cell_8,side_pole_load_cell_barrier,covered_with_mask,POLE,POLE,pole_barrier_unconditional,1,8,8,0,"[1, 8]",8,8,8,,,true,true,[],[],"{""missing_expected_channel_count"": 0, ""duplicate_channel_count"": 0, ""force_channel_count"": 8, ""moment_channel_count"": 0}",3,0,,true,true,false,27,false,true,38,X - GLOBAL,NEWTONS,AS MEASURED,PRIMARY,true,true,39,X - GLOBAL,NEWTONS,AS MEASURED,PRIMARY,true,true,40,X - GLOBAL,NEWTONS,AS MEASURED,PRIMARY,true,true,41,X - GLOBAL,NEWTONS,AS MEASURED,PRIMARY,true,true,42,X - GLOBAL,NEWTONS,AS MEASURED,PRIMARY,true,true,43,X - GLOBAL,NEWTONS,AS MEASURED,PRIMARY,true,true,44,X - GLOBAL,NEWTONS,AS MEASURED,PRIMARY,true,true,45,X - GLOBAL,NEWTONS,AS MEASURED,PRIMARY,true,true,17,G'S,AS MEASURED,PRIMARY,true,true,18,G'S,AS MEASURED,PRIMARY,true,true,19,G'S,AS MEASURED,PRIMARY,true
10644,2019-01-03,NEW CAR ASSESSMENT TEST,VEHICLE INTO POLE,NCAP SIDE POLE - 2019 HYUNDAI SANTA FE SE 5-DOOR SUV,side,side,classified,,side_pole_load_cell_8,side_pole_load_cell_barrier,covered_with_mask,POLE,POLE,pole_barrier_unconditional,1,8,8,0,"[1, 8]",8,8,8,,,true,false,[],[],"{""missing_expected_channel_count"": 0, ""duplicate_channel_count"": 0, ""force_channel_count"": 8, ""moment_channel_count"": 0}",3,0,,true,true,false,27,false,true,35,Y - GLOBAL,NEWTONS,AS MEASURED,PRIMARY,true,true,36,Y - GLOBAL,NEWTONS,AS MEASURED,PRIMARY,true,true,37,Y - GLOBAL,NEWTONS,AS MEASURED,PRIMARY,true,true,38,Y - GLOBAL,NEWTONS,AS MEASURED,PRIMARY,true,true,39,Y - GLOBAL,NEWTONS,AS MEASURED,PRIMARY,true,true,40,Y - GLOBAL,NEWTONS,AS MEASURED,PRIMARY,true,true,41,Y - GLOBAL,NEWTONS,AS MEASURED,PRIMARY,true,true,42,Y - GLOBAL,NEWTONS,CHANNEL FAILED,PRIMARY,false,true,17,G'S,AS MEASURED,PRIMARY,true,true,18,G'S,AS MEASURED,PRIMARY,true,true,19,G'S,AS MEASURED,PRIMARY,true
10649,2019-01-10,NEW CAR ASSESSMENT TEST,VEHICLE INTO POLE,NEW CAR ASSESSMENT PROGRAM SIDE POLE BARRIER IMPACT TEST,side,side,classified,,side_pole_load_cell_8,side_pole_load_cell_barrier,covered_with_mask,POLE,POLE,pole_barrier_unconditional,1,8,8,0,"[1, 8]",8,8,8,,,true,true,[],[],"{""missing_expected_channel_count"": 0, ""duplicate_channel_count"": 0, ""force_channel_count"": 8, ""moment_channel_count"": 0}",3,0,,true,true,false,27,false,true,35,Y - GLOBAL,NEWTONS,AS MEASURED,PRIMARY,true,true,36,Y - GLOBAL,NEWTONS,AS MEASURED,PRIMARY,true,true,37,Y - GLOBAL,NEWTONS,AS MEASURED,PRIMARY,true,true,38,Y - GLOBAL,NEWTONS,AS MEASURED,PRIMARY,true,true,39,Y - GLOBAL,NEWTONS,AS MEASURED,PRIMARY,true,true,40,Y - GLOBAL,NEWTONS,AS MEASURED,PRIMARY,true,true,41,Y - GLOBAL,NEWTONS,AS MEASURED,PRIMARY,true,true,42,Y - GLOBAL,NEWTONS,AS MEASURED,PRIMARY,true,true,17,G'S,AS MEASURED,PRIMARY,true,true,18,G'S,AS MEASURED,PRIMARY,true,true,19,G'S,AS MEASURED,PRIMARY,true
10650,2019-01-11,OPTIONAL NEW CAR ASSESSMENT TEST,VEHICLE INTO POLE,OPTIONAL NCAP SIDE POLE - 2019 TOYOTA COROLLA HATCHBACK 5-DR HATCHBACK,side,side,classified,,side_pole_load_cell_8,side_pole_load_cell_barrier,covered_with_mask,POLE,POLE,pole_barrier_unconditional,1,8,8,0,"[1, 8]",8,8,8,,,true,false,[],[],"{""missing_expected_channel_count"": 0, ""duplicate_channel_count"": 0, ""force_channel_count"": 8, ""moment_channel_count"": 0}",3,0,,true,true,false,27,false,true,35,Y - GLOBAL,NEWTONS,AS MEASURED,PRIMARY,true,true,36,Y - GLOBAL,NEWTONS,AS MEASURED,PRIMARY,true,true,37,Y - GLOBAL,NEWTONS,AS MEASURED,PRIMARY,true,true,38,Y - GLOBAL,NEWTONS,AS MEASURED,PRIMARY,true,true,39,Y - GLOBAL,NEWTONS,AS MEASURED,PRIMARY,true,true,40,Y - GLOBAL,NEWTONS,AS MEASURED,PRIMARY,true,true,41,Y - GLOBAL,NEWTONS,AS MEASURED,PRIMARY,true,true,42,Y - GLOBAL,NEWTONS,CHANNEL FAILED,PRIMARY,false,true,17,G'S,AS MEASURED,PRIMARY,true,true,18,G'S,AS MEASURED,PRIMARY,true,true,19,G'S,AS MEASURED,PRIMARY,true
10655,2019-01-18,OPTIONAL NEW CAR ASSESSMENT TEST,VEHICLE INTO POLE,OPTIONAL NCAP SIDE POLE - 2019 TOYOTA AVALON 4-DOOR SEDAN,side,side,classified,,side_pole_load_cell_8,side_pole_load_cell_barrier,covered_with_mask,POLE,POLE,pole_barrier_unconditional,1,8,8,0,"[1, 8]",8,8,8,,,true,false,[],[],"{""missing_expected_channel_count"": 0, ""duplicate_channel_count"": 0, ""force_channel_count"": 8, ""moment_channel_count"": 0}",3,0,,true,true,false,27,false,true,35,Y - GLOBAL,NEWTONS,AS MEASURED,PRIMARY,true,true,36,Y - GLOBAL,NEWTONS,AS MEASURED,PRIMARY,true,true,37,Y - GLOBAL,NEWTONS,AS MEASURED,PRIMARY,true,true,38,Y - GLOBAL,NEWTONS,AS MEASURED,PRIMARY,true,true,39,Y - GLOBAL,NEWTONS,AS MEASURED,PRIMARY,true,true,40,Y - GLOBAL,NEWTONS,AS MEASURED,PRIMARY,true,true,41,Y - GLOBAL,NEWTONS,AS MEASURED,PRIMARY,true,true,42,Y - GLOBAL,NEWTONS,CHANNEL FAILED,PRIMARY,false,true,17,G'S,AS MEASURED,PRIMARY,true,true,18,G'S,AS MEASURED,PRIMARY,true,true,19,G'S,AS MEASURED,PRIMARY,true
10657,2019-01-23,OPTIONAL NEW CAR ASSESSMENT TEST,VEHICLE INTO POLE,OPTIONAL NCAP SIDE POLE - 2019 LEXUS ES 350 4-DOOR SEDAN,side,side,classified,,side_pole_load_cell_8,side_pole_load_cell_barrier,covered_with_mask,POLE,POLE,pole_barrier_unconditional,1,8,8,0,"[1, 8]",8,8,8,,,true,false,[],[],"{""missing_expected_channel_count"": 0, ""duplicate_channel_count"": 0, ""force_channel_count"": 8, ""moment_channel_count"": 0}",3,0,,true,true,false,27,false,true,35,Y - GLOBAL,NEWTONS,AS MEASURED,PRIMARY,true,true,36,Y - GLOBAL,NEWTONS,AS MEASURED,PRIMARY,true,true,37,Y - GLOBAL,NEWTONS,AS MEASURED,PRIMARY,true,true,38,Y - GLOBAL,NEWTONS,AS MEASURED,PRIMARY,true,true,39,Y - GLOBAL,NEWTONS,AS MEASURED,PRIMARY,true,true,40,Y - GLOBAL,NEWTONS,AS MEASURED,PRIMARY,true,true,41,Y - GLOBAL,NEWTONS,AS MEASURED,PRIMARY,true,true,42,Y - GLOBAL,NEWTONS,CHANNEL FAILED,PRIMARY,false,true,17,G'S,AS MEASURED,PRIMARY,true,true,18,G'S,AS MEASURED,PRIMARY,true,true,19,G'S,AS MEASURED,PRIMARY,true
10659,2019-01-29,OPTIONAL NEW CAR ASSESSMENT TEST,VEHICLE INTO POLE,OPTIONAL NCAP SIDE POLE - 2019 AUDI Q8 PREMIUM 5-DOOR SUV,side,side,classified,,side_pole_load_cell_8,side_pole_load_cell_barrier,covered_with_mask,POLE,POLE,pole_barrier_unconditional,1,8,8,0,"[1, 8]",8,8,8,,,true,true,[],[],"{""missing_expected_channel_count"": 0, ""duplicate_channel_count"": 0, ""force_channel_count"": 8, ""moment_channel_count"": 0}",3,0,,true,true,false,27,false,true,35,Y - GLOBAL,NEWTONS,AS MEASURED,PRIMARY,true,true,36,Y - GLOBAL,NEWTONS,AS MEASURED,PRIMARY,true,true,37,Y - GLOBAL,NEWTONS,AS MEASURED,PRIMARY,true,true,38,Y - GLOBAL,NEWTONS,AS MEASURED,PRIMARY,true,true,39,Y - GLOBAL,NEWTONS,AS MEASURED,PRIMARY,true,true,40,Y - GLOBAL,NEWTONS,AS MEASURED,PRIMARY,true,true,41,Y - GLOBAL,NEWTONS,AS MEASURED,PRIMARY,true,true,42,Y - GLOBAL,NEWTONS,AS MEASURED,PRIMARY,true,true,17,G'S,AS MEASURED,PRIMARY,true,true,18,G'S,AS MEASURED,PRIMARY,true,true,19,G'S,AS MEASURED,PRIMARY,true
10661,2019-01-30,NEW CAR ASSESSMENT TEST,VEHICLE INTO POLE,NCAP SIDE IMPACT POLE BARRIER- 2019 HYUNDAI KONA SE 5-DOOR MPV,side,side,classified,,side_pole_load_cell_8,side_pole_load_cell_barrier,covered_with_mask,POLE,POLE,pole_barrier_unconditional,1,8,8,0,"[1, 8]",8,8,8,,,true,true,[],[],"{""missing_expected_channel_count"": 0, ""duplicate_channel_count"": 0, ""force_channel_count"": 8, ""moment_channel_count"": 0}",3,0,,true,true,false,27,false,true,35,Y - GLOBAL,NEWTONS,AS MEASURED,PRIMARY,true,true,36,Y - GLOBAL,NEWTONS,AS MEASURED,PRIMARY,true,true,37,Y - GLOBAL,NEWTONS,AS MEASURED,PRIMARY,true,true,38,Y - GLOBAL,NEWTONS,AS MEASURED,PRIMARY,true,true,39,Y - GLOBAL,NEWTONS,AS MEASURED,PRIMARY,true,true,40,Y - GLOBAL,NEWTONS,AS MEASURED,PRIMARY,true,true,41,Y - GLOBAL,NEWTONS,AS MEASURED,PRIMARY,true,true,42,Y - GLOBAL,NEWTONS,AS MEASURED,PRIMARY,true,true,17,G'S,AS MEASURED,PRIMARY,true,true,18,G'S,AS MEASURED,PRIMARY,true,true,19,G'S,AS MEASURED,PRIMARY,true
10662,2019-01-31,NEW CAR ASSESSMENT TEST,VEHICLE INTO POLE,NEW CAR ASSESSMENT PROGRAM SIDE POLE BARRIER IMPACT TEST,side,side,classified,,side_pole_load_cell_8,side_pole_load_cell_barrier,covered_with_mask,POLE,POLE,pole_barrier_unconditional,1,8,8,0,"[1, 8]",8,8,8,,,true,true,[],[],"{""missing_expected_channel_count"": 0, ""duplicate_channel_count"": 0, ""force_channel_count"": 8, ""moment_channel_count"": 0}",3,0,,true,true,false,27,false,true,35,Y - GLOBAL,NEWTONS,AS MEASURED,PRIMARY,true,true,36,Y - GLOBAL,NEWTONS,AS MEASURED,PRIMARY,true,true,37,Y - GLOBAL,NEWTONS,AS MEASURED,PRIMARY,true,true,38,Y - GLOBAL,NEWTONS,AS MEASURED,PRIMARY,true,true,39,Y - GLOBAL,NEWTONS,AS MEASURED,PRIMARY,true,true,40,Y - GLOBAL,NEWTONS,AS MEASURED,PRIMARY,true,true,41,Y - GLOBAL,NEWTONS,AS MEASURED,PRIMARY,true,true,42,Y - GLOBAL,NEWTONS,AS MEASURED,PRIMARY,true,true,17,G'S,AS MEASURED,PRIMARY,true,true,18,G'S,AS MEASURED,PRIMARY,true,true,19,G'S,AS MEASURED,PRIMARY,true
10677,2019-02-06,NEW CAR ASSESSMENT TEST,VEHICLE INTO POLE,NCAP SIDE POLE - 2019 NISSAN MURANO S 5-DOOR SUV,side,side,classified,,side_pole_load_cell_8,side_pole_load_cell_barrier,covered_with_mask,POLE,POLE,pole_barrier_unconditional,1,8,8,0,"[1, 8]",8,8,8,,,true,false,[],[],"{""missing_expected_channel_count"": 0, ""duplicate_channel_count"": 0, ""force_channel_count"": 8, ""moment_channel_count"": 0}",3,0,,true,true,false,27,false,true,35,Y - GLOBAL,NEWTONS,AS MEASURED,PRIMARY,true,true,36,Y - GLOBAL,NEWTONS,AS MEASURED,PRIMARY,true,true,37,Y - GLOBAL,NEWTONS,AS MEASURED,PRIMARY,true,true,38,Y - GLOBAL,NEWTONS,AS MEASURED,PRIMARY,true,true,39,Y - GLOBAL,NEWTONS,AS MEASURED,PRIMARY,true,true,40,Y - GLOBAL,NEWTONS,AS MEASURED,PRIMARY,true,true,41,Y - GLOBAL,NEWTONS,AS MEASURED,PRIMARY,true,true,42,Y - GLOBAL,NEWTONS,CHANNEL FAILED,PRIMARY,false,true,17,G'S,AS MEASURED,PRIMARY,true,true,18,G'S,AS MEASURED,PRIMARY,true,true,19,G'S,AS MEASURED,PRIMARY,true
10684,2019-02-14,NEW CAR ASSESSMENT TEST,VEHICLE INTO POLE,NCAP SIDE IMPACT POLE BARRIER- 2019 BMW X3 SDRIVE30I 5-DOOR MPV,side,side,classified,,side_pole_load_cell_8,side_pole_load_cell_barrier,covered_with_mask,POLE,POLE,pole_barrier_unconditional,1,8,8,0,"[1, 8]",8,8,8,,,true,true,[],[],"{""missing_expected_channel_count"": 0, ""duplicate_channel_count"": 0, ""force_channel_count"": 8, ""moment_channel_count"": 0}",3,0,,true,true,false,27,false,true,35,Y - GLOBAL,NEWTONS,AS MEASURED,PRIMARY,true,true,36,Y - GLOBAL,NEWTONS,AS MEASURED,PRIMARY,true,true,37,Y - GLOBAL,NEWTONS,AS MEASURED,PRIMARY,true,true,38,Y - GLOBAL,NEWTONS,AS MEASURED,PRIMARY,true,true,39,Y - GLOBAL,NEWTONS,AS MEASURED,PRIMARY,true,true,40,Y - GLOBAL,NEWTONS,AS MEASURED,PRIMARY,true,true,41,Y - GLOBAL,NEWTONS,AS MEASURED,PRIMARY,true,true,42,Y - GLOBAL,NEWTONS,AS MEASURED,PRIMARY,true,true,17,G'S,AS MEASURED,PRIMARY,true,true,18,G'S,AS MEASURED,PRIMARY,true,true,19,G'S,AS MEASURED,PRIMARY,true
10685,2019-02-20,NEW CAR ASSESSMENT TEST,VEHICLE INTO POLE,75 DEGREE OBLIQUE RIGID POLE SIDE NCAP IMPACT,side,side,classified,,side_pole_load_cell_8,side_pole_load_cell_barrier,covered_with_mask,POLE,POLE,pole_barrier_unconditional,1,8,8,0,"[1, 8]",8,8,8,,,true,true,[],[],"{""missing_expected_channel_count"": 0, ""duplicate_channel_count"": 0, ""force_channel_count"": 8, ""moment_channel_count"": 0}",3,0,,true,true,false,27,false,true,38,X - GLOBAL,NEWTONS,AS MEASURED,PRIMARY,true,true,39,X - GLOBAL,NEWTONS,AS MEASURED,PRIMARY,true,true,40,X - GLOBAL,NEWTONS,AS MEASURED,PRIMARY,true,true,41,X - GLOBAL,NEWTONS,AS MEASURED,PRIMARY,true,true,42,X - GLOBAL,NEWTONS,AS MEASURED,PRIMARY,true,true,43,X - GLOBAL,NEWTONS,AS MEASURED,PRIMARY,true,true,44,X - GLOBAL,NEWTONS,AS MEASURED,PRIMARY,true,true,45,X - GLOBAL,NEWTONS,AS MEASURED,PRIMARY,true,true,17,G'S,AS MEASURED,PRIMARY,true,true,18,G'S,AS MEASURED,PRIMARY,true,true,19,G'S,AS MEASURED,PRIMARY,true
10687,2019-02-19,NEW CAR ASSESSMENT TEST,VEHICLE INTO POLE,NEW CAR ASSESSMENT PROGRAM SIDE POLE BARRIER IMPACT TEST,side,side,classified,,side_pole_load_cell_8,side_pole_load_cell_barrier,covered_with_mask,POLE,POLE,pole_barrier_unconditional,1,8,8,0,"[1, 8]",8,8,8,,,true,true,[],[],"{""missing_expected_channel_count"": 0, ""duplicate_channel_count"": 0, ""force_channel_count"": 8, ""moment_channel_count"": 0}",3,0,,true,true,false,27,false,true,35,Y - GLOBAL,NEWTONS,AS MEASURED,PRIMARY,true,true,36,Y - GLOBAL,NEWTONS,AS MEASURED,PRIMARY,true,true,37,Y - GLOBAL,NEWTONS,AS MEASURED,PRIMARY,true,true,38,Y - GLOBAL,NEWTONS,AS MEASURED,PRIMARY,true,true,39,Y - GLOBAL,NEWTONS,AS MEASURED,PRIMARY,true,true,40,Y - GLOBAL,NEWTONS,AS MEASURED,PRIMARY,true,true,41,Y - GLOBAL,NEWTONS,AS MEASURED,PRIMARY,true,true,42,Y - GLOBAL,NEWTONS,AS MEASURED,PRIMARY,true,true,17,G'S,AS MEASURED,PRIMARY,true,true,18,G'S,AS MEASURED,PRIMARY,true,true,19,G'S,AS MEASURED,PRIMARY,true
10701,2019-03-01,NEW CAR ASSESSMENT TEST,VEHICLE INTO POLE,NCAP SIDE POLE - 2019 CHEVROLET SILVERADO 1500 LT CREW CAB TRUCK,side,side,classified,,side_pole_load_cell_8,side_pole_load_cell_barrier,covered_with_mask,POLE,POLE,pole_barrier_unconditional,1,8,8,0,"[1, 8]",8,8,8,,,true,false,[],[],"{""missing_expected_channel_count"": 0, ""duplicate_channel_count"": 0, ""force_channel_count"": 8, ""moment_channel_count"": 0}",3,0,,true,true,false,27,false,true,35,Y - GLOBAL,NEWTONS,AS MEASURED,PRIMARY,true,true,36,Y - GLOBAL,NEWTONS,AS MEASURED,PRIMARY,true,true,37,Y - GLOBAL,NEWTONS,AS MEASURED,PRIMARY,true,true,38,Y - GLOBAL,NEWTONS,AS MEASURED,PRIMARY,true,true,39,Y - GLOBAL,NEWTONS,AS MEASURED,PRIMARY,true,true,40,Y - GLOBAL,NEWTONS,AS MEASURED,PRIMARY,true,true,41,Y - GLOBAL,NEWTONS,AS MEASURED,PRIMARY,true,true,42,Y - GLOBAL,NEWTONS,CHANNEL FAILED,PRIMARY,false,true,17,G'S,AS MEASURED,PRIMARY,true,true,18,G'S,AS MEASURED,PRIMARY,true,true,19,G'S,AS MEASURED,PRIMARY,true
10703,2019-03-05,NEW CAR ASSESSMENT TEST,VEHICLE INTO POLE,NEW CAR ASSESSMENT PROGRAM SIDE POLE BARRIER IMPACT TEST,side,side,classified,,side_pole_load_cell_8,side_pole_load_cell_barrier,covered_with_mask,POLE,POLE,pole_barrier_unconditional,1,8,8,0,"[1, 8]",8,8,8,,,true,true,[],[],"{""missing_expected_channel_count"": 0, ""duplicate_channel_count"": 0, ""force_channel_count"": 8, ""moment_channel_count"": 0}",3,0,,true,true,false,27,false,true,35,Y - GLOBAL,NEWTONS,AS MEASURED,PRIMARY,true,true,36,Y - GLOBAL,NEWTONS,AS MEASURED,PRIMARY,true,true,37,Y - GLOBAL,NEWTONS,AS MEASURED,PRIMARY,true,true,38,Y - GLOBAL,NEWTONS,AS MEASURED,PRIMARY,true,true,39,Y - GLOBAL,NEWTONS,AS MEASURED,PRIMARY,true,true,40,Y - GLOBAL,NEWTONS,AS MEASURED,PRIMARY,true,true,41,Y - GLOBAL,NEWTONS,AS MEASURED,PRIMARY,true,true,42,Y - GLOBAL,NEWTONS,AS MEASURED,PRIMARY,true,true,17,G'S,AS MEASURED,PRIMARY,true,true,18,G'S,AS MEASURED,PRIMARY,true,true,19,G'S,AS MEASURED,PRIMARY,true
10707,2019-03-07,NEW CAR ASSESSMENT TEST,VEHICLE INTO POLE,NCAP SIDE POLE - 2019 CHEVROLET SILVERADO WT DOUBLE CAB TRUCK,side,side,classified,,side_pole_load_cell_8,side_pole_load_cell_barrier,covered_with_mask,POLE,POLE,pole_barrier_unconditional,1,8,8,0,"[1, 8]",8,8,8,,,true,false,[],[],"{""missing_expected_channel_count"": 0, ""duplicate_channel_count"": 0, ""force_channel_count"": 8, ""moment_channel_count"": 0}",3,0,,true,true,false,27,false,true,35,Y - GLOBAL,NEWTONS,AS MEASURED,PRIMARY,true,true,36,Y - GLOBAL,NEWTONS,AS MEASURED,PRIMARY,true,true,37,Y - GLOBAL,NEWTONS,AS MEASURED,PRIMARY,true,true,38,Y - GLOBAL,NEWTONS,AS MEASURED,PRIMARY,true,true,39,Y - GLOBAL,NEWTONS,AS MEASURED,PRIMARY,true,true,40,Y - GLOBAL,NEWTONS,AS MEASURED,PRIMARY,true,true,41,Y - GLOBAL,NEWTONS,AS MEASURED,PRIMARY,true,true,42,Y - GLOBAL,NEWTONS,CHANNEL FAILED,PRIMARY,false,true,17,G'S,AS MEASURED,PRIMARY,true,true,18,G'S,AS MEASURED,PRIMARY,true,true,19,G'S,AS MEASURED,PRIMARY,true
10711,2019-03-13,NEW CAR ASSESSMENT TEST,VEHICLE INTO POLE,NCAP SIDE IMPACT Pole Barrier- 2019 NISSAN KICKS S SUV,side,side,classified,,side_pole_load_cell_8,side_pole_load_cell_barrier,covered_with_mask,POLE,POLE,pole_barrier_unconditional,1,8,8,0,"[1, 8]",8,8,8,,,true,false,[],[],"{""missing_expected_channel_count"": 0, ""duplicate_channel_count"": 0, ""force_channel_count"": 8, ""moment_channel_count"": 0}",3,0,,true,true,false,27,false,true,35,Y - GLOBAL,NEWTONS,AS MEASURED,PRIMARY,true,true,36,Y - GLOBAL,NEWTONS,AS MEASURED,PRIMARY,true,true,37,Y - GLOBAL,NEWTONS,QUESTIONABLE DATA,PRIMARY,false,true,38,Y - GLOBAL,NEWTONS,AS MEASURED,PRIMARY,true,true,39,Y - GLOBAL,NEWTONS,AS MEASURED,PRIMARY,true,true,40,Y - GLOBAL,NEWTONS,AS MEASURED,PRIMARY,true,true,41,Y - GLOBAL,NEWTONS,AS MEASURED,PRIMARY,true,true,42,Y - GLOBAL,NEWTONS,AS MEASURED,PRIMARY,true,true,17,G'S,AS MEASURED,PRIMARY,true,true,18,G'S,AS MEASURED,PRIMARY,true,true,19,G'S,AS MEASURED,PRIMARY,true
10715,2019-03-10,NEW CAR ASSESSMENT TEST,VEHICLE INTO POLE,NEW CAR ASSESSMENT PROGRAM SIDE POLE BARRIER IMPACT TEST,side,side,classified,,side_pole_load_cell_8,side_pole_load_cell_barrier,covered_with_mask,POLE,POLE,pole_barrier_unconditional,1,8,8,0,"[1, 8]",8,8,8,,,true,true,[],[],"{""missing_expected_channel_count"": 0, ""duplicate_channel_count"": 0, ""force_channel_count"": 8, ""moment_channel_count"": 0}",3,0,,true,true,false,27,false,true,35,Y - GLOBAL,NEWTONS,AS MEASURED,PRIMARY,true,true,36,Y - GLOBAL,NEWTONS,AS MEASURED,PRIMARY,true,true,37,Y - GLOBAL,NEWTONS,AS MEASURED,PRIMARY,true,true,38,Y - GLOBAL,NEWTONS,AS MEASURED,PRIMARY,true,true,39,Y - GLOBAL,NEWTONS,AS MEASURED,PRIMARY,true,true,40,Y - GLOBAL,NEWTONS,AS MEASURED,PRIMARY,true,true,41,Y - GLOBAL,NEWTONS,AS MEASURED,PRIMARY,true,true,42,Y - GLOBAL,NEWTONS,AS MEASURED,PRIMARY,true,true,17,G'S,AS MEASURED,PRIMARY,true,true,18,G'S,AS MEASURED,PRIMARY,true,true,19,G'S,AS MEASURED,PRIMARY,true
10717,2019-03-20,NEW CAR ASSESSMENT TEST,VEHICLE INTO POLE,75 DEGREE OBLIQUE RIGID POLE SIDE NCAP IMPACT,side,side,classified,,side_pole_load_cell_8,side_pole_load_cell_barrier,covered_with_mask,POLE,POLE,pole_barrier_unconditional,1,8,8,0,"[1, 8]",8,8,8,,,true,true,[],[],"{""missing_expected_channel_count"": 0, ""duplicate_channel_count"": 0, ""force_channel_count"": 8, ""moment_channel_count"": 0}",3,0,,true,true,false,27,false,true,35,X - GLOBAL,NEWTONS,AS MEASURED,PRIMARY,true,true,36,X - GLOBAL,NEWTONS,AS MEASURED,PRIMARY,true,true,37,X - GLOBAL,NEWTONS,AS MEASURED,PRIMARY,true,true,38,X - GLOBAL,NEWTONS,AS MEASURED,PRIMARY,true,true,39,X - GLOBAL,NEWTONS,AS MEASURED,PRIMARY,true,true,40,X - GLOBAL,NEWTONS,AS MEASURED,PRIMARY,true,true,41,X - GLOBAL,NEWTONS,AS MEASURED,PRIMARY,true,true,42,X - GLOBAL,NEWTONS,AS MEASURED,PRIMARY,true,true,17,G'S,AS MEASURED,PRIMARY,true,true,18,G'S,AS MEASURED,PRIMARY,true,true,19,G'S,AS MEASURED,PRIMARY,true
10720,2019-04-05,NEW CAR ASSESSMENT TEST,VEHICLE INTO POLE,OPTIONAL NCAP SIDE POLE - 2019 LEXUS UX 200 5-DOOR SUV,side,side,classified,,side_pole_load_cell_8,side_pole_load_cell_barrier,covered_with_mask,POLE,POLE,pole_barrier_unconditional,1,8,8,0,"[1, 8]",8,8,8,,,true,false,[],[],"{""missing_expected_channel_count"": 0, ""duplicate_channel_count"": 0, ""force_channel_count"": 8, ""moment_channel_count"": 0}",3,0,,true,true,false,27,false,true,35,Y - GLOBAL,NEWTONS,AS MEASURED,PRIMARY,true,true,36,Y - GLOBAL,NEWTONS,AS MEASURED,PRIMARY,true,true,37,Y - GLOBAL,NEWTONS,AS MEASURED,PRIMARY,true,true,38,Y - GLOBAL,NEWTONS,AS MEASURED,PRIMARY,true,true,39,Y - GLOBAL,NEWTONS,AS MEASURED,PRIMARY,true,true,40,Y - GLOBAL,NEWTONS,AS MEASURED,PRIMARY,true,true,41,Y - GLOBAL,NEWTONS,AS MEASURED,PRIMARY,true,true,42,Y - GLOBAL,NEWTONS,CHANNEL FAILED,PRIMARY,false,true,17,G'S,AS MEASURED,PRIMARY,true,true,18,G'S,AS MEASURED,PRIMARY,true,true,19,G'S,AS MEASURED,PRIMARY,true
10723,2019-04-30,NEW CAR ASSESSMENT TEST,VEHICLE INTO POLE,NEW CAR ASSESSMENT PROGRAM SIDE POLE BARRIER IMPACT TEST,side,side,classified,,side_pole_load_cell_8,side_pole_load_cell_barrier,covered_with_mask,POLE,POLE,pole_barrier_unconditional,1,8,8,0,"[1, 8]",8,8,8,,,true,true,[],[],"{""missing_expected_channel_count"": 0, ""duplicate_channel_count"": 0, ""force_channel_count"": 8, ""moment_channel_count"": 0}",3,0,,true,true,false,27,false,true,35,Y - GLOBAL,NEWTONS,AS MEASURED,PRIMARY,true,true,36,Y - GLOBAL,NEWTONS,AS MEASURED,PRIMARY,true,true,37,Y - GLOBAL,NEWTONS,AS MEASURED,PRIMARY,true,true,38,Y - GLOBAL,NEWTONS,AS MEASURED,PRIMARY,true,true,39,Y - GLOBAL,NEWTONS,AS MEASURED,PRIMARY,true,true,40,Y - GLOBAL,NEWTONS,AS MEASURED,PRIMARY,true,true,41,Y - GLOBAL,NEWTONS,AS MEASURED,PRIMARY,true,true,42,Y - GLOBAL,NEWTONS,AS MEASURED,PRIMARY,true,true,17,G'S,AS MEASURED,PRIMARY,true,true,18,G'S,AS MEASURED,PRIMARY,true,true,19,G'S,AS MEASURED,PRIMARY,true
10734,2019-05-09,NEW CAR ASSESSMENT TEST,VEHICLE INTO POLE,75 DEGREE OBLIQUE RIGID POLE SIDE NCAP IMPACT,side,side,classified,,side_pole_load_cell_8,side_pole_load_cell_barrier,covered_with_mask,POLE,POLE,pole_barrier_unconditional,1,8,8,0,"[1, 8]",8,8,8,,,true,true,[],[],"{""missing_expected_channel_count"": 0, ""duplicate_channel_count"": 0, ""force_channel_count"": 8, ""moment_channel_count"": 0}",3,0,,true,true,false,27,false,true,35,X - GLOBAL,NEWTONS,AS MEASURED,PRIMARY,true,true,36,X - GLOBAL,NEWTONS,AS MEASURED,PRIMARY,true,true,37,X - GLOBAL,NEWTONS,AS MEASURED,PRIMARY,true,true,38,X - GLOBAL,NEWTONS,AS MEASURED,PRIMARY,true,true,39,X - GLOBAL,NEWTONS,AS MEASURED,PRIMARY,true,true,40,X - GLOBAL,NEWTONS,AS MEASURED,PRIMARY,true,true,41,X - GLOBAL,NEWTONS,AS MEASURED,PRIMARY,true,true,42,X - GLOBAL,NEWTONS,AS MEASURED,PRIMARY,true,true,17,G'S,AS MEASURED,PRIMARY,true,true,18,G'S,AS MEASURED,PRIMARY,true,true,19,G'S,AS MEASURED,PRIMARY,true
10738,2019-05-16,NEW CAR ASSESSMENT TEST,VEHICLE INTO POLE,75 DEGREE OBLIQUE RIGID POLE SIDE NCAP IMPACT,side,side,classified,,side_pole_load_cell_8,side_pole_load_cell_barrier,covered_with_mask,POLE,POLE,pole_barrier_unconditional,1,8,8,0,"[1, 8]",8,8,8,,,true,true,[],[],"{""missing_expected_channel_count"": 0, ""duplicate_channel_count"": 0, ""force_channel_count"": 8, ""moment_channel_count"": 0}",3,0,,true,true,false,27,false,true,35,X - GLOBAL,NEWTONS,AS MEASURED,PRIMARY,true,true,36,X - GLOBAL,NEWTONS,AS MEASURED,PRIMARY,true,true,37,X - GLOBAL,NEWTONS,AS MEASURED,PRIMARY,true,true,38,X - GLOBAL,NEWTONS,AS MEASURED,PRIMARY,true,true,39,X - GLOBAL,NEWTONS,AS MEASURED,PRIMARY,true,true,40,X - GLOBAL,NEWTONS,AS MEASURED,PRIMARY,true,true,41,X - GLOBAL,NEWTONS,AS MEASURED,PRIMARY,true,true,42,X - GLOBAL,NEWTONS,AS MEASURED,PRIMARY,true,true,17,G'S,AS MEASURED,PRIMARY,true,true,18,G'S,AS MEASURED,PRIMARY,true,true,19,G'S,AS MEASURED,PRIMARY,true
10765,2019-05-22,NEW CAR ASSESSMENT TEST,VEHICLE INTO POLE,NCAP SIDE IMPACT POLE BARRIER- 2019 KIA NIRO HYBRID LX 5-DOOR MPV,side,side,classified,,side_pole_load_cell_8,side_pole_load_cell_barrier,covered_with_mask,POLE,POLE,pole_barrier_unconditional,1,8,8,0,"[1, 8]",8,8,8,,,true,false,[],[],"{""missing_expected_channel_count"": 0, ""duplicate_channel_count"": 0, ""force_channel_count"": 8, ""moment_channel_count"": 0}",3,0,,true,true,false,27,false,true,35,Y - GLOBAL,NEWTONS,AS MEASURED,PRIMARY,true,true,36,Y - GLOBAL,NEWTONS,AS MEASURED,PRIMARY,true,true,37,Y - GLOBAL,NEWTONS,CHANNEL FAILED,PRIMARY,false,true,38,Y - GLOBAL,NEWTONS,AS MEASURED,PRIMARY,true,true,39,Y - GLOBAL,NEWTONS,AS MEASURED,PRIMARY,true,true,40,Y - GLOBAL,NEWTONS,AS MEASURED,PRIMARY,true,true,41,Y - GLOBAL,NEWTONS,AS MEASURED,PRIMARY,true,true,42,Y - GLOBAL,NEWTONS,AS MEASURED,PRIMARY,true,true,17,G'S,AS MEASURED,PRIMARY,true,true,18,G'S,AS MEASURED,PRIMARY,true,true,19,G'S,AS MEASURED,PRIMARY,true
10766,2019-05-29,NEW CAR ASSESSMENT TEST,VEHICLE INTO POLE,NEW CAR ASSESSMENT PROGRAM SIDE POLE BARRIER IMPACT TEST,side,side,classified,,side_pole_load_cell_8,side_pole_load_cell_barrier,covered_with_mask,POLE,POLE,pole_barrier_unconditional,1,8,8,0,"[1, 8]",8,8,8,,,true,true,[],[],"{""missing_expected_channel_count"": 0, ""duplicate_channel_count"": 0, ""force_channel_count"": 8, ""moment_channel_count"": 0}",3,0,,true,true,false,27,false,true,35,Y - GLOBAL,NEWTONS,AS MEASURED,PRIMARY,true,true,36,Y - GLOBAL,NEWTONS,AS MEASURED,PRIMARY,true,true,37,Y - GLOBAL,NEWTONS,AS MEASURED,PRIMARY,true,true,38,Y - GLOBAL,NEWTONS,AS MEASURED,PRIMARY,true,true,39,Y - GLOBAL,NEWTONS,AS MEASURED,PRIMARY,true,true,40,Y - GLOBAL,NEWTONS,AS MEASURED,PRIMARY,true,true,41,Y - GLOBAL,NEWTONS,AS MEASURED,PRIMARY,true,true,42,Y - GLOBAL,NEWTONS,AS MEASURED,PRIMARY,true,true,17,G'S,AS MEASURED,PRIMARY,true,true,18,G'S,AS MEASURED,PRIMARY,true,true,19,G'S,AS MEASURED,PRIMARY,true
10772,2019-05-30,OPTIONAL NEW CAR ASSESSMENT TEST,VEHICLE INTO POLE,OPTIONAL NCAP SIDE POLE - 2019 NISSAN ALTIMA S 4-DOOR SEDAN,side,side,classified,,side_pole_load_cell_8,side_pole_load_cell_barrier,covered_with_mask,POLE,POLE,pole_barrier_unconditional,1,8,8,0,"[1, 8]",8,8,8,,,true,false,[],[],"{""missing_expected_channel_count"": 0, ""duplicate_channel_count"": 0, ""force_channel_count"": 8, ""moment_channel_count"": 0}",3,0,,true,false,true,27,false,true,35,Y - GLOBAL,NEWTONS,AS MEASURED,PRIMARY,true,true,36,Y - GLOBAL,NEWTONS,AS MEASURED,PRIMARY,true,true,37,Y - GLOBAL,NEWTONS,AS MEASURED,PRIMARY,true,true,38,Y - GLOBAL,NEWTONS,AS MEASURED,PRIMARY,true,true,39,Y - GLOBAL,NEWTONS,AS MEASURED,PRIMARY,true,true,40,Y - GLOBAL,NEWTONS,AS MEASURED,PRIMARY,true,true,41,Y - GLOBAL,NEWTONS,AS MEASURED,PRIMARY,true,true,42,Y - GLOBAL,NEWTONS,CHANNEL FAILED,PRIMARY,false,true,17,G'S,AS MEASURED,PRIMARY,true,true,18,G'S,AS MEASURED,PRIMARY,true,true,19,G'S,CHANNEL FAILED,PRIMARY,false
10773,2019-05-28,NEW CAR ASSESSMENT TEST,VEHICLE INTO POLE,NCAP SIDE IMPACT POLE BARRIER- 2019 HONDA CR-V LX 5-DOOR MPV,side,side,classified,,side_pole_load_cell_8,side_pole_load_cell_barrier,covered_with_mask,POLE,POLE,pole_barrier_unconditional,1,8,8,0,"[1, 8]",8,8,8,,,true,false,[],[],"{""missing_expected_channel_count"": 0, ""duplicate_channel_count"": 0, ""force_channel_count"": 8, ""moment_channel_count"": 0}",3,0,,true,true,false,27,false,true,35,Y - GLOBAL,NEWTONS,AS MEASURED,PRIMARY,true,true,36,Y - GLOBAL,NEWTONS,AS MEASURED,PRIMARY,true,true,37,Y - GLOBAL,NEWTONS,CHANNEL FAILED,PRIMARY,false,true,38,Y - GLOBAL,NEWTONS,AS MEASURED,PRIMARY,true,true,39,Y - GLOBAL,NEWTONS,AS MEASURED,PRIMARY,true,true,40,Y - GLOBAL,NEWTONS,AS MEASURED,PRIMARY,true,true,41,Y - GLOBAL,NEWTONS,AS MEASURED,PRIMARY,true,true,42,Y - GLOBAL,NEWTONS,AS MEASURED,PRIMARY,true,true,17,G'S,AS MEASURED,PRIMARY,true,true,18,G'S,AS MEASURED,PRIMARY,true,true,19,G'S,AS MEASURED,PRIMARY,true
10777,2019-06-04,NEW CAR ASSESSMENT TEST,VEHICLE INTO POLE,NCAP SIDE IMPACT POLE BARRIER- 2019 FORD F-150 SUPERCAB 4-DOOR TRUCK,side,side,classified,,side_pole_load_cell_8,side_pole_load_cell_barrier,covered_with_mask,POLE,POLE,pole_barrier_unconditional,1,8,8,0,"[1, 8]",8,8,8,,,true,false,[],[],"{""missing_expected_channel_count"": 0, ""duplicate_channel_count"": 0, ""force_channel_count"": 8, ""moment_channel_count"": 0}",3,0,,true,true,false,27,false,true,35,Y - GLOBAL,NEWTONS,AS MEASURED,PRIMARY,true,true,36,Y - GLOBAL,NEWTONS,AS MEASURED,PRIMARY,true,true,37,Y - GLOBAL,NEWTONS,CHANNEL FAILED,PRIMARY,false,true,38,Y - GLOBAL,NEWTONS,AS MEASURED,PRIMARY,true,true,39,Y - GLOBAL,NEWTONS,AS MEASURED,PRIMARY,true,true,40,Y - GLOBAL,NEWTONS,QUESTIONABLE DATA,PRIMARY,false,true,41,Y - GLOBAL,NEWTONS,AS MEASURED,PRIMARY,true,true,42,Y - GLOBAL,NEWTONS,AS MEASURED,PRIMARY,true,true,17,G'S,AS MEASURED,PRIMARY,true,true,18,G'S,AS MEASURED,PRIMARY,true,true,19,G'S,AS MEASURED,PRIMARY,true
10779,2019-06-13,NEW CAR ASSESSMENT TEST,VEHICLE INTO POLE,NCAP SIDE IMPACT POLE BARRIER- 2019 JEEP GRAND CHEROKEE 5-DOOR MPV,side,side,classified,,side_pole_load_cell_8,side_pole_load_cell_barrier,covered_with_mask,POLE,POLE,pole_barrier_unconditional,1,8,8,0,"[1, 8]",8,8,8,,,true,true,[],[],"{""missing_expected_channel_count"": 0, ""duplicate_channel_count"": 0, ""force_channel_count"": 8, ""moment_channel_count"": 0}",3,0,,true,true,false,27,false,true,35,Y - GLOBAL,NEWTONS,AS MEASURED,PRIMARY,true,true,36,Y - GLOBAL,NEWTONS,AS MEASURED,PRIMARY,true,true,37,Y - GLOBAL,NEWTONS,AS MEASURED,PRIMARY,true,true,38,Y - GLOBAL,NEWTONS,AS MEASURED,PRIMARY,true,true,39,Y - GLOBAL,NEWTONS,AS MEASURED,PRIMARY,true,true,40,Y - GLOBAL,NEWTONS,AS MEASURED,PRIMARY,true,true,41,Y - GLOBAL,NEWTONS,AS MEASURED,PRIMARY,true,true,42,Y - GLOBAL,NEWTONS,AS MEASURED,PRIMARY,true,true,17,G'S,AS MEASURED,PRIMARY,true,true,18,G'S,AS MEASURED,PRIMARY,true,true,19,G'S,AS MEASURED,PRIMARY,true
10791,2019-07-18,NEW CAR ASSESSMENT TEST,VEHICLE INTO POLE,NCAP SIDE POLE - 2019 F-250 SUPERCAB XL TRUCK,side,side,classified,,side_pole_load_cell_8,side_pole_load_cell_barrier,covered_with_mask,POLE,POLE,pole_barrier_unconditional,1,8,8,0,"[1, 8]",8,8,8,,,true,false,[],[],"{""missing_expected_channel_count"": 0, ""duplicate_channel_count"": 0, ""force_channel_count"": 8, ""moment_channel_count"": 0}",3,0,,true,true,false,27,false,true,35,Y - GLOBAL,NEWTONS,AS MEASURED,PRIMARY,true,true,36,Y - GLOBAL,NEWTONS,AS MEASURED,PRIMARY,true,true,37,Y - GLOBAL,NEWTONS,AS MEASURED,PRIMARY,true,true,38,Y - GLOBAL,NEWTONS,AS MEASURED,PRIMARY,true,true,39,Y - GLOBAL,NEWTONS,AS MEASURED,PRIMARY,true,true,40,Y - GLOBAL,NEWTONS,AS MEASURED,PRIMARY,true,true,41,Y - GLOBAL,NEWTONS,AS MEASURED,PRIMARY,true,true,42,Y - GLOBAL,NEWTONS,CHANNEL FAILED,PRIMARY,false,true,17,G'S,AS MEASURED,PRIMARY,true,true,18,G'S,AS MEASURED,PRIMARY,true,true,19,G'S,AS MEASURED,PRIMARY,true
10817,2019-09-05,NEW CAR ASSESSMENT TEST,VEHICLE INTO POLE,75 DEGREE OBLIQUE RIGID POLE SIDE NCAP IMPACT,side,side,classified,,side_pole_load_cell_8,side_pole_load_cell_barrier,covered_with_mask,POLE,POLE,pole_barrier_unconditional,1,8,8,0,"[1, 8]",8,8,8,,,true,true,[],[],"{""missing_expected_channel_count"": 0, ""duplicate_channel_count"": 0, ""force_channel_count"": 8, ""moment_channel_count"": 0}",3,0,,true,true,false,27,false,true,35,X - GLOBAL,NEWTONS,AS MEASURED,PRIMARY,true,true,36,X - GLOBAL,NEWTONS,AS MEASURED,PRIMARY,true,true,37,X - GLOBAL,NEWTONS,AS MEASURED,PRIMARY,true,true,38,X - GLOBAL,NEWTONS,AS MEASURED,PRIMARY,true,true,39,X - GLOBAL,NEWTONS,AS MEASURED,PRIMARY,true,true,40,X - GLOBAL,NEWTONS,AS MEASURED,PRIMARY,true,true,41,X - GLOBAL,NEWTONS,AS MEASURED,PRIMARY,true,true,42,X - GLOBAL,NEWTONS,AS MEASURED,PRIMARY,true,true,17,G'S,AS MEASURED,PRIMARY,true,true,18,G'S,AS MEASURED,PRIMARY,true,true,19,G'S,AS MEASURED,PRIMARY,true
10821,2019-09-23,NEW CAR ASSESSMENT TEST,VEHICLE INTO POLE,NCAP SIDE POLE - 2019 Q3 5-DOOR SUV,side,side,classified,,side_pole_load_cell_8,side_pole_load_cell_barrier,covered_with_mask,POLE,POLE,pole_barrier_unconditional,1,8,8,0,"[1, 8]",8,8,8,,,true,false,[],[],"{""missing_expected_channel_count"": 0, ""duplicate_channel_count"": 0, ""force_channel_count"": 8, ""moment_channel_count"": 0}",3,0,,true,false,true,27,false,true,35,Y - GLOBAL,NEWTONS,AS MEASURED,PRIMARY,true,true,36,Y - GLOBAL,NEWTONS,AS MEASURED,PRIMARY,true,true,37,Y - GLOBAL,NEWTONS,AS MEASURED,PRIMARY,true,true,38,Y - GLOBAL,NEWTONS,AS MEASURED,PRIMARY,true,true,39,Y - GLOBAL,NEWTONS,AS MEASURED,PRIMARY,true,true,40,Y - GLOBAL,NEWTONS,AS MEASURED,PRIMARY,true,true,41,Y - GLOBAL,NEWTONS,AS MEASURED,PRIMARY,true,true,42,Y - GLOBAL,NEWTONS,CHANNEL FAILED,PRIMARY,false,true,17,G'S,CHANNEL FAILED,PRIMARY,false,true,18,G'S,CHANNEL FAILED,PRIMARY,false,true,19,G'S,CHANNEL FAILED,PRIMARY,false
10828,2019-10-18,OPTIONAL NEW CAR ASSESSMENT TEST,VEHICLE INTO POLE,OPTIONAL NCAP SIDE POLE - 2019 E-TRON QUATTRO UV - 5-DOOR SUV,side,side,classified,,side_pole_load_cell_8,side_pole_load_cell_barrier,covered_with_mask,POLE,POLE,pole_barrier_unconditional,1,8,8,0,"[1, 8]",8,8,8,,,true,false,[],[],"{""missing_expected_channel_count"": 0, ""duplicate_channel_count"": 0, ""force_channel_count"": 8, ""moment_channel_count"": 0}",3,0,,true,true,false,27,false,true,35,Y - GLOBAL,NEWTONS,AS MEASURED,PRIMARY,true,true,36,Y - GLOBAL,NEWTONS,AS MEASURED,PRIMARY,true,true,37,Y - GLOBAL,NEWTONS,AS MEASURED,PRIMARY,true,true,38,Y - GLOBAL,NEWTONS,AS MEASURED,PRIMARY,true,true,39,Y - GLOBAL,NEWTONS,AS MEASURED,PRIMARY,true,true,40,Y - GLOBAL,NEWTONS,AS MEASURED,PRIMARY,true,true,41,Y - GLOBAL,NEWTONS,AS MEASURED,PRIMARY,true,true,42,Y - GLOBAL,NEWTONS,CHANNEL FAILED,PRIMARY,false,true,17,G'S,AS MEASURED,PRIMARY,true,true,18,G'S,AS MEASURED,PRIMARY,true,true,19,G'S,AS MEASURED,PRIMARY,true
10829,2019-10-22,NEW CAR ASSESSMENT TEST,VEHICLE INTO POLE,75 DEGREE OBLIQUE RIGID POLE SIDE NCAP IMPACT,side,side,classified,,side_pole_load_cell_8,side_pole_load_cell_barrier,covered_with_mask,POLE,POLE,pole_barrier_unconditional,1,8,8,0,"[1, 8]",8,8,8,,,true,true,[],[],"{""missing_expected_channel_count"": 0, ""duplicate_channel_count"": 0, ""force_channel_count"": 8, ""moment_channel_count"": 0}",3,0,,true,true,false,27,false,true,35,X - GLOBAL,NEWTONS,AS MEASURED,PRIMARY,true,true,36,X - GLOBAL,NEWTONS,AS MEASURED,PRIMARY,true,true,37,X - GLOBAL,NEWTONS,AS MEASURED,PRIMARY,true,true,38,X - GLOBAL,NEWTONS,AS MEASURED,PRIMARY,true,true,39,X - GLOBAL,NEWTONS,AS MEASURED,PRIMARY,true,true,40,X - GLOBAL,NEWTONS,AS MEASURED,PRIMARY,true,true,41,X - GLOBAL,NEWTONS,AS MEASURED,PRIMARY,true,true,42,X - GLOBAL,NEWTONS,AS MEASURED,PRIMARY,true,true,17,G'S,AS MEASURED,PRIMARY,true,true,18,G'S,AS MEASURED,PRIMARY,true,true,19,G'S,AS MEASURED,PRIMARY,true
10834,2019-11-04,NEW CAR ASSESSMENT TEST,VEHICLE INTO POLE,NEW CAR ASSESSMENT PROGRAM SIDE POLE BARRIER IMPACT TEST,side,side,classified,,side_pole_load_cell_8,side_pole_load_cell_barrier,covered_with_mask,POLE,POLE,pole_barrier_unconditional,1,8,8,0,"[1, 8]",8,8,8,,,true,true,[],[],"{""missing_expected_channel_count"": 0, ""duplicate_channel_count"": 0, ""force_channel_count"": 8, ""moment_channel_count"": 0}",3,0,,true,true,false,27,false,true,35,Y - GLOBAL,NEWTONS,AS MEASURED,PRIMARY,true,true,36,Y - GLOBAL,NEWTONS,AS MEASURED,PRIMARY,true,true,37,Y - GLOBAL,NEWTONS,AS MEASURED,PRIMARY,true,true,38,Y - GLOBAL,NEWTONS,AS MEASURED,PRIMARY,true,true,39,Y - GLOBAL,NEWTONS,AS MEASURED,PRIMARY,true,true,40,Y - GLOBAL,NEWTONS,AS MEASURED,PRIMARY,true,true,41,Y - GLOBAL,NEWTONS,AS MEASURED,PRIMARY,true,true,42,Y - GLOBAL,NEWTONS,AS MEASURED,PRIMARY,true,true,17,G'S,AS MEASURED,PRIMARY,true,true,18,G'S,AS MEASURED,PRIMARY,true,true,19,G'S,AS MEASURED,PRIMARY,true
10838,2019-11-07,NEW CAR ASSESSMENT TEST,VEHICLE INTO POLE,NCAP SIDE POLE - 2020 KIA TELLURIDE EX - 5-DOOR SUV,side,side,classified,,side_pole_load_cell_8,side_pole_load_cell_barrier,covered_with_mask,POLE,POLE,pole_barrier_unconditional,1,8,8,0,"[1, 8]",8,8,8,,,true,false,[],[],"{""missing_expected_channel_count"": 0, ""duplicate_channel_count"": 0, ""force_channel_count"": 8, ""moment_channel_count"": 0}",3,0,,true,true,false,27,false,true,35,Y - GLOBAL,NEWTONS,AS MEASURED,PRIMARY,true,true,36,Y - GLOBAL,NEWTONS,AS MEASURED,PRIMARY,true,true,37,Y - GLOBAL,NEWTONS,AS MEASURED,PRIMARY,true,true,38,Y - GLOBAL,NEWTONS,AS MEASURED,PRIMARY,true,true,39,Y - GLOBAL,NEWTONS,AS MEASURED,PRIMARY,true,true,40,Y - GLOBAL,NEWTONS,AS MEASURED,PRIMARY,true,true,41,Y - GLOBAL,NEWTONS,AS MEASURED,PRIMARY,true,true,42,Y - GLOBAL,NEWTONS,CHANNEL FAILED,PRIMARY,false,true,17,G'S,AS MEASURED,PRIMARY,true,true,18,G'S,AS MEASURED,PRIMARY,true,true,19,G'S,AS MEASURED,PRIMARY,true
10841,2019-09-11,RESEARCH,VEHICLE INTO POLE,2018 HONDA ACCORD LEFT SIDE FMVSS POLE IMPACT AT 32 KPH,side,research_other,classified,,side_pole_load_cell_8,side_pole_load_cell_barrier,covered_with_mask,POLE,POLE,pole_barrier_unconditional,1,8,8,0,"[1, 8]",8,8,8,,,true,false,[],[],"{""missing_expected_channel_count"": 0, ""duplicate_channel_count"": 0, ""force_channel_count"": 8, ""moment_channel_count"": 0}",3,0,,true,true,false,41,false,true,172,X - GLOBAL,NEWTONS,AS MEASURED,PRIMARY,true,true,173,X - GLOBAL,NEWTONS,AS MEASURED,PRIMARY,true,true,174,X - GLOBAL,NEWTONS,AS MEASURED,PRIMARY,true,true,175,X - GLOBAL,NEWTONS,AS MEASURED,PRIMARY,true,true,176,X - GLOBAL,NEWTONS,CHANNEL FAILED,PRIMARY,false,true,177,X - GLOBAL,NEWTONS,AS MEASURED,PRIMARY,true,true,178,X - GLOBAL,NEWTONS,AS MEASURED,PRIMARY,true,true,179,X - GLOBAL,NEWTONS,AS MEASURED,PRIMARY,true,true,136,G'S,AS MEASURED,PRIMARY,true,true,137,G'S,AS MEASURED,PRIMARY,true,true,138,G'S,AS MEASURED,PRIMARY,true
10842,2019-07-29,RESEARCH,VEHICLE INTO POLE,2018 HONDA ACCORD LEFT SIDE FMVSS POLE IMPACT AT 32 KPH,side,research_other,classified,,side_pole_load_cell_8,side_pole_load_cell_barrier,covered_with_mask,POLE,POLE,pole_barrier_unconditional,1,8,8,0,"[1, 8]",8,8,8,,,true,true,[],[],"{""missing_expected_channel_count"": 0, ""duplicate_channel_count"": 0, ""force_channel_count"": 8, ""moment_channel_count"": 0}",3,0,,true,true,false,41,false,true,170,X - GLOBAL,NEWTONS,AS MEASURED,PRIMARY,true,true,171,X - GLOBAL,NEWTONS,AS MEASURED,PRIMARY,true,true,172,X - GLOBAL,NEWTONS,AS MEASURED,PRIMARY,true,true,173,X - GLOBAL,NEWTONS,AS MEASURED,PRIMARY,true,true,174,X - GLOBAL,NEWTONS,AS MEASURED,PRIMARY,true,true,175,X - GLOBAL,NEWTONS,AS MEASURED,PRIMARY,true,true,176,X - GLOBAL,NEWTONS,AS MEASURED,PRIMARY,true,true,177,X - GLOBAL,NEWTONS,AS MEASURED,PRIMARY,true,true,134,G'S,AS MEASURED,PRIMARY,true,true,135,G'S,AS MEASURED,PRIMARY,true,true,136,G'S,AS MEASURED,PRIMARY,true
10845,2019-10-31,RESEARCH,VEHICLE INTO POLE,2018 HONDA ACCORD LEFT SIDE FMVSS POLE IMPACT AT 32 KPH,side,research_other,classified,,side_pole_load_cell_8,side_pole_load_cell_barrier,covered_with_mask,POLE,POLE,pole_barrier_unconditional,1,8,8,0,"[1, 8]",8,8,8,,,true,true,[],[],"{""missing_expected_channel_count"": 0, ""duplicate_channel_count"": 0, ""force_channel_count"": 8, ""moment_channel_count"": 0}",3,0,,true,true,false,41,false,true,173,X - GLOBAL,NEWTONS,AS MEASURED,PRIMARY,true,true,174,X - GLOBAL,NEWTONS,AS MEASURED,PRIMARY,true,true,175,X - GLOBAL,NEWTONS,AS MEASURED,PRIMARY,true,true,176,X - GLOBAL,NEWTONS,AS MEASURED,PRIMARY,true,true,177,X - GLOBAL,NEWTONS,AS MEASURED,PRIMARY,true,true,178,X - GLOBAL,NEWTONS,AS MEASURED,PRIMARY,true,true,179,X - GLOBAL,NEWTONS,AS MEASURED,PRIMARY,true,true,180,X - GLOBAL,NEWTONS,AS MEASURED,PRIMARY,true,true,136,G'S,AS MEASURED,PRIMARY,true,true,137,G'S,AS MEASURED,PRIMARY,true,true,138,G'S,AS MEASURED,PRIMARY,true
10846,2019-11-11,OPTIONAL NEW CAR ASSESSMENT TEST,VEHICLE INTO POLE,NCAP SIDE IMPACT POLE BARRIER- 2020 SUBARU LEGACY 4-DOOR SEDAN,side,side,classified,,side_pole_load_cell_8,side_pole_load_cell_barrier,covered_with_mask,POLE,POLE,pole_barrier_unconditional,1,8,8,0,"[1, 8]",8,8,8,,,true,true,[],[],"{""missing_expected_channel_count"": 0, ""duplicate_channel_count"": 0, ""force_channel_count"": 8, ""moment_channel_count"": 0}",3,0,,true,true,false,27,false,true,35,Y - GLOBAL,NEWTONS,AS MEASURED,PRIMARY,true,true,36,Y - GLOBAL,NEWTONS,AS MEASURED,PRIMARY,true,true,37,Y - GLOBAL,NEWTONS,AS MEASURED,PRIMARY,true,true,38,Y - GLOBAL,NEWTONS,AS MEASURED,PRIMARY,true,true,39,Y - GLOBAL,NEWTONS,AS MEASURED,PRIMARY,true,true,40,Y - GLOBAL,NEWTONS,AS MEASURED,PRIMARY,true,true,41,Y - GLOBAL,NEWTONS,AS MEASURED,PRIMARY,true,true,42,Y - GLOBAL,NEWTONS,AS MEASURED,PRIMARY,true,true,17,G'S,AS MEASURED,PRIMARY,true,true,18,G'S,AS MEASURED,PRIMARY,true,true,19,G'S,AS MEASURED,PRIMARY,true
10911,2019-11-12,OPTIONAL NEW CAR ASSESSMENT TEST,VEHICLE INTO POLE,NCAP SIDE IMPACT POLE BARRIER- 2020 SUBARU OUTBACK 5-DOOR MPV,side,side,classified,,side_pole_load_cell_8,side_pole_load_cell_barrier,covered_with_mask,POLE,POLE,pole_barrier_unconditional,1,8,8,0,"[1, 8]",8,8,8,,,true,true,[],[],"{""missing_expected_channel_count"": 0, ""duplicate_channel_count"": 0, ""force_channel_count"": 8, ""moment_channel_count"": 0}",3,0,,true,false,true,27,false,true,35,Y - GLOBAL,NEWTONS,AS MEASURED,PRIMARY,true,true,36,Y - GLOBAL,NEWTONS,AS MEASURED,PRIMARY,true,true,37,Y - GLOBAL,NEWTONS,AS MEASURED,PRIMARY,true,true,38,Y - GLOBAL,NEWTONS,AS MEASURED,PRIMARY,true,true,39,Y - GLOBAL,NEWTONS,AS MEASURED,PRIMARY,true,true,40,Y - GLOBAL,NEWTONS,AS MEASURED,PRIMARY,true,true,41,Y - GLOBAL,NEWTONS,AS MEASURED,PRIMARY,true,true,42,Y - GLOBAL,NEWTONS,AS MEASURED,PRIMARY,true,true,17,G'S,CHANNEL FAILED,PRIMARY,false,true,18,G'S,AS MEASURED,PRIMARY,true,true,19,G'S,AS MEASURED,PRIMARY,true
10916,2019-11-22,OPTIONAL NEW CAR ASSESSMENT TEST,VEHICLE INTO POLE,OPTIONAL NCAP SIDE POLE - 2020 VOLVO XC40 T4 INSCRIPTION 5-DOOR SUV,side,side,classified,,side_pole_load_cell_8,side_pole_load_cell_barrier,covered_with_mask,POLE,POLE,pole_barrier_unconditional,1,8,8,0,"[1, 8]",8,8,8,,,true,false,[],[],"{""missing_expected_channel_count"": 0, ""duplicate_channel_count"": 0, ""force_channel_count"": 8, ""moment_channel_count"": 0}",3,0,,true,false,true,27,false,true,35,Y - GLOBAL,NEWTONS,AS MEASURED,PRIMARY,true,true,36,Y - GLOBAL,NEWTONS,AS MEASURED,PRIMARY,true,true,37,Y - GLOBAL,NEWTONS,AS MEASURED,PRIMARY,true,true,38,Y - GLOBAL,NEWTONS,AS MEASURED,PRIMARY,true,true,39,Y - GLOBAL,NEWTONS,AS MEASURED,PRIMARY,true,true,40,Y - GLOBAL,NEWTONS,AS MEASURED,PRIMARY,true,true,41,Y - GLOBAL,NEWTONS,AS MEASURED,PRIMARY,true,true,42,Y - GLOBAL,NEWTONS,CHANNEL FAILED,PRIMARY,false,true,17,G'S,AS MEASURED,PRIMARY,true,true,18,G'S,AS MEASURED,PRIMARY,true,true,19,G'S,CHANNEL FAILED,PRIMARY,false
10922,2019-12-03,NEW CAR ASSESSMENT TEST,VEHICLE INTO POLE,75 DEGREE OBLIQUE RIGID POLE SIDE NCAP IMPACT,side,side,classified,,side_pole_load_cell_8,side_pole_load_cell_barrier,covered_with_mask,POLE,POLE,pole_barrier_unconditional,1,8,8,0,"[1, 8]",8,8,8,,,true,true,[],[],"{""missing_expected_channel_count"": 0, ""duplicate_channel_count"": 0, ""force_channel_count"": 8, ""moment_channel_count"": 0}",3,0,,true,true,false,27,false,true,35,X - GLOBAL,NEWTONS,AS MEASURED,PRIMARY,true,true,36,X - GLOBAL,NEWTONS,AS MEASURED,PRIMARY,true,true,37,X - GLOBAL,NEWTONS,AS MEASURED,PRIMARY,true,true,38,X - GLOBAL,NEWTONS,AS MEASURED,PRIMARY,true,true,39,X - GLOBAL,NEWTONS,AS MEASURED,PRIMARY,true,true,40,X - GLOBAL,NEWTONS,AS MEASURED,PRIMARY,true,true,41,X - GLOBAL,NEWTONS,AS MEASURED,PRIMARY,true,true,42,X - GLOBAL,NEWTONS,AS MEASURED,PRIMARY,true,true,17,G'S,AS MEASURED,PRIMARY,true,true,18,G'S,AS MEASURED,PRIMARY,true,true,19,G'S,AS MEASURED,PRIMARY,true
10923,2019-12-02,NEW CAR ASSESSMENT TEST,VEHICLE INTO POLE,NEW CAR ASSESSMENT PROGRAM SIDE POLE BARRIER IMPACT TEST,side,side,classified,,side_pole_load_cell_8,side_pole_load_cell_barrier,covered_with_mask,POLE,POLE,pole_barrier_unconditional,1,8,8,0,"[1, 8]",8,8,8,,,true,false,[],[],"{""missing_expected_channel_count"": 0, ""duplicate_channel_count"": 0, ""force_channel_count"": 8, ""moment_channel_count"": 0}",3,0,,true,true,false,27,false,true,35,Y - GLOBAL,NEWTONS,AS MEASURED,PRIMARY,true,true,36,Y - GLOBAL,NEWTONS,AS MEASURED,PRIMARY,true,true,37,Y - GLOBAL,NEWTONS,AS MEASURED,PRIMARY,true,true,38,Y - GLOBAL,NEWTONS,QUESTIONABLE DATA,PRIMARY,false,true,39,Y - GLOBAL,NEWTONS,AS MEASURED,PRIMARY,true,true,40,Y - GLOBAL,NEWTONS,AS MEASURED,PRIMARY,true,true,41,Y - GLOBAL,NEWTONS,AS MEASURED,PRIMARY,true,true,42,Y - GLOBAL,NEWTONS,AS MEASURED,PRIMARY,true,true,17,G'S,AS MEASURED,PRIMARY,true,true,18,G'S,AS MEASURED,PRIMARY,true,true,19,G'S,AS MEASURED,PRIMARY,true
10927,2019-12-06,NEW CAR ASSESSMENT TEST,VEHICLE INTO POLE,NCAP SIDE IMPACT POLE BARRIER- 2020 NISSAN VERSA 4-DOOR SEDAN,side,side,classified,,side_pole_load_cell_8,side_pole_load_cell_barrier,covered_with_mask,POLE,POLE,pole_barrier_unconditional,1,8,8,0,"[1, 8]",8,8,8,,,true,true,[],[],"{""missing_expected_channel_count"": 0, ""duplicate_channel_count"": 0, ""force_channel_count"": 8, ""moment_channel_count"": 0}",3,0,,true,true,false,27,false,true,35,Y - GLOBAL,NEWTONS,AS MEASURED,PRIMARY,true,true,36,Y - GLOBAL,NEWTONS,AS MEASURED,PRIMARY,true,true,37,Y - GLOBAL,NEWTONS,AS MEASURED,PRIMARY,true,true,38,Y - GLOBAL,NEWTONS,AS MEASURED,PRIMARY,true,true,39,Y - GLOBAL,NEWTONS,AS MEASURED,PRIMARY,true,true,40,Y - GLOBAL,NEWTONS,AS MEASURED,PRIMARY,true,true,41,Y - GLOBAL,NEWTONS,AS MEASURED,PRIMARY,true,true,42,Y - GLOBAL,NEWTONS,AS MEASURED,PRIMARY,true,true,17,G'S,AS MEASURED,PRIMARY,true,true,18,G'S,AS MEASURED,PRIMARY,true,true,19,G'S,AS MEASURED,PRIMARY,true
10928,2019-12-09,NEW CAR ASSESSMENT TEST,VEHICLE INTO POLE,75 DEGREE OBLIQUE RIGID POLE SIDE NCAP IMPACT,side,side,classified,,side_pole_load_cell_8,side_pole_load_cell_barrier,covered_with_mask,POLE,POLE,pole_barrier_unconditional,1,8,8,0,"[1, 8]",8,8,8,,,true,true,[],[],"{""missing_expected_channel_count"": 0, ""duplicate_channel_count"": 0, ""force_channel_count"": 8, ""moment_channel_count"": 0}",3,0,,true,true,false,27,false,true,35,X - GLOBAL,NEWTONS,AS MEASURED,PRIMARY,true,true,36,X - GLOBAL,NEWTONS,AS MEASURED,PRIMARY,true,true,37,X - GLOBAL,NEWTONS,AS MEASURED,PRIMARY,true,true,38,X - GLOBAL,NEWTONS,AS MEASURED,PRIMARY,true,true,39,X - GLOBAL,NEWTONS,AS MEASURED,PRIMARY,true,true,40,X - GLOBAL,NEWTONS,AS MEASURED,PRIMARY,true,true,41,X - GLOBAL,NEWTONS,AS MEASURED,PRIMARY,true,true,42,X - GLOBAL,NEWTONS,AS MEASURED,PRIMARY,true,true,17,G'S,AS MEASURED,PRIMARY,true,true,18,G'S,AS MEASURED,PRIMARY,true,true,19,G'S,AS MEASURED,PRIMARY,true
10960,2019-12-11,NEW CAR ASSESSMENT TEST,VEHICLE INTO POLE,NCAP SIDE POLE - 2020 NISSAN MAXIMA S 4-DOOR SEDAN,side,side,classified,,side_pole_load_cell_8,side_pole_load_cell_barrier,covered_with_mask,POLE,POLE,pole_barrier_unconditional,1,8,8,0,"[1, 8]",8,8,8,,,true,false,[],[],"{""missing_expected_channel_count"": 0, ""duplicate_channel_count"": 0, ""force_channel_count"": 8, ""moment_channel_count"": 0}",3,0,,true,true,false,27,false,true,35,Y - GLOBAL,NEWTONS,AS MEASURED,PRIMARY,true,true,36,Y - GLOBAL,NEWTONS,AS MEASURED,PRIMARY,true,true,37,Y - GLOBAL,NEWTONS,AS MEASURED,PRIMARY,true,true,38,Y - GLOBAL,NEWTONS,AS MEASURED,PRIMARY,true,true,39,Y - GLOBAL,NEWTONS,AS MEASURED,PRIMARY,true,true,40,Y - GLOBAL,NEWTONS,AS MEASURED,PRIMARY,true,true,41,Y - GLOBAL,NEWTONS,AS MEASURED,PRIMARY,true,true,42,Y - GLOBAL,NEWTONS,CHANNEL FAILED,PRIMARY,false,true,17,G'S,AS MEASURED,PRIMARY,true,true,18,G'S,AS MEASURED,PRIMARY,true,true,19,G'S,AS MEASURED,PRIMARY,true
10967,2020-01-07,NEW CAR ASSESSMENT TEST,VEHICLE INTO POLE,NEW CAR ASSESSMENT PROGRAM SIDE POLE BARRIER IMPACT TEST,side,side,classified,,side_pole_load_cell_8,side_pole_load_cell_barrier,covered_with_mask,POLE,POLE,pole_barrier_unconditional,1,8,8,0,"[1, 8]",8,8,8,,,true,false,[],[],"{""missing_expected_channel_count"": 0, ""duplicate_channel_count"": 0, ""force_channel_count"": 8, ""moment_channel_count"": 0}",3,0,,true,false,true,27,false,true,35,Y - GLOBAL,NEWTONS,AS MEASURED,PRIMARY,true,true,36,Y - GLOBAL,NEWTONS,AS MEASURED,PRIMARY,true,true,37,Y - GLOBAL,NEWTONS,AS MEASURED,PRIMARY,true,true,38,Y - GLOBAL,NEWTONS,AS MEASURED,PRIMARY,true,true,39,Y - GLOBAL,NEWTONS,AS MEASURED,PRIMARY,true,true,40,Y - GLOBAL,NEWTONS,AS MEASURED,PRIMARY,true,true,41,Y - GLOBAL,NEWTONS,AS MEASURED,PRIMARY,true,true,42,Y - GLOBAL,NEWTONS,QUESTIONABLE DATA,PRIMARY,false,true,17,G'S,AS MEASURED,PRIMARY,true,true,18,G'S,QUESTIONABLE DATA,PRIMARY,false,true,19,G'S,AS MEASURED,PRIMARY,true
10969,2020-01-08,NEW CAR ASSESSMENT TEST,VEHICLE INTO POLE,NCAP SIDE POLE - 2020 HYUNDAI ACCENT SE 4-DOOR SEDAN,side,side,classified,,side_pole_load_cell_8,side_pole_load_cell_barrier,covered_with_mask,POLE,POLE,pole_barrier_unconditional,1,8,8,0,"[1, 8]",8,8,8,,,true,false,[],[],"{""missing_expected_channel_count"": 0, ""duplicate_channel_count"": 0, ""force_channel_count"": 8, ""moment_channel_count"": 0}",3,0,,true,true,false,27,false,true,35,Y - GLOBAL,NEWTONS,AS MEASURED,PRIMARY,true,true,36,Y - GLOBAL,NEWTONS,AS MEASURED,PRIMARY,true,true,37,Y - GLOBAL,NEWTONS,AS MEASURED,PRIMARY,true,true,38,Y - GLOBAL,NEWTONS,AS MEASURED,PRIMARY,true,true,39,Y - GLOBAL,NEWTONS,AS MEASURED,PRIMARY,true,true,40,Y - GLOBAL,NEWTONS,AS MEASURED,PRIMARY,true,true,41,Y - GLOBAL,NEWTONS,AS MEASURED,PRIMARY,true,true,42,Y - GLOBAL,NEWTONS,CHANNEL FAILED,PRIMARY,false,true,17,G'S,AS MEASURED,PRIMARY,true,true,18,G'S,AS MEASURED,PRIMARY,true,true,19,G'S,AS MEASURED,PRIMARY,true
10973,2020-01-10,NEW CAR ASSESSMENT TEST,VEHICLE INTO POLE,NCAP SIDE IMPACT POLE BARRIER- 2020 MAZDA3 4-DOOR SEDAN,side,side,classified,,side_pole_load_cell_8,side_pole_load_cell_barrier,covered_with_mask,POLE,POLE,pole_barrier_unconditional,1,8,8,0,"[1, 8]",8,8,8,,,true,true,[],[],"{""missing_expected_channel_count"": 0, ""duplicate_channel_count"": 0, ""force_channel_count"": 8, ""moment_channel_count"": 0}",3,0,,true,false,true,27,false,true,35,Y - GLOBAL,NEWTONS,AS MEASURED,PRIMARY,true,true,36,Y - GLOBAL,NEWTONS,AS MEASURED,PRIMARY,true,true,37,Y - GLOBAL,NEWTONS,AS MEASURED,PRIMARY,true,true,38,Y - GLOBAL,NEWTONS,AS MEASURED,PRIMARY,true,true,39,Y - GLOBAL,NEWTONS,AS MEASURED,PRIMARY,true,true,40,Y - GLOBAL,NEWTONS,AS MEASURED,PRIMARY,true,true,41,Y - GLOBAL,NEWTONS,AS MEASURED,PRIMARY,true,true,42,Y - GLOBAL,NEWTONS,AS MEASURED,PRIMARY,true,true,17,G'S,CHANNEL FAILED,PRIMARY,false,true,18,G'S,CHANNEL FAILED,PRIMARY,false,true,19,G'S,CHANNEL FAILED,PRIMARY,false
10975,2020-01-22,NEW CAR ASSESSMENT TEST,VEHICLE INTO POLE,75 DEGREE OBLIQUE RIGID POLE SIDE NCAP IMPACT,side,side,classified,,side_pole_load_cell_8,side_pole_load_cell_barrier,covered_with_mask,POLE,POLE,pole_barrier_unconditional,1,8,8,0,"[1, 8]",8,8,8,,,true,true,[],[],"{""missing_expected_channel_count"": 0, ""duplicate_channel_count"": 0, ""force_channel_count"": 8, ""moment_channel_count"": 0}",3,0,,true,true,false,27,false,true,35,X - GLOBAL,NEWTONS,AS MEASURED,PRIMARY,true,true,36,X - GLOBAL,NEWTONS,AS MEASURED,PRIMARY,true,true,37,X - GLOBAL,NEWTONS,AS MEASURED,PRIMARY,true,true,38,X - GLOBAL,NEWTONS,AS MEASURED,PRIMARY,true,true,39,X - GLOBAL,NEWTONS,AS MEASURED,PRIMARY,true,true,40,X - GLOBAL,NEWTONS,AS MEASURED,PRIMARY,true,true,41,X - GLOBAL,NEWTONS,AS MEASURED,PRIMARY,true,true,42,X - GLOBAL,NEWTONS,AS MEASURED,PRIMARY,true,true,17,G'S,AS MEASURED,PRIMARY,true,true,18,G'S,AS MEASURED,PRIMARY,true,true,19,G'S,AS MEASURED,PRIMARY,true
10980,2020-01-23,NEW CAR ASSESSMENT TEST,VEHICLE INTO POLE,NCAP SIDE IMPACT POLE BARRIER- 2020 VOLVO XC60 T5 5-DOOR MPV,side,side,classified,,side_pole_load_cell_8,side_pole_load_cell_barrier,covered_with_mask,POLE,POLE,pole_barrier_unconditional,1,8,8,0,"[1, 8]",8,8,8,,,true,true,[],[],"{""missing_expected_channel_count"": 0, ""duplicate_channel_count"": 0, ""force_channel_count"": 8, ""moment_channel_count"": 0}",3,0,,true,true,false,27,false,true,35,Y - GLOBAL,NEWTONS,AS MEASURED,PRIMARY,true,true,36,Y - GLOBAL,NEWTONS,AS MEASURED,PRIMARY,true,true,37,Y - GLOBAL,NEWTONS,AS MEASURED,PRIMARY,true,true,38,Y - GLOBAL,NEWTONS,AS MEASURED,PRIMARY,true,true,39,Y - GLOBAL,NEWTONS,AS MEASURED,PRIMARY,true,true,40,Y - GLOBAL,NEWTONS,AS MEASURED,PRIMARY,true,true,41,Y - GLOBAL,NEWTONS,AS MEASURED,PRIMARY,true,true,42,Y - GLOBAL,NEWTONS,AS MEASURED,PRIMARY,true,true,17,G'S,AS MEASURED,PRIMARY,true,true,18,G'S,AS MEASURED,PRIMARY,true,true,19,G'S,AS MEASURED,PRIMARY,true
10983,2020-01-30,OPTIONAL NEW CAR ASSESSMENT TEST,VEHICLE INTO POLE,OPTIONAL NCAP SIDE POLE - 2019 AUDI A6 QUATTRO 4-DOOR SEDAN,side,side,classified,,side_pole_load_cell_8,side_pole_load_cell_barrier,covered_with_mask,POLE,POLE,pole_barrier_unconditional,1,8,8,0,"[1, 8]",8,8,8,,,true,false,[],[],"{""missing_expected_channel_count"": 0, ""duplicate_channel_count"": 0, ""force_channel_count"": 8, ""moment_channel_count"": 0}",3,0,,true,true,false,27,false,true,35,Y - GLOBAL,NEWTONS,AS MEASURED,PRIMARY,true,true,36,Y - GLOBAL,NEWTONS,AS MEASURED,PRIMARY,true,true,37,Y - GLOBAL,NEWTONS,AS MEASURED,PRIMARY,true,true,38,Y - GLOBAL,NEWTONS,AS MEASURED,PRIMARY,true,true,39,Y - GLOBAL,NEWTONS,AS MEASURED,PRIMARY,true,true,40,Y - GLOBAL,NEWTONS,AS MEASURED,PRIMARY,true,true,41,Y - GLOBAL,NEWTONS,AS MEASURED,PRIMARY,true,true,42,Y - GLOBAL,NEWTONS,CHANNEL FAILED,PRIMARY,false,true,17,G'S,AS MEASURED,PRIMARY,true,true,18,G'S,AS MEASURED,PRIMARY,true,true,19,G'S,AS MEASURED,PRIMARY,true
10984,2020-02-10,NEW CAR ASSESSMENT TEST,VEHICLE INTO POLE,NEW CAR ASSESSMENT PROGRAM SIDE POLE BARRIER IMPACT TEST,side,side,classified,,side_pole_load_cell_8,side_pole_load_cell_barrier,covered_with_mask,POLE,POLE,pole_barrier_unconditional,1,8,8,0,"[1, 8]",8,8,8,,,true,true,[],[],"{""missing_expected_channel_count"": 0, ""duplicate_channel_count"": 0, ""force_channel_count"": 8, ""moment_channel_count"": 0}",3,0,,true,true,false,27,false,true,35,Y - GLOBAL,NEWTONS,AS MEASURED,PRIMARY,true,true,36,Y - GLOBAL,NEWTONS,AS MEASURED,PRIMARY,true,true,37,Y - GLOBAL,NEWTONS,AS MEASURED,PRIMARY,true,true,38,Y - GLOBAL,NEWTONS,AS MEASURED,PRIMARY,true,true,39,Y - GLOBAL,NEWTONS,AS MEASURED,PRIMARY,true,true,40,Y - GLOBAL,NEWTONS,AS MEASURED,PRIMARY,true,true,41,Y - GLOBAL,NEWTONS,AS MEASURED,PRIMARY,true,true,42,Y - GLOBAL,NEWTONS,AS MEASURED,PRIMARY,true,true,17,G'S,AS MEASURED,PRIMARY,true,true,18,G'S,AS MEASURED,PRIMARY,true,true,19,G'S,AS MEASURED,PRIMARY,true
10987,2020-02-21,NEW CAR ASSESSMENT TEST,VEHICLE INTO POLE,75 DEGREE OBLIQUE RIGID POLE SIDE NCAP IMPACT,side,side,classified,,side_pole_load_cell_8,side_pole_load_cell_barrier,covered_with_mask,POLE,POLE,pole_barrier_unconditional,1,8,8,0,"[1, 8]",8,8,8,,,true,true,[],[],"{""missing_expected_channel_count"": 0, ""duplicate_channel_count"": 0, ""force_channel_count"": 8, ""moment_channel_count"": 0}",3,0,,true,true,false,27,false,true,35,X - GLOBAL,NEWTONS,AS MEASURED,PRIMARY,true,true,36,X - GLOBAL,NEWTONS,AS MEASURED,PRIMARY,true,true,37,X - GLOBAL,NEWTONS,AS MEASURED,PRIMARY,true,true,38,X - GLOBAL,NEWTONS,AS MEASURED,PRIMARY,true,true,39,X - GLOBAL,NEWTONS,AS MEASURED,PRIMARY,true,true,40,X - GLOBAL,NEWTONS,AS MEASURED,PRIMARY,true,true,41,X - GLOBAL,NEWTONS,AS MEASURED,PRIMARY,true,true,42,X - GLOBAL,NEWTONS,AS MEASURED,PRIMARY,true,true,17,G'S,AS MEASURED,PRIMARY,true,true,18,G'S,AS MEASURED,PRIMARY,true,true,19,G'S,AS MEASURED,PRIMARY,true
10989,2020-02-19,NEW CAR ASSESSMENT TEST,VEHICLE INTO POLE,NCAP SIDE IMPACT POLE BARRIER- 2020 HYUNDAI PALISADE 5-DOOR MPV,side,side,classified,,side_pole_load_cell_8,side_pole_load_cell_barrier,covered_with_mask,POLE,POLE,pole_barrier_unconditional,1,8,8,0,"[1, 8]",8,8,8,,,true,true,[],[],"{""missing_expected_channel_count"": 0, ""duplicate_channel_count"": 0, ""force_channel_count"": 8, ""moment_channel_count"": 0}",3,0,,true,false,true,27,false,true,35,Y - GLOBAL,NEWTONS,AS MEASURED,PRIMARY,true,true,36,Y - GLOBAL,NEWTONS,AS MEASURED,PRIMARY,true,true,37,Y - GLOBAL,NEWTONS,AS MEASURED,PRIMARY,true,true,38,Y - GLOBAL,NEWTONS,AS MEASURED,PRIMARY,true,true,39,Y - GLOBAL,NEWTONS,AS MEASURED,PRIMARY,true,true,40,Y - GLOBAL,NEWTONS,AS MEASURED,PRIMARY,true,true,41,Y - GLOBAL,NEWTONS,AS MEASURED,PRIMARY,true,true,42,Y - GLOBAL,NEWTONS,AS MEASURED,PRIMARY,true,true,17,G'S,CHANNEL FAILED,PRIMARY,false,true,18,G'S,AS MEASURED,PRIMARY,true,true,19,G'S,AS MEASURED,PRIMARY,true
10991,2020-02-10,NEW CAR ASSESSMENT TEST,VEHICLE INTO POLE,NCAP SIDE POLE - 2020 GMC ACADIA SLE 5-DOOR SUV,side,side,classified,,side_pole_load_cell_8,side_pole_load_cell_barrier,covered_with_mask,POLE,POLE,pole_barrier_unconditional,1,8,8,0,"[1, 8]",8,8,8,,,true,false,[],[],"{""missing_expected_channel_count"": 0, ""duplicate_channel_count"": 0, ""force_channel_count"": 8, ""moment_channel_count"": 0}",3,0,,true,true,false,27,false,true,35,Y - GLOBAL,NEWTONS,AS MEASURED,PRIMARY,true,true,36,Y - GLOBAL,NEWTONS,AS MEASURED,PRIMARY,true,true,37,Y - GLOBAL,NEWTONS,AS MEASURED,PRIMARY,true,true,38,Y - GLOBAL,NEWTONS,AS MEASURED,PRIMARY,true,true,39,Y - GLOBAL,NEWTONS,AS MEASURED,PRIMARY,true,true,40,Y - GLOBAL,NEWTONS,AS MEASURED,PRIMARY,true,true,41,Y - GLOBAL,NEWTONS,AS MEASURED,PRIMARY,true,true,42,Y - GLOBAL,NEWTONS,CHANNEL FAILED,PRIMARY,false,true,17,G'S,AS MEASURED,PRIMARY,true,true,18,G'S,AS MEASURED,PRIMARY,true,true,19,G'S,AS MEASURED,PRIMARY,true
10996,2020-02-28,NEW CAR ASSESSMENT TEST,VEHICLE INTO POLE,NCAP SIDE IMPACT POLE BARRIER- 2020 NISSAN KICKS 5-DOOR HATCHBACK,side,side,classified,,side_pole_load_cell_8,side_pole_load_cell_barrier,covered_with_mask,POLE,POLE,pole_barrier_unconditional,1,8,8,0,"[1, 8]",8,8,8,,,true,true,[],[],"{""missing_expected_channel_count"": 0, ""duplicate_channel_count"": 0, ""force_channel_count"": 8, ""moment_channel_count"": 0}",3,0,,true,true,false,27,false,true,35,Y - GLOBAL,NEWTONS,AS MEASURED,PRIMARY,true,true,36,Y - GLOBAL,NEWTONS,AS MEASURED,PRIMARY,true,true,37,Y - GLOBAL,NEWTONS,AS MEASURED,PRIMARY,true,true,38,Y - GLOBAL,NEWTONS,AS MEASURED,PRIMARY,true,true,39,Y - GLOBAL,NEWTONS,AS MEASURED,PRIMARY,true,true,40,Y - GLOBAL,NEWTONS,AS MEASURED,PRIMARY,true,true,41,Y - GLOBAL,NEWTONS,AS MEASURED,PRIMARY,true,true,42,Y - GLOBAL,NEWTONS,AS MEASURED,PRIMARY,true,true,17,G'S,AS MEASURED,PRIMARY,true,true,18,G'S,AS MEASURED,PRIMARY,true,true,19,G'S,AS MEASURED,PRIMARY,true
10997,2020-03-02,NEW CAR ASSESSMENT TEST,VEHICLE INTO POLE,NEW CAR ASSESSMENT PROGRAM SIDE POLE BARRIER IMPACT TEST,side,side,classified,,side_pole_load_cell_8,side_pole_load_cell_barrier,covered_with_mask,POLE,POLE,pole_barrier_unconditional,1,8,8,0,"[1, 8]",8,8,8,,,true,true,[],[],"{""missing_expected_channel_count"": 0, ""duplicate_channel_count"": 0, ""force_channel_count"": 8, ""moment_channel_count"": 0}",3,0,,true,true,false,27,false,true,35,Y - GLOBAL,NEWTONS,AS MEASURED,PRIMARY,true,true,36,Y - GLOBAL,NEWTONS,AS MEASURED,PRIMARY,true,true,37,Y - GLOBAL,NEWTONS,AS MEASURED,PRIMARY,true,true,38,Y - GLOBAL,NEWTONS,AS MEASURED,PRIMARY,true,true,39,Y - GLOBAL,NEWTONS,AS MEASURED,PRIMARY,true,true,40,Y - GLOBAL,NEWTONS,AS MEASURED,PRIMARY,true,true,41,Y - GLOBAL,NEWTONS,AS MEASURED,PRIMARY,true,true,42,Y - GLOBAL,NEWTONS,AS MEASURED,PRIMARY,true,true,17,G'S,AS MEASURED,PRIMARY,true,true,18,G'S,AS MEASURED,PRIMARY,true,true,19,G'S,AS MEASURED,PRIMARY,true
11045,2020-03-10,NEW CAR ASSESSMENT TEST,VEHICLE INTO POLE,NEW CAR ASSESSMENT PROGRAM SIDE POLE BARRIER IMPACT TEST,side,side,classified,,side_pole_load_cell_8,side_pole_load_cell_barrier,covered_with_mask,POLE,POLE,pole_barrier_unconditional,1,8,8,0,"[1, 8]",8,8,8,,,true,true,[],[],"{""missing_expected_channel_count"": 0, ""duplicate_channel_count"": 0, ""force_channel_count"": 8, ""moment_channel_count"": 0}",3,0,,true,true,false,27,false,true,35,Y - GLOBAL,NEWTONS,AS MEASURED,PRIMARY,true,true,36,Y - GLOBAL,NEWTONS,AS MEASURED,PRIMARY,true,true,37,Y - GLOBAL,NEWTONS,AS MEASURED,PRIMARY,true,true,38,Y - GLOBAL,NEWTONS,AS MEASURED,PRIMARY,true,true,39,Y - GLOBAL,NEWTONS,AS MEASURED,PRIMARY,true,true,40,Y - GLOBAL,NEWTONS,AS MEASURED,PRIMARY,true,true,41,Y - GLOBAL,NEWTONS,AS MEASURED,PRIMARY,true,true,42,Y - GLOBAL,NEWTONS,AS MEASURED,PRIMARY,true,true,17,G'S,AS MEASURED,PRIMARY,true,true,18,G'S,AS MEASURED,PRIMARY,true,true,19,G'S,AS MEASURED,PRIMARY,true
11050,2020-03-18,OPTIONAL NEW CAR ASSESSMENT TEST,VEHICLE INTO POLE,OPTIONAL NCAP SIDE POLE - 2020 HYUNDAI SONATA SE 4-DOOR SEDAN,side,side,classified,,side_pole_load_cell_8,side_pole_load_cell_barrier,covered_with_mask,POLE,POLE,pole_barrier_unconditional,1,8,8,0,"[1, 8]",8,8,8,,,true,false,[],[],"{""missing_expected_channel_count"": 0, ""duplicate_channel_count"": 0, ""force_channel_count"": 8, ""moment_channel_count"": 0}",3,0,,true,true,false,27,false,true,35,Y - GLOBAL,NEWTONS,AS MEASURED,PRIMARY,true,true,36,Y - GLOBAL,NEWTONS,AS MEASURED,PRIMARY,true,true,37,Y - GLOBAL,NEWTONS,AS MEASURED,PRIMARY,true,true,38,Y - GLOBAL,NEWTONS,AS MEASURED,PRIMARY,true,true,39,Y - GLOBAL,NEWTONS,AS MEASURED,PRIMARY,true,true,40,Y - GLOBAL,NEWTONS,AS MEASURED,PRIMARY,true,true,41,Y - GLOBAL,NEWTONS,AS MEASURED,PRIMARY,true,true,42,Y - GLOBAL,NEWTONS,CHANNEL FAILED,PRIMARY,false,true,17,G'S,AS MEASURED,PRIMARY,true,true,18,G'S,AS MEASURED,PRIMARY,true,true,19,G'S,AS MEASURED,PRIMARY,true
11051,2020-03-23,NEW CAR ASSESSMENT TEST,VEHICLE INTO POLE,NEW CAR ASSESSMENT PROGRAM SIDE POLE BARRIER IMPACT TEST,side,side,classified,,side_pole_load_cell_8,side_pole_load_cell_barrier,covered_with_mask,POLE,POLE,pole_barrier_unconditional,1,8,8,0,"[1, 8]",8,8,8,,,true,false,[],[],"{""missing_expected_channel_count"": 0, ""duplicate_channel_count"": 0, ""force_channel_count"": 8, ""moment_channel_count"": 0}",3,0,,true,true,false,27,false,true,35,Y - GLOBAL,NEWTONS,AS MEASURED,PRIMARY,true,true,36,Y - GLOBAL,NEWTONS,QUESTIONABLE DATA,PRIMARY,false,true,37,Y - GLOBAL,NEWTONS,AS MEASURED,PRIMARY,true,true,38,Y - GLOBAL,NEWTONS,AS MEASURED,PRIMARY,true,true,39,Y - GLOBAL,NEWTONS,AS MEASURED,PRIMARY,true,true,40,Y - GLOBAL,NEWTONS,AS MEASURED,PRIMARY,true,true,41,Y - GLOBAL,NEWTONS,AS MEASURED,PRIMARY,true,true,42,Y - GLOBAL,NEWTONS,AS MEASURED,PRIMARY,true,true,17,G'S,AS MEASURED,PRIMARY,true,true,18,G'S,AS MEASURED,PRIMARY,true,true,19,G'S,AS MEASURED,PRIMARY,true
11054,2020-04-06,NEW CAR ASSESSMENT TEST,VEHICLE INTO POLE,NEW CAR ASSESSMENT PROGRAM SIDE POLE BARRIER IMPACT TEST,side,side,classified,,side_pole_load_cell_8,side_pole_load_cell_barrier,covered_with_mask,POLE,POLE,pole_barrier_unconditional,1,8,8,0,"[1, 8]",8,8,8,,,true,true,[],[],"{""missing_expected_channel_count"": 0, ""duplicate_channel_count"": 0, ""force_channel_count"": 8, ""moment_channel_count"": 0}",3,0,,true,true,false,27,false,true,35,Y - GLOBAL,NEWTONS,AS MEASURED,PRIMARY,true,true,36,Y - GLOBAL,NEWTONS,AS MEASURED,PRIMARY,true,true,37,Y - GLOBAL,NEWTONS,AS MEASURED,PRIMARY,true,true,38,Y - GLOBAL,NEWTONS,AS MEASURED,PRIMARY,true,true,39,Y - GLOBAL,NEWTONS,AS MEASURED,PRIMARY,true,true,40,Y - GLOBAL,NEWTONS,AS MEASURED,PRIMARY,true,true,41,Y - GLOBAL,NEWTONS,AS MEASURED,PRIMARY,true,true,42,Y - GLOBAL,NEWTONS,AS MEASURED,PRIMARY,true,true,17,G'S,AS MEASURED,PRIMARY,true,true,18,G'S,AS MEASURED,PRIMARY,true,true,19,G'S,AS MEASURED,PRIMARY,true
11063,2020-04-20,NEW CAR ASSESSMENT TEST,VEHICLE INTO POLE,NEW CAR ASSESSMENT PROGRAM SIDE POLE BARRIER IMPACT TEST,side,side,classified,,side_pole_load_cell_8,side_pole_load_cell_barrier,covered_with_mask,POLE,POLE,pole_barrier_unconditional,1,8,8,0,"[1, 8]",8,8,8,,,true,true,[],[],"{""missing_expected_channel_count"": 0, ""duplicate_channel_count"": 0, ""force_channel_count"": 8, ""moment_channel_count"": 0}",3,0,,true,true,false,27,false,true,35,Y - GLOBAL,NEWTONS,AS MEASURED,PRIMARY,true,true,36,Y - GLOBAL,NEWTONS,AS MEASURED,PRIMARY,true,true,37,Y - GLOBAL,NEWTONS,AS MEASURED,PRIMARY,true,true,38,Y - GLOBAL,NEWTONS,AS MEASURED,PRIMARY,true,true,39,Y - GLOBAL,NEWTONS,AS MEASURED,PRIMARY,true,true,40,Y - GLOBAL,NEWTONS,AS MEASURED,PRIMARY,true,true,41,Y - GLOBAL,NEWTONS,AS MEASURED,PRIMARY,true,true,42,Y - GLOBAL,NEWTONS,AS MEASURED,PRIMARY,true,true,17,G'S,AS MEASURED,PRIMARY,true,true,18,G'S,AS MEASURED,PRIMARY,true,true,19,G'S,AS MEASURED,PRIMARY,true
11067,2020-05-12,NEW CAR ASSESSMENT TEST,VEHICLE INTO POLE,NEW CAR ASSESSMENT PROGRAM SIDE POLE BARRIER IMPACT TEST,side,side,classified,,side_pole_load_cell_8,side_pole_load_cell_barrier,covered_with_mask,POLE,POLE,pole_barrier_unconditional,1,8,8,0,"[1, 8]",8,8,8,,,true,true,[],[],"{""missing_expected_channel_count"": 0, ""duplicate_channel_count"": 0, ""force_channel_count"": 8, ""moment_channel_count"": 0}",3,0,,true,false,true,27,false,true,35,Y - GLOBAL,NEWTONS,AS MEASURED,PRIMARY,true,true,36,Y - GLOBAL,NEWTONS,AS MEASURED,PRIMARY,true,true,37,Y - GLOBAL,NEWTONS,AS MEASURED,PRIMARY,true,true,38,Y - GLOBAL,NEWTONS,AS MEASURED,PRIMARY,true,true,39,Y - GLOBAL,NEWTONS,AS MEASURED,PRIMARY,true,true,40,Y - GLOBAL,NEWTONS,AS MEASURED,PRIMARY,true,true,41,Y - GLOBAL,NEWTONS,AS MEASURED,PRIMARY,true,true,42,Y - GLOBAL,NEWTONS,AS MEASURED,PRIMARY,true,true,17,G'S,AS MEASURED,PRIMARY,true,true,18,G'S,AS MEASURED,PRIMARY,true,true,19,G'S,QUESTIONABLE DATA,PRIMARY,false
11069,2020-05-14,NEW CAR ASSESSMENT TEST,VEHICLE INTO POLE,NCAP SIDE IMPACT POLE BARRIER- 2020 NISSAN SENTRA 4-DOOR SEDAN,side,side,classified,,side_pole_load_cell_8,side_pole_load_cell_barrier,covered_with_mask,POLE,POLE,pole_barrier_unconditional,1,8,8,0,"[1, 8]",8,8,8,,,true,true,[],[],"{""missing_expected_channel_count"": 0, ""duplicate_channel_count"": 0, ""force_channel_count"": 8, ""moment_channel_count"": 0}",3,0,,true,true,false,27,false,true,35,X - GLOBAL,NEWTONS,AS MEASURED,PRIMARY,true,true,36,X - GLOBAL,NEWTONS,AS MEASURED,PRIMARY,true,true,37,X - GLOBAL,NEWTONS,AS MEASURED,PRIMARY,true,true,38,X - GLOBAL,NEWTONS,AS MEASURED,PRIMARY,true,true,39,X - GLOBAL,NEWTONS,AS MEASURED,PRIMARY,true,true,40,X - GLOBAL,NEWTONS,AS MEASURED,PRIMARY,true,true,41,X - GLOBAL,NEWTONS,AS MEASURED,PRIMARY,true,true,42,X - GLOBAL,NEWTONS,AS MEASURED,PRIMARY,true,true,17,G'S,AS MEASURED,PRIMARY,true,true,18,G'S,AS MEASURED,PRIMARY,true,true,19,G'S,AS MEASURED,PRIMARY,true
11072,2020-05-18,OPTIONAL NEW CAR ASSESSMENT TEST,VEHICLE INTO POLE,NEW CAR ASSESSMENT PROGRAM SIDE POLE BARRIER IMPACT TEST,side,side,classified,,side_pole_load_cell_8,side_pole_load_cell_barrier,covered_with_mask,POLE,POLE,pole_barrier_unconditional,1,8,8,0,"[1, 8]",8,8,8,,,true,false,[],[],"{""missing_expected_channel_count"": 0, ""duplicate_channel_count"": 0, ""force_channel_count"": 8, ""moment_channel_count"": 0}",3,0,,true,true,false,27,false,true,35,Y - GLOBAL,NEWTONS,QUESTIONABLE DATA,PRIMARY,false,true,36,Y - GLOBAL,NEWTONS,AS MEASURED,PRIMARY,true,true,37,Y - GLOBAL,NEWTONS,AS MEASURED,PRIMARY,true,true,38,Y - GLOBAL,NEWTONS,AS MEASURED,PRIMARY,true,true,39,Y - GLOBAL,NEWTONS,AS MEASURED,PRIMARY,true,true,40,Y - GLOBAL,NEWTONS,AS MEASURED,PRIMARY,true,true,41,Y - GLOBAL,NEWTONS,AS MEASURED,PRIMARY,true,true,42,Y - GLOBAL,NEWTONS,AS MEASURED,PRIMARY,true,true,17,G'S,AS MEASURED,PRIMARY,true,true,18,G'S,AS MEASURED,PRIMARY,true,true,19,G'S,AS MEASURED,PRIMARY,true
11076,2020-05-27,NEW CAR ASSESSMENT TEST,VEHICLE INTO POLE,NEW CAR ASSESSMENT PROGRAM SIDE POLE BARRIER IMPACT TEST,side,side,classified,,side_pole_load_cell_8,side_pole_load_cell_barrier,covered_with_mask,POLE,POLE,pole_barrier_unconditional,1,8,8,0,"[1, 8]",8,8,8,,,true,true,[],[],"{""missing_expected_channel_count"": 0, ""duplicate_channel_count"": 0, ""force_channel_count"": 8, ""moment_channel_count"": 0}",3,0,,true,true,false,27,false,true,35,Y - GLOBAL,NEWTONS,AS MEASURED,PRIMARY,true,true,36,Y - GLOBAL,NEWTONS,AS MEASURED,PRIMARY,true,true,37,Y - GLOBAL,NEWTONS,AS MEASURED,PRIMARY,true,true,38,Y - GLOBAL,NEWTONS,AS MEASURED,PRIMARY,true,true,39,Y - GLOBAL,NEWTONS,AS MEASURED,PRIMARY,true,true,40,Y - GLOBAL,NEWTONS,AS MEASURED,PRIMARY,true,true,41,Y - GLOBAL,NEWTONS,AS MEASURED,PRIMARY,true,true,42,Y - GLOBAL,NEWTONS,AS MEASURED,PRIMARY,true,true,17,G'S,AS MEASURED,PRIMARY,true,true,18,G'S,AS MEASURED,PRIMARY,true,true,19,G'S,AS MEASURED,PRIMARY,true
11078,2020-06-09,OPTIONAL NEW CAR ASSESSMENT TEST,VEHICLE INTO POLE,OPTIONAL NCAP SIDE POLE - 2021 KIA SELTOS S 5-DOOR SUV,side,side,classified,,side_pole_load_cell_8,side_pole_load_cell_barrier,covered_with_mask,POLE,POLE,pole_barrier_unconditional,1,8,8,0,"[1, 8]",8,8,8,,,true,false,[],[],"{""missing_expected_channel_count"": 0, ""duplicate_channel_count"": 0, ""force_channel_count"": 8, ""moment_channel_count"": 0}",3,0,,true,true,false,27,false,true,35,Y - GLOBAL,NEWTONS,AS MEASURED,PRIMARY,true,true,36,Y - GLOBAL,NEWTONS,AS MEASURED,PRIMARY,true,true,37,Y - GLOBAL,NEWTONS,AS MEASURED,PRIMARY,true,true,38,Y - GLOBAL,NEWTONS,AS MEASURED,PRIMARY,true,true,39,Y - GLOBAL,NEWTONS,AS MEASURED,PRIMARY,true,true,40,Y - GLOBAL,NEWTONS,AS MEASURED,PRIMARY,true,true,41,Y - GLOBAL,NEWTONS,AS MEASURED,PRIMARY,true,true,42,Y - GLOBAL,NEWTONS,CHANNEL FAILED,PRIMARY,false,true,17,G'S,AS MEASURED,PRIMARY,true,true,18,G'S,AS MEASURED,PRIMARY,true,true,19,G'S,AS MEASURED,PRIMARY,true
11082,2020-06-18,NEW CAR ASSESSMENT TEST,VEHICLE INTO POLE,NCAP SIDE POLE - 2020 CADILLAC CT5 LUXURY 4-DOOR SEDAN,side,side,classified,,side_pole_load_cell_8,side_pole_load_cell_barrier,covered_with_mask,POLE,POLE,pole_barrier_unconditional,1,8,8,0,"[1, 8]",8,8,8,,,true,false,[],[],"{""missing_expected_channel_count"": 0, ""duplicate_channel_count"": 0, ""force_channel_count"": 8, ""moment_channel_count"": 0}",3,0,,true,false,true,27,false,true,35,Y - GLOBAL,NEWTONS,AS MEASURED,PRIMARY,true,true,36,Y - GLOBAL,NEWTONS,AS MEASURED,PRIMARY,true,true,37,Y - GLOBAL,NEWTONS,AS MEASURED,PRIMARY,true,true,38,Y - GLOBAL,NEWTONS,AS MEASURED,PRIMARY,true,true,39,Y - GLOBAL,NEWTONS,AS MEASURED,PRIMARY,true,true,40,Y - GLOBAL,NEWTONS,AS MEASURED,PRIMARY,true,true,41,Y - GLOBAL,NEWTONS,AS MEASURED,PRIMARY,true,true,42,Y - GLOBAL,NEWTONS,CHANNEL FAILED,PRIMARY,false,true,17,G'S,AS MEASURED,PRIMARY,true,true,18,G'S,CHANNEL FAILED,PRIMARY,false,true,19,G'S,AS MEASURED,PRIMARY,true
11128,2020-06-24,NEW CAR ASSESSMENT TEST,VEHICLE INTO POLE,NCAP SIDE POLE - 2020 NISSAN TITAN SV CREW CAB TRUCK,side,side,classified,,side_pole_load_cell_8,side_pole_load_cell_barrier,covered_with_mask,POLE,POLE,pole_barrier_unconditional,1,8,8,0,"[1, 8]",8,8,8,,,true,false,[],[],"{""missing_expected_channel_count"": 0, ""duplicate_channel_count"": 0, ""force_channel_count"": 8, ""moment_channel_count"": 0}",3,0,,true,true,false,27,false,true,35,Y - GLOBAL,NEWTONS,AS MEASURED,PRIMARY,true,true,36,Y - GLOBAL,NEWTONS,AS MEASURED,PRIMARY,true,true,37,Y - GLOBAL,NEWTONS,AS MEASURED,PRIMARY,true,true,38,Y - GLOBAL,NEWTONS,AS MEASURED,PRIMARY,true,true,39,Y - GLOBAL,NEWTONS,AS MEASURED,PRIMARY,true,true,40,Y - GLOBAL,NEWTONS,AS MEASURED,PRIMARY,true,true,41,Y - GLOBAL,NEWTONS,AS MEASURED,PRIMARY,true,true,42,Y - GLOBAL,NEWTONS,CHANNEL FAILED,PRIMARY,false,true,17,G'S,AS MEASURED,PRIMARY,true,true,18,G'S,AS MEASURED,PRIMARY,true,true,19,G'S,AS MEASURED,PRIMARY,true
11136,2020-07-13,NEW CAR ASSESSMENT TEST,VEHICLE INTO POLE,NCAP SIDE POLE - 2020 DODGE CHALLENGER SXT 2-DOOR COUPE,side,side,classified,,side_pole_load_cell_8,side_pole_load_cell_barrier,covered_with_mask,POLE,POLE,pole_barrier_unconditional,1,8,8,0,"[1, 8]",8,8,8,,,true,false,[],[],"{""missing_expected_channel_count"": 0, ""duplicate_channel_count"": 0, ""force_channel_count"": 8, ""moment_channel_count"": 0}",3,0,,true,true,false,27,false,true,35,Y - GLOBAL,NEWTONS,AS MEASURED,PRIMARY,true,true,36,Y - GLOBAL,NEWTONS,AS MEASURED,PRIMARY,true,true,37,Y - GLOBAL,NEWTONS,AS MEASURED,PRIMARY,true,true,38,Y - GLOBAL,NEWTONS,AS MEASURED,PRIMARY,true,true,39,Y - GLOBAL,NEWTONS,AS MEASURED,PRIMARY,true,true,40,Y - GLOBAL,NEWTONS,AS MEASURED,PRIMARY,true,true,41,Y - GLOBAL,NEWTONS,AS MEASURED,PRIMARY,true,true,42,Y - GLOBAL,NEWTONS,CHANNEL FAILED,PRIMARY,false,true,17,G'S,AS MEASURED,PRIMARY,true,true,18,G'S,AS MEASURED,PRIMARY,true,true,19,G'S,AS MEASURED,PRIMARY,true
11148,2020-08-07,NEW CAR ASSESSMENT TEST,VEHICLE INTO POLE,NCAP SIDE POLE - 2020 NISSAN LEAF S 5-DOOR HATCHBACK,side,side,classified,,side_pole_load_cell_8,side_pole_load_cell_barrier,covered_with_mask,POLE,POLE,pole_barrier_unconditional,1,8,8,0,"[1, 8]",8,8,8,,,true,false,[],[],"{""missing_expected_channel_count"": 0, ""duplicate_channel_count"": 0, ""force_channel_count"": 8, ""moment_channel_count"": 0}",3,0,,true,true,false,27,false,true,35,Y - GLOBAL,NEWTONS,AS MEASURED,PRIMARY,true,true,36,Y - GLOBAL,NEWTONS,AS MEASURED,PRIMARY,true,true,37,Y - GLOBAL,NEWTONS,AS MEASURED,PRIMARY,true,true,38,Y - GLOBAL,NEWTONS,AS MEASURED,PRIMARY,true,true,39,Y - GLOBAL,NEWTONS,AS MEASURED,PRIMARY,true,true,40,Y - GLOBAL,NEWTONS,AS MEASURED,PRIMARY,true,true,41,Y - GLOBAL,NEWTONS,AS MEASURED,PRIMARY,true,true,42,Y - GLOBAL,NEWTONS,CHANNEL FAILED,PRIMARY,false,true,17,G'S,AS MEASURED,PRIMARY,true,true,18,G'S,AS MEASURED,PRIMARY,true,true,19,G'S,AS MEASURED,PRIMARY,true
11154,2020-08-12,NEW CAR ASSESSMENT TEST,VEHICLE INTO POLE,NEW CAR ASSESSMENT PROGRAM SIDE POLE BARRIER IMPACT TEST,side,side,classified,,side_pole_load_cell_8,side_pole_load_cell_barrier,covered_with_mask,POLE,POLE,pole_barrier_unconditional,1,8,8,0,"[1, 8]",8,8,8,,,true,true,[],[],"{""missing_expected_channel_count"": 0, ""duplicate_channel_count"": 0, ""force_channel_count"": 8, ""moment_channel_count"": 0}",3,0,,true,true,false,27,false,true,35,Y - GLOBAL,NEWTONS,AS MEASURED,PRIMARY,true,true,36,Y - GLOBAL,NEWTONS,AS MEASURED,PRIMARY,true,true,37,Y - GLOBAL,NEWTONS,AS MEASURED,PRIMARY,true,true,38,Y - GLOBAL,NEWTONS,AS MEASURED,PRIMARY,true,true,39,Y - GLOBAL,NEWTONS,AS MEASURED,PRIMARY,true,true,40,Y - GLOBAL,NEWTONS,AS MEASURED,PRIMARY,true,true,41,Y - GLOBAL,NEWTONS,AS MEASURED,PRIMARY,true,true,42,Y - GLOBAL,NEWTONS,AS MEASURED,PRIMARY,true,true,17,G'S,AS MEASURED,PRIMARY,true,true,18,G'S,AS MEASURED,PRIMARY,true,true,19,G'S,AS MEASURED,PRIMARY,true
11159,2020-08-25,NEW CAR ASSESSMENT TEST,VEHICLE INTO POLE,NEW CAR ASSESSMENT PROGRAM SIDE POLE BARRIER IMPACT TEST,side,side,classified,,side_pole_load_cell_8,side_pole_load_cell_barrier,covered_with_mask,POLE,POLE,pole_barrier_unconditional,1,8,8,0,"[1, 8]",8,8,8,,,true,true,[],[],"{""missing_expected_channel_count"": 0, ""duplicate_channel_count"": 0, ""force_channel_count"": 8, ""moment_channel_count"": 0}",3,0,,true,true,false,27,false,true,35,Y - GLOBAL,NEWTONS,AS MEASURED,PRIMARY,true,true,36,Y - GLOBAL,NEWTONS,AS MEASURED,PRIMARY,true,true,37,Y - GLOBAL,NEWTONS,AS MEASURED,PRIMARY,true,true,38,Y - GLOBAL,NEWTONS,AS MEASURED,PRIMARY,true,true,39,Y - GLOBAL,NEWTONS,AS MEASURED,PRIMARY,true,true,40,Y - GLOBAL,NEWTONS,AS MEASURED,PRIMARY,true,true,41,Y - GLOBAL,NEWTONS,AS MEASURED,PRIMARY,true,true,42,Y - GLOBAL,NEWTONS,AS MEASURED,PRIMARY,true,true,17,G'S,AS MEASURED,PRIMARY,true,true,18,G'S,AS MEASURED,PRIMARY,true,true,19,G'S,AS MEASURED,PRIMARY,true
11161,2020-08-27,NEW CAR ASSESSMENT TEST,VEHICLE INTO POLE,NCAP SIDE IMPACT POLE BARRIER- 2020 VOLKSWAGEN ATLAS CROSS SPORT 5-DR,side,side,classified,,side_pole_load_cell_8,side_pole_load_cell_barrier,covered_with_mask,POLE,POLE,pole_barrier_unconditional,1,8,8,0,"[1, 8]",8,8,8,,,true,true,[],[],"{""missing_expected_channel_count"": 0, ""duplicate_channel_count"": 0, ""force_channel_count"": 8, ""moment_channel_count"": 0}",3,0,,true,true,false,27,false,true,35,X - GLOBAL,NEWTONS,AS MEASURED,PRIMARY,true,true,36,X - GLOBAL,NEWTONS,AS MEASURED,PRIMARY,true,true,37,X - GLOBAL,NEWTONS,AS MEASURED,PRIMARY,true,true,38,X - GLOBAL,NEWTONS,AS MEASURED,PRIMARY,true,true,39,X - GLOBAL,NEWTONS,AS MEASURED,PRIMARY,true,true,40,X - GLOBAL,NEWTONS,AS MEASURED,PRIMARY,true,true,41,X - GLOBAL,NEWTONS,AS MEASURED,PRIMARY,true,true,42,X - GLOBAL,NEWTONS,AS MEASURED,PRIMARY,true,true,17,G'S,AS MEASURED,PRIMARY,true,true,18,G'S,AS MEASURED,PRIMARY,true,true,19,G'S,AS MEASURED,PRIMARY,true
11266,2020-09-30,NEW CAR ASSESSMENT TEST,VEHICLE INTO POLE,75 DEGREE OBLIQUE RIGID POLE SIDE NCAP IMPACT,side,side,classified,,side_pole_load_cell_8,side_pole_load_cell_barrier,covered_with_mask,POLE,POLE,pole_barrier_unconditional,1,8,8,0,"[1, 8]",8,8,8,,,true,true,[],[],"{""missing_expected_channel_count"": 0, ""duplicate_channel_count"": 0, ""force_channel_count"": 8, ""moment_channel_count"": 0}",3,0,,true,true,false,27,false,true,35,X - GLOBAL,NEWTONS,AS MEASURED,PRIMARY,true,true,36,X - GLOBAL,NEWTONS,AS MEASURED,PRIMARY,true,true,37,X - GLOBAL,NEWTONS,AS MEASURED,PRIMARY,true,true,38,X - GLOBAL,NEWTONS,AS MEASURED,PRIMARY,true,true,39,X - GLOBAL,NEWTONS,AS MEASURED,PRIMARY,true,true,40,X - GLOBAL,NEWTONS,AS MEASURED,PRIMARY,true,true,41,X - GLOBAL,NEWTONS,AS MEASURED,PRIMARY,true,true,42,X - GLOBAL,NEWTONS,AS MEASURED,PRIMARY,true,true,17,G'S,AS MEASURED,PRIMARY,true,true,18,G'S,AS MEASURED,PRIMARY,true,true,19,G'S,AS MEASURED,PRIMARY,true
11269,2020-10-05,OPTIONAL NEW CAR ASSESSMENT TEST,VEHICLE INTO POLE,OPTIONAL NCAP SIDE POLE - 2021 KIA K5 LXS 4-DOOR SEDAN,side,side,classified,,side_pole_load_cell_8,side_pole_load_cell_barrier,covered_with_mask,POLE,POLE,pole_barrier_unconditional,1,8,8,0,"[1, 8]",8,8,8,,,true,false,[],[],"{""missing_expected_channel_count"": 0, ""duplicate_channel_count"": 0, ""force_channel_count"": 8, ""moment_channel_count"": 0}",3,0,,true,true,false,27,false,true,35,Y - GLOBAL,NEWTONS,AS MEASURED,PRIMARY,true,true,36,Y - GLOBAL,NEWTONS,AS MEASURED,PRIMARY,true,true,37,Y - GLOBAL,NEWTONS,AS MEASURED,PRIMARY,true,true,38,Y - GLOBAL,NEWTONS,AS MEASURED,PRIMARY,true,true,39,Y - GLOBAL,NEWTONS,AS MEASURED,PRIMARY,true,true,40,Y - GLOBAL,NEWTONS,AS MEASURED,PRIMARY,true,true,41,Y - GLOBAL,NEWTONS,AS MEASURED,PRIMARY,true,true,42,Y - GLOBAL,NEWTONS,CHANNEL FAILED,PRIMARY,false,true,17,G'S,AS MEASURED,PRIMARY,true,true,18,G'S,AS MEASURED,PRIMARY,true,true,19,G'S,AS MEASURED,PRIMARY,true
11290,2020-11-18,NEW CAR ASSESSMENT TEST,VEHICLE INTO POLE,NCAP SIDE POLE - 2021 FORD TRANSIT CONNECT XLT WAGON LWB VAN,side,side,classified,,side_pole_load_cell_8,side_pole_load_cell_barrier,covered_with_mask,POLE,POLE,pole_barrier_unconditional,1,8,8,0,"[1, 8]",8,8,8,,,true,false,[],[],"{""missing_expected_channel_count"": 0, ""duplicate_channel_count"": 0, ""force_channel_count"": 8, ""moment_channel_count"": 0}",3,0,,true,false,true,27,false,true,35,Y - GLOBAL,NEWTONS,AS MEASURED,PRIMARY,true,true,36,Y - GLOBAL,NEWTONS,AS MEASURED,PRIMARY,true,true,37,Y - GLOBAL,NEWTONS,AS MEASURED,PRIMARY,true,true,38,Y - GLOBAL,NEWTONS,AS MEASURED,PRIMARY,true,true,39,Y - GLOBAL,NEWTONS,AS MEASURED,PRIMARY,true,true,40,Y - GLOBAL,NEWTONS,AS MEASURED,PRIMARY,true,true,41,Y - GLOBAL,NEWTONS,AS MEASURED,PRIMARY,true,true,42,Y - GLOBAL,NEWTONS,CHANNEL FAILED,PRIMARY,false,true,17,G'S,QUESTIONABLE DATA,PRIMARY,false,true,18,G'S,QUESTIONABLE DATA,PRIMARY,false,true,19,G'S,QUESTIONABLE DATA,PRIMARY,false
11294,2020-11-23,OPTIONAL NEW CAR ASSESSMENT TEST,VEHICLE INTO POLE,NCAP SIDE IMPACT POLE BARRIER- 2020 TESLA MODEL Y 5-DOOR MPV,side,side,classified,,side_pole_load_cell_8,side_pole_load_cell_barrier,covered_with_mask,POLE,POLE,pole_barrier_unconditional,1,8,8,0,"[1, 8]",8,8,8,,,true,true,[],[],"{""missing_expected_channel_count"": 0, ""duplicate_channel_count"": 0, ""force_channel_count"": 8, ""moment_channel_count"": 0}",3,0,,true,false,true,27,false,true,35,X - GLOBAL,NEWTONS,AS MEASURED,PRIMARY,true,true,36,X - GLOBAL,NEWTONS,AS MEASURED,PRIMARY,true,true,37,X - GLOBAL,NEWTONS,AS MEASURED,PRIMARY,true,true,38,X - GLOBAL,NEWTONS,AS MEASURED,PRIMARY,true,true,39,X - GLOBAL,NEWTONS,AS MEASURED,PRIMARY,true,true,40,X - GLOBAL,NEWTONS,AS MEASURED,PRIMARY,true,true,41,X - GLOBAL,NEWTONS,AS MEASURED,PRIMARY,true,true,42,X - GLOBAL,NEWTONS,AS MEASURED,PRIMARY,true,true,17,G'S,AS MEASURED,PRIMARY,true,true,18,G'S,AS MEASURED,PRIMARY,true,true,19,G'S,QUESTIONABLE DATA,PRIMARY,false
11344,2021-01-04,NEW CAR ASSESSMENT TEST,VEHICLE INTO POLE,NEW CAR ASSESSMENT PROGRAM SIDE POLE BARRIER IMPACT TEST,side,side,classified,,side_pole_load_cell_8,side_pole_load_cell_barrier,covered_with_mask,POLE,POLE,pole_barrier_unconditional,1,8,8,0,"[1, 8]",8,8,8,,,true,true,[],[],"{""missing_expected_channel_count"": 0, ""duplicate_channel_count"": 0, ""force_channel_count"": 8, ""moment_channel_count"": 0}",3,0,,true,true,false,27,false,true,35,Y - GLOBAL,NEWTONS,AS MEASURED,PRIMARY,true,true,36,Y - GLOBAL,NEWTONS,AS MEASURED,PRIMARY,true,true,37,Y - GLOBAL,NEWTONS,AS MEASURED,PRIMARY,true,true,38,Y - GLOBAL,NEWTONS,AS MEASURED,PRIMARY,true,true,39,Y - GLOBAL,NEWTONS,AS MEASURED,PRIMARY,true,true,40,Y - GLOBAL,NEWTONS,AS MEASURED,PRIMARY,true,true,41,Y - GLOBAL,NEWTONS,AS MEASURED,PRIMARY,true,true,42,Y - GLOBAL,NEWTONS,AS MEASURED,PRIMARY,true,true,17,G'S,AS MEASURED,PRIMARY,true,true,18,G'S,AS MEASURED,PRIMARY,true,true,19,G'S,AS MEASURED,PRIMARY,true
11349,2021-01-06,NEW CAR ASSESSMENT TEST,VEHICLE INTO POLE,75 DEGREE OBLIQUE RIGID POLE SIDE NCAP IMPACT,side,side,classified,,side_pole_load_cell_8,side_pole_load_cell_barrier,covered_with_mask,POLE,POLE,pole_barrier_unconditional,1,8,8,0,"[1, 8]",8,8,8,,,true,true,[],[],"{""missing_expected_channel_count"": 0, ""duplicate_channel_count"": 0, ""force_channel_count"": 8, ""moment_channel_count"": 0}",3,0,,true,true,false,27,false,true,35,X - GLOBAL,NEWTONS,AS MEASURED,PRIMARY,true,true,36,X - GLOBAL,NEWTONS,AS MEASURED,PRIMARY,true,true,37,X - GLOBAL,NEWTONS,AS MEASURED,PRIMARY,true,true,38,X - GLOBAL,NEWTONS,AS MEASURED,PRIMARY,true,true,39,X - GLOBAL,NEWTONS,AS MEASURED,PRIMARY,true,true,40,X - GLOBAL,NEWTONS,AS MEASURED,PRIMARY,true,true,41,X - GLOBAL,NEWTONS,AS MEASURED,PRIMARY,true,true,42,X - GLOBAL,NEWTONS,AS MEASURED,PRIMARY,true,true,17,G'S,AS MEASURED,PRIMARY,true,true,18,G'S,AS MEASURED,PRIMARY,true,true,19,G'S,AS MEASURED,PRIMARY,true
11353,2021-01-05,OPTIONAL NEW CAR ASSESSMENT TEST,VEHICLE INTO POLE,OPTIONAL NCAP SIDE POLE - 2021 ACURA TLX 4-DOOR SEDAN,side,side,classified,,side_pole_load_cell_8,side_pole_load_cell_barrier,covered_with_mask,POLE,POLE,pole_barrier_unconditional,1,8,8,0,"[1, 8]",8,8,8,,,true,false,[],[],"{""missing_expected_channel_count"": 0, ""duplicate_channel_count"": 0, ""force_channel_count"": 8, ""moment_channel_count"": 0}",3,0,,true,true,false,27,false,true,35,Y - GLOBAL,NEWTONS,AS MEASURED,PRIMARY,true,true,36,Y - GLOBAL,NEWTONS,AS MEASURED,PRIMARY,true,true,37,Y - GLOBAL,NEWTONS,AS MEASURED,PRIMARY,true,true,38,Y - GLOBAL,NEWTONS,AS MEASURED,PRIMARY,true,true,39,Y - GLOBAL,NEWTONS,AS MEASURED,PRIMARY,true,true,40,Y - GLOBAL,NEWTONS,AS MEASURED,PRIMARY,true,true,41,Y - GLOBAL,NEWTONS,AS MEASURED,PRIMARY,true,true,42,Y - GLOBAL,NEWTONS,CHANNEL FAILED,PRIMARY,false,true,17,G'S,AS MEASURED,PRIMARY,true,true,18,G'S,AS MEASURED,PRIMARY,true,true,19,G'S,AS MEASURED,PRIMARY,true
11358,2021-01-12,NEW CAR ASSESSMENT TEST,VEHICLE INTO POLE,NEW CAR ASSESSMENT PROGRAM SIDE POLE BARRIER IMPACT TEST,side,side,classified,,side_pole_load_cell_8,side_pole_load_cell_barrier,covered_with_mask,POLE,POLE,pole_barrier_unconditional,1,8,8,0,"[1, 8]",8,8,8,,,true,true,[],[],"{""missing_expected_channel_count"": 0, ""duplicate_channel_count"": 0, ""force_channel_count"": 8, ""moment_channel_count"": 0}",3,0,,true,true,false,27,false,true,35,Y - GLOBAL,NEWTONS,AS MEASURED,PRIMARY,true,true,36,Y - GLOBAL,NEWTONS,AS MEASURED,PRIMARY,true,true,37,Y - GLOBAL,NEWTONS,AS MEASURED,PRIMARY,true,true,38,Y - GLOBAL,NEWTONS,AS MEASURED,PRIMARY,true,true,39,Y - GLOBAL,NEWTONS,AS MEASURED,PRIMARY,true,true,40,Y - GLOBAL,NEWTONS,AS MEASURED,PRIMARY,true,true,41,Y - GLOBAL,NEWTONS,AS MEASURED,PRIMARY,true,true,42,Y - GLOBAL,NEWTONS,AS MEASURED,PRIMARY,true,true,17,G'S,AS MEASURED,PRIMARY,true,true,18,G'S,AS MEASURED,PRIMARY,true,true,19,G'S,AS MEASURED,PRIMARY,true
11359,2021-01-14,NEW CAR ASSESSMENT TEST,VEHICLE INTO POLE,NEW CAR ASSESSMENT PROGRAM SIDE POLE BARRIER IMPACT TEST,side,side,classified,,side_pole_load_cell_8,side_pole_load_cell_barrier,covered_with_mask,POLE,POLE,pole_barrier_unconditional,1,8,8,0,"[1, 8]",8,8,8,,,true,true,[],[],"{""missing_expected_channel_count"": 0, ""duplicate_channel_count"": 0, ""force_channel_count"": 8, ""moment_channel_count"": 0}",3,0,,true,true,false,27,false,true,35,Y - GLOBAL,NEWTONS,AS MEASURED,PRIMARY,true,true,36,Y - GLOBAL,NEWTONS,AS MEASURED,PRIMARY,true,true,37,Y - GLOBAL,NEWTONS,AS MEASURED,PRIMARY,true,true,38,Y - GLOBAL,NEWTONS,AS MEASURED,PRIMARY,true,true,39,Y - GLOBAL,NEWTONS,AS MEASURED,PRIMARY,true,true,40,Y - GLOBAL,NEWTONS,AS MEASURED,PRIMARY,true,true,41,Y - GLOBAL,NEWTONS,AS MEASURED,PRIMARY,true,true,42,Y - GLOBAL,NEWTONS,AS MEASURED,PRIMARY,true,true,17,G'S,AS MEASURED,PRIMARY,true,true,18,G'S,AS MEASURED,PRIMARY,true,true,19,G'S,AS MEASURED,PRIMARY,true
11375,2021-01-25,NEW CAR ASSESSMENT TEST,VEHICLE INTO POLE,NCAP SIDE IMPACT POLE BARRIER- 2021 MERCEDES-BENZ GLE350 5-DOOR SUV,side,side,classified,,side_pole_load_cell_8,side_pole_load_cell_barrier,covered_with_mask,POLE,POLE,pole_barrier_unconditional,1,8,8,0,"[1, 8]",8,8,8,,,true,true,[],[],"{""missing_expected_channel_count"": 0, ""duplicate_channel_count"": 0, ""force_channel_count"": 8, ""moment_channel_count"": 0}",3,0,,true,true,false,27,false,true,35,X - GLOBAL,NEWTONS,AS MEASURED,PRIMARY,true,true,36,X - GLOBAL,NEWTONS,AS MEASURED,PRIMARY,true,true,37,X - GLOBAL,NEWTONS,AS MEASURED,PRIMARY,true,true,38,X - GLOBAL,NEWTONS,AS MEASURED,PRIMARY,true,true,39,X - GLOBAL,NEWTONS,AS MEASURED,PRIMARY,true,true,40,X - GLOBAL,NEWTONS,AS MEASURED,PRIMARY,true,true,41,X - GLOBAL,NEWTONS,AS MEASURED,PRIMARY,true,true,42,X - GLOBAL,NEWTONS,AS MEASURED,PRIMARY,true,true,17,G'S,AS MEASURED,PRIMARY,true,true,18,G'S,AS MEASURED,PRIMARY,true,true,19,G'S,AS MEASURED,PRIMARY,true
11381,2021-02-04,NEW CAR ASSESSMENT TEST,VEHICLE INTO POLE,NEW CAR ASSESSMENT PROGRAM SIDE POLE BARRIER IMPACT TEST,side,side,classified,,side_pole_load_cell_8,side_pole_load_cell_barrier,covered_with_mask,POLE,POLE,pole_barrier_unconditional,1,8,8,0,"[1, 8]",8,8,8,,,true,true,[],[],"{""missing_expected_channel_count"": 0, ""duplicate_channel_count"": 0, ""force_channel_count"": 8, ""moment_channel_count"": 0}",3,0,,true,true,false,27,false,true,35,Y - GLOBAL,NEWTONS,AS MEASURED,PRIMARY,true,true,36,Y - GLOBAL,NEWTONS,AS MEASURED,PRIMARY,true,true,37,Y - GLOBAL,NEWTONS,AS MEASURED,PRIMARY,true,true,38,Y - GLOBAL,NEWTONS,AS MEASURED,PRIMARY,true,true,39,Y - GLOBAL,NEWTONS,AS MEASURED,PRIMARY,true,true,40,Y - GLOBAL,NEWTONS,AS MEASURED,PRIMARY,true,true,41,Y - GLOBAL,NEWTONS,AS MEASURED,PRIMARY,true,true,42,Y - GLOBAL,NEWTONS,AS MEASURED,PRIMARY,true,true,17,G'S,AS MEASURED,PRIMARY,true,true,18,G'S,AS MEASURED,PRIMARY,true,true,19,G'S,AS MEASURED,PRIMARY,true
11384,2021-02-05,NEW CAR ASSESSMENT TEST,VEHICLE INTO POLE,NCAP SIDE IMPACT POLE BARRIER- 2021 MERCEDES-BENZ GLB250 5-DOOR SUV,side,side,classified,,side_pole_load_cell_8,side_pole_load_cell_barrier,covered_with_mask,POLE,POLE,pole_barrier_unconditional,1,8,8,0,"[1, 8]",8,8,8,,,true,true,[],[],"{""missing_expected_channel_count"": 0, ""duplicate_channel_count"": 0, ""force_channel_count"": 8, ""moment_channel_count"": 0}",3,0,,true,false,true,27,false,true,35,X - GLOBAL,NEWTONS,AS MEASURED,PRIMARY,true,true,36,X - GLOBAL,NEWTONS,AS MEASURED,PRIMARY,true,true,37,X - GLOBAL,NEWTONS,AS MEASURED,PRIMARY,true,true,38,X - GLOBAL,NEWTONS,AS MEASURED,PRIMARY,true,true,39,X - GLOBAL,NEWTONS,AS MEASURED,PRIMARY,true,true,40,X - GLOBAL,NEWTONS,AS MEASURED,PRIMARY,true,true,41,X - GLOBAL,NEWTONS,AS MEASURED,PRIMARY,true,true,42,X - GLOBAL,NEWTONS,AS MEASURED,PRIMARY,true,true,17,G'S,CHANNEL FAILED,PRIMARY,false,true,18,G'S,CHANNEL FAILED,PRIMARY,false,true,19,G'S,CHANNEL FAILED,PRIMARY,false
11385,2021-02-04,OPTIONAL NEW CAR ASSESSMENT TEST,VEHICLE INTO POLE,OPTIONAL NCAP SIDE POLE - 2021 LEXUS IS 300 4-DOOR SEDAN,side,side,classified,,side_pole_load_cell_8,side_pole_load_cell_barrier,covered_with_mask,POLE,POLE,pole_barrier_unconditional,1,8,8,0,"[1, 8]",8,8,8,,,true,false,[],[],"{""missing_expected_channel_count"": 0, ""duplicate_channel_count"": 0, ""force_channel_count"": 8, ""moment_channel_count"": 0}",3,0,,true,true,false,27,false,true,35,Y - GLOBAL,NEWTONS,AS MEASURED,PRIMARY,true,true,36,Y - GLOBAL,NEWTONS,AS MEASURED,PRIMARY,true,true,37,Y - GLOBAL,NEWTONS,AS MEASURED,PRIMARY,true,true,38,Y - GLOBAL,NEWTONS,AS MEASURED,PRIMARY,true,true,39,Y - GLOBAL,NEWTONS,AS MEASURED,PRIMARY,true,true,40,Y - GLOBAL,NEWTONS,AS MEASURED,PRIMARY,true,true,41,Y - GLOBAL,NEWTONS,AS MEASURED,PRIMARY,true,true,42,Y - GLOBAL,NEWTONS,CHANNEL FAILED,PRIMARY,false,true,17,G'S,AS MEASURED,PRIMARY,true,true,18,G'S,AS MEASURED,PRIMARY,true,true,19,G'S,AS MEASURED,PRIMARY,true
11387,2021-02-10,OPTIONAL NEW CAR ASSESSMENT TEST,VEHICLE INTO POLE,OPTIONAL NEW CAR ASSESSMENT PROGRAM SIDE POLE BARRIER IMPACT TEST,side,side,classified,,side_pole_load_cell_8,side_pole_load_cell_barrier,covered_with_mask,POLE,POLE,pole_barrier_unconditional,1,8,8,0,"[1, 8]",8,8,8,,,true,true,[],[],"{""missing_expected_channel_count"": 0, ""duplicate_channel_count"": 0, ""force_channel_count"": 8, ""moment_channel_count"": 0}",3,0,,true,true,false,27,false,true,35,Y - GLOBAL,NEWTONS,AS MEASURED,PRIMARY,true,true,36,Y - GLOBAL,NEWTONS,AS MEASURED,PRIMARY,true,true,37,Y - GLOBAL,NEWTONS,AS MEASURED,PRIMARY,true,true,38,Y - GLOBAL,NEWTONS,AS MEASURED,PRIMARY,true,true,39,Y - GLOBAL,NEWTONS,AS MEASURED,PRIMARY,true,true,40,Y - GLOBAL,NEWTONS,AS MEASURED,PRIMARY,true,true,41,Y - GLOBAL,NEWTONS,AS MEASURED,PRIMARY,true,true,42,Y - GLOBAL,NEWTONS,AS MEASURED,PRIMARY,true,true,17,G'S,AS MEASURED,PRIMARY,true,true,18,G'S,AS MEASURED,PRIMARY,true,true,19,G'S,AS MEASURED,PRIMARY,true
11395,2021-02-18,NEW CAR ASSESSMENT TEST,VEHICLE INTO POLE,75 DEGREE OBLIQUE RIGID POLE SIDE NCAP IMPACT,side,side,classified,,side_pole_load_cell_8,side_pole_load_cell_barrier,covered_with_mask,POLE,POLE,pole_barrier_unconditional,1,8,8,0,"[1, 8]",8,8,8,,,true,true,[],[],"{""missing_expected_channel_count"": 0, ""duplicate_channel_count"": 0, ""force_channel_count"": 8, ""moment_channel_count"": 0}",3,0,,true,true,false,27,false,true,35,X - GLOBAL,NEWTONS,AS MEASURED,PRIMARY,true,true,36,X - GLOBAL,NEWTONS,AS MEASURED,PRIMARY,true,true,37,X - GLOBAL,NEWTONS,AS MEASURED,PRIMARY,true,true,38,X - GLOBAL,NEWTONS,AS MEASURED,PRIMARY,true,true,39,X - GLOBAL,NEWTONS,AS MEASURED,PRIMARY,true,true,40,X - GLOBAL,NEWTONS,AS MEASURED,PRIMARY,true,true,41,X - GLOBAL,NEWTONS,AS MEASURED,PRIMARY,true,true,42,X - GLOBAL,NEWTONS,AS MEASURED,PRIMARY,true,true,17,G'S,AS MEASURED,PRIMARY,true,true,18,G'S,AS MEASURED,PRIMARY,true,true,19,G'S,AS MEASURED,PRIMARY,true
11398,2021-02-18,OPTIONAL NEW CAR ASSESSMENT TEST,VEHICLE INTO POLE,OPTIONAL NCAP SIDE POLE - 2021 TOYOTA PRIUS PRIME LE 5-DOOR HATCHBACK,side,side,classified,,side_pole_load_cell_8,side_pole_load_cell_barrier,covered_with_mask,POLE,POLE,pole_barrier_unconditional,1,8,8,0,"[1, 8]",8,8,8,,,true,false,[],[],"{""missing_expected_channel_count"": 0, ""duplicate_channel_count"": 0, ""force_channel_count"": 8, ""moment_channel_count"": 0}",3,0,,true,false,true,27,false,true,35,Y - GLOBAL,NEWTONS,AS MEASURED,PRIMARY,true,true,36,Y - GLOBAL,NEWTONS,AS MEASURED,PRIMARY,true,true,37,Y - GLOBAL,NEWTONS,AS MEASURED,PRIMARY,true,true,38,Y - GLOBAL,NEWTONS,AS MEASURED,PRIMARY,true,true,39,Y - GLOBAL,NEWTONS,AS MEASURED,PRIMARY,true,true,40,Y - GLOBAL,NEWTONS,AS MEASURED,PRIMARY,true,true,41,Y - GLOBAL,NEWTONS,AS MEASURED,PRIMARY,true,true,42,Y - GLOBAL,NEWTONS,CHANNEL FAILED,PRIMARY,false,true,17,G'S,AS MEASURED,PRIMARY,true,true,18,G'S,AS MEASURED,PRIMARY,true,true,19,G'S,QUESTIONABLE DATA,PRIMARY,false
11487,2021-03-08,NEW CAR ASSESSMENT TEST,VEHICLE INTO POLE,NEW CAR ASSESSMENT PROGRAM SIDE POLE BARRIER IMPACT TEST,side,side,classified,,side_pole_load_cell_8,side_pole_load_cell_barrier,covered_with_mask,POLE,POLE,pole_barrier_unconditional,1,8,8,0,"[1, 8]",8,8,8,,,true,true,[],[],"{""missing_expected_channel_count"": 0, ""duplicate_channel_count"": 0, ""force_channel_count"": 8, ""moment_channel_count"": 0}",3,0,,true,true,false,27,false,true,35,Y - GLOBAL,NEWTONS,AS MEASURED,PRIMARY,true,true,36,Y - GLOBAL,NEWTONS,AS MEASURED,PRIMARY,true,true,37,Y - GLOBAL,NEWTONS,AS MEASURED,PRIMARY,true,true,38,Y - GLOBAL,NEWTONS,AS MEASURED,PRIMARY,true,true,39,Y - GLOBAL,NEWTONS,AS MEASURED,PRIMARY,true,true,40,Y - GLOBAL,NEWTONS,AS MEASURED,PRIMARY,true,true,41,Y - GLOBAL,NEWTONS,AS MEASURED,PRIMARY,true,true,42,Y - GLOBAL,NEWTONS,AS MEASURED,PRIMARY,true,true,17,G'S,AS MEASURED,PRIMARY,true,true,18,G'S,AS MEASURED,PRIMARY,true,true,19,G'S,AS MEASURED,PRIMARY,true
11489,2021-03-05,OPTIONAL NEW CAR ASSESSMENT TEST,VEHICLE INTO POLE,OPTIONAL NCAP SIDE POLE - 2021 TOYOTA SIENNA XLE MINIVAN,side,side,classified,,side_pole_load_cell_8,side_pole_load_cell_barrier,covered_with_mask,POLE,POLE,pole_barrier_unconditional,1,8,8,0,"[1, 8]",8,8,8,,,true,false,[],[],"{""missing_expected_channel_count"": 0, ""duplicate_channel_count"": 0, ""force_channel_count"": 8, ""moment_channel_count"": 0}",3,0,,true,true,false,27,false,true,35,Y - GLOBAL,NEWTONS,AS MEASURED,PRIMARY,true,true,36,Y - GLOBAL,NEWTONS,AS MEASURED,PRIMARY,true,true,37,Y - GLOBAL,NEWTONS,AS MEASURED,PRIMARY,true,true,38,Y - GLOBAL,NEWTONS,AS MEASURED,PRIMARY,true,true,39,Y - GLOBAL,NEWTONS,AS MEASURED,PRIMARY,true,true,40,Y - GLOBAL,NEWTONS,AS MEASURED,PRIMARY,true,true,41,Y - GLOBAL,NEWTONS,AS MEASURED,PRIMARY,true,true,42,Y - GLOBAL,NEWTONS,CHANNEL FAILED,PRIMARY,false,true,17,G'S,AS MEASURED,PRIMARY,true,true,18,G'S,AS MEASURED,PRIMARY,true,true,19,G'S,AS MEASURED,PRIMARY,true
11494,2021-03-12,NEW CAR ASSESSMENT TEST,VEHICLE INTO POLE,NCAP SIDE POLE - 2021 FORD F-150 4X2 SUPERCREW 4-DOOR PICKUP TRUCK,side,side,classified,,side_pole_load_cell_8,side_pole_load_cell_barrier,covered_with_mask,POLE,POLE,pole_barrier_unconditional,1,8,8,0,"[1, 8]",8,8,8,,,true,false,[],[],"{""missing_expected_channel_count"": 0, ""duplicate_channel_count"": 0, ""force_channel_count"": 8, ""moment_channel_count"": 0}",3,0,,true,true,false,27,false,true,35,Y - GLOBAL,NEWTONS,AS MEASURED,PRIMARY,true,true,36,Y - GLOBAL,NEWTONS,AS MEASURED,PRIMARY,true,true,37,Y - GLOBAL,NEWTONS,AS MEASURED,PRIMARY,true,true,38,Y - GLOBAL,NEWTONS,AS MEASURED,PRIMARY,true,true,39,Y - GLOBAL,NEWTONS,AS MEASURED,PRIMARY,true,true,40,Y - GLOBAL,NEWTONS,AS MEASURED,PRIMARY,true,true,41,Y - GLOBAL,NEWTONS,AS MEASURED,PRIMARY,true,true,42,Y - GLOBAL,NEWTONS,CHANNEL FAILED,PRIMARY,false,true,17,G'S,AS MEASURED,PRIMARY,true,true,18,G'S,AS MEASURED,PRIMARY,true,true,19,G'S,AS MEASURED,PRIMARY,true
11498,2021-03-15,NEW CAR ASSESSMENT TEST,VEHICLE INTO POLE,NCAP SIDE IMPACT POLE BARRIER- 2021 BMW 330I 4-DOOR SEDAN,side,side,classified,,side_pole_load_cell_8,side_pole_load_cell_barrier,covered_with_mask,POLE,POLE,pole_barrier_unconditional,1,8,8,0,"[1, 8]",8,8,8,,,true,true,[],[],"{""missing_expected_channel_count"": 0, ""duplicate_channel_count"": 0, ""force_channel_count"": 8, ""moment_channel_count"": 0}",3,0,,true,true,false,27,false,true,35,X - GLOBAL,NEWTONS,AS MEASURED,PRIMARY,true,true,36,X - GLOBAL,NEWTONS,AS MEASURED,PRIMARY,true,true,37,X - GLOBAL,NEWTONS,AS MEASURED,PRIMARY,true,true,38,X - GLOBAL,NEWTONS,AS MEASURED,PRIMARY,true,true,39,X - GLOBAL,NEWTONS,AS MEASURED,PRIMARY,true,true,40,X - GLOBAL,NEWTONS,AS MEASURED,PRIMARY,true,true,41,X - GLOBAL,NEWTONS,AS MEASURED,PRIMARY,true,true,42,X - GLOBAL,NEWTONS,AS MEASURED,PRIMARY,true,true,17,G'S,AS MEASURED,PRIMARY,true,true,18,G'S,AS MEASURED,PRIMARY,true,true,19,G'S,AS MEASURED,PRIMARY,true
11577,2021-04-01,OPTIONAL NEW CAR ASSESSMENT TEST,VEHICLE INTO POLE,OPTIONAL NCAP SIDE POLE - 2021 HYUNDAI ELANTRA SEL 4-DOOR SEDAN,side,side,classified,,side_pole_load_cell_8,side_pole_load_cell_barrier,covered_with_mask,POLE,POLE,pole_barrier_unconditional,1,8,8,0,"[1, 8]",8,8,8,,,true,false,[],[],"{""missing_expected_channel_count"": 0, ""duplicate_channel_count"": 0, ""force_channel_count"": 8, ""moment_channel_count"": 0}",3,0,,true,true,false,27,false,true,35,Y - GLOBAL,NEWTONS,AS MEASURED,PRIMARY,true,true,36,Y - GLOBAL,NEWTONS,AS MEASURED,PRIMARY,true,true,37,Y - GLOBAL,NEWTONS,AS MEASURED,PRIMARY,true,true,38,Y - GLOBAL,NEWTONS,AS MEASURED,PRIMARY,true,true,39,Y - GLOBAL,NEWTONS,AS MEASURED,PRIMARY,true,true,40,Y - GLOBAL,NEWTONS,AS MEASURED,PRIMARY,true,true,41,Y - GLOBAL,NEWTONS,AS MEASURED,PRIMARY,true,true,42,Y - GLOBAL,NEWTONS,CHANNEL FAILED,PRIMARY,false,true,17,G'S,AS MEASURED,PRIMARY,true,true,18,G'S,AS MEASURED,PRIMARY,true,true,19,G'S,AS MEASURED,PRIMARY,true
11582,2021-04-16,OPTIONAL NEW CAR ASSESSMENT TEST,VEHICLE INTO POLE,OPTIONAL NCAP SIDE POLE - 2021 KIA SORENTO LX  5-DOOR SUV,side,side,classified,,side_pole_load_cell_8,side_pole_load_cell_barrier,covered_with_mask,POLE,POLE,pole_barrier_unconditional,1,8,8,0,"[1, 8]",8,8,8,,,true,false,[],[],"{""missing_expected_channel_count"": 0, ""duplicate_channel_count"": 0, ""force_channel_count"": 8, ""moment_channel_count"": 0}",3,0,,true,false,true,27,false,true,35,Y - GLOBAL,NEWTONS,AS MEASURED,PRIMARY,true,true,36,Y - GLOBAL,NEWTONS,AS MEASURED,PRIMARY,true,true,37,Y - GLOBAL,NEWTONS,AS MEASURED,PRIMARY,true,true,38,Y - GLOBAL,NEWTONS,AS MEASURED,PRIMARY,true,true,39,Y - GLOBAL,NEWTONS,AS MEASURED,PRIMARY,true,true,40,Y - GLOBAL,NEWTONS,AS MEASURED,PRIMARY,true,true,41,Y - GLOBAL,NEWTONS,AS MEASURED,PRIMARY,true,true,42,Y - GLOBAL,NEWTONS,CHANNEL FAILED,PRIMARY,false,true,17,G'S,CHANNEL FAILED,PRIMARY,false,true,18,G'S,CHANNEL FAILED,PRIMARY,false,true,19,G'S,CHANNEL FAILED,PRIMARY,false
11586,2021-04-30,OPTIONAL NEW CAR ASSESSMENT TEST,VEHICLE INTO POLE,OPTIONAL NCAP SIDE POLE - 2021 TOYOTA PRIUS LE 5-DOOR HATCHBACK,side,side,classified,,side_pole_load_cell_8,side_pole_load_cell_barrier,covered_with_mask,POLE,POLE,pole_barrier_unconditional,1,8,8,0,"[1, 8]",8,8,8,,,true,false,[],[],"{""missing_expected_channel_count"": 0, ""duplicate_channel_count"": 0, ""force_channel_count"": 8, ""moment_channel_count"": 0}",3,0,,true,true,false,27,false,true,35,Y - GLOBAL,NEWTONS,AS MEASURED,PRIMARY,true,true,36,Y - GLOBAL,NEWTONS,AS MEASURED,PRIMARY,true,true,37,Y - GLOBAL,NEWTONS,AS MEASURED,PRIMARY,true,true,38,Y - GLOBAL,NEWTONS,AS MEASURED,PRIMARY,true,true,39,Y - GLOBAL,NEWTONS,AS MEASURED,PRIMARY,true,true,40,Y - GLOBAL,NEWTONS,AS MEASURED,PRIMARY,true,true,41,Y - GLOBAL,NEWTONS,AS MEASURED,PRIMARY,true,true,42,Y - GLOBAL,NEWTONS,CHANNEL FAILED,PRIMARY,false,true,17,G'S,AS MEASURED,PRIMARY,true,true,18,G'S,AS MEASURED,PRIMARY,true,true,19,G'S,AS MEASURED,PRIMARY,true
11588,2021-05-07,NEW CAR ASSESSMENT TEST,VEHICLE INTO POLE,NEW CAR ASSESSMENT PROGRAM SIDE POLE BARRIER IMPACT TEST,side,side,classified,,side_pole_load_cell_8,side_pole_load_cell_barrier,covered_with_mask,POLE,POLE,pole_barrier_unconditional,1,8,8,0,"[1, 8]",8,8,8,,,true,true,[],[],"{""missing_expected_channel_count"": 0, ""duplicate_channel_count"": 0, ""force_channel_count"": 8, ""moment_channel_count"": 0}",3,0,,true,true,false,27,false,true,35,Y - GLOBAL,NEWTONS,AS MEASURED,PRIMARY,true,true,36,Y - GLOBAL,NEWTONS,AS MEASURED,PRIMARY,true,true,37,Y - GLOBAL,NEWTONS,AS MEASURED,PRIMARY,true,true,38,Y - GLOBAL,NEWTONS,AS MEASURED,PRIMARY,true,true,39,Y - GLOBAL,NEWTONS,AS MEASURED,PRIMARY,true,true,40,Y - GLOBAL,NEWTONS,AS MEASURED,PRIMARY,true,true,41,Y - GLOBAL,NEWTONS,AS MEASURED,PRIMARY,true,true,42,Y - GLOBAL,NEWTONS,AS MEASURED,PRIMARY,true,true,17,G'S,AS MEASURED,PRIMARY,true,true,18,G'S,AS MEASURED,PRIMARY,true,true,19,G'S,AS MEASURED,PRIMARY,true
11592,2021-05-14,OPTIONAL NEW CAR ASSESSMENT TEST,VEHICLE INTO POLE,OPTIONAL NCAP SIDE POLE - 2021 HYUNDAI SANTA FE SEL 5-DOOR SUV,side,side,classified,,side_pole_load_cell_8,side_pole_load_cell_barrier,covered_with_mask,POLE,POLE,pole_barrier_unconditional,1,8,8,0,"[1, 8]",8,8,8,,,true,false,[],[],"{""missing_expected_channel_count"": 0, ""duplicate_channel_count"": 0, ""force_channel_count"": 8, ""moment_channel_count"": 0}",3,0,,true,false,true,27,false,true,35,Y - GLOBAL,NEWTONS,AS MEASURED,PRIMARY,true,true,36,Y - GLOBAL,NEWTONS,AS MEASURED,PRIMARY,true,true,37,Y - GLOBAL,NEWTONS,AS MEASURED,PRIMARY,true,true,38,Y - GLOBAL,NEWTONS,AS MEASURED,PRIMARY,true,true,39,Y - GLOBAL,NEWTONS,AS MEASURED,PRIMARY,true,true,40,Y - GLOBAL,NEWTONS,AS MEASURED,PRIMARY,true,true,41,Y - GLOBAL,NEWTONS,AS MEASURED,PRIMARY,true,true,42,Y - GLOBAL,NEWTONS,CHANNEL FAILED,PRIMARY,false,true,17,G'S,CHANNEL FAILED,PRIMARY,false,true,18,G'S,CHANNEL FAILED,PRIMARY,false,true,19,G'S,CHANNEL FAILED,PRIMARY,false
11593,2021-05-21,NEW CAR ASSESSMENT TEST,VEHICLE INTO POLE,NCAP SIDE POLE - 2021 FORD F-150 4X2 SUPERCAB EXTENDED CAB PICKUP,side,side,classified,,side_pole_load_cell_8,side_pole_load_cell_barrier,covered_with_mask,POLE,POLE,pole_barrier_unconditional,1,8,8,0,"[1, 8]",8,8,8,,,true,false,[],[],"{""missing_expected_channel_count"": 0, ""duplicate_channel_count"": 0, ""force_channel_count"": 8, ""moment_channel_count"": 0}",3,0,,true,true,false,27,false,true,35,Y - GLOBAL,NEWTONS,AS MEASURED,PRIMARY,true,true,36,Y - GLOBAL,NEWTONS,AS MEASURED,PRIMARY,true,true,37,Y - GLOBAL,NEWTONS,AS MEASURED,PRIMARY,true,true,38,Y - GLOBAL,NEWTONS,AS MEASURED,PRIMARY,true,true,39,Y - GLOBAL,NEWTONS,AS MEASURED,PRIMARY,true,true,40,Y - GLOBAL,NEWTONS,AS MEASURED,PRIMARY,true,true,41,Y - GLOBAL,NEWTONS,AS MEASURED,PRIMARY,true,true,42,Y - GLOBAL,NEWTONS,CHANNEL FAILED,PRIMARY,false,true,17,G'S,AS MEASURED,PRIMARY,true,true,18,G'S,AS MEASURED,PRIMARY,true,true,19,G'S,AS MEASURED,PRIMARY,true
11595,2021-05-27,OPTIONAL NEW CAR ASSESSMENT TEST,VEHICLE INTO POLE,OPTIONAL NCAP SIDE POLE - 2021 INFINITI QX50 LUXE 5-DOOR SUV,side,side,classified,,side_pole_load_cell_8,side_pole_load_cell_barrier,covered_with_mask,POLE,POLE,pole_barrier_unconditional,1,8,8,0,"[1, 8]",8,8,8,,,true,false,[],[],"{""missing_expected_channel_count"": 0, ""duplicate_channel_count"": 0, ""force_channel_count"": 8, ""moment_channel_count"": 0}",3,0,,true,true,false,27,false,true,35,Y - GLOBAL,NEWTONS,AS MEASURED,PRIMARY,true,true,36,Y - GLOBAL,NEWTONS,AS MEASURED,PRIMARY,true,true,37,Y - GLOBAL,NEWTONS,AS MEASURED,PRIMARY,true,true,38,Y - GLOBAL,NEWTONS,AS MEASURED,PRIMARY,true,true,39,Y - GLOBAL,NEWTONS,AS MEASURED,PRIMARY,true,true,40,Y - GLOBAL,NEWTONS,AS MEASURED,PRIMARY,true,true,41,Y - GLOBAL,NEWTONS,AS MEASURED,PRIMARY,true,true,42,Y - GLOBAL,NEWTONS,CHANNEL FAILED,PRIMARY,false,true,17,G'S,AS MEASURED,PRIMARY,true,true,18,G'S,AS MEASURED,PRIMARY,true,true,19,G'S,AS MEASURED,PRIMARY,true
11600,2020-09-25,RESEARCH,VEHICLE INTO POLE,2019 CHEVROLET MALIBU LEFT SIDE FMVSS POLE IMPACT AT 32 KPH,side,research_other,classified,,side_pole_load_cell_8,side_pole_load_cell_barrier,covered_with_mask,POLE,POLE,pole_barrier_unconditional,1,8,8,0,"[1, 8]",8,8,8,,,true,true,[],[],"{""missing_expected_channel_count"": 0, ""duplicate_channel_count"": 0, ""force_channel_count"": 8, ""moment_channel_count"": 0}",3,3,DEGREES/SEC,true,true,false,47,false,true,172,X - GLOBAL,NEWTONS,AS MEASURED,PRIMARY,true,true,173,X - GLOBAL,NEWTONS,AS MEASURED,PRIMARY,true,true,174,X - GLOBAL,NEWTONS,AS MEASURED,PRIMARY,true,true,175,X - GLOBAL,NEWTONS,AS MEASURED,PRIMARY,true,true,176,X - GLOBAL,NEWTONS,AS MEASURED,PRIMARY,true,true,177,X - GLOBAL,NEWTONS,AS MEASURED,PRIMARY,true,true,178,X - GLOBAL,NEWTONS,AS MEASURED,PRIMARY,true,true,179,X - GLOBAL,NEWTONS,AS MEASURED,PRIMARY,true,true,136,G'S,AS MEASURED,PRIMARY,true,true,137,G'S,AS MEASURED,PRIMARY,true,true,138,G'S,AS MEASURED,PRIMARY,true
11601,2020-10-22,RESEARCH,VEHICLE INTO POLE,2020 NISSAN ROGUE LEFT SIDE FMVSS POLE IMPACT AT 32 KPH,side,research_other,classified,,side_pole_load_cell_8,side_pole_load_cell_barrier,covered_with_mask,POLE,POLE,pole_barrier_unconditional,1,8,8,0,"[1, 8]",8,8,8,,,true,true,[],[],"{""missing_expected_channel_count"": 0, ""duplicate_channel_count"": 0, ""force_channel_count"": 8, ""moment_channel_count"": 0}",3,3,DEGREES/SEC,true,false,true,52,false,true,177,X - GLOBAL,NEWTONS,AS MEASURED,PRIMARY,true,true,178,X - GLOBAL,NEWTONS,AS MEASURED,PRIMARY,true,true,179,X - GLOBAL,NEWTONS,AS MEASURED,PRIMARY,true,true,180,X - GLOBAL,NEWTONS,AS MEASURED,PRIMARY,true,true,181,X - GLOBAL,NEWTONS,AS MEASURED,PRIMARY,true,true,182,X - GLOBAL,NEWTONS,AS MEASURED,PRIMARY,true,true,183,X - GLOBAL,NEWTONS,AS MEASURED,PRIMARY,true,true,184,X - GLOBAL,NEWTONS,AS MEASURED,PRIMARY,true,true,136,G'S,CHANNEL FAILED,PRIMARY,false,true,137,G'S,CHANNEL FAILED,PRIMARY,false,true,138,G'S,CHANNEL FAILED,PRIMARY,false
11602,2020-11-19,RESEARCH,VEHICLE INTO POLE,2020 GMC TERRAIN LEFT SIDE FMVSS POLE IMPACT,unknown,research_other,classified,,side_pole_load_cell_8,side_pole_load_cell_barrier,covered_with_mask,POLE,POLE,pole_barrier_unconditional,1,8,8,0,"[1, 8]",8,8,8,,,true,true,[],[],"{""missing_expected_channel_count"": 0, ""duplicate_channel_count"": 0, ""force_channel_count"": 8, ""moment_channel_count"": 0}",3,0,,true,true,false,31,false,true,43,X - GLOBAL,NEWTONS,AS MEASURED,PRIMARY,true,true,44,X - GLOBAL,NEWTONS,AS MEASURED,PRIMARY,true,true,45,X - GLOBAL,NEWTONS,AS MEASURED,PRIMARY,true,true,46,X - GLOBAL,NEWTONS,AS MEASURED,PRIMARY,true,true,47,X - GLOBAL,NEWTONS,AS MEASURED,PRIMARY,true,true,48,X - GLOBAL,NEWTONS,AS MEASURED,PRIMARY,true,true,49,X - GLOBAL,NEWTONS,AS MEASURED,PRIMARY,true,true,50,X - GLOBAL,NEWTONS,AS MEASURED,PRIMARY,true,true,3,G'S,AS MEASURED,PRIMARY,true,true,2,G'S,AS MEASURED,PRIMARY,true,true,4,G'S,AS MEASURED,PRIMARY,true
11603,2020-12-15,RESEARCH,VEHICLE INTO POLE,2020 HYUNDAI SANTA FE LEFT SIDE FMVSS POLE IMPACT AT 32 KPH,side,research_other,classified,,side_pole_load_cell_8,side_pole_load_cell_barrier,covered_with_mask,POLE,POLE,pole_barrier_unconditional,1,8,8,0,"[1, 8]",8,8,8,,,true,true,[],[],"{""missing_expected_channel_count"": 0, ""duplicate_channel_count"": 0, ""force_channel_count"": 8, ""moment_channel_count"": 0}",3,3,DEGREES/SEC,true,false,true,52,false,true,177,X - GLOBAL,NEWTONS,AS MEASURED,PRIMARY,true,true,178,X - GLOBAL,NEWTONS,AS MEASURED,PRIMARY,true,true,179,X - GLOBAL,NEWTONS,AS MEASURED,PRIMARY,true,true,180,X - GLOBAL,NEWTONS,AS MEASURED,PRIMARY,true,true,181,X - GLOBAL,NEWTONS,AS MEASURED,PRIMARY,true,true,182,X - GLOBAL,NEWTONS,AS MEASURED,PRIMARY,true,true,183,X - GLOBAL,NEWTONS,AS MEASURED,PRIMARY,true,true,184,X - GLOBAL,NEWTONS,AS MEASURED,PRIMARY,true,true,136,G'S,AS MEASURED,PRIMARY,true,true,137,G'S,CHANNEL FAILED,PRIMARY,false,true,138,G'S,AS MEASURED,PRIMARY,true
11604,2021-01-14,RESEARCH,VEHICLE INTO POLE,2020 HYUNDAI HYUNDAI VELOSTER LEFT SIDE FMVSS POLE IMPACT AT 32 KPH,side,research_other,classified,,side_pole_load_cell_8,side_pole_load_cell_barrier,covered_with_mask,POLE,POLE,pole_barrier_unconditional,1,8,8,0,"[1, 8]",8,8,8,,,true,true,[],[],"{""missing_expected_channel_count"": 0, ""duplicate_channel_count"": 0, ""force_channel_count"": 8, ""moment_channel_count"": 0}",3,3,DEGREES/SEC,true,false,true,52,false,true,177,X - GLOBAL,NEWTONS,AS MEASURED,PRIMARY,true,true,178,X - GLOBAL,NEWTONS,AS MEASURED,PRIMARY,true,true,179,X - GLOBAL,NEWTONS,AS MEASURED,PRIMARY,true,true,180,X - GLOBAL,NEWTONS,AS MEASURED,PRIMARY,true,true,181,X - GLOBAL,NEWTONS,AS MEASURED,PRIMARY,true,true,182,X - GLOBAL,NEWTONS,AS MEASURED,PRIMARY,true,true,183,X - GLOBAL,NEWTONS,AS MEASURED,PRIMARY,true,true,184,X - GLOBAL,NEWTONS,AS MEASURED,PRIMARY,true,true,136,G'S,AS MEASURED,PRIMARY,true,true,137,G'S,CHANNEL FAILED,PRIMARY,false,true,138,G'S,AS MEASURED,PRIMARY,true
11611,2021-04-01,RESEARCH,VEHICLE INTO POLE,2020 GMC TERRAIN LEFT SIDE FMVSS POLE IMPACT AT 32 KPH,side,research_other,classified,,side_pole_load_cell_8,side_pole_load_cell_barrier,covered_with_mask,POLE,POLE,pole_barrier_unconditional,1,8,8,0,"[1, 8]",8,8,8,,,true,true,[],[],"{""missing_expected_channel_count"": 0, ""duplicate_channel_count"": 0, ""force_channel_count"": 8, ""moment_channel_count"": 0}",3,3,DEGREES/SEC,true,false,true,52,false,true,177,X - GLOBAL,NEWTONS,AS MEASURED,PRIMARY,true,true,178,X - GLOBAL,NEWTONS,AS MEASURED,PRIMARY,true,true,179,X - GLOBAL,NEWTONS,AS MEASURED,PRIMARY,true,true,180,X - GLOBAL,NEWTONS,AS MEASURED,PRIMARY,true,true,181,X - GLOBAL,NEWTONS,AS MEASURED,PRIMARY,true,true,182,X - GLOBAL,NEWTONS,AS MEASURED,PRIMARY,true,true,183,X - GLOBAL,NEWTONS,AS MEASURED,PRIMARY,true,true,184,X - GLOBAL,NEWTONS,AS MEASURED,PRIMARY,true,true,136,G'S,AS MEASURED,PRIMARY,true,true,137,G'S,CHANNEL FAILED,PRIMARY,false,true,138,G'S,AS MEASURED,PRIMARY,true
11612,2021-04-08,RESEARCH,VEHICLE INTO POLE,2020 GMC TERRAIN LEFT SIDE FMVSS POLE IMPACT AT 32 KPH,side,research_other,classified,,side_pole_load_cell_8,side_pole_load_cell_barrier,covered_with_mask,POLE,POLE,pole_barrier_unconditional,1,8,8,0,"[1, 8]",8,8,8,,,true,true,[],[],"{""missing_expected_channel_count"": 0, ""duplicate_channel_count"": 0, ""force_channel_count"": 8, ""moment_channel_count"": 0}",3,3,DEGREES/SEC,true,false,true,52,false,true,177,X - GLOBAL,NEWTONS,AS MEASURED,PRIMARY,true,true,178,X - GLOBAL,NEWTONS,AS MEASURED,PRIMARY,true,true,179,X - GLOBAL,NEWTONS,AS MEASURED,PRIMARY,true,true,180,X - GLOBAL,NEWTONS,AS MEASURED,PRIMARY,true,true,181,X - GLOBAL,NEWTONS,AS MEASURED,PRIMARY,true,true,182,X - GLOBAL,NEWTONS,AS MEASURED,PRIMARY,true,true,183,X - GLOBAL,NEWTONS,AS MEASURED,PRIMARY,true,true,184,X - GLOBAL,NEWTONS,AS MEASURED,PRIMARY,true,true,136,G'S,AS MEASURED,PRIMARY,true,true,137,G'S,CHANNEL FAILED,PRIMARY,false,true,138,G'S,AS MEASURED,PRIMARY,true
11613,2021-04-15,RESEARCH,VEHICLE INTO POLE,2019 RAM 1500 RIGHT SIDE FMVSS POLE IMPACT AT 32 KPH,side,research_other,classified,,side_pole_load_cell_8,side_pole_load_cell_barrier,covered_with_mask,POLE,POLE,pole_barrier_unconditional,1,8,8,0,"[1, 8]",8,8,8,,,true,true,[],[],"{""missing_expected_channel_count"": 0, ""duplicate_channel_count"": 0, ""force_channel_count"": 8, ""moment_channel_count"": 0}",3,3,DEGREES/SEC,true,true,false,52,false,true,177,X - GLOBAL,NEWTONS,AS MEASURED,PRIMARY,true,true,178,X - GLOBAL,NEWTONS,AS MEASURED,PRIMARY,true,true,179,X - GLOBAL,NEWTONS,AS MEASURED,PRIMARY,true,true,180,X - GLOBAL,NEWTONS,AS MEASURED,PRIMARY,true,true,181,X - GLOBAL,NEWTONS,AS MEASURED,PRIMARY,true,true,182,X - GLOBAL,NEWTONS,AS MEASURED,PRIMARY,true,true,183,X - GLOBAL,NEWTONS,AS MEASURED,PRIMARY,true,true,184,X - GLOBAL,NEWTONS,AS MEASURED,PRIMARY,true,true,136,G'S,AS MEASURED,PRIMARY,true,true,137,G'S,AS MEASURED,PRIMARY,true,true,138,G'S,AS MEASURED,PRIMARY,true
11614,2021-04-22,RESEARCH,VEHICLE INTO POLE,2019 MINI COOPER RIGHT SIDE FMVSS POLE IMPACT AT 32 KPH,side,research_other,classified,,side_pole_load_cell_8,side_pole_load_cell_barrier,covered_with_mask,POLE,POLE,pole_barrier_unconditional,1,8,8,0,"[1, 8]",8,8,8,,,true,true,[],[],"{""missing_expected_channel_count"": 0, ""duplicate_channel_count"": 0, ""force_channel_count"": 8, ""moment_channel_count"": 0}",3,3,DEGREES/SEC,true,true,false,50,false,true,175,X - GLOBAL,NEWTONS,AS MEASURED,PRIMARY,true,true,176,X - GLOBAL,NEWTONS,AS MEASURED,PRIMARY,true,true,177,X - GLOBAL,NEWTONS,AS MEASURED,PRIMARY,true,true,178,X - GLOBAL,NEWTONS,AS MEASURED,PRIMARY,true,true,179,X - GLOBAL,NEWTONS,AS MEASURED,PRIMARY,true,true,180,X - GLOBAL,NEWTONS,AS MEASURED,PRIMARY,true,true,181,X - GLOBAL,NEWTONS,AS MEASURED,PRIMARY,true,true,182,X - GLOBAL,NEWTONS,AS MEASURED,PRIMARY,true,true,136,G'S,AS MEASURED,PRIMARY,true,true,137,G'S,AS MEASURED,PRIMARY,true,true,138,G'S,AS MEASURED,PRIMARY,true
11619,2021-06-25,OPTIONAL NEW CAR ASSESSMENT TEST,VEHICLE INTO POLE,NCAP SIDE IMPACT POLE BARRIER - 2021 GENESIS G80 4-DOOR SEDAN,side,side,classified,,side_pole_load_cell_8,side_pole_load_cell_barrier,covered_with_mask,POLE,POLE,pole_barrier_unconditional,1,8,8,0,"[1, 8]",8,8,8,,,true,false,[],[],"{""missing_expected_channel_count"": 0, ""duplicate_channel_count"": 0, ""force_channel_count"": 8, ""moment_channel_count"": 0}",3,0,,true,true,false,27,false,true,35,X - GLOBAL,NEWTONS,AS MEASURED,PRIMARY,true,true,36,X - GLOBAL,NEWTONS,QUESTIONABLE DATA,PRIMARY,false,true,37,X - GLOBAL,NEWTONS,AS MEASURED,PRIMARY,true,true,38,X - GLOBAL,NEWTONS,AS MEASURED,PRIMARY,true,true,39,X - GLOBAL,NEWTONS,AS MEASURED,PRIMARY,true,true,40,X - GLOBAL,NEWTONS,AS MEASURED,PRIMARY,true,true,41,X - GLOBAL,NEWTONS,AS MEASURED,PRIMARY,true,true,42,X - GLOBAL,NEWTONS,QUESTIONABLE DATA,PRIMARY,false,true,17,G'S,AS MEASURED,PRIMARY,true,true,18,G'S,AS MEASURED,PRIMARY,true,true,19,G'S,AS MEASURED,PRIMARY,true
11627,2021-07-28,NEW CAR ASSESSMENT TEST,VEHICLE INTO POLE,NCAP SIDE IMPACT POLE BARRIER - 2021 VOLKSWAGEN ID.4 PRO 5-DOOR MPV,side,side,classified,,side_pole_load_cell_8,side_pole_load_cell_barrier,covered_with_mask,POLE,POLE,pole_barrier_unconditional,1,8,8,0,"[1, 8]",8,8,8,,,true,false,[],[],"{""missing_expected_channel_count"": 0, ""duplicate_channel_count"": 0, ""force_channel_count"": 8, ""moment_channel_count"": 0}",3,0,,true,false,true,27,false,true,35,X - GLOBAL,NEWTONS,AS MEASURED,PRIMARY,true,true,36,X - GLOBAL,NEWTONS,AS MEASURED,PRIMARY,true,true,37,X - GLOBAL,NEWTONS,AS MEASURED,PRIMARY,true,true,38,X - GLOBAL,NEWTONS,AS MEASURED,PRIMARY,true,true,39,X - GLOBAL,NEWTONS,AS MEASURED,PRIMARY,true,true,40,X - GLOBAL,NEWTONS,AS MEASURED,PRIMARY,true,true,41,X - GLOBAL,NEWTONS,CHANNEL FAILED,PRIMARY,false,true,42,X - GLOBAL,NEWTONS,AS MEASURED,PRIMARY,true,true,17,G'S,CHANNEL FAILED,PRIMARY,false,true,18,G'S,CHANNEL FAILED,PRIMARY,false,true,19,G'S,CHANNEL FAILED,PRIMARY,false
11656,2021-09-15,RESEARCH,VEHICLE INTO POLE,2019 MINI COOPER RIGHT SIDE FMVSS POLE IMPACT AT 32 KPH,side,research_other,classified,,side_pole_load_cell_8,side_pole_load_cell_barrier,covered_with_mask,POLE,POLE,pole_barrier_unconditional,1,6,6,0,"[1, 6]",8,6,6,7|8,,false,false,[],[],"{""missing_expected_channel_count"": 0, ""duplicate_channel_count"": 0, ""force_channel_count"": 6, ""moment_channel_count"": 0}",3,3,DEGREES/SEC,true,false,true,50,false,true,175,X - GLOBAL,NEWTONS,AS MEASURED,PRIMARY,true,true,176,X - GLOBAL,NEWTONS,AS MEASURED,PRIMARY,true,true,177,X - GLOBAL,NEWTONS,AS MEASURED,PRIMARY,true,true,178,X - GLOBAL,NEWTONS,AS MEASURED,PRIMARY,true,true,179,X - GLOBAL,NEWTONS,AS MEASURED,PRIMARY,true,true,180,X - GLOBAL,NEWTONS,AS MEASURED,PRIMARY,true,false,,,,,,false,false,,,,,,false,true,136,G'S,AS MEASURED,PRIMARY,true,true,137,G'S,CHANNEL FAILED,PRIMARY,false,true,138,G'S,CHANNEL FAILED,PRIMARY,false
11662,2021-10-07,OPTIONAL NEW CAR ASSESSMENT TEST,VEHICLE INTO POLE,OPTIONAL NCAP SIDE POLE - 2022 ACURA MDX 5-DOOR SUV,side,side,classified,,side_pole_load_cell_8,side_pole_load_cell_barrier,covered_with_mask,POLE,POLE,pole_barrier_unconditional,1,8,8,0,"[1, 8]",8,8,8,,,true,false,[],[],"{""missing_expected_channel_count"": 0, ""duplicate_channel_count"": 0, ""force_channel_count"": 8, ""moment_channel_count"": 0}",3,0,,true,true,false,27,false,true,35,Y - GLOBAL,NEWTONS,AS MEASURED,PRIMARY,true,true,36,Y - GLOBAL,NEWTONS,AS MEASURED,PRIMARY,true,true,37,Y - GLOBAL,NEWTONS,AS MEASURED,PRIMARY,true,true,38,Y - GLOBAL,NEWTONS,AS MEASURED,PRIMARY,true,true,39,Y - GLOBAL,NEWTONS,AS MEASURED,PRIMARY,true,true,40,Y - GLOBAL,NEWTONS,AS MEASURED,PRIMARY,true,true,41,Y - GLOBAL,NEWTONS,AS MEASURED,PRIMARY,true,true,42,Y - GLOBAL,NEWTONS,CHANNEL FAILED,PRIMARY,false,true,17,G'S,AS MEASURED,PRIMARY,true,true,18,G'S,AS MEASURED,PRIMARY,true,true,19,G'S,AS MEASURED,PRIMARY,true
11667,2021-12-01,NEW CAR ASSESSMENT TEST,VEHICLE INTO POLE,NCAP SIDE POLE - 2022 HYUNDAI TUCSON SEL 5-DOOR SUV,side,side,classified,,side_pole_load_cell_8,side_pole_load_cell_barrier,covered_with_mask,POLE,POLE,pole_barrier_unconditional,1,8,8,0,"[1, 8]",8,8,8,,,true,false,[],[],"{""missing_expected_channel_count"": 0, ""duplicate_channel_count"": 0, ""force_channel_count"": 8, ""moment_channel_count"": 0}",3,0,,true,true,false,27,false,true,35,Y - GLOBAL,NEWTONS,AS MEASURED,PRIMARY,true,true,36,Y - GLOBAL,NEWTONS,AS MEASURED,PRIMARY,true,true,37,Y - GLOBAL,NEWTONS,AS MEASURED,PRIMARY,true,true,38,Y - GLOBAL,NEWTONS,AS MEASURED,PRIMARY,true,true,39,Y - GLOBAL,NEWTONS,AS MEASURED,PRIMARY,true,true,40,Y - GLOBAL,NEWTONS,AS MEASURED,PRIMARY,true,true,41,Y - GLOBAL,NEWTONS,AS MEASURED,PRIMARY,true,true,42,Y - GLOBAL,NEWTONS,CHANNEL FAILED,PRIMARY,false,true,17,G'S,AS MEASURED,PRIMARY,true,true,18,G'S,AS MEASURED,PRIMARY,true,true,19,G'S,AS MEASURED,PRIMARY,true
11825,2017-11-03,OPTIONAL NEW CAR ASSESSMENT TEST,VEHICLE INTO POLE,OPTIONAL NCAP SIDE POLE - 2018 AUDI Q7 2.0T AWD 5-DOOR SUV,side,side,classified,,side_pole_load_cell_8,side_pole_load_cell_barrier,covered_with_mask,POLE,POLE,pole_barrier_unconditional,1,8,8,0,"[1, 8]",8,8,8,,,true,true,[],[],"{""missing_expected_channel_count"": 0, ""duplicate_channel_count"": 0, ""force_channel_count"": 8, ""moment_channel_count"": 0}",3,0,,true,true,false,27,false,true,35,Y - GLOBAL,NEWTONS,AS MEASURED,PRIMARY,true,true,36,Y - GLOBAL,NEWTONS,AS MEASURED,PRIMARY,true,true,37,Y - GLOBAL,NEWTONS,AS MEASURED,PRIMARY,true,true,38,Y - GLOBAL,NEWTONS,AS MEASURED,PRIMARY,true,true,39,Y - GLOBAL,NEWTONS,AS MEASURED,PRIMARY,true,true,40,Y - GLOBAL,NEWTONS,AS MEASURED,PRIMARY,true,true,41,Y - GLOBAL,NEWTONS,AS MEASURED,PRIMARY,true,true,42,Y - GLOBAL,NEWTONS,AS MEASURED,PRIMARY,true,true,17,G'S,AS MEASURED,PRIMARY,true,true,18,G'S,AS MEASURED,PRIMARY,true,true,19,G'S,AS MEASURED,PRIMARY,true
14050,2022-01-12,OPTIONAL NEW CAR ASSESSMENT TEST,VEHICLE INTO POLE,OPTIONAL NCAP SIDE POLE - 2022 HONDA CIVIC LX 4-DOOR SEDAN,side,side,classified,,side_pole_load_cell_8,side_pole_load_cell_barrier,covered_with_mask,POLE,POLE,pole_barrier_unconditional,1,8,8,0,"[1, 8]",8,8,8,,,true,false,[],[],"{""missing_expected_channel_count"": 0, ""duplicate_channel_count"": 0, ""force_channel_count"": 8, ""moment_channel_count"": 0}",3,0,,true,true,false,27,false,true,35,Y - GLOBAL,NEWTONS,AS MEASURED,PRIMARY,true,true,36,Y - GLOBAL,NEWTONS,AS MEASURED,PRIMARY,true,true,37,Y - GLOBAL,NEWTONS,AS MEASURED,PRIMARY,true,true,38,Y - GLOBAL,NEWTONS,AS MEASURED,PRIMARY,true,true,39,Y - GLOBAL,NEWTONS,AS MEASURED,PRIMARY,true,true,40,Y - GLOBAL,NEWTONS,AS MEASURED,PRIMARY,true,true,41,Y - GLOBAL,NEWTONS,AS MEASURED,PRIMARY,true,true,42,Y - GLOBAL,NEWTONS,CHANNEL FAILED,PRIMARY,false,true,17,G'S,AS MEASURED,PRIMARY,true,true,18,G'S,AS MEASURED,PRIMARY,true,true,19,G'S,AS MEASURED,PRIMARY,true
14052,2022-01-26,OPTIONAL NEW CAR ASSESSMENT TEST,VEHICLE INTO POLE,OPTIONAL NCAP SIDE POLE - 2022 MAZDA MX-30 5-DOOR HATCHBACK,side,side,classified,,side_pole_load_cell_8,side_pole_load_cell_barrier,covered_with_mask,POLE,POLE,pole_barrier_unconditional,1,8,8,0,"[1, 8]",8,8,8,,,true,false,[],[],"{""missing_expected_channel_count"": 0, ""duplicate_channel_count"": 0, ""force_channel_count"": 8, ""moment_channel_count"": 0}",3,0,,true,true,false,27,false,true,35,Y - GLOBAL,NEWTONS,AS MEASURED,PRIMARY,true,true,36,Y - GLOBAL,NEWTONS,AS MEASURED,PRIMARY,true,true,37,Y - GLOBAL,NEWTONS,AS MEASURED,PRIMARY,true,true,38,Y - GLOBAL,NEWTONS,AS MEASURED,PRIMARY,true,true,39,Y - GLOBAL,NEWTONS,AS MEASURED,PRIMARY,true,true,40,Y - GLOBAL,NEWTONS,AS MEASURED,PRIMARY,true,true,41,Y - GLOBAL,NEWTONS,AS MEASURED,PRIMARY,true,true,42,Y - GLOBAL,NEWTONS,CHANNEL FAILED,PRIMARY,false,true,17,G'S,AS MEASURED,PRIMARY,true,true,18,G'S,AS MEASURED,PRIMARY,true,true,19,G'S,AS MEASURED,PRIMARY,true
14057,2022-02-09,NEW CAR ASSESSMENT TEST,VEHICLE INTO POLE,NEW CAR ASSESSMENT PROGRAM SIDE POLE BARRIER IMPACT TEST,side,side,classified,,side_pole_load_cell_8,side_pole_load_cell_barrier,covered_with_mask,POLE,POLE,pole_barrier_unconditional,1,8,8,0,"[1, 8]",8,8,8,,,true,true,[],[],"{""missing_expected_channel_count"": 0, ""duplicate_channel_count"": 0, ""force_channel_count"": 8, ""moment_channel_count"": 0}",3,0,,true,true,false,27,false,true,35,Y - GLOBAL,NEWTONS,AS MEASURED,PRIMARY,true,true,36,Y - GLOBAL,NEWTONS,AS MEASURED,PRIMARY,true,true,37,Y - GLOBAL,NEWTONS,AS MEASURED,PRIMARY,true,true,38,Y - GLOBAL,NEWTONS,AS MEASURED,PRIMARY,true,true,39,Y - GLOBAL,NEWTONS,AS MEASURED,PRIMARY,true,true,40,Y - GLOBAL,NEWTONS,AS MEASURED,PRIMARY,true,true,41,Y - GLOBAL,NEWTONS,AS MEASURED,PRIMARY,true,true,42,Y - GLOBAL,NEWTONS,AS MEASURED,PRIMARY,true,true,17,G'S,AS MEASURED,PRIMARY,true,true,18,G'S,AS MEASURED,PRIMARY,true,true,19,G'S,AS MEASURED,PRIMARY,true
14058,2022-02-24,OPTIONAL NEW CAR ASSESSMENT TEST,VEHICLE INTO POLE,OPTIONAL NCAP SIDE POLE - 2022 HYUNDAI TUCSON SEL 5-DOOR SUV,side,side,classified,,side_pole_load_cell_8,side_pole_load_cell_barrier,covered_with_mask,POLE,POLE,pole_barrier_unconditional,1,8,8,0,"[1, 8]",8,8,8,,,true,false,[],[],"{""missing_expected_channel_count"": 0, ""duplicate_channel_count"": 0, ""force_channel_count"": 8, ""moment_channel_count"": 0}",3,0,,true,true,false,27,false,true,35,Y - GLOBAL,NEWTONS,AS MEASURED,PRIMARY,true,true,36,Y - GLOBAL,NEWTONS,AS MEASURED,PRIMARY,true,true,37,Y - GLOBAL,NEWTONS,AS MEASURED,PRIMARY,true,true,38,Y - GLOBAL,NEWTONS,AS MEASURED,PRIMARY,true,true,39,Y - GLOBAL,NEWTONS,AS MEASURED,PRIMARY,true,true,40,Y - GLOBAL,NEWTONS,AS MEASURED,PRIMARY,true,true,41,Y - GLOBAL,NEWTONS,AS MEASURED,PRIMARY,true,true,42,Y - GLOBAL,NEWTONS,CHANNEL FAILED,PRIMARY,false,true,17,G'S,AS MEASURED,PRIMARY,true,true,18,G'S,AS MEASURED,PRIMARY,true,true,19,G'S,AS MEASURED,PRIMARY,true
14061,2022-03-08,NEW CAR ASSESSMENT TEST,VEHICLE INTO POLE,NCAP SIDE POLE - 2022 NISSAN ALTIMA SV 4-DOOR SEDAN,side,side,classified,,side_pole_load_cell_8,side_pole_load_cell_barrier,covered_with_mask,POLE,POLE,pole_barrier_unconditional,1,8,8,0,"[1, 8]",8,8,8,,,true,false,[],[],"{""missing_expected_channel_count"": 0, ""duplicate_channel_count"": 0, ""force_channel_count"": 8, ""moment_channel_count"": 0}",3,0,,true,false,true,27,false,true,35,Y - GLOBAL,NEWTONS,AS MEASURED,PRIMARY,true,true,36,Y - GLOBAL,NEWTONS,AS MEASURED,PRIMARY,true,true,37,Y - GLOBAL,NEWTONS,AS MEASURED,PRIMARY,true,true,38,Y - GLOBAL,NEWTONS,AS MEASURED,PRIMARY,true,true,39,Y - GLOBAL,NEWTONS,AS MEASURED,PRIMARY,true,true,40,Y - GLOBAL,NEWTONS,AS MEASURED,PRIMARY,true,true,41,Y - GLOBAL,NEWTONS,AS MEASURED,PRIMARY,true,true,42,Y - GLOBAL,NEWTONS,CHANNEL FAILED,PRIMARY,false,true,17,G'S,CHANNEL FAILED,PRIMARY,false,true,18,G'S,CHANNEL FAILED,PRIMARY,false,true,19,G'S,CHANNEL FAILED,PRIMARY,false
14064,2022-03-16,NEW CAR ASSESSMENT TEST,VEHICLE INTO POLE,75 DEGREE OBLIQUE RIGID POLE SIDE NCAP IMPACT,side,side,classified,,side_pole_load_cell_8,side_pole_load_cell_barrier,covered_with_mask,POLE,POLE,pole_barrier_unconditional,1,8,8,0,"[1, 8]",8,8,8,,,true,true,[],[],"{""missing_expected_channel_count"": 0, ""duplicate_channel_count"": 0, ""force_channel_count"": 8, ""moment_channel_count"": 0}",3,0,,true,false,true,27,false,true,35,X - GLOBAL,NEWTONS,AS MEASURED,PRIMARY,true,true,36,X - GLOBAL,NEWTONS,AS MEASURED,PRIMARY,true,true,37,X - GLOBAL,NEWTONS,AS MEASURED,PRIMARY,true,true,38,X - GLOBAL,NEWTONS,AS MEASURED,PRIMARY,true,true,39,X - GLOBAL,NEWTONS,AS MEASURED,PRIMARY,true,true,40,X - GLOBAL,NEWTONS,AS MEASURED,PRIMARY,true,true,41,X - GLOBAL,NEWTONS,AS MEASURED,PRIMARY,true,true,42,X - GLOBAL,NEWTONS,AS MEASURED,PRIMARY,true,true,17,G'S,CHANNEL FAILED,PRIMARY,false,true,18,G'S,AS MEASURED,PRIMARY,true,true,19,G'S,AS MEASURED,PRIMARY,true
14073,2022-02-08,NEW CAR ASSESSMENT TEST,VEHICLE INTO POLE,NCAP SIDE POLE - 2022 NISSAN FRONTIER SV CREW CAB PICKUP TRUCK,side,side,classified,,side_pole_load_cell_8,side_pole_load_cell_barrier,covered_with_mask,POLE,POLE,pole_barrier_unconditional,1,8,8,0,"[1, 8]",8,8,8,,,true,true,[],[],"{""missing_expected_channel_count"": 0, ""duplicate_channel_count"": 0, ""force_channel_count"": 8, ""moment_channel_count"": 0}",3,0,,true,true,false,27,false,true,35,Y - GLOBAL,NEWTONS,AS MEASURED,PRIMARY,true,true,36,Y - GLOBAL,NEWTONS,AS MEASURED,PRIMARY,true,true,37,Y - GLOBAL,NEWTONS,AS MEASURED,PRIMARY,true,true,38,Y - GLOBAL,NEWTONS,AS MEASURED,PRIMARY,true,true,39,Y - GLOBAL,NEWTONS,AS MEASURED,PRIMARY,true,true,40,Y - GLOBAL,NEWTONS,AS MEASURED,PRIMARY,true,true,41,Y - GLOBAL,NEWTONS,AS MEASURED,PRIMARY,true,true,42,Y - GLOBAL,NEWTONS,AS MEASURED,PRIMARY,true,true,17,G'S,AS MEASURED,PRIMARY,true,true,18,G'S,AS MEASURED,PRIMARY,true,true,19,G'S,AS MEASURED,PRIMARY,true
14074,2022-03-25,NEW CAR ASSESSMENT TEST,VEHICLE INTO POLE,NCAP SIDE POLE - 2022 FORD ESCAPE SE PHEV 5-DOOR SUV,side,side,classified,,side_pole_load_cell_8,side_pole_load_cell_barrier,covered_with_mask,POLE,POLE,pole_barrier_unconditional,1,8,8,0,"[1, 8]",8,8,8,,,true,false,[],[],"{""missing_expected_channel_count"": 0, ""duplicate_channel_count"": 0, ""force_channel_count"": 8, ""moment_channel_count"": 0}",3,0,,true,true,false,27,false,true,35,Y - GLOBAL,NEWTONS,AS MEASURED,PRIMARY,true,true,36,Y - GLOBAL,NEWTONS,AS MEASURED,PRIMARY,true,true,37,Y - GLOBAL,NEWTONS,AS MEASURED,PRIMARY,true,true,38,Y - GLOBAL,NEWTONS,AS MEASURED,PRIMARY,true,true,39,Y - GLOBAL,NEWTONS,AS MEASURED,PRIMARY,true,true,40,Y - GLOBAL,NEWTONS,AS MEASURED,PRIMARY,true,true,41,Y - GLOBAL,NEWTONS,AS MEASURED,PRIMARY,true,true,42,Y - GLOBAL,NEWTONS,CHANNEL FAILED,PRIMARY,false,true,17,G'S,AS MEASURED,PRIMARY,true,true,18,G'S,AS MEASURED,PRIMARY,true,true,19,G'S,AS MEASURED,PRIMARY,true
14076,2022-03-30,NEW CAR ASSESSMENT TEST,VEHICLE INTO POLE,NEW CAR ASSESSMENT PROGRAM SIDE POLE BARRIER IMPACT TEST,side,side,classified,,side_pole_load_cell_8,side_pole_load_cell_barrier,covered_with_mask,POLE,POLE,pole_barrier_unconditional,1,8,8,0,"[1, 8]",8,8,8,,,true,false,[],[],"{""missing_expected_channel_count"": 0, ""duplicate_channel_count"": 0, ""force_channel_count"": 8, ""moment_channel_count"": 0}",3,0,,true,true,false,27,false,true,35,Y - GLOBAL,NEWTONS,QUESTIONABLE DATA,PRIMARY,false,true,36,Y - GLOBAL,NEWTONS,AS MEASURED,PRIMARY,true,true,37,Y - GLOBAL,NEWTONS,AS MEASURED,PRIMARY,true,true,38,Y - GLOBAL,NEWTONS,AS MEASURED,PRIMARY,true,true,39,Y - GLOBAL,NEWTONS,AS MEASURED,PRIMARY,true,true,40,Y - GLOBAL,NEWTONS,AS MEASURED,PRIMARY,true,true,41,Y - GLOBAL,NEWTONS,AS MEASURED,PRIMARY,true,true,42,Y - GLOBAL,NEWTONS,AS MEASURED,PRIMARY,true,true,17,G'S,AS MEASURED,PRIMARY,true,true,18,G'S,AS MEASURED,PRIMARY,true,true,19,G'S,AS MEASURED,PRIMARY,true
14083,2022-05-10,NEW CAR ASSESSMENT TEST,VEHICLE INTO POLE,NCAP SIDE IMPACT POLE BARRIER - 2022 VOLKSWAGEN TAOS 5-DOOR MPV,side,side,classified,,side_pole_load_cell_8,side_pole_load_cell_barrier,covered_with_mask,POLE,POLE,pole_barrier_unconditional,1,8,8,0,"[1, 8]",8,8,8,,,true,false,[],[],"{""missing_expected_channel_count"": 0, ""duplicate_channel_count"": 0, ""force_channel_count"": 8, ""moment_channel_count"": 0}",3,0,,true,false,true,27,false,true,35,X - GLOBAL,NEWTONS,AS MEASURED,PRIMARY,true,true,36,X - GLOBAL,NEWTONS,AS MEASURED,PRIMARY,true,true,37,X - GLOBAL,NEWTONS,AS MEASURED,PRIMARY,true,true,38,X - GLOBAL,NEWTONS,AS MEASURED,PRIMARY,true,true,39,X - GLOBAL,NEWTONS,AS MEASURED,PRIMARY,true,true,40,X - GLOBAL,NEWTONS,AS MEASURED,PRIMARY,true,true,41,X - GLOBAL,NEWTONS,AS MEASURED,PRIMARY,true,true,42,X - GLOBAL,NEWTONS,CHANNEL FAILED,PRIMARY,false,true,17,G'S,CHANNEL FAILED,PRIMARY,false,true,18,G'S,CHANNEL FAILED,PRIMARY,false,true,19,G'S,CHANNEL FAILED,PRIMARY,false
14088,2022-05-17,NEW CAR ASSESSMENT TEST,VEHICLE INTO POLE,NEW CAR ASSESSMENT PROGRAM SIDE POLE BARRIER IMPACT TEST,side,side,classified,,side_pole_load_cell_8,side_pole_load_cell_barrier,covered_with_mask,POLE,POLE,pole_barrier_unconditional,1,8,8,0,"[1, 8]",8,8,8,,,true,true,[],[],"{""missing_expected_channel_count"": 0, ""duplicate_channel_count"": 0, ""force_channel_count"": 8, ""moment_channel_count"": 0}",3,0,,true,true,false,27,false,true,35,Y - GLOBAL,NEWTONS,AS MEASURED,PRIMARY,true,true,36,Y - GLOBAL,NEWTONS,AS MEASURED,PRIMARY,true,true,37,Y - GLOBAL,NEWTONS,AS MEASURED,PRIMARY,true,true,38,Y - GLOBAL,NEWTONS,AS MEASURED,PRIMARY,true,true,39,Y - GLOBAL,NEWTONS,AS MEASURED,PRIMARY,true,true,40,Y - GLOBAL,NEWTONS,AS MEASURED,PRIMARY,true,true,41,Y - GLOBAL,NEWTONS,AS MEASURED,PRIMARY,true,true,42,Y - GLOBAL,NEWTONS,AS MEASURED,PRIMARY,true,true,17,G'S,AS MEASURED,PRIMARY,true,true,18,G'S,AS MEASURED,PRIMARY,true,true,19,G'S,AS MEASURED,PRIMARY,true
14092,2022-05-26,NEW CAR ASSESSMENT TEST,VEHICLE INTO POLE,NEW CAR ASSESSMENT PROGRAM SIDE POLE BARRIER IMPACT TEST,side,side,classified,,side_pole_load_cell_8,side_pole_load_cell_barrier,covered_with_mask,POLE,POLE,pole_barrier_unconditional,1,8,8,0,"[1, 8]",8,8,8,,,true,false,[],[],"{""missing_expected_channel_count"": 0, ""duplicate_channel_count"": 0, ""force_channel_count"": 8, ""moment_channel_count"": 0}",3,0,,true,true,false,27,false,true,35,Y - GLOBAL,NEWTONS,QUESTIONABLE DATA,PRIMARY,false,true,36,Y - GLOBAL,NEWTONS,AS MEASURED,PRIMARY,true,true,37,Y - GLOBAL,NEWTONS,AS MEASURED,PRIMARY,true,true,38,Y - GLOBAL,NEWTONS,AS MEASURED,PRIMARY,true,true,39,Y - GLOBAL,NEWTONS,AS MEASURED,PRIMARY,true,true,40,Y - GLOBAL,NEWTONS,AS MEASURED,PRIMARY,true,true,41,Y - GLOBAL,NEWTONS,AS MEASURED,PRIMARY,true,true,42,Y - GLOBAL,NEWTONS,AS MEASURED,PRIMARY,true,true,17,G'S,AS MEASURED,PRIMARY,true,true,18,G'S,AS MEASURED,PRIMARY,true,true,19,G'S,AS MEASURED,PRIMARY,true
14098,2022-06-17,NEW CAR ASSESSMENT TEST,VEHICLE INTO POLE,NCAP SIDE IMPACT POLE BARRIER - 2022 CHEVROLET BOLT EUV 5-DOOR MPV,side,side,classified,,side_pole_load_cell_8,side_pole_load_cell_barrier,covered_with_mask,POLE,POLE,pole_barrier_unconditional,1,8,8,0,"[1, 8]",8,8,8,,,true,true,[],[],"{""missing_expected_channel_count"": 0, ""duplicate_channel_count"": 0, ""force_channel_count"": 8, ""moment_channel_count"": 0}",3,0,,true,true,false,27,false,true,35,X - GLOBAL,NEWTONS,AS MEASURED,PRIMARY,true,true,36,X - GLOBAL,NEWTONS,AS MEASURED,PRIMARY,true,true,37,X - GLOBAL,NEWTONS,AS MEASURED,PRIMARY,true,true,38,X - GLOBAL,NEWTONS,AS MEASURED,PRIMARY,true,true,39,X - GLOBAL,NEWTONS,AS MEASURED,PRIMARY,true,true,40,X - GLOBAL,NEWTONS,AS MEASURED,PRIMARY,true,true,41,X - GLOBAL,NEWTONS,AS MEASURED,PRIMARY,true,true,42,X - GLOBAL,NEWTONS,AS MEASURED,PRIMARY,true,true,17,G'S,AS MEASURED,PRIMARY,true,true,18,G'S,AS MEASURED,PRIMARY,true,true,19,G'S,AS MEASURED,PRIMARY,true
14128,2022-06-24,NEW CAR ASSESSMENT TEST,VEHICLE INTO POLE,NEW CAR ASSESSMENT PROGRAM SIDE POLE BARRIER IMPACT TEST,side,side,classified,,side_pole_load_cell_8,side_pole_load_cell_barrier,covered_with_mask,POLE,POLE,pole_barrier_unconditional,1,8,8,0,"[1, 8]",8,8,8,,,true,true,[],[],"{""missing_expected_channel_count"": 0, ""duplicate_channel_count"": 0, ""force_channel_count"": 8, ""moment_channel_count"": 0}",3,0,,true,true,false,27,false,true,35,Y - GLOBAL,NEWTONS,AS MEASURED,PRIMARY,true,true,36,Y - GLOBAL,NEWTONS,AS MEASURED,PRIMARY,true,true,37,Y - GLOBAL,NEWTONS,AS MEASURED,PRIMARY,true,true,38,Y - GLOBAL,NEWTONS,AS MEASURED,PRIMARY,true,true,39,Y - GLOBAL,NEWTONS,AS MEASURED,PRIMARY,true,true,40,Y - GLOBAL,NEWTONS,AS MEASURED,PRIMARY,true,true,41,Y - GLOBAL,NEWTONS,AS MEASURED,PRIMARY,true,true,42,Y - GLOBAL,NEWTONS,AS MEASURED,PRIMARY,true,true,17,G'S,AS MEASURED,PRIMARY,true,true,18,G'S,AS MEASURED,PRIMARY,true,true,19,G'S,AS MEASURED,PRIMARY,true
14213,2022-06-27,NEW CAR ASSESSMENT TEST,VEHICLE INTO POLE,75 DEGREE OBLIQUE RIGID POLE SIDE NCAP IMPACT,side,side,classified,,side_pole_load_cell_8,side_pole_load_cell_barrier,covered_with_mask,POLE,POLE,pole_barrier_unconditional,1,8,8,0,"[1, 8]",8,8,8,,,true,true,[],[],"{""missing_expected_channel_count"": 0, ""duplicate_channel_count"": 0, ""force_channel_count"": 8, ""moment_channel_count"": 0}",3,0,,true,true,false,27,false,true,35,X - GLOBAL,NEWTONS,AS MEASURED,PRIMARY,true,true,36,X - GLOBAL,NEWTONS,AS MEASURED,PRIMARY,true,true,37,X - GLOBAL,NEWTONS,AS MEASURED,PRIMARY,true,true,38,X - GLOBAL,NEWTONS,AS MEASURED,PRIMARY,true,true,39,X - GLOBAL,NEWTONS,AS MEASURED,PRIMARY,true,true,40,X - GLOBAL,NEWTONS,AS MEASURED,PRIMARY,true,true,41,X - GLOBAL,NEWTONS,AS MEASURED,PRIMARY,true,true,42,X - GLOBAL,NEWTONS,AS MEASURED,PRIMARY,true,true,17,G'S,AS MEASURED,PRIMARY,true,true,18,G'S,AS MEASURED,PRIMARY,true,true,19,G'S,AS MEASURED,PRIMARY,true
14215,2022-06-29,NEW CAR ASSESSMENT TEST,VEHICLE INTO POLE,NEW CAR ASSESSMENT PROGRAM SIDE POLE BARRIER IMPACT TEST,side,side,classified,,side_pole_load_cell_8,side_pole_load_cell_barrier,covered_with_mask,POLE,POLE,pole_barrier_unconditional,1,8,8,0,"[1, 8]",8,8,8,,,true,false,[],[],"{""missing_expected_channel_count"": 0, ""duplicate_channel_count"": 0, ""force_channel_count"": 8, ""moment_channel_count"": 0}",3,0,,true,true,false,27,false,true,35,Y - GLOBAL,NEWTONS,CHANNEL FAILED,PRIMARY,false,true,36,Y - GLOBAL,NEWTONS,AS MEASURED,PRIMARY,true,true,37,Y - GLOBAL,NEWTONS,AS MEASURED,PRIMARY,true,true,38,Y - GLOBAL,NEWTONS,AS MEASURED,PRIMARY,true,true,39,Y - GLOBAL,NEWTONS,AS MEASURED,PRIMARY,true,true,40,Y - GLOBAL,NEWTONS,AS MEASURED,PRIMARY,true,true,41,Y - GLOBAL,NEWTONS,AS MEASURED,PRIMARY,true,true,42,Y - GLOBAL,NEWTONS,AS MEASURED,PRIMARY,true,true,17,G'S,AS MEASURED,PRIMARY,true,true,18,G'S,AS MEASURED,PRIMARY,true,true,19,G'S,AS MEASURED,PRIMARY,true
14217,2022-07-13,NEW CAR ASSESSMENT TEST,VEHICLE INTO POLE,NEW CAR ASSESSMENT PROGRAM SIDE POLE BARRIER IMPACT TEST,side,side,classified,,side_pole_load_cell_8,side_pole_load_cell_barrier,covered_with_mask,POLE,POLE,pole_barrier_unconditional,1,8,8,0,"[1, 8]",8,8,8,,,true,false,[],[],"{""missing_expected_channel_count"": 0, ""duplicate_channel_count"": 0, ""force_channel_count"": 8, ""moment_channel_count"": 0}",3,0,,true,false,true,27,false,true,35,Y - GLOBAL,NEWTONS,QUESTIONABLE DATA,PRIMARY,false,true,36,Y - GLOBAL,NEWTONS,AS MEASURED,PRIMARY,true,true,37,Y - GLOBAL,NEWTONS,AS MEASURED,PRIMARY,true,true,38,Y - GLOBAL,NEWTONS,AS MEASURED,PRIMARY,true,true,39,Y - GLOBAL,NEWTONS,AS MEASURED,PRIMARY,true,true,40,Y - GLOBAL,NEWTONS,AS MEASURED,PRIMARY,true,true,41,Y - GLOBAL,NEWTONS,AS MEASURED,PRIMARY,true,true,42,Y - GLOBAL,NEWTONS,AS MEASURED,PRIMARY,true,true,17,G'S,AS MEASURED,PRIMARY,true,true,18,G'S,AS MEASURED,PRIMARY,true,true,19,G'S,QUESTIONABLE DATA,PRIMARY,false
14220,2022-07-15,NEW CAR ASSESSMENT TEST,VEHICLE INTO POLE,NCAP SIDE POLE - 2022 NISSAN ROGUE SPORT SV 5-DOOR SUV,side,side,classified,,side_pole_load_cell_8,side_pole_load_cell_barrier,covered_with_mask,POLE,POLE,pole_barrier_unconditional,1,8,8,0,"[1, 8]",8,8,8,,,true,false,[],[],"{""missing_expected_channel_count"": 0, ""duplicate_channel_count"": 0, ""force_channel_count"": 8, ""moment_channel_count"": 0}",3,0,,true,true,false,27,false,true,35,Y - GLOBAL,NEWTONS,AS MEASURED,PRIMARY,true,true,36,Y - GLOBAL,NEWTONS,AS MEASURED,PRIMARY,true,true,37,Y - GLOBAL,NEWTONS,AS MEASURED,PRIMARY,true,true,38,Y - GLOBAL,NEWTONS,AS MEASURED,PRIMARY,true,true,39,Y - GLOBAL,NEWTONS,AS MEASURED,PRIMARY,true,true,40,Y - GLOBAL,NEWTONS,AS MEASURED,PRIMARY,true,true,41,Y - GLOBAL,NEWTONS,AS MEASURED,PRIMARY,true,true,42,Y - GLOBAL,NEWTONS,CHANNEL FAILED,PRIMARY,false,true,17,G'S,AS MEASURED,PRIMARY,true,true,18,G'S,AS MEASURED,PRIMARY,true,true,19,G'S,AS MEASURED,PRIMARY,true
14244,2022-08-25,NEW CAR ASSESSMENT TEST,VEHICLE INTO POLE,75 DEGREE OBLIQUE RIGID POLE SIDE NCAP IMPACT,side,side,classified,,side_pole_load_cell_8,side_pole_load_cell_barrier,covered_with_mask,POLE,POLE,pole_barrier_unconditional,1,8,8,0,"[1, 8]",8,8,8,,,true,true,[],[],"{""missing_expected_channel_count"": 0, ""duplicate_channel_count"": 0, ""force_channel_count"": 8, ""moment_channel_count"": 0}",3,0,,true,true,false,27,false,true,35,X - GLOBAL,NEWTONS,AS MEASURED,PRIMARY,true,true,36,X - GLOBAL,NEWTONS,AS MEASURED,PRIMARY,true,true,37,X - GLOBAL,NEWTONS,AS MEASURED,PRIMARY,true,true,38,X - GLOBAL,NEWTONS,AS MEASURED,PRIMARY,true,true,39,X - GLOBAL,NEWTONS,AS MEASURED,PRIMARY,true,true,40,X - GLOBAL,NEWTONS,AS MEASURED,PRIMARY,true,true,41,X - GLOBAL,NEWTONS,AS MEASURED,PRIMARY,true,true,42,X - GLOBAL,NEWTONS,AS MEASURED,PRIMARY,true,true,17,G'S,AS MEASURED,PRIMARY,true,true,18,G'S,AS MEASURED,PRIMARY,true,true,19,G'S,AS MEASURED,PRIMARY,true
14247,2022-08-24,NEW CAR ASSESSMENT TEST,VEHICLE INTO POLE,NCAP SIDE POLE - 2022 FORD F-150 SUPERCREW HEV PICKUP TRUCK,side,side,classified,,side_pole_load_cell_8,side_pole_load_cell_barrier,covered_with_mask,POLE,POLE,pole_barrier_unconditional,1,8,8,0,"[1, 8]",8,8,8,,,true,false,[],[],"{""missing_expected_channel_count"": 0, ""duplicate_channel_count"": 0, ""force_channel_count"": 8, ""moment_channel_count"": 0}",3,0,,true,true,false,27,false,true,35,Y - GLOBAL,NEWTONS,AS MEASURED,PRIMARY,true,true,36,Y - GLOBAL,NEWTONS,AS MEASURED,PRIMARY,true,true,37,Y - GLOBAL,NEWTONS,AS MEASURED,PRIMARY,true,true,38,Y - GLOBAL,NEWTONS,AS MEASURED,PRIMARY,true,true,39,Y - GLOBAL,NEWTONS,AS MEASURED,PRIMARY,true,true,40,Y - GLOBAL,NEWTONS,AS MEASURED,PRIMARY,true,true,41,Y - GLOBAL,NEWTONS,AS MEASURED,PRIMARY,true,true,42,Y - GLOBAL,NEWTONS,CHANNEL FAILED,PRIMARY,false,true,17,G'S,AS MEASURED,PRIMARY,true,true,18,G'S,AS MEASURED,PRIMARY,true,true,19,G'S,AS MEASURED,PRIMARY,true
14249,2022-09-10,NEW CAR ASSESSMENT TEST,VEHICLE INTO POLE,75 DEGREE OBLIQUE RIGID POLE SIDE NCAP IMPACT,side,side,classified,,side_pole_load_cell_8,side_pole_load_cell_barrier,covered_with_mask,POLE,POLE,pole_barrier_unconditional,1,8,8,0,"[1, 8]",8,8,8,,,true,true,[],[],"{""missing_expected_channel_count"": 0, ""duplicate_channel_count"": 0, ""force_channel_count"": 8, ""moment_channel_count"": 0}",3,0,,true,true,false,27,false,true,35,X - GLOBAL,NEWTONS,AS MEASURED,PRIMARY,true,true,36,X - GLOBAL,NEWTONS,AS MEASURED,PRIMARY,true,true,37,X - GLOBAL,NEWTONS,AS MEASURED,PRIMARY,true,true,38,X - GLOBAL,NEWTONS,AS MEASURED,PRIMARY,true,true,39,X - GLOBAL,NEWTONS,AS MEASURED,PRIMARY,true,true,40,X - GLOBAL,NEWTONS,AS MEASURED,PRIMARY,true,true,41,X - GLOBAL,NEWTONS,AS MEASURED,PRIMARY,true,true,42,X - GLOBAL,NEWTONS,AS MEASURED,PRIMARY,true,true,17,G'S,AS MEASURED,PRIMARY,true,true,18,G'S,AS MEASURED,PRIMARY,true,true,19,G'S,AS MEASURED,PRIMARY,true
14250,2022-10-12,NEW CAR ASSESSMENT TEST,VEHICLE INTO POLE,NEW CAR ASSESSMENT PROGRAM SIDE POLE BARRIER IMPACT TEST,side,side,classified,,side_pole_load_cell_8,side_pole_load_cell_barrier,covered_with_mask,POLE,POLE,pole_barrier_unconditional,1,8,8,0,"[1, 8]",8,8,8,,,true,false,[],[],"{""missing_expected_channel_count"": 0, ""duplicate_channel_count"": 0, ""force_channel_count"": 8, ""moment_channel_count"": 0}",3,0,,true,true,false,27,false,true,35,Y - GLOBAL,NEWTONS,QUESTIONABLE DATA,PRIMARY,false,true,36,Y - GLOBAL,NEWTONS,QUESTIONABLE DATA,PRIMARY,false,true,37,Y - GLOBAL,NEWTONS,AS MEASURED,PRIMARY,true,true,38,Y - GLOBAL,NEWTONS,AS MEASURED,PRIMARY,true,true,39,Y - GLOBAL,NEWTONS,AS MEASURED,PRIMARY,true,true,40,Y - GLOBAL,NEWTONS,AS MEASURED,PRIMARY,true,true,41,Y - GLOBAL,NEWTONS,AS MEASURED,PRIMARY,true,true,42,Y - GLOBAL,NEWTONS,AS MEASURED,PRIMARY,true,true,17,G'S,AS MEASURED,PRIMARY,true,true,18,G'S,AS MEASURED,PRIMARY,true,true,19,G'S,AS MEASURED,PRIMARY,true
14254,2022-10-28,NEW CAR ASSESSMENT TEST,VEHICLE INTO POLE,NCAP SIDE IMPACT POLE BARRIER - 2022 TOYOTA TUNDRA CREWMAX 4X2 4-DOOR,side,side,classified,,side_pole_load_cell_8,side_pole_load_cell_barrier,covered_with_mask,POLE,POLE,pole_barrier_unconditional,1,8,8,0,"[1, 8]",8,8,8,,,true,true,[],[],"{""missing_expected_channel_count"": 0, ""duplicate_channel_count"": 0, ""force_channel_count"": 8, ""moment_channel_count"": 0}",3,0,,true,true,false,27,false,true,35,X - GLOBAL,NEWTONS,AS MEASURED,PRIMARY,true,true,36,X - GLOBAL,NEWTONS,AS MEASURED,PRIMARY,true,true,37,X - GLOBAL,NEWTONS,AS MEASURED,PRIMARY,true,true,38,X - GLOBAL,NEWTONS,AS MEASURED,PRIMARY,true,true,39,X - GLOBAL,NEWTONS,AS MEASURED,PRIMARY,true,true,40,X - GLOBAL,NEWTONS,AS MEASURED,PRIMARY,true,true,41,X - GLOBAL,NEWTONS,AS MEASURED,PRIMARY,true,true,42,X - GLOBAL,NEWTONS,AS MEASURED,PRIMARY,true,true,17,G'S,AS MEASURED,PRIMARY,true,true,18,G'S,AS MEASURED,PRIMARY,true,true,19,G'S,AS MEASURED,PRIMARY,true
14256,2022-11-03,OPTIONAL NEW CAR ASSESSMENT TEST,VEHICLE INTO POLE,OPTIONAL NCAP SIDE POLE - 2022 TOYOTA COROLLA CROSS LE 5-DOOR SUV,side,side,classified,,side_pole_load_cell_8,side_pole_load_cell_barrier,covered_with_mask,POLE,POLE,pole_barrier_unconditional,1,8,8,0,"[1, 8]",8,8,8,,,true,false,[],[],"{""missing_expected_channel_count"": 0, ""duplicate_channel_count"": 0, ""force_channel_count"": 8, ""moment_channel_count"": 0}",3,0,,true,true,false,27,false,true,35,Y - GLOBAL,NEWTONS,AS MEASURED,PRIMARY,true,true,36,Y - GLOBAL,NEWTONS,AS MEASURED,PRIMARY,true,true,37,Y - GLOBAL,NEWTONS,AS MEASURED,PRIMARY,true,true,38,Y - GLOBAL,NEWTONS,AS MEASURED,PRIMARY,true,true,39,Y - GLOBAL,NEWTONS,AS MEASURED,PRIMARY,true,true,40,Y - GLOBAL,NEWTONS,AS MEASURED,PRIMARY,true,true,41,Y - GLOBAL,NEWTONS,AS MEASURED,PRIMARY,true,true,42,Y - GLOBAL,NEWTONS,CHANNEL FAILED,PRIMARY,false,true,17,G'S,AS MEASURED,PRIMARY,true,true,18,G'S,AS MEASURED,PRIMARY,true,true,19,G'S,AS MEASURED,PRIMARY,true
14260,2022-11-18,OPTIONAL NEW CAR ASSESSMENT TEST,VEHICLE INTO POLE,OPTIONAL NCAP SIDE POLE - 2023 ACURA INTEGRA A-SPEC TECH 5-DOOR HATCHBACK,side,side,classified,,side_pole_load_cell_8,side_pole_load_cell_barrier,covered_with_mask,POLE,POLE,pole_barrier_unconditional,1,8,8,0,"[1, 8]",8,8,8,,,true,false,[],[],"{""missing_expected_channel_count"": 0, ""duplicate_channel_count"": 0, ""force_channel_count"": 8, ""moment_channel_count"": 0}",3,0,,true,true,false,27,false,true,35,Y - GLOBAL,NEWTONS,AS MEASURED,PRIMARY,true,true,36,Y - GLOBAL,NEWTONS,AS MEASURED,PRIMARY,true,true,37,Y - GLOBAL,NEWTONS,AS MEASURED,PRIMARY,true,true,38,Y - GLOBAL,NEWTONS,AS MEASURED,PRIMARY,true,true,39,Y - GLOBAL,NEWTONS,AS MEASURED,PRIMARY,true,true,40,Y - GLOBAL,NEWTONS,AS MEASURED,PRIMARY,true,true,41,Y - GLOBAL,NEWTONS,AS MEASURED,PRIMARY,true,true,42,Y - GLOBAL,NEWTONS,CHANNEL FAILED,PRIMARY,false,true,17,G'S,AS MEASURED,PRIMARY,true,true,18,G'S,AS MEASURED,PRIMARY,true,true,19,G'S,AS MEASURED,PRIMARY,true
14265,2023-01-05,NEW CAR ASSESSMENT TEST,VEHICLE INTO POLE,OPTIONAL NEW CAR ASSESSMENT PROGRAM SIDE POLE BARRIER IMPACT TEST,side,side,classified,,side_pole_load_cell_8,side_pole_load_cell_barrier,covered_with_mask,POLE,POLE,pole_barrier_unconditional,1,8,8,0,"[1, 8]",8,8,8,,,true,false,[],[],"{""missing_expected_channel_count"": 0, ""duplicate_channel_count"": 0, ""force_channel_count"": 8, ""moment_channel_count"": 0}",3,0,,true,true,false,27,false,true,35,Y - GLOBAL,NEWTONS,NO DATA,PRIMARY,false,true,36,Y - GLOBAL,NEWTONS,NO DATA,PRIMARY,false,true,37,Y - GLOBAL,NEWTONS,AS MEASURED,PRIMARY,true,true,38,Y - GLOBAL,NEWTONS,AS MEASURED,PRIMARY,true,true,39,Y - GLOBAL,NEWTONS,AS MEASURED,PRIMARY,true,true,40,Y - GLOBAL,NEWTONS,AS MEASURED,PRIMARY,true,true,41,Y - GLOBAL,NEWTONS,AS MEASURED,PRIMARY,true,true,42,Y - GLOBAL,NEWTONS,AS MEASURED,PRIMARY,true,true,17,G'S,AS MEASURED,PRIMARY,true,true,18,G'S,AS MEASURED,PRIMARY,true,true,19,G'S,AS MEASURED,PRIMARY,true
14267,2022-12-08,OPTIONAL NEW CAR ASSESSMENT TEST,VEHICLE INTO POLE,NCAP SIDE IMPACT POLE BARRIER - 2022 SUBARU WRX PREMIUM 4-DOOR SEDAN,side,side,classified,,side_pole_load_cell_8,side_pole_load_cell_barrier,covered_with_mask,POLE,POLE,pole_barrier_unconditional,1,8,8,0,"[1, 8]",8,8,8,,,true,true,[],[],"{""missing_expected_channel_count"": 0, ""duplicate_channel_count"": 0, ""force_channel_count"": 8, ""moment_channel_count"": 0}",3,0,,true,true,false,27,false,true,35,X - GLOBAL,NEWTONS,AS MEASURED,PRIMARY,true,true,36,X - GLOBAL,NEWTONS,AS MEASURED,PRIMARY,true,true,37,X - GLOBAL,NEWTONS,AS MEASURED,PRIMARY,true,true,38,X - GLOBAL,NEWTONS,AS MEASURED,PRIMARY,true,true,39,X - GLOBAL,NEWTONS,AS MEASURED,PRIMARY,true,true,40,X - GLOBAL,NEWTONS,AS MEASURED,PRIMARY,true,true,41,X - GLOBAL,NEWTONS,AS MEASURED,PRIMARY,true,true,42,X - GLOBAL,NEWTONS,AS MEASURED,PRIMARY,true,true,17,G'S,AS MEASURED,PRIMARY,true,true,18,G'S,AS MEASURED,PRIMARY,true,true,19,G'S,AS MEASURED,PRIMARY,true
14276,2023-02-09,NEW CAR ASSESSMENT TEST,VEHICLE INTO POLE,NEW CAR ASSESSMENT PROGRAM SIDE POLE BARRIER IMPACT TEST,side,side,classified,,side_pole_load_cell_8,side_pole_load_cell_barrier,covered_with_mask,POLE,POLE,pole_barrier_unconditional,1,8,8,0,"[1, 8]",8,8,8,,,true,true,[],[],"{""missing_expected_channel_count"": 0, ""duplicate_channel_count"": 0, ""force_channel_count"": 8, ""moment_channel_count"": 0}",3,0,,true,true,false,27,false,true,35,Y - GLOBAL,NEWTONS,AS MEASURED,PRIMARY,true,true,36,Y - GLOBAL,NEWTONS,AS MEASURED,PRIMARY,true,true,37,Y - GLOBAL,NEWTONS,AS MEASURED,PRIMARY,true,true,38,Y - GLOBAL,NEWTONS,AS MEASURED,PRIMARY,true,true,39,Y - GLOBAL,NEWTONS,AS MEASURED,PRIMARY,true,true,40,Y - GLOBAL,NEWTONS,AS MEASURED,PRIMARY,true,true,41,Y - GLOBAL,NEWTONS,AS MEASURED,PRIMARY,true,true,42,Y - GLOBAL,NEWTONS,AS MEASURED,PRIMARY,true,true,17,G'S,AS MEASURED,PRIMARY,true,true,18,G'S,AS MEASURED,PRIMARY,true,true,19,G'S,AS MEASURED,PRIMARY,true
14277,2023-02-08,NEW CAR ASSESSMENT TEST,VEHICLE INTO POLE,NCAP SIDE IMPACT POLE BARRIER - 2023 JEEP GRAND CHEROKEE 5-DOOR SUV,side,side,classified,,side_pole_load_cell_8,side_pole_load_cell_barrier,covered_with_mask,POLE,POLE,pole_barrier_unconditional,1,8,8,0,"[1, 8]",8,8,8,,,true,true,[],[],"{""missing_expected_channel_count"": 0, ""duplicate_channel_count"": 0, ""force_channel_count"": 8, ""moment_channel_count"": 0}",3,0,,true,true,false,27,false,true,35,X - GLOBAL,NEWTONS,AS MEASURED,PRIMARY,true,true,36,X - GLOBAL,NEWTONS,AS MEASURED,PRIMARY,true,true,37,X - GLOBAL,NEWTONS,AS MEASURED,PRIMARY,true,true,38,X - GLOBAL,NEWTONS,AS MEASURED,PRIMARY,true,true,39,X - GLOBAL,NEWTONS,AS MEASURED,PRIMARY,true,true,40,X - GLOBAL,NEWTONS,AS MEASURED,PRIMARY,true,true,41,X - GLOBAL,NEWTONS,AS MEASURED,PRIMARY,true,true,42,X - GLOBAL,NEWTONS,AS MEASURED,PRIMARY,true,true,17,G'S,AS MEASURED,PRIMARY,true,true,18,G'S,AS MEASURED,PRIMARY,true,true,19,G'S,AS MEASURED,PRIMARY,true
14278,2023-02-16,NEW CAR ASSESSMENT TEST,VEHICLE INTO POLE,NEW CAR ASSESSMENT PROGRAM SIDE POLE BARRIER IMPACT TEST,side,side,classified,,side_pole_load_cell_8,side_pole_load_cell_barrier,covered_with_mask,POLE,POLE,pole_barrier_unconditional,1,8,8,0,"[1, 8]",8,8,8,,,true,false,[],[],"{""missing_expected_channel_count"": 0, ""duplicate_channel_count"": 0, ""force_channel_count"": 8, ""moment_channel_count"": 0}",3,0,,true,true,false,27,false,true,35,Y - GLOBAL,NEWTONS,NO DATA,PRIMARY,false,true,36,Y - GLOBAL,NEWTONS,NO DATA,PRIMARY,false,true,37,Y - GLOBAL,NEWTONS,AS MEASURED,PRIMARY,true,true,38,Y - GLOBAL,NEWTONS,AS MEASURED,PRIMARY,true,true,39,Y - GLOBAL,NEWTONS,AS MEASURED,PRIMARY,true,true,40,Y - GLOBAL,NEWTONS,AS MEASURED,PRIMARY,true,true,41,Y - GLOBAL,NEWTONS,AS MEASURED,PRIMARY,true,true,42,Y - GLOBAL,NEWTONS,AS MEASURED,PRIMARY,true,true,17,G'S,AS MEASURED,PRIMARY,true,true,18,G'S,AS MEASURED,PRIMARY,true,true,19,G'S,AS MEASURED,PRIMARY,true
14280,2023-02-15,NEW CAR ASSESSMENT TEST,VEHICLE INTO POLE,75 DEGREE OBLIQUE RIGID POLE SIDE NCAP IMPACT,side,side,classified,,side_pole_load_cell_8,side_pole_load_cell_barrier,covered_with_mask,POLE,POLE,pole_barrier_unconditional,1,8,8,0,"[1, 8]",8,8,8,,,true,true,[],[],"{""missing_expected_channel_count"": 0, ""duplicate_channel_count"": 0, ""force_channel_count"": 8, ""moment_channel_count"": 0}",3,0,,true,true,false,27,false,true,35,X - GLOBAL,NEWTONS,AS MEASURED,PRIMARY,true,true,36,X - GLOBAL,NEWTONS,AS MEASURED,PRIMARY,true,true,37,X - GLOBAL,NEWTONS,AS MEASURED,PRIMARY,true,true,38,X - GLOBAL,NEWTONS,AS MEASURED,PRIMARY,true,true,39,X - GLOBAL,NEWTONS,AS MEASURED,PRIMARY,true,true,40,X - GLOBAL,NEWTONS,AS MEASURED,PRIMARY,true,true,41,X - GLOBAL,NEWTONS,AS MEASURED,PRIMARY,true,true,42,X - GLOBAL,NEWTONS,AS MEASURED,PRIMARY,true,true,17,G'S,AS MEASURED,PRIMARY,true,true,18,G'S,AS MEASURED,PRIMARY,true,true,19,G'S,AS MEASURED,PRIMARY,true
14285,2023-02-24,NEW CAR ASSESSMENT TEST,VEHICLE INTO POLE,NEW CAR ASSESSMENT PROGRAM SIDE POLE BARRIER IMPACT TEST,side,side,classified,,side_pole_load_cell_8,side_pole_load_cell_barrier,covered_with_mask,POLE,POLE,pole_barrier_unconditional,1,8,8,0,"[1, 8]",8,8,8,,,true,true,[],[],"{""missing_expected_channel_count"": 0, ""duplicate_channel_count"": 0, ""force_channel_count"": 8, ""moment_channel_count"": 0}",3,0,,true,true,false,27,false,true,35,Y - GLOBAL,NEWTONS,AS MEASURED,PRIMARY,true,true,36,Y - GLOBAL,NEWTONS,AS MEASURED,PRIMARY,true,true,37,Y - GLOBAL,NEWTONS,AS MEASURED,PRIMARY,true,true,38,Y - GLOBAL,NEWTONS,AS MEASURED,PRIMARY,true,true,39,Y - GLOBAL,NEWTONS,AS MEASURED,PRIMARY,true,true,40,Y - GLOBAL,NEWTONS,AS MEASURED,PRIMARY,true,true,41,Y - GLOBAL,NEWTONS,AS MEASURED,PRIMARY,true,true,42,Y - GLOBAL,NEWTONS,AS MEASURED,PRIMARY,true,true,17,G'S,AS MEASURED,PRIMARY,true,true,18,G'S,AS MEASURED,PRIMARY,true,true,19,G'S,AS MEASURED,PRIMARY,true
14287,2023-03-01,NEW CAR ASSESSMENT TEST,VEHICLE INTO POLE,75 DEGREE OBLIQUE RIGID POLE SIDE NCAP IMPACT,side,side,classified,,side_pole_load_cell_8,side_pole_load_cell_barrier,covered_with_mask,POLE,POLE,pole_barrier_unconditional,1,8,8,0,"[1, 8]",8,8,8,,,true,true,[],[],"{""missing_expected_channel_count"": 0, ""duplicate_channel_count"": 0, ""force_channel_count"": 8, ""moment_channel_count"": 0}",3,0,,true,true,false,27,false,true,35,X - GLOBAL,NEWTONS,AS MEASURED,PRIMARY,true,true,36,X - GLOBAL,NEWTONS,AS MEASURED,PRIMARY,true,true,37,X - GLOBAL,NEWTONS,AS MEASURED,PRIMARY,true,true,38,X - GLOBAL,NEWTONS,AS MEASURED,PRIMARY,true,true,39,X - GLOBAL,NEWTONS,AS MEASURED,PRIMARY,true,true,40,X - GLOBAL,NEWTONS,AS MEASURED,PRIMARY,true,true,41,X - GLOBAL,NEWTONS,AS MEASURED,PRIMARY,true,true,42,X - GLOBAL,NEWTONS,AS MEASURED,PRIMARY,true,true,17,G'S,AS MEASURED,PRIMARY,true,true,18,G'S,AS MEASURED,PRIMARY,true,true,19,G'S,AS MEASURED,PRIMARY,true
14288,2023-02-24,NEW CAR ASSESSMENT TEST,VEHICLE INTO POLE,NCAP SIDE IMPACT POLE BARRIER - 2023 HYUNDAI SANTA CRUZ 4-DR TRUCK,side,side,classified,,side_pole_load_cell_8,side_pole_load_cell_barrier,covered_with_mask,POLE,POLE,pole_barrier_unconditional,1,8,8,0,"[1, 8]",8,8,8,,,true,false,[],[],"{""missing_expected_channel_count"": 0, ""duplicate_channel_count"": 0, ""force_channel_count"": 8, ""moment_channel_count"": 0}",3,0,,true,true,false,27,false,true,35,X - GLOBAL,NEWTONS,AS MEASURED,PRIMARY,true,true,36,X - GLOBAL,NEWTONS,AS MEASURED,PRIMARY,true,true,37,X - GLOBAL,NEWTONS,AS MEASURED,PRIMARY,true,true,38,X - GLOBAL,NEWTONS,AS MEASURED,PRIMARY,true,true,39,X - GLOBAL,NEWTONS,AS MEASURED,PRIMARY,true,true,40,X - GLOBAL,NEWTONS,AS MEASURED,PRIMARY,true,true,41,X - GLOBAL,NEWTONS,AS MEASURED,PRIMARY,true,true,42,X - GLOBAL,NEWTONS,CHANNEL FAILED,PRIMARY,false,true,17,G'S,AS MEASURED,PRIMARY,true,true,18,G'S,AS MEASURED,PRIMARY,true,true,19,G'S,AS MEASURED,PRIMARY,true
14291,2023-01-10,OPTIONAL NEW CAR ASSESSMENT TEST,VEHICLE INTO POLE,OPTIONAL NCAP - 2023 HONDA HR-V LX SUV,side,side,classified,,side_pole_load_cell_8,side_pole_load_cell_barrier,covered_with_mask,POLE,POLE,pole_barrier_unconditional,1,8,8,0,"[1, 8]",8,8,8,,,true,true,[],[],"{""missing_expected_channel_count"": 0, ""duplicate_channel_count"": 0, ""force_channel_count"": 8, ""moment_channel_count"": 0}",3,0,,true,true,false,27,false,true,35,Y - GLOBAL,NEWTONS,AS MEASURED,PRIMARY,true,true,36,Y - GLOBAL,NEWTONS,AS MEASURED,PRIMARY,true,true,37,Y - GLOBAL,NEWTONS,AS MEASURED,PRIMARY,true,true,38,Y - GLOBAL,NEWTONS,AS MEASURED,PRIMARY,true,true,39,Y - GLOBAL,NEWTONS,AS MEASURED,PRIMARY,true,true,40,Y - GLOBAL,NEWTONS,AS MEASURED,PRIMARY,true,true,41,Y - GLOBAL,NEWTONS,AS MEASURED,PRIMARY,true,true,42,Y - GLOBAL,NEWTONS,AS MEASURED,PRIMARY,true,true,17,G'S,AS MEASURED,PRIMARY,true,true,18,G'S,AS MEASURED,PRIMARY,true,true,19,G'S,AS MEASURED,PRIMARY,true
14293,2023-01-25,NEW CAR ASSESSMENT TEST,VEHICLE INTO POLE,NCAP SIDE POLE - 2022 FORD RANGER XL SUPERCAB PICKUP TRUCK,side,side,classified,,side_pole_load_cell_8,side_pole_load_cell_barrier,covered_with_mask,POLE,POLE,pole_barrier_unconditional,1,8,8,0,"[1, 8]",8,8,8,,,true,true,[],[],"{""missing_expected_channel_count"": 0, ""duplicate_channel_count"": 0, ""force_channel_count"": 8, ""moment_channel_count"": 0}",3,0,,true,true,false,27,false,true,35,Y - GLOBAL,NEWTONS,AS MEASURED,PRIMARY,true,true,36,Y - GLOBAL,NEWTONS,AS MEASURED,PRIMARY,true,true,37,Y - GLOBAL,NEWTONS,AS MEASURED,PRIMARY,true,true,38,Y - GLOBAL,NEWTONS,AS MEASURED,PRIMARY,true,true,39,Y - GLOBAL,NEWTONS,AS MEASURED,PRIMARY,true,true,40,Y - GLOBAL,NEWTONS,AS MEASURED,PRIMARY,true,true,41,Y - GLOBAL,NEWTONS,AS MEASURED,PRIMARY,true,true,42,Y - GLOBAL,NEWTONS,AS MEASURED,PRIMARY,true,true,17,G'S,AS MEASURED,PRIMARY,true,true,18,G'S,AS MEASURED,PRIMARY,true,true,19,G'S,AS MEASURED,PRIMARY,true
14308,2023-03-15,NEW CAR ASSESSMENT TEST,VEHICLE INTO POLE,NCAP SIDE POLE - 2023 KIA TELLURIDE EX 5-DOOR SUV,side,side,classified,,side_pole_load_cell_8,side_pole_load_cell_barrier,covered_with_mask,POLE,POLE,pole_barrier_unconditional,1,8,8,0,"[1, 8]",8,8,8,,,true,true,[],[],"{""missing_expected_channel_count"": 0, ""duplicate_channel_count"": 0, ""force_channel_count"": 8, ""moment_channel_count"": 0}",3,0,,true,true,false,27,false,true,35,Y - GLOBAL,NEWTONS,AS MEASURED,PRIMARY,true,true,36,Y - GLOBAL,NEWTONS,AS MEASURED,PRIMARY,true,true,37,Y - GLOBAL,NEWTONS,AS MEASURED,PRIMARY,true,true,38,Y - GLOBAL,NEWTONS,AS MEASURED,PRIMARY,true,true,39,Y - GLOBAL,NEWTONS,AS MEASURED,PRIMARY,true,true,40,Y - GLOBAL,NEWTONS,AS MEASURED,PRIMARY,true,true,41,Y - GLOBAL,NEWTONS,AS MEASURED,PRIMARY,true,true,42,Y - GLOBAL,NEWTONS,AS MEASURED,PRIMARY,true,true,17,G'S,AS MEASURED,PRIMARY,true,true,18,G'S,AS MEASURED,PRIMARY,true,true,19,G'S,AS MEASURED,PRIMARY,true
14320,2023-03-22,NEW CAR ASSESSMENT TEST,VEHICLE INTO POLE,NCAP SIDE POLE - 2022 FORD F-150 LIGHTNING 4X4 TRUCK,side,side,classified,,side_pole_load_cell_8,side_pole_load_cell_barrier,covered_with_mask,POLE,POLE,pole_barrier_unconditional,1,8,8,0,"[1, 8]",8,8,8,,,true,true,[],[],"{""missing_expected_channel_count"": 0, ""duplicate_channel_count"": 0, ""force_channel_count"": 8, ""moment_channel_count"": 0}",3,0,,true,false,true,27,false,true,35,Y - GLOBAL,NEWTONS,AS MEASURED,PRIMARY,true,true,36,Y - GLOBAL,NEWTONS,AS MEASURED,PRIMARY,true,true,37,Y - GLOBAL,NEWTONS,AS MEASURED,PRIMARY,true,true,38,Y - GLOBAL,NEWTONS,AS MEASURED,PRIMARY,true,true,39,Y - GLOBAL,NEWTONS,AS MEASURED,PRIMARY,true,true,40,Y - GLOBAL,NEWTONS,AS MEASURED,PRIMARY,true,true,41,Y - GLOBAL,NEWTONS,AS MEASURED,PRIMARY,true,true,42,Y - GLOBAL,NEWTONS,AS MEASURED,PRIMARY,true,true,17,G'S,CHANNEL FAILED,PRIMARY,false,true,18,G'S,CHANNEL FAILED,PRIMARY,false,true,19,G'S,CHANNEL FAILED,PRIMARY,false
14329,2023-04-05,NEW CAR ASSESSMENT TEST,VEHICLE INTO POLE,75 DEGREE OBLIQUE RIGID POLE SIDE NCAP IMPACT,side,side,classified,,side_pole_load_cell_8,side_pole_load_cell_barrier,covered_with_mask,POLE,POLE,pole_barrier_unconditional,1,8,8,0,"[1, 8]",8,8,8,,,true,false,[],[],"{""missing_expected_channel_count"": 0, ""duplicate_channel_count"": 0, ""force_channel_count"": 8, ""moment_channel_count"": 0}",3,0,,true,true,false,27,false,true,35,X - GLOBAL,NEWTONS,NO DATA,PRIMARY,false,true,36,X - GLOBAL,NEWTONS,NO DATA,PRIMARY,false,true,37,X - GLOBAL,NEWTONS,AS MEASURED,PRIMARY,true,true,38,X - GLOBAL,NEWTONS,AS MEASURED,PRIMARY,true,true,39,X - GLOBAL,NEWTONS,AS MEASURED,PRIMARY,true,true,40,X - GLOBAL,NEWTONS,AS MEASURED,PRIMARY,true,true,41,X - GLOBAL,NEWTONS,AS MEASURED,PRIMARY,true,true,42,X - GLOBAL,NEWTONS,AS MEASURED,PRIMARY,true,true,17,G'S,AS MEASURED,PRIMARY,true,true,18,G'S,AS MEASURED,PRIMARY,true,true,19,G'S,AS MEASURED,PRIMARY,true
14354,2022-06-08,RESEARCH,VEHICLE INTO POLE,2020 TOYOTA TACOMA LEFT SIDE FMVSS POLE IMPACT AT 32 KPH,side,research_other,classified,,side_pole_load_cell_8,side_pole_load_cell_barrier,covered_with_mask,POLE,POLE,pole_barrier_unconditional,1,8,8,0,"[1, 8]",8,8,8,,,true,true,[],[],"{""missing_expected_channel_count"": 0, ""duplicate_channel_count"": 0, ""force_channel_count"": 8, ""moment_channel_count"": 0}",3,3,DEGREES/SEC,true,true,false,47,false,true,172,X - GLOBAL,NEWTONS,AS MEASURED,PRIMARY,true,true,173,X - GLOBAL,NEWTONS,AS MEASURED,PRIMARY,true,true,174,X - GLOBAL,NEWTONS,AS MEASURED,PRIMARY,true,true,175,X - GLOBAL,NEWTONS,AS MEASURED,PRIMARY,true,true,176,X - GLOBAL,NEWTONS,AS MEASURED,PRIMARY,true,true,177,X - GLOBAL,NEWTONS,AS MEASURED,PRIMARY,true,true,178,X - GLOBAL,NEWTONS,AS MEASURED,PRIMARY,true,true,179,X - GLOBAL,NEWTONS,AS MEASURED,PRIMARY,true,true,136,G'S,AS MEASURED,PRIMARY,true,true,137,G'S,AS MEASURED,PRIMARY,true,true,138,G'S,AS MEASURED,PRIMARY,true
14355,2022-06-15,RESEARCH,VEHICLE INTO POLE,2020 KIA SOUL LEFT SIDE FMVSS POLE IMPACT AT 32 KPH,side,research_other,classified,,side_pole_load_cell_8,side_pole_load_cell_barrier,covered_with_mask,POLE,POLE,pole_barrier_unconditional,1,8,8,0,"[1, 8]",8,8,8,,,true,true,[],[],"{""missing_expected_channel_count"": 0, ""duplicate_channel_count"": 0, ""force_channel_count"": 8, ""moment_channel_count"": 0}",3,3,DEGREES/SEC,true,true,false,47,false,true,172,X - GLOBAL,NEWTONS,AS MEASURED,PRIMARY,true,true,173,X - GLOBAL,NEWTONS,AS MEASURED,PRIMARY,true,true,174,X - GLOBAL,NEWTONS,AS MEASURED,PRIMARY,true,true,175,X - GLOBAL,NEWTONS,AS MEASURED,PRIMARY,true,true,176,X - GLOBAL,NEWTONS,AS MEASURED,PRIMARY,true,true,177,X - GLOBAL,NEWTONS,AS MEASURED,PRIMARY,true,true,178,X - GLOBAL,NEWTONS,AS MEASURED,PRIMARY,true,true,179,X - GLOBAL,NEWTONS,AS MEASURED,PRIMARY,true,true,136,G'S,AS MEASURED,PRIMARY,true,true,137,G'S,AS MEASURED,PRIMARY,true,true,138,G'S,AS MEASURED,PRIMARY,true
14364,2023-03-03,NEW CAR ASSESSMENT TEST,VEHICLE INTO POLE,NCAP SIDE POLE - 2023 KIA NIRO EX TOURING 5-DOOR SUV,side,side,classified,,side_pole_load_cell_8,side_pole_load_cell_barrier,covered_with_mask,POLE,POLE,pole_barrier_unconditional,1,8,8,0,"[1, 8]",8,8,8,,,true,true,[],[],"{""missing_expected_channel_count"": 0, ""duplicate_channel_count"": 0, ""force_channel_count"": 8, ""moment_channel_count"": 0}",3,0,,true,false,true,27,false,true,35,Y - GLOBAL,NEWTONS,AS MEASURED,PRIMARY,true,true,36,Y - GLOBAL,NEWTONS,AS MEASURED,PRIMARY,true,true,37,Y - GLOBAL,NEWTONS,AS MEASURED,PRIMARY,true,true,38,Y - GLOBAL,NEWTONS,AS MEASURED,PRIMARY,true,true,39,Y - GLOBAL,NEWTONS,AS MEASURED,PRIMARY,true,true,40,Y - GLOBAL,NEWTONS,AS MEASURED,PRIMARY,true,true,41,Y - GLOBAL,NEWTONS,AS MEASURED,PRIMARY,true,true,42,Y - GLOBAL,NEWTONS,AS MEASURED,PRIMARY,true,true,17,G'S,AS MEASURED,PRIMARY,true,true,18,G'S,QUESTIONABLE DATA,PRIMARY,false,true,19,G'S,AS MEASURED,PRIMARY,true
14380,2023-04-19,NEW CAR ASSESSMENT TEST,VEHICLE INTO POLE,NEW CAR ASSESSMENT PROGRAM SIDE POLE BARRIER IMPACT TEST,side,side,classified,,side_pole_load_cell_8,side_pole_load_cell_barrier,covered_with_mask,POLE,POLE,pole_barrier_unconditional,1,8,8,0,"[1, 8]",8,8,8,,,true,true,[],[],"{""missing_expected_channel_count"": 0, ""duplicate_channel_count"": 0, ""force_channel_count"": 8, ""moment_channel_count"": 0}",3,0,,true,true,false,27,false,true,35,Y - GLOBAL,NEWTONS,AS MEASURED,PRIMARY,true,true,36,Y - GLOBAL,NEWTONS,AS MEASURED,PRIMARY,true,true,37,Y - GLOBAL,NEWTONS,AS MEASURED,PRIMARY,true,true,38,Y - GLOBAL,NEWTONS,AS MEASURED,PRIMARY,true,true,39,Y - GLOBAL,NEWTONS,AS MEASURED,PRIMARY,true,true,40,Y - GLOBAL,NEWTONS,AS MEASURED,PRIMARY,true,true,41,Y - GLOBAL,NEWTONS,AS MEASURED,PRIMARY,true,true,42,Y - GLOBAL,NEWTONS,AS MEASURED,PRIMARY,true,true,17,G'S,AS MEASURED,PRIMARY,true,true,18,G'S,AS MEASURED,PRIMARY,true,true,19,G'S,AS MEASURED,PRIMARY,true
14382,2023-04-26,NEW CAR ASSESSMENT TEST,VEHICLE INTO POLE,NCAP SIDE IMPACT POLE BARRIER - 2023 BMW X1 XDRIVE28I 5-DOOR SUV,side,side,classified,,side_pole_load_cell_8,side_pole_load_cell_barrier,covered_with_mask,POLE,POLE,pole_barrier_unconditional,1,8,8,0,"[1, 8]",8,8,8,,,true,false,[],[],"{""missing_expected_channel_count"": 0, ""duplicate_channel_count"": 0, ""force_channel_count"": 8, ""moment_channel_count"": 0}",3,0,,true,true,false,27,false,true,35,X - GLOBAL,NEWTONS,AS MEASURED,PRIMARY,true,true,36,X - GLOBAL,NEWTONS,AS MEASURED,PRIMARY,true,true,37,X - GLOBAL,NEWTONS,AS MEASURED,PRIMARY,true,true,38,X - GLOBAL,NEWTONS,AS MEASURED,PRIMARY,true,true,39,X - GLOBAL,NEWTONS,AS MEASURED,PRIMARY,true,true,40,X - GLOBAL,NEWTONS,AS MEASURED,PRIMARY,true,true,41,X - GLOBAL,NEWTONS,AS MEASURED,PRIMARY,true,true,42,X - GLOBAL,NEWTONS,CHANNEL FAILED,PRIMARY,false,true,17,G'S,AS MEASURED,PRIMARY,true,true,18,G'S,AS MEASURED,PRIMARY,true,true,19,G'S,AS MEASURED,PRIMARY,true
14387,2023-04-11,OPTIONAL NEW CAR ASSESSMENT TEST,VEHICLE INTO POLE,OPTIONAL NCAP SIDE POLE - 2022 LEXUS NX 250 5-DOOR SUV,side,side,classified,,side_pole_load_cell_8,side_pole_load_cell_barrier,covered_with_mask,POLE,POLE,pole_barrier_unconditional,1,8,8,0,"[1, 8]",8,8,8,,,true,true,[],[],"{""missing_expected_channel_count"": 0, ""duplicate_channel_count"": 0, ""force_channel_count"": 8, ""moment_channel_count"": 0}",3,0,,true,true,false,27,false,true,35,Y - GLOBAL,NEWTONS,AS MEASURED,PRIMARY,true,true,36,Y - GLOBAL,NEWTONS,AS MEASURED,PRIMARY,true,true,37,Y - GLOBAL,NEWTONS,AS MEASURED,PRIMARY,true,true,38,Y - GLOBAL,NEWTONS,AS MEASURED,PRIMARY,true,true,39,Y - GLOBAL,NEWTONS,AS MEASURED,PRIMARY,true,true,40,Y - GLOBAL,NEWTONS,AS MEASURED,PRIMARY,true,true,41,Y - GLOBAL,NEWTONS,AS MEASURED,PRIMARY,true,true,42,Y - GLOBAL,NEWTONS,AS MEASURED,PRIMARY,true,true,17,G'S,AS MEASURED,PRIMARY,true,true,18,G'S,AS MEASURED,PRIMARY,true,true,19,G'S,AS MEASURED,PRIMARY,true
14389,2023-03-30,NEW CAR ASSESSMENT TEST,VEHICLE INTO POLE,NCAP SIDE POLE - 2023 MAZDA CX-50 S AWD 5-DOOR SUV,side,side,classified,,side_pole_load_cell_8,side_pole_load_cell_barrier,covered_with_mask,POLE,POLE,pole_barrier_unconditional,1,8,8,0,"[1, 8]",8,8,8,,,true,true,[],[],"{""missing_expected_channel_count"": 0, ""duplicate_channel_count"": 0, ""force_channel_count"": 8, ""moment_channel_count"": 0}",3,0,,true,true,false,27,false,true,35,Y - GLOBAL,NEWTONS,AS MEASURED,PRIMARY,true,true,36,Y - GLOBAL,NEWTONS,AS MEASURED,PRIMARY,true,true,37,Y - GLOBAL,NEWTONS,AS MEASURED,PRIMARY,true,true,38,Y - GLOBAL,NEWTONS,AS MEASURED,PRIMARY,true,true,39,Y - GLOBAL,NEWTONS,AS MEASURED,PRIMARY,true,true,40,Y - GLOBAL,NEWTONS,AS MEASURED,PRIMARY,true,true,41,Y - GLOBAL,NEWTONS,AS MEASURED,PRIMARY,true,true,42,Y - GLOBAL,NEWTONS,AS MEASURED,PRIMARY,true,true,17,G'S,AS MEASURED,PRIMARY,true,true,18,G'S,AS MEASURED,PRIMARY,true,true,19,G'S,AS MEASURED,PRIMARY,true
14397,2023-06-14,NEW CAR ASSESSMENT TEST,VEHICLE INTO POLE,75 DEGREE OBLIQUE RIGID POLE SIDE NCAP IMPACT,side,side,classified,,side_pole_load_cell_8,side_pole_load_cell_barrier,covered_with_mask,POLE,POLE,pole_barrier_unconditional,1,8,8,0,"[1, 8]",8,8,8,,,true,true,[],[],"{""missing_expected_channel_count"": 0, ""duplicate_channel_count"": 0, ""force_channel_count"": 8, ""moment_channel_count"": 0}",3,0,,true,true,false,27,false,true,35,X - GLOBAL,NEWTONS,AS MEASURED,PRIMARY,true,true,36,X - GLOBAL,NEWTONS,AS MEASURED,PRIMARY,true,true,37,X - GLOBAL,NEWTONS,AS MEASURED,PRIMARY,true,true,38,X - GLOBAL,NEWTONS,AS MEASURED,PRIMARY,true,true,39,X - GLOBAL,NEWTONS,AS MEASURED,PRIMARY,true,true,40,X - GLOBAL,NEWTONS,AS MEASURED,PRIMARY,true,true,41,X - GLOBAL,NEWTONS,AS MEASURED,PRIMARY,true,true,42,X - GLOBAL,NEWTONS,AS MEASURED,PRIMARY,true,true,17,G'S,AS MEASURED,PRIMARY,true,true,18,G'S,AS MEASURED,PRIMARY,true,true,19,G'S,AS MEASURED,PRIMARY,true
14399,2023-05-05,OPTIONAL NEW CAR ASSESSMENT TEST,VEHICLE INTO POLE,OPTIONAL NCAP SIDE POLE - 2023 SUBARU SOLTERRA 5-DOOR SUV,side,side,classified,,side_pole_load_cell_8,side_pole_load_cell_barrier,covered_with_mask,POLE,POLE,pole_barrier_unconditional,1,8,8,0,"[1, 8]",8,8,8,,,true,true,[],[],"{""missing_expected_channel_count"": 0, ""duplicate_channel_count"": 0, ""force_channel_count"": 8, ""moment_channel_count"": 0}",3,0,,true,true,false,27,false,true,35,Y - GLOBAL,NEWTONS,AS MEASURED,PRIMARY,true,true,36,Y - GLOBAL,NEWTONS,AS MEASURED,PRIMARY,true,true,37,Y - GLOBAL,NEWTONS,AS MEASURED,PRIMARY,true,true,38,Y - GLOBAL,NEWTONS,AS MEASURED,PRIMARY,true,true,39,Y - GLOBAL,NEWTONS,AS MEASURED,PRIMARY,true,true,40,Y - GLOBAL,NEWTONS,AS MEASURED,PRIMARY,true,true,41,Y - GLOBAL,NEWTONS,AS MEASURED,PRIMARY,true,true,42,Y - GLOBAL,NEWTONS,AS MEASURED,PRIMARY,true,true,17,G'S,AS MEASURED,PRIMARY,true,true,18,G'S,AS MEASURED,PRIMARY,true,true,19,G'S,AS MEASURED,PRIMARY,true
14426,2023-05-19,OPTIONAL NEW CAR ASSESSMENT TEST,VEHICLE INTO POLE,OPTIONAL NCAP SIDE POLE - 2023 LEXUS RX 350 5-DOOR SUV,side,side,classified,,side_pole_load_cell_8,side_pole_load_cell_barrier,covered_with_mask,POLE,POLE,pole_barrier_unconditional,1,8,8,0,"[1, 8]",8,8,8,,,true,true,[],[],"{""missing_expected_channel_count"": 0, ""duplicate_channel_count"": 0, ""force_channel_count"": 8, ""moment_channel_count"": 0}",3,0,,true,false,true,27,false,true,35,Y - GLOBAL,NEWTONS,AS MEASURED,PRIMARY,true,true,36,Y - GLOBAL,NEWTONS,AS MEASURED,PRIMARY,true,true,37,Y - GLOBAL,NEWTONS,AS MEASURED,PRIMARY,true,true,38,Y - GLOBAL,NEWTONS,AS MEASURED,PRIMARY,true,true,39,Y - GLOBAL,NEWTONS,AS MEASURED,PRIMARY,true,true,40,Y - GLOBAL,NEWTONS,AS MEASURED,PRIMARY,true,true,41,Y - GLOBAL,NEWTONS,AS MEASURED,PRIMARY,true,true,42,Y - GLOBAL,NEWTONS,AS MEASURED,PRIMARY,true,true,17,G'S,QUESTIONABLE DATA,PRIMARY,false,true,18,G'S,QUESTIONABLE DATA,PRIMARY,false,true,19,G'S,QUESTIONABLE DATA,PRIMARY,false
14429,2023-07-12,NEW CAR ASSESSMENT TEST,VEHICLE INTO POLE,NEW CAR ASSESSMENT PROGRAM SIDE POLE BARRIER IMPACT TEST,side,side,classified,,side_pole_load_cell_8,side_pole_load_cell_barrier,covered_with_mask,POLE,POLE,pole_barrier_unconditional,1,8,8,0,"[1, 8]",8,8,8,,,true,true,[],[],"{""missing_expected_channel_count"": 0, ""duplicate_channel_count"": 0, ""force_channel_count"": 8, ""moment_channel_count"": 0}",3,0,,true,false,true,27,false,true,35,Y - GLOBAL,NEWTONS,AS MEASURED,PRIMARY,true,true,36,Y - GLOBAL,NEWTONS,AS MEASURED,PRIMARY,true,true,37,Y - GLOBAL,NEWTONS,AS MEASURED,PRIMARY,true,true,38,Y - GLOBAL,NEWTONS,AS MEASURED,PRIMARY,true,true,39,Y - GLOBAL,NEWTONS,AS MEASURED,PRIMARY,true,true,40,Y - GLOBAL,NEWTONS,AS MEASURED,PRIMARY,true,true,41,Y - GLOBAL,NEWTONS,AS MEASURED,PRIMARY,true,true,42,Y - GLOBAL,NEWTONS,AS MEASURED,PRIMARY,true,true,17,G'S,AS MEASURED,PRIMARY,true,true,18,G'S,AS MEASURED,PRIMARY,true,true,19,G'S,QUESTIONABLE DATA,PRIMARY,false
14432,2023-08-04,OPTIONAL NEW CAR ASSESSMENT TEST,VEHICLE INTO POLE,NCAP SIDE IMPACT POLE BARRIER - 2024 SUBARU CROSSTREK 5-DOOR MPV,side,side,classified,,side_pole_load_cell_8,side_pole_load_cell_barrier,covered_with_mask,POLE,POLE,pole_barrier_unconditional,1,8,8,0,"[1, 8]",8,8,8,,,true,false,[],[],"{""missing_expected_channel_count"": 0, ""duplicate_channel_count"": 0, ""force_channel_count"": 8, ""moment_channel_count"": 0}",3,0,,true,true,false,27,false,true,35,X - GLOBAL,NEWTONS,AS MEASURED,PRIMARY,true,true,36,X - GLOBAL,NEWTONS,AS MEASURED,PRIMARY,true,true,37,X - GLOBAL,NEWTONS,AS MEASURED,PRIMARY,true,true,38,X - GLOBAL,NEWTONS,AS MEASURED,PRIMARY,true,true,39,X - GLOBAL,NEWTONS,AS MEASURED,PRIMARY,true,true,40,X - GLOBAL,NEWTONS,AS MEASURED,PRIMARY,true,true,41,X - GLOBAL,NEWTONS,AS MEASURED,PRIMARY,true,true,42,X - GLOBAL,NEWTONS,NO DATA,PRIMARY,false,true,17,G'S,AS MEASURED,PRIMARY,true,true,18,G'S,AS MEASURED,PRIMARY,true,true,19,G'S,AS MEASURED,PRIMARY,true
14434,2023-08-03,NEW CAR ASSESSMENT TEST,VEHICLE INTO POLE,NEW CAR ASSESSMENT PROGRAM SIDE POLE BARRIER IMPACT TEST,side,side,classified,,side_pole_load_cell_8,side_pole_load_cell_barrier,covered_with_mask,POLE,POLE,pole_barrier_unconditional,1,8,8,0,"[1, 8]",8,8,8,,,true,true,[],[],"{""missing_expected_channel_count"": 0, ""duplicate_channel_count"": 0, ""force_channel_count"": 8, ""moment_channel_count"": 0}",3,0,,true,true,false,27,false,true,35,Y - GLOBAL,NEWTONS,AS MEASURED,PRIMARY,true,true,36,Y - GLOBAL,NEWTONS,AS MEASURED,PRIMARY,true,true,37,Y - GLOBAL,NEWTONS,AS MEASURED,PRIMARY,true,true,38,Y - GLOBAL,NEWTONS,AS MEASURED,PRIMARY,true,true,39,Y - GLOBAL,NEWTONS,AS MEASURED,PRIMARY,true,true,40,Y - GLOBAL,NEWTONS,AS MEASURED,PRIMARY,true,true,41,Y - GLOBAL,NEWTONS,AS MEASURED,PRIMARY,true,true,42,Y - GLOBAL,NEWTONS,AS MEASURED,PRIMARY,true,true,17,G'S,AS MEASURED,PRIMARY,true,true,18,G'S,AS MEASURED,PRIMARY,true,true,19,G'S,AS MEASURED,PRIMARY,true
14437,2023-04-14,OPTIONAL NEW CAR ASSESSMENT TEST,VEHICLE INTO POLE,OPTIONAL NEW CAR ASSESSMENT PROGRAM SIDE POLE BARRIER IMPACT TEST,side,side,classified,,side_pole_load_cell_8,side_pole_load_cell_barrier,covered_with_mask,POLE,POLE,pole_barrier_unconditional,1,8,8,0,"[1, 8]",8,8,8,,,true,true,[],[],"{""missing_expected_channel_count"": 0, ""duplicate_channel_count"": 0, ""force_channel_count"": 8, ""moment_channel_count"": 0}",3,0,,true,true,false,27,false,true,35,Y - GLOBAL,NEWTONS,AS MEASURED,PRIMARY,true,true,36,Y - GLOBAL,NEWTONS,AS MEASURED,PRIMARY,true,true,37,Y - GLOBAL,NEWTONS,AS MEASURED,PRIMARY,true,true,38,Y - GLOBAL,NEWTONS,AS MEASURED,PRIMARY,true,true,39,Y - GLOBAL,NEWTONS,AS MEASURED,PRIMARY,true,true,40,Y - GLOBAL,NEWTONS,AS MEASURED,PRIMARY,true,true,41,Y - GLOBAL,NEWTONS,AS MEASURED,PRIMARY,true,true,42,Y - GLOBAL,NEWTONS,AS MEASURED,PRIMARY,true,true,17,G'S,AS MEASURED,PRIMARY,true,true,18,G'S,AS MEASURED,PRIMARY,true,true,19,G'S,AS MEASURED,PRIMARY,true
14443,2023-06-16,OPTIONAL NEW CAR ASSESSMENT TEST,VEHICLE INTO POLE,OPTIONAL NCAP SIDE POLE - 2023 HONDA CR-V EX 5-DOOR SUV,side,side,classified,,side_pole_load_cell_8,side_pole_load_cell_barrier,covered_with_mask,POLE,POLE,pole_barrier_unconditional,1,8,8,0,"[1, 8]",8,8,8,,,true,true,[],[],"{""missing_expected_channel_count"": 0, ""duplicate_channel_count"": 0, ""force_channel_count"": 8, ""moment_channel_count"": 0}",3,0,,true,true,false,27,false,true,35,Y - GLOBAL,NEWTONS,AS MEASURED,PRIMARY,true,true,36,Y - GLOBAL,NEWTONS,AS MEASURED,PRIMARY,true,true,37,Y - GLOBAL,NEWTONS,AS MEASURED,PRIMARY,true,true,38,Y - GLOBAL,NEWTONS,AS MEASURED,PRIMARY,true,true,39,Y - GLOBAL,NEWTONS,AS MEASURED,PRIMARY,true,true,40,Y - GLOBAL,NEWTONS,AS MEASURED,PRIMARY,true,true,41,Y - GLOBAL,NEWTONS,AS MEASURED,PRIMARY,true,true,42,Y - GLOBAL,NEWTONS,AS MEASURED,PRIMARY,true,true,17,G'S,AS MEASURED,PRIMARY,true,true,18,G'S,AS MEASURED,PRIMARY,true,true,19,G'S,AS MEASURED,PRIMARY,true
14450,2023-06-01,OPTIONAL NEW CAR ASSESSMENT TEST,VEHICLE INTO POLE,OPTIONAL NEW CAR ASSESSMENT PROGRAM SIDE POLE BARRIER IMPACT TEST,side,side,classified,,side_pole_load_cell_8,side_pole_load_cell_barrier,covered_with_mask,POLE,POLE,pole_barrier_unconditional,1,8,8,0,"[1, 8]",8,8,8,,,true,false,[],[],"{""missing_expected_channel_count"": 0, ""duplicate_channel_count"": 0, ""force_channel_count"": 8, ""moment_channel_count"": 0}",3,0,,true,true,false,27,false,true,35,Y - GLOBAL,NEWTONS,NO DATA,PRIMARY,false,true,36,Y - GLOBAL,NEWTONS,NO DATA,PRIMARY,false,true,37,Y - GLOBAL,NEWTONS,AS MEASURED,PRIMARY,true,true,38,Y - GLOBAL,NEWTONS,AS MEASURED,PRIMARY,true,true,39,Y - GLOBAL,NEWTONS,AS MEASURED,PRIMARY,true,true,40,Y - GLOBAL,NEWTONS,AS MEASURED,PRIMARY,true,true,41,Y - GLOBAL,NEWTONS,AS MEASURED,PRIMARY,true,true,42,Y - GLOBAL,NEWTONS,AS MEASURED,PRIMARY,true,true,17,G'S,AS MEASURED,PRIMARY,true,true,18,G'S,AS MEASURED,PRIMARY,true,true,19,G'S,AS MEASURED,PRIMARY,true
14460,2023-06-09,NEW CAR ASSESSMENT TEST,VEHICLE INTO POLE,NEW CAR ASSESSMENT PROGRAM SIDE POLE BARRIER IMPACT TEST,side,side,classified,,side_pole_load_cell_8,side_pole_load_cell_barrier,covered_with_mask,POLE,POLE,pole_barrier_unconditional,1,8,8,0,"[1, 8]",8,8,8,,,true,false,[],[],"{""missing_expected_channel_count"": 0, ""duplicate_channel_count"": 0, ""force_channel_count"": 8, ""moment_channel_count"": 0}",3,0,,true,true,false,27,false,true,35,Y - GLOBAL,NEWTONS,NO DATA,PRIMARY,false,true,36,Y - GLOBAL,NEWTONS,AS MEASURED,PRIMARY,true,true,37,Y - GLOBAL,NEWTONS,AS MEASURED,PRIMARY,true,true,38,Y - GLOBAL,NEWTONS,AS MEASURED,PRIMARY,true,true,39,Y - GLOBAL,NEWTONS,AS MEASURED,PRIMARY,true,true,40,Y - GLOBAL,NEWTONS,AS MEASURED,PRIMARY,true,true,41,Y - GLOBAL,NEWTONS,AS MEASURED,PRIMARY,true,true,42,Y - GLOBAL,NEWTONS,AS MEASURED,PRIMARY,true,true,17,G'S,AS MEASURED,PRIMARY,true,true,18,G'S,AS MEASURED,PRIMARY,true,true,19,G'S,AS MEASURED,PRIMARY,true
14468,2023-10-25,OPTIONAL NEW CAR ASSESSMENT TEST,VEHICLE INTO POLE,NCAP SIDE IMPACT POLE BARRIER - 2024 GENESIS G80 4-DOOR SEDAN,side,side,classified,,side_pole_load_cell_8,side_pole_load_cell_barrier,covered_with_mask,POLE,POLE,pole_barrier_unconditional,1,8,8,0,"[1, 8]",8,8,8,,,true,false,[],[],"{""missing_expected_channel_count"": 0, ""duplicate_channel_count"": 0, ""force_channel_count"": 8, ""moment_channel_count"": 0}",3,0,,true,true,false,27,false,true,35,X - GLOBAL,NEWTONS,AS MEASURED,PRIMARY,true,true,36,X - GLOBAL,NEWTONS,AS MEASURED,PRIMARY,true,true,37,X - GLOBAL,NEWTONS,AS MEASURED,PRIMARY,true,true,38,X - GLOBAL,NEWTONS,AS MEASURED,PRIMARY,true,true,39,X - GLOBAL,NEWTONS,AS MEASURED,PRIMARY,true,true,40,X - GLOBAL,NEWTONS,AS MEASURED,PRIMARY,true,true,41,X - GLOBAL,NEWTONS,AS MEASURED,PRIMARY,true,true,42,X - GLOBAL,NEWTONS,CHANNEL FAILED,PRIMARY,false,true,17,G'S,AS MEASURED,PRIMARY,true,true,18,G'S,AS MEASURED,PRIMARY,true,true,19,G'S,AS MEASURED,PRIMARY,true
14469,2023-08-11,NEW CAR ASSESSMENT TEST,VEHICLE INTO POLE,NCAP SIDE POLE - 2023 JEEP WAGONEER SERIES III 4X2 5-DOOR SUV,side,side,classified,,side_pole_load_cell_8,side_pole_load_cell_barrier,covered_with_mask,POLE,POLE,pole_barrier_unconditional,1,8,8,0,"[1, 8]",8,8,8,,,true,true,[],[],"{""missing_expected_channel_count"": 0, ""duplicate_channel_count"": 0, ""force_channel_count"": 8, ""moment_channel_count"": 0}",3,0,,true,true,false,27,false,true,35,Y - GLOBAL,NEWTONS,AS MEASURED,PRIMARY,true,true,36,Y - GLOBAL,NEWTONS,AS MEASURED,PRIMARY,true,true,37,Y - GLOBAL,NEWTONS,AS MEASURED,PRIMARY,true,true,38,Y - GLOBAL,NEWTONS,AS MEASURED,PRIMARY,true,true,39,Y - GLOBAL,NEWTONS,AS MEASURED,PRIMARY,true,true,40,Y - GLOBAL,NEWTONS,AS MEASURED,PRIMARY,true,true,41,Y - GLOBAL,NEWTONS,AS MEASURED,PRIMARY,true,true,42,Y - GLOBAL,NEWTONS,AS MEASURED,PRIMARY,true,true,17,G'S,AS MEASURED,PRIMARY,true,true,18,G'S,AS MEASURED,PRIMARY,true,true,19,G'S,AS MEASURED,PRIMARY,true
14473,2023-12-13,OPTIONAL NEW CAR ASSESSMENT TEST,VEHICLE INTO POLE,OPTIONAL NCAP SIDE POLE - 2024 MAZDA CX-90 PHEV 5-DOOR SUV,side,side,classified,,side_pole_load_cell_8,side_pole_load_cell_barrier,covered_with_mask,POLE,POLE,pole_barrier_unconditional,1,8,8,0,"[1, 8]",8,8,8,,,true,true,[],[],"{""missing_expected_channel_count"": 0, ""duplicate_channel_count"": 0, ""force_channel_count"": 8, ""moment_channel_count"": 0}",3,0,,true,true,false,27,false,true,35,Y - GLOBAL,NEWTONS,AS MEASURED,PRIMARY,true,true,36,Y - GLOBAL,NEWTONS,AS MEASURED,PRIMARY,true,true,37,Y - GLOBAL,NEWTONS,AS MEASURED,PRIMARY,true,true,38,Y - GLOBAL,NEWTONS,AS MEASURED,PRIMARY,true,true,39,Y - GLOBAL,NEWTONS,AS MEASURED,PRIMARY,true,true,40,Y - GLOBAL,NEWTONS,AS MEASURED,PRIMARY,true,true,41,Y - GLOBAL,NEWTONS,AS MEASURED,PRIMARY,true,true,42,Y - GLOBAL,NEWTONS,AS MEASURED,PRIMARY,true,true,17,G'S,AS MEASURED,PRIMARY,true,true,18,G'S,AS MEASURED,PRIMARY,true,true,19,G'S,AS MEASURED,PRIMARY,true
14481,2024-01-10,OPTIONAL NEW CAR ASSESSMENT TEST,VEHICLE INTO POLE,OPTIONAL NCAP SIDE POLE - 2023 HYUNDAI PALISADE CALLIGRAPHY 5-DOOR SUV,side,side,classified,,side_pole_load_cell_8,side_pole_load_cell_barrier,covered_with_mask,POLE,POLE,pole_barrier_unconditional,1,8,8,0,"[1, 8]",8,8,8,,,true,true,[],[],"{""missing_expected_channel_count"": 0, ""duplicate_channel_count"": 0, ""force_channel_count"": 8, ""moment_channel_count"": 0}",3,0,,true,true,false,27,false,true,35,Y - GLOBAL,NEWTONS,AS MEASURED,PRIMARY,true,true,36,Y - GLOBAL,NEWTONS,AS MEASURED,PRIMARY,true,true,37,Y - GLOBAL,NEWTONS,AS MEASURED,PRIMARY,true,true,38,Y - GLOBAL,NEWTONS,AS MEASURED,PRIMARY,true,true,39,Y - GLOBAL,NEWTONS,AS MEASURED,PRIMARY,true,true,40,Y - GLOBAL,NEWTONS,AS MEASURED,PRIMARY,true,true,41,Y - GLOBAL,NEWTONS,AS MEASURED,PRIMARY,true,true,42,Y - GLOBAL,NEWTONS,AS MEASURED,PRIMARY,true,true,17,G'S,AS MEASURED,PRIMARY,true,true,18,G'S,AS MEASURED,PRIMARY,true,true,19,G'S,AS MEASURED,PRIMARY,true
14486,2024-01-24,OPTIONAL NEW CAR ASSESSMENT TEST,VEHICLE INTO POLE,OPTIONAL NCAP SIDE POLE - 2023 TOYOTA PRIUS PRIME SE 5-DOOR HATCHBACK,side,side,classified,,side_pole_load_cell_8,side_pole_load_cell_barrier,covered_with_mask,POLE,POLE,pole_barrier_unconditional,1,8,8,0,"[1, 8]",8,8,8,,,true,true,[],[],"{""missing_expected_channel_count"": 0, ""duplicate_channel_count"": 0, ""force_channel_count"": 8, ""moment_channel_count"": 0}",3,0,,true,true,false,27,false,true,35,Y - GLOBAL,NEWTONS,AS MEASURED,PRIMARY,true,true,36,Y - GLOBAL,NEWTONS,AS MEASURED,PRIMARY,true,true,37,Y - GLOBAL,NEWTONS,AS MEASURED,PRIMARY,true,true,38,Y - GLOBAL,NEWTONS,AS MEASURED,PRIMARY,true,true,39,Y - GLOBAL,NEWTONS,AS MEASURED,PRIMARY,true,true,40,Y - GLOBAL,NEWTONS,AS MEASURED,PRIMARY,true,true,41,Y - GLOBAL,NEWTONS,AS MEASURED,PRIMARY,true,true,42,Y - GLOBAL,NEWTONS,AS MEASURED,PRIMARY,true,true,17,G'S,AS MEASURED,PRIMARY,true,true,18,G'S,AS MEASURED,PRIMARY,true,true,19,G'S,AS MEASURED,PRIMARY,true
14489,2024-02-06,OPTIONAL NEW CAR ASSESSMENT TEST,VEHICLE INTO POLE,OPTIONAL NCAP SIDE POLE - 2024 HYUNDAI ELANTRA SEL 4-DOOR SEDAN,side,side,classified,,side_pole_load_cell_8,side_pole_load_cell_barrier,covered_with_mask,POLE,POLE,pole_barrier_unconditional,1,8,8,0,"[1, 8]",8,8,8,,,true,true,[],[],"{""missing_expected_channel_count"": 0, ""duplicate_channel_count"": 0, ""force_channel_count"": 8, ""moment_channel_count"": 0}",3,0,,true,true,false,27,false,true,35,Y - GLOBAL,NEWTONS,AS MEASURED,PRIMARY,true,true,36,Y - GLOBAL,NEWTONS,AS MEASURED,PRIMARY,true,true,37,Y - GLOBAL,NEWTONS,AS MEASURED,PRIMARY,true,true,38,Y - GLOBAL,NEWTONS,AS MEASURED,PRIMARY,true,true,39,Y - GLOBAL,NEWTONS,AS MEASURED,PRIMARY,true,true,40,Y - GLOBAL,NEWTONS,AS MEASURED,PRIMARY,true,true,41,Y - GLOBAL,NEWTONS,AS MEASURED,PRIMARY,true,true,42,Y - GLOBAL,NEWTONS,AS MEASURED,PRIMARY,true,true,17,G'S,AS MEASURED,PRIMARY,true,true,18,G'S,AS MEASURED,PRIMARY,true,true,19,G'S,AS MEASURED,PRIMARY,true
14492,2024-03-06,OPTIONAL NEW CAR ASSESSMENT TEST,VEHICLE INTO POLE,OPTIONAL NCAP SIDE POLE - 2023 LUCID AIR 4-DOOR SEDAN,side,side,classified,,side_pole_load_cell_8,side_pole_load_cell_barrier,covered_with_mask,POLE,POLE,pole_barrier_unconditional,1,8,8,0,"[1, 8]",8,8,8,,,true,true,[],[],"{""missing_expected_channel_count"": 0, ""duplicate_channel_count"": 0, ""force_channel_count"": 8, ""moment_channel_count"": 0}",3,0,,true,true,false,27,false,true,35,Y - GLOBAL,NEWTONS,AS MEASURED,PRIMARY,true,true,36,Y - GLOBAL,NEWTONS,AS MEASURED,PRIMARY,true,true,37,Y - GLOBAL,NEWTONS,AS MEASURED,PRIMARY,true,true,38,Y - GLOBAL,NEWTONS,AS MEASURED,PRIMARY,true,true,39,Y - GLOBAL,NEWTONS,AS MEASURED,PRIMARY,true,true,40,Y - GLOBAL,NEWTONS,AS MEASURED,PRIMARY,true,true,41,Y - GLOBAL,NEWTONS,AS MEASURED,PRIMARY,true,true,42,Y - GLOBAL,NEWTONS,AS MEASURED,PRIMARY,true,true,17,G'S,AS MEASURED,PRIMARY,true,true,18,G'S,AS MEASURED,PRIMARY,true,true,19,G'S,AS MEASURED,PRIMARY,true
14493,2024-04-19,OPTIONAL NEW CAR ASSESSMENT TEST,VEHICLE INTO POLE,OPTIONAL NCAP SIDE POLE - 2024 KIA SORENTO LX 5-DOOR SUV,side,side,classified,,side_pole_load_cell_8,side_pole_load_cell_barrier,covered_with_mask,POLE,POLE,pole_barrier_unconditional,1,8,8,0,"[1, 8]",8,8,8,,,true,true,[],[],"{""missing_expected_channel_count"": 0, ""duplicate_channel_count"": 0, ""force_channel_count"": 8, ""moment_channel_count"": 0}",3,0,,true,true,false,27,false,true,35,Y - GLOBAL,NEWTONS,AS MEASURED,PRIMARY,true,true,36,Y - GLOBAL,NEWTONS,AS MEASURED,PRIMARY,true,true,37,Y - GLOBAL,NEWTONS,AS MEASURED,PRIMARY,true,true,38,Y - GLOBAL,NEWTONS,AS MEASURED,PRIMARY,true,true,39,Y - GLOBAL,NEWTONS,AS MEASURED,PRIMARY,true,true,40,Y - GLOBAL,NEWTONS,AS MEASURED,PRIMARY,true,true,41,Y - GLOBAL,NEWTONS,AS MEASURED,PRIMARY,true,true,42,Y - GLOBAL,NEWTONS,AS MEASURED,PRIMARY,true,true,17,G'S,AS MEASURED,PRIMARY,true,true,18,G'S,AS MEASURED,PRIMARY,true,true,19,G'S,AS MEASURED,PRIMARY,true
14494,2024-03-18,OPTIONAL NEW CAR ASSESSMENT TEST,VEHICLE INTO POLE,OPTIONAL NCAP SIDE POLE - 2024 HYUNDAI SONATA SEL 4-DOOR SEDAN,side,side,classified,,side_pole_load_cell_8,side_pole_load_cell_barrier,covered_with_mask,POLE,POLE,pole_barrier_unconditional,1,8,8,0,"[1, 8]",8,8,8,,,true,true,[],[],"{""missing_expected_channel_count"": 0, ""duplicate_channel_count"": 0, ""force_channel_count"": 8, ""moment_channel_count"": 0}",3,0,,true,false,true,27,false,true,35,Y - GLOBAL,NEWTONS,AS MEASURED,PRIMARY,true,true,36,Y - GLOBAL,NEWTONS,AS MEASURED,PRIMARY,true,true,37,Y - GLOBAL,NEWTONS,AS MEASURED,PRIMARY,true,true,38,Y - GLOBAL,NEWTONS,AS MEASURED,PRIMARY,true,true,39,Y - GLOBAL,NEWTONS,AS MEASURED,PRIMARY,true,true,40,Y - GLOBAL,NEWTONS,AS MEASURED,PRIMARY,true,true,41,Y - GLOBAL,NEWTONS,AS MEASURED,PRIMARY,true,true,42,Y - GLOBAL,NEWTONS,AS MEASURED,PRIMARY,true,true,17,G'S,CHANNEL FAILED,PRIMARY,false,true,18,G'S,CHANNEL FAILED,PRIMARY,false,true,19,G'S,CHANNEL FAILED,PRIMARY,false
14498,2024-05-08,NEW CAR ASSESSMENT TEST,VEHICLE INTO POLE,75 DEGREE OBLIQUE RIGID POLE SIDE NCAP IMPACT,side,side,classified,,side_pole_load_cell_8,side_pole_load_cell_barrier,covered_with_mask,POLE,POLE,pole_barrier_unconditional,1,8,8,0,"[1, 8]",8,8,8,,,true,true,[],[],"{""missing_expected_channel_count"": 0, ""duplicate_channel_count"": 0, ""force_channel_count"": 8, ""moment_channel_count"": 0}",3,0,,true,true,false,27,false,true,35,X - GLOBAL,NEWTONS,AS MEASURED,PRIMARY,true,true,36,X - GLOBAL,NEWTONS,AS MEASURED,PRIMARY,true,true,37,X - GLOBAL,NEWTONS,AS MEASURED,PRIMARY,true,true,38,X - GLOBAL,NEWTONS,AS MEASURED,PRIMARY,true,true,39,X - GLOBAL,NEWTONS,AS MEASURED,PRIMARY,true,true,40,X - GLOBAL,NEWTONS,AS MEASURED,PRIMARY,true,true,41,X - GLOBAL,NEWTONS,AS MEASURED,PRIMARY,true,true,42,X - GLOBAL,NEWTONS,AS MEASURED,PRIMARY,true,true,17,G'S,AS MEASURED,PRIMARY,true,true,18,G'S,AS MEASURED,PRIMARY,true,true,19,G'S,AS MEASURED,PRIMARY,true
14505,2024-05-17,NEW CAR ASSESSMENT TEST,VEHICLE INTO POLE,NEW CAR ASSESSMENT PROGRAM SIDE POLE BARRIER IMPACT TEST,side,side,classified,,side_pole_load_cell_8,side_pole_load_cell_barrier,covered_with_mask,POLE,POLE,pole_barrier_unconditional,1,8,8,0,"[1, 8]",8,8,8,,,true,false,[],[],"{""missing_expected_channel_count"": 0, ""duplicate_channel_count"": 0, ""force_channel_count"": 8, ""moment_channel_count"": 0}",3,0,,true,true,false,27,false,true,35,Y - GLOBAL,NEWTONS,NO DATA,PRIMARY,false,true,36,Y - GLOBAL,NEWTONS,NO DATA,PRIMARY,false,true,37,Y - GLOBAL,NEWTONS,AS MEASURED,PRIMARY,true,true,38,Y - GLOBAL,NEWTONS,AS MEASURED,PRIMARY,true,true,39,Y - GLOBAL,NEWTONS,AS MEASURED,PRIMARY,true,true,40,Y - GLOBAL,NEWTONS,AS MEASURED,PRIMARY,true,true,41,Y - GLOBAL,NEWTONS,QUESTIONABLE DATA,PRIMARY,false,true,42,Y - GLOBAL,NEWTONS,QUESTIONABLE DATA,PRIMARY,false,true,17,G'S,AS MEASURED,PRIMARY,true,true,18,G'S,AS MEASURED,PRIMARY,true,true,19,G'S,AS MEASURED,PRIMARY,true
14507,2024-05-23,NEW CAR ASSESSMENT TEST,VEHICLE INTO POLE,NEW CAR ASSESSMENT PROGRAM SIDE POLE BARRIER IMPACT TEST,side,side,classified,,side_pole_load_cell_8,side_pole_load_cell_barrier,covered_with_mask,POLE,POLE,pole_barrier_unconditional,1,8,8,0,"[1, 8]",8,8,8,,,true,true,[],[],"{""missing_expected_channel_count"": 0, ""duplicate_channel_count"": 0, ""force_channel_count"": 8, ""moment_channel_count"": 0}",3,0,,true,true,false,27,false,true,35,Y - GLOBAL,NEWTONS,AS MEASURED,PRIMARY,true,true,36,Y - GLOBAL,NEWTONS,AS MEASURED,PRIMARY,true,true,37,Y - GLOBAL,NEWTONS,AS MEASURED,PRIMARY,true,true,38,Y - GLOBAL,NEWTONS,AS MEASURED,PRIMARY,true,true,39,Y - GLOBAL,NEWTONS,AS MEASURED,PRIMARY,true,true,40,Y - GLOBAL,NEWTONS,AS MEASURED,PRIMARY,true,true,41,Y - GLOBAL,NEWTONS,AS MEASURED,PRIMARY,true,true,42,Y - GLOBAL,NEWTONS,AS MEASURED,PRIMARY,true,true,17,G'S,AS MEASURED,PRIMARY,true,true,18,G'S,AS MEASURED,PRIMARY,true,true,19,G'S,AS MEASURED,PRIMARY,true
14600,2023-02-09,RESEARCH,VEHICLE INTO POLE,2020 HYUNDAI ACCENT LEFT SIDE FMVSS POLE IMPACT AT 32 KPH,side,research_other,classified,,side_pole_load_cell_8,side_pole_load_cell_barrier,covered_with_mask,POLE,POLE,pole_barrier_unconditional,1,8,8,0,"[1, 8]",8,8,8,,,true,true,[],[],"{""missing_expected_channel_count"": 0, ""duplicate_channel_count"": 0, ""force_channel_count"": 8, ""moment_channel_count"": 0}",3,0,,true,true,false,41,false,true,174,X - GLOBAL,NEWTONS,AS MEASURED,PRIMARY,true,true,175,X - GLOBAL,NEWTONS,AS MEASURED,PRIMARY,true,true,176,X - GLOBAL,NEWTONS,AS MEASURED,PRIMARY,true,true,177,X - GLOBAL,NEWTONS,AS MEASURED,PRIMARY,true,true,178,X - GLOBAL,NEWTONS,AS MEASURED,PRIMARY,true,true,179,X - GLOBAL,NEWTONS,AS MEASURED,PRIMARY,true,true,180,X - GLOBAL,NEWTONS,AS MEASURED,PRIMARY,true,true,181,X - GLOBAL,NEWTONS,AS MEASURED,PRIMARY,true,true,136,G'S,AS MEASURED,PRIMARY,true,true,137,G'S,AS MEASURED,PRIMARY,true,true,138,G'S,AS MEASURED,PRIMARY,true
14601,2023-02-22,RESEARCH,VEHICLE INTO POLE,2020 CHRYSLER PACIFICA LEFT SIDE FMVSS POLE IMPACT AT 32 KPH,side,research_other,classified,,side_pole_load_cell_8,side_pole_load_cell_barrier,covered_with_mask,POLE,POLE,pole_barrier_unconditional,1,8,8,0,"[1, 8]",8,8,8,,,true,true,[],[],"{""missing_expected_channel_count"": 0, ""duplicate_channel_count"": 0, ""force_channel_count"": 8, ""moment_channel_count"": 0}",3,0,,true,true,false,41,false,true,174,X - GLOBAL,NEWTONS,AS MEASURED,PRIMARY,true,true,175,X - GLOBAL,NEWTONS,AS MEASURED,PRIMARY,true,true,176,X - GLOBAL,NEWTONS,AS MEASURED,PRIMARY,true,true,177,X - GLOBAL,NEWTONS,AS MEASURED,PRIMARY,true,true,178,X - GLOBAL,NEWTONS,AS MEASURED,PRIMARY,true,true,179,X - GLOBAL,NEWTONS,AS MEASURED,PRIMARY,true,true,180,X - GLOBAL,NEWTONS,AS MEASURED,PRIMARY,true,true,181,X - GLOBAL,NEWTONS,AS MEASURED,PRIMARY,true,true,136,G'S,AS MEASURED,PRIMARY,true,true,137,G'S,AS MEASURED,PRIMARY,true,true,138,G'S,AS MEASURED,PRIMARY,true
14604,2023-08-09,RESEARCH,VEHICLE INTO POLE,2021 VOLKSWAGEN ID.4 LEFT SIDE FMVSS POLE IMPACT AT 32 KPH,side,research_other,classified,,side_pole_load_cell_8,side_pole_load_cell_barrier,covered_with_mask,POLE,POLE,pole_barrier_unconditional,1,6,6,0,"[3, 8]",8,6,6,1|2,,false,false,[],[],"{""missing_expected_channel_count"": 0, ""duplicate_channel_count"": 0, ""force_channel_count"": 6, ""moment_channel_count"": 0}",3,0,,true,true,false,41,false,false,,,,,,false,false,,,,,,false,true,174,X - GLOBAL,NEWTONS,AS MEASURED,PRIMARY,true,true,175,X - GLOBAL,NEWTONS,AS MEASURED,PRIMARY,true,true,176,X - GLOBAL,NEWTONS,AS MEASURED,PRIMARY,true,true,177,X - GLOBAL,NEWTONS,AS MEASURED,PRIMARY,true,true,178,X - GLOBAL,NEWTONS,AS MEASURED,PRIMARY,true,true,179,X - GLOBAL,NEWTONS,AS MEASURED,PRIMARY,true,true,136,G'S,AS MEASURED,PRIMARY,true,true,137,G'S,AS MEASURED,PRIMARY,true,true,138,G'S,AS MEASURED,PRIMARY,true
14609,2020-11-09,RESEARCH,VEHICLE INTO POLE,RESEARCH AND DEVELOPMENT FMVSS 214 SIDE POLE,side,research_other,classified,,side_pole_load_cell_8,side_pole_load_cell_barrier,covered_with_mask,POLE,POLE,pole_barrier_unconditional,1,8,8,0,"[1, 8]",8,8,8,,,true,true,[],[],"{""missing_expected_channel_count"": 0, ""duplicate_channel_count"": 0, ""force_channel_count"": 8, ""moment_channel_count"": 0}",3,0,,true,true,false,41,false,true,78,Y - GLOBAL,NEWTONS,AS MEASURED,PRIMARY,true,true,79,Y - GLOBAL,NEWTONS,AS MEASURED,PRIMARY,true,true,80,Y - GLOBAL,NEWTONS,AS MEASURED,PRIMARY,true,true,81,Y - GLOBAL,NEWTONS,AS MEASURED,PRIMARY,true,true,82,Y - GLOBAL,NEWTONS,AS MEASURED,PRIMARY,true,true,83,Y - GLOBAL,NEWTONS,AS MEASURED,PRIMARY,true,true,84,Y - GLOBAL,NEWTONS,AS MEASURED,PRIMARY,true,true,85,Y - GLOBAL,NEWTONS,AS MEASURED,PRIMARY,true,true,46,G'S,AS MEASURED,PRIMARY,true,true,47,G'S,AS MEASURED,PRIMARY,true,true,48,G'S,AS MEASURED,PRIMARY,true
14611,2020-11-17,RESEARCH,VEHICLE INTO POLE,RESEARCH AND DEVELOPMENT FMVSS 214 SIDE POLE,side,research_other,classified,,side_pole_load_cell_8,side_pole_load_cell_barrier,covered_with_mask,POLE,POLE,pole_barrier_unconditional,1,8,8,0,"[1, 8]",8,8,8,,,true,true,[],[],"{""missing_expected_channel_count"": 0, ""duplicate_channel_count"": 0, ""force_channel_count"": 8, ""moment_channel_count"": 0}",3,0,,true,true,false,41,false,true,78,Y - GLOBAL,NEWTONS,AS MEASURED,PRIMARY,true,true,79,Y - GLOBAL,NEWTONS,AS MEASURED,PRIMARY,true,true,80,Y - GLOBAL,NEWTONS,AS MEASURED,PRIMARY,true,true,81,Y - GLOBAL,NEWTONS,AS MEASURED,PRIMARY,true,true,82,Y - GLOBAL,NEWTONS,AS MEASURED,PRIMARY,true,true,83,Y - GLOBAL,NEWTONS,AS MEASURED,PRIMARY,true,true,84,Y - GLOBAL,NEWTONS,AS MEASURED,PRIMARY,true,true,85,Y - GLOBAL,NEWTONS,AS MEASURED,PRIMARY,true,true,46,G'S,AS MEASURED,PRIMARY,true,true,47,G'S,AS MEASURED,PRIMARY,true,true,48,G'S,AS MEASURED,PRIMARY,true
14612,2020-12-04,RESEARCH,VEHICLE INTO POLE,RESEARCH AND DEVELOPMENT FMVSS 214 SIDE POLE,side,research_other,classified,,side_pole_load_cell_8,side_pole_load_cell_barrier,covered_with_mask,POLE,POLE,pole_barrier_unconditional,1,8,8,0,"[1, 8]",8,8,8,,,true,true,[],[],"{""missing_expected_channel_count"": 0, ""duplicate_channel_count"": 0, ""force_channel_count"": 8, ""moment_channel_count"": 0}",3,0,,true,true,false,41,false,true,78,Y - GLOBAL,NEWTONS,AS MEASURED,PRIMARY,true,true,79,Y - GLOBAL,NEWTONS,AS MEASURED,PRIMARY,true,true,80,Y - GLOBAL,NEWTONS,AS MEASURED,PRIMARY,true,true,81,Y - GLOBAL,NEWTONS,AS MEASURED,PRIMARY,true,true,82,Y - GLOBAL,NEWTONS,AS MEASURED,PRIMARY,true,true,83,Y - GLOBAL,NEWTONS,AS MEASURED,PRIMARY,true,true,84,Y - GLOBAL,NEWTONS,AS MEASURED,PRIMARY,true,true,85,Y - GLOBAL,NEWTONS,AS MEASURED,PRIMARY,true,true,46,G'S,AS MEASURED,PRIMARY,true,true,47,G'S,AS MEASURED,PRIMARY,true,true,48,G'S,AS MEASURED,PRIMARY,true
14614,2023-05-04,RESEARCH,VEHICLE INTO POLE,RESEARCH AND DEVELOPMENT FMVSS 214 SIDE POLE,side,research_other,classified,,side_pole_load_cell_8,side_pole_load_cell_barrier,covered_with_mask,POLE,POLE,pole_barrier_unconditional,1,8,8,0,"[1, 8]",8,8,8,,,true,false,[],[],"{""missing_expected_channel_count"": 0, ""duplicate_channel_count"": 0, ""force_channel_count"": 8, ""moment_channel_count"": 0}",3,0,,true,true,false,41,false,true,78,Y - GLOBAL,NEWTONS,QUESTIONABLE DATA,PRIMARY,false,true,79,Y - GLOBAL,NEWTONS,AS MEASURED,PRIMARY,true,true,80,Y - GLOBAL,NEWTONS,AS MEASURED,PRIMARY,true,true,81,Y - GLOBAL,NEWTONS,AS MEASURED,PRIMARY,true,true,82,Y - GLOBAL,NEWTONS,AS MEASURED,PRIMARY,true,true,83,Y - GLOBAL,NEWTONS,AS MEASURED,PRIMARY,true,true,84,Y - GLOBAL,NEWTONS,AS MEASURED,PRIMARY,true,true,85,Y - GLOBAL,NEWTONS,AS MEASURED,PRIMARY,true,true,46,G'S,AS MEASURED,PRIMARY,true,true,47,G'S,AS MEASURED,PRIMARY,true,true,48,G'S,AS MEASURED,PRIMARY,true
14615,2023-05-08,RESEARCH,VEHICLE INTO POLE,RESEARCH AND DEVELOPMENT FMVSS 214 SIDE POLE,side,research_other,classified,,side_pole_load_cell_8,side_pole_load_cell_barrier,covered_with_mask,POLE,POLE,pole_barrier_unconditional,1,8,8,0,"[1, 8]",8,8,8,,,true,false,[],[],"{""missing_expected_channel_count"": 0, ""duplicate_channel_count"": 0, ""force_channel_count"": 8, ""moment_channel_count"": 0}",3,0,,true,true,false,41,false,true,78,Y - GLOBAL,NEWTONS,QUESTIONABLE DATA,PRIMARY,false,true,79,Y - GLOBAL,NEWTONS,AS MEASURED,PRIMARY,true,true,80,Y - GLOBAL,NEWTONS,AS MEASURED,PRIMARY,true,true,81,Y - GLOBAL,NEWTONS,AS MEASURED,PRIMARY,true,true,82,Y - GLOBAL,NEWTONS,AS MEASURED,PRIMARY,true,true,83,Y - GLOBAL,NEWTONS,AS MEASURED,PRIMARY,true,true,84,Y - GLOBAL,NEWTONS,AS MEASURED,PRIMARY,true,true,85,Y - GLOBAL,NEWTONS,AS MEASURED,PRIMARY,true,true,46,G'S,AS MEASURED,PRIMARY,true,true,47,G'S,AS MEASURED,PRIMARY,true,true,48,G'S,AS MEASURED,PRIMARY,true
14616,2023-06-05,RESEARCH,VEHICLE INTO POLE,RESEARCH AND DEVELOPMENT FMVSS 214 SIDE POLE,side,research_other,classified,,side_pole_load_cell_8,side_pole_load_cell_barrier,covered_with_mask,POLE,POLE,pole_barrier_unconditional,1,8,8,0,"[1, 8]",8,8,8,,,true,false,[],[],"{""missing_expected_channel_count"": 0, ""duplicate_channel_count"": 0, ""force_channel_count"": 8, ""moment_channel_count"": 0}",3,0,,true,true,false,41,false,true,78,Y - GLOBAL,NEWTONS,QUESTIONABLE DATA,PRIMARY,false,true,79,Y - GLOBAL,NEWTONS,AS MEASURED,PRIMARY,true,true,80,Y - GLOBAL,NEWTONS,AS MEASURED,PRIMARY,true,true,81,Y - GLOBAL,NEWTONS,AS MEASURED,PRIMARY,true,true,82,Y - GLOBAL,NEWTONS,AS MEASURED,PRIMARY,true,true,83,Y - GLOBAL,NEWTONS,QUESTIONABLE DATA,PRIMARY,false,true,84,Y - GLOBAL,NEWTONS,AS MEASURED,PRIMARY,true,true,85,Y - GLOBAL,NEWTONS,AS MEASURED,PRIMARY,true,true,46,G'S,AS MEASURED,PRIMARY,true,true,47,G'S,AS MEASURED,PRIMARY,true,true,48,G'S,AS MEASURED,PRIMARY,true
14617,2023-07-06,RESEARCH,VEHICLE INTO POLE,RESEARCH AND DEVELOPMENT FMVSS 214 SIDE POLE,side,research_other,classified,,side_pole_load_cell_8,side_pole_load_cell_barrier,covered_with_mask,POLE,POLE,pole_barrier_unconditional,1,9,9,0,"[1, 8]",8,9,8,,8,true,true,[],"[{""pole_index"": 8, ""count"": 2}]","{""missing_expected_channel_count"": 0, ""duplicate_channel_count"": 1, ""force_channel_count"": 9, ""moment_channel_count"": 0}",3,0,,true,true,false,41,false,true,78,Y - GLOBAL,NEWTONS,AS MEASURED,PRIMARY,true,true,79,Y - GLOBAL,NEWTONS,AS MEASURED,PRIMARY,true,true,80,Y - GLOBAL,NEWTONS,AS MEASURED,PRIMARY,true,true,81,Y - GLOBAL,NEWTONS,AS MEASURED,PRIMARY,true,true,82,Y - GLOBAL,NEWTONS,AS MEASURED,PRIMARY,true,true,83,Y - GLOBAL,NEWTONS,AS MEASURED,PRIMARY,true,true,84,Y - GLOBAL,NEWTONS,AS MEASURED,PRIMARY,true,true,85|86,Y - GLOBAL,NEWTONS,AS MEASURED,PRIMARY,true,true,46,G'S,AS MEASURED,PRIMARY,true,true,47,G'S,AS MEASURED,PRIMARY,true,true,48,G'S,AS MEASURED,PRIMARY,true
14973,2023-09-01,NEW CAR ASSESSMENT TEST,VEHICLE INTO POLE,NCAP SIDE POLE - 2023 TOYOTA RAV4 PRIME SE AWD 5-DOOR SUV,side,side,classified,,side_pole_load_cell_8,side_pole_load_cell_barrier,covered_with_mask,POLE,POLE,pole_barrier_unconditional,1,8,8,0,"[1, 8]",8,8,8,,,true,true,[],[],"{""missing_expected_channel_count"": 0, ""duplicate_channel_count"": 0, ""force_channel_count"": 8, ""moment_channel_count"": 0}",3,0,,true,true,false,27,false,true,35,Y - GLOBAL,NEWTONS,AS MEASURED,PRIMARY,true,true,36,Y - GLOBAL,NEWTONS,AS MEASURED,PRIMARY,true,true,37,Y - GLOBAL,NEWTONS,AS MEASURED,PRIMARY,true,true,38,Y - GLOBAL,NEWTONS,AS MEASURED,PRIMARY,true,true,39,Y - GLOBAL,NEWTONS,AS MEASURED,PRIMARY,true,true,40,Y - GLOBAL,NEWTONS,AS MEASURED,PRIMARY,true,true,41,Y - GLOBAL,NEWTONS,AS MEASURED,PRIMARY,true,true,42,Y - GLOBAL,NEWTONS,AS MEASURED,PRIMARY,true,true,17,G'S,AS MEASURED,PRIMARY,true,true,18,G'S,AS MEASURED,PRIMARY,true,true,19,G'S,AS MEASURED,PRIMARY,true
14989,2023-12-01,OPTIONAL NEW CAR ASSESSMENT TEST,VEHICLE INTO POLE,OPTIONAL NEW CAR ASSESSMENT PROGRAM SIDE POLE BARRIER IMPACT TEST,side,side,classified,,side_pole_load_cell_8,side_pole_load_cell_barrier,covered_with_mask,POLE,POLE,pole_barrier_unconditional,1,8,8,0,"[1, 8]",8,8,8,,,true,true,[],[],"{""missing_expected_channel_count"": 0, ""duplicate_channel_count"": 0, ""force_channel_count"": 8, ""moment_channel_count"": 0}",3,0,,true,true,false,27,false,true,35,Y - GLOBAL,NEWTONS,AS MEASURED,PRIMARY,true,true,36,Y - GLOBAL,NEWTONS,AS MEASURED,PRIMARY,true,true,37,Y - GLOBAL,NEWTONS,AS MEASURED,PRIMARY,true,true,38,Y - GLOBAL,NEWTONS,AS MEASURED,PRIMARY,true,true,39,Y - GLOBAL,NEWTONS,AS MEASURED,PRIMARY,true,true,40,Y - GLOBAL,NEWTONS,AS MEASURED,PRIMARY,true,true,41,Y - GLOBAL,NEWTONS,AS MEASURED,PRIMARY,true,true,42,Y - GLOBAL,NEWTONS,AS MEASURED,PRIMARY,true,true,17,G'S,AS MEASURED,PRIMARY,true,true,18,G'S,AS MEASURED,PRIMARY,true,true,19,G'S,AS MEASURED,PRIMARY,true
14997,2024-01-08,OPTIONAL NEW CAR ASSESSMENT TEST,VEHICLE INTO POLE,OPTIONAL NEW CAR ASSESSMENT PROGRAM SIDE POLE BARRIER IMPACT TEST,side,side,classified,,side_pole_load_cell_8,side_pole_load_cell_barrier,covered_with_mask,POLE,POLE,pole_barrier_unconditional,1,8,8,0,"[1, 8]",8,8,8,,,true,true,[],[],"{""missing_expected_channel_count"": 0, ""duplicate_channel_count"": 0, ""force_channel_count"": 8, ""moment_channel_count"": 0}",3,0,,true,false,true,27,false,true,35,Y - GLOBAL,NEWTONS,AS MEASURED,PRIMARY,true,true,36,Y - GLOBAL,NEWTONS,AS MEASURED,PRIMARY,true,true,37,Y - GLOBAL,NEWTONS,AS MEASURED,PRIMARY,true,true,38,Y - GLOBAL,NEWTONS,AS MEASURED,PRIMARY,true,true,39,Y - GLOBAL,NEWTONS,AS MEASURED,PRIMARY,true,true,40,Y - GLOBAL,NEWTONS,AS MEASURED,PRIMARY,true,true,41,Y - GLOBAL,NEWTONS,AS MEASURED,PRIMARY,true,true,42,Y - GLOBAL,NEWTONS,AS MEASURED,PRIMARY,true,true,17,G'S,AS MEASURED,PRIMARY,true,true,18,G'S,AS MEASURED,PRIMARY,true,true,19,G'S,QUESTIONABLE DATA,PRIMARY,false
15003,2023-07-14,OPTIONAL NEW CAR ASSESSMENT TEST,VEHICLE INTO POLE,OPTIONAL NCAP SIDE POLE - 2023 HONDA PILOT LX 5-DOOR SUV,side,side,classified,,side_pole_load_cell_8,side_pole_load_cell_barrier,covered_with_mask,POLE,POLE,pole_barrier_unconditional,1,8,8,0,"[1, 8]",8,8,8,,,true,true,[],[],"{""missing_expected_channel_count"": 0, ""duplicate_channel_count"": 0, ""force_channel_count"": 8, ""moment_channel_count"": 0}",3,0,,true,true,false,27,false,true,35,Y - GLOBAL,NEWTONS,AS MEASURED,PRIMARY,true,true,36,Y - GLOBAL,NEWTONS,AS MEASURED,PRIMARY,true,true,37,Y - GLOBAL,NEWTONS,AS MEASURED,PRIMARY,true,true,38,Y - GLOBAL,NEWTONS,AS MEASURED,PRIMARY,true,true,39,Y - GLOBAL,NEWTONS,AS MEASURED,PRIMARY,true,true,40,Y - GLOBAL,NEWTONS,AS MEASURED,PRIMARY,true,true,41,Y - GLOBAL,NEWTONS,AS MEASURED,PRIMARY,true,true,42,Y - GLOBAL,NEWTONS,AS MEASURED,PRIMARY,true,true,17,G'S,AS MEASURED,PRIMARY,true,true,18,G'S,AS MEASURED,PRIMARY,true,true,19,G'S,AS MEASURED,PRIMARY,true
15007,2023-07-28,OPTIONAL NEW CAR ASSESSMENT TEST,VEHICLE INTO POLE,OPTIONAL NCAP SIDE POLE - 2023 HONDA ACCORD 1.5T LX 4-DOOR SEDAN,side,side,classified,,side_pole_load_cell_8,side_pole_load_cell_barrier,covered_with_mask,POLE,POLE,pole_barrier_unconditional,1,8,8,0,"[1, 8]",8,8,8,,,true,true,[],[],"{""missing_expected_channel_count"": 0, ""duplicate_channel_count"": 0, ""force_channel_count"": 8, ""moment_channel_count"": 0}",3,0,,true,true,false,27,false,true,35,Y - GLOBAL,NEWTONS,AS MEASURED,PRIMARY,true,true,36,Y - GLOBAL,NEWTONS,AS MEASURED,PRIMARY,true,true,37,Y - GLOBAL,NEWTONS,AS MEASURED,PRIMARY,true,true,38,Y - GLOBAL,NEWTONS,AS MEASURED,PRIMARY,true,true,39,Y - GLOBAL,NEWTONS,AS MEASURED,PRIMARY,true,true,40,Y - GLOBAL,NEWTONS,AS MEASURED,PRIMARY,true,true,41,Y - GLOBAL,NEWTONS,AS MEASURED,PRIMARY,true,true,42,Y - GLOBAL,NEWTONS,AS MEASURED,PRIMARY,true,true,17,G'S,AS MEASURED,PRIMARY,true,true,18,G'S,AS MEASURED,PRIMARY,true,true,19,G'S,AS MEASURED,PRIMARY,true
15008,2024-01-23,OPTIONAL NEW CAR ASSESSMENT TEST,VEHICLE INTO POLE,OPTIONAL NEW CAR ASSESSMENT PROGRAM SIDE POLE BARRIER IMPACT TEST,side,side,classified,,side_pole_load_cell_8,side_pole_load_cell_barrier,covered_with_mask,POLE,POLE,pole_barrier_unconditional,1,8,8,0,"[1, 8]",8,8,8,,,true,true,[],[],"{""missing_expected_channel_count"": 0, ""duplicate_channel_count"": 0, ""force_channel_count"": 8, ""moment_channel_count"": 0}",3,0,,true,true,false,27,false,true,35,Y - GLOBAL,NEWTONS,AS MEASURED,PRIMARY,true,true,36,Y - GLOBAL,NEWTONS,AS MEASURED,PRIMARY,true,true,37,Y - GLOBAL,NEWTONS,AS MEASURED,PRIMARY,true,true,38,Y - GLOBAL,NEWTONS,AS MEASURED,PRIMARY,true,true,39,Y - GLOBAL,NEWTONS,AS MEASURED,PRIMARY,true,true,40,Y - GLOBAL,NEWTONS,AS MEASURED,PRIMARY,true,true,41,Y - GLOBAL,NEWTONS,AS MEASURED,PRIMARY,true,true,42,Y - GLOBAL,NEWTONS,AS MEASURED,PRIMARY,true,true,17,G'S,AS MEASURED,PRIMARY,true,true,18,G'S,AS MEASURED,PRIMARY,true,true,19,G'S,AS MEASURED,PRIMARY,true
15015,2023-09-27,OPTIONAL NEW CAR ASSESSMENT TEST,VEHICLE INTO POLE,OPTIONAL NCAP SIDE POLE - 2023 TOYOTA PRIUS 5-DOOR HATCHBACK,side,side,classified,,side_pole_load_cell_8,side_pole_load_cell_barrier,covered_with_mask,POLE,POLE,pole_barrier_unconditional,1,8,8,0,"[1, 8]",8,8,8,,,true,true,[],[],"{""missing_expected_channel_count"": 0, ""duplicate_channel_count"": 0, ""force_channel_count"": 8, ""moment_channel_count"": 0}",3,0,,true,true,false,27,false,true,35,Y - GLOBAL,NEWTONS,AS MEASURED,PRIMARY,true,true,36,Y - GLOBAL,NEWTONS,AS MEASURED,PRIMARY,true,true,37,Y - GLOBAL,NEWTONS,AS MEASURED,PRIMARY,true,true,38,Y - GLOBAL,NEWTONS,AS MEASURED,PRIMARY,true,true,39,Y - GLOBAL,NEWTONS,AS MEASURED,PRIMARY,true,true,40,Y - GLOBAL,NEWTONS,AS MEASURED,PRIMARY,true,true,41,Y - GLOBAL,NEWTONS,AS MEASURED,PRIMARY,true,true,42,Y - GLOBAL,NEWTONS,AS MEASURED,PRIMARY,true,true,17,G'S,AS MEASURED,PRIMARY,true,true,18,G'S,AS MEASURED,PRIMARY,true,true,19,G'S,AS MEASURED,PRIMARY,true
15023,2023-10-10,OPTIONAL NEW CAR ASSESSMENT TEST,VEHICLE INTO POLE,OPTIONAL NCAP SIDE POLE - 2023 TOYOTA CROWN XLE HEV 4-DOOR SEDAN,side,side,classified,,side_pole_load_cell_8,side_pole_load_cell_barrier,covered_with_mask,POLE,POLE,pole_barrier_unconditional,1,8,8,0,"[1, 8]",8,8,8,,,true,true,[],[],"{""missing_expected_channel_count"": 0, ""duplicate_channel_count"": 0, ""force_channel_count"": 8, ""moment_channel_count"": 0}",3,0,,true,true,false,27,false,true,35,Y - GLOBAL,NEWTONS,AS MEASURED,PRIMARY,true,true,36,Y - GLOBAL,NEWTONS,AS MEASURED,PRIMARY,true,true,37,Y - GLOBAL,NEWTONS,AS MEASURED,PRIMARY,true,true,38,Y - GLOBAL,NEWTONS,AS MEASURED,PRIMARY,true,true,39,Y - GLOBAL,NEWTONS,AS MEASURED,PRIMARY,true,true,40,Y - GLOBAL,NEWTONS,AS MEASURED,PRIMARY,true,true,41,Y - GLOBAL,NEWTONS,AS MEASURED,PRIMARY,true,true,42,Y - GLOBAL,NEWTONS,AS MEASURED,PRIMARY,true,true,17,G'S,AS MEASURED,PRIMARY,true,true,18,G'S,AS MEASURED,PRIMARY,true,true,19,G'S,AS MEASURED,PRIMARY,true
15025,2024-02-21,OPTIONAL NEW CAR ASSESSMENT TEST,VEHICLE INTO POLE,OPTIONAL NEW CAR ASSESSMENT PROGRAM SIDE POLE BARRIER IMPACT TEST,side,side,classified,,side_pole_load_cell_8,side_pole_load_cell_barrier,covered_with_mask,POLE,POLE,pole_barrier_unconditional,1,8,8,0,"[1, 8]",8,8,8,,,true,false,[],[],"{""missing_expected_channel_count"": 0, ""duplicate_channel_count"": 0, ""force_channel_count"": 8, ""moment_channel_count"": 0}",3,0,,true,true,false,27,false,true,35,Y - GLOBAL,NEWTONS,NO DATA,PRIMARY,false,true,36,Y - GLOBAL,NEWTONS,NO DATA,PRIMARY,false,true,37,Y - GLOBAL,NEWTONS,AS MEASURED,PRIMARY,true,true,38,Y - GLOBAL,NEWTONS,AS MEASURED,PRIMARY,true,true,39,Y - GLOBAL,NEWTONS,AS MEASURED,PRIMARY,true,true,40,Y - GLOBAL,NEWTONS,AS MEASURED,PRIMARY,true,true,41,Y - GLOBAL,NEWTONS,AS MEASURED,PRIMARY,true,true,42,Y - GLOBAL,NEWTONS,AS MEASURED,PRIMARY,true,true,17,G'S,AS MEASURED,PRIMARY,true,true,18,G'S,AS MEASURED,PRIMARY,true,true,19,G'S,AS MEASURED,PRIMARY,true
15028,2023-10-25,OPTIONAL NEW CAR ASSESSMENT TEST,VEHICLE INTO POLE,OPTIONAL NCAP SIDE POLE - 2023 LEXUS RZ 450E PREMIUM AWD 5-DOOR SUV,side,side,classified,,side_pole_load_cell_8,side_pole_load_cell_barrier,covered_with_mask,POLE,POLE,pole_barrier_unconditional,1,8,8,0,"[1, 8]",8,8,8,,,true,true,[],[],"{""missing_expected_channel_count"": 0, ""duplicate_channel_count"": 0, ""force_channel_count"": 8, ""moment_channel_count"": 0}",3,0,,true,true,false,27,false,true,35,Y - GLOBAL,NEWTONS,AS MEASURED,PRIMARY,true,true,36,Y - GLOBAL,NEWTONS,AS MEASURED,PRIMARY,true,true,37,Y - GLOBAL,NEWTONS,AS MEASURED,PRIMARY,true,true,38,Y - GLOBAL,NEWTONS,AS MEASURED,PRIMARY,true,true,39,Y - GLOBAL,NEWTONS,AS MEASURED,PRIMARY,true,true,40,Y - GLOBAL,NEWTONS,AS MEASURED,PRIMARY,true,true,41,Y - GLOBAL,NEWTONS,AS MEASURED,PRIMARY,true,true,42,Y - GLOBAL,NEWTONS,AS MEASURED,PRIMARY,true,true,17,G'S,AS MEASURED,PRIMARY,true,true,18,G'S,AS MEASURED,PRIMARY,true,true,19,G'S,AS MEASURED,PRIMARY,true
15030,2024-03-12,OPTIONAL NEW CAR ASSESSMENT TEST,VEHICLE INTO POLE,OPTIONAL NEW CAR ASSESSMENT PROGRAM SIDE POLE BARRIER IMPACT TEST,side,side,classified,,side_pole_load_cell_8,side_pole_load_cell_barrier,covered_with_mask,POLE,POLE,pole_barrier_unconditional,1,8,8,0,"[1, 8]",8,8,8,,,true,true,[],[],"{""missing_expected_channel_count"": 0, ""duplicate_channel_count"": 0, ""force_channel_count"": 8, ""moment_channel_count"": 0}",3,0,,true,true,false,27,false,true,35,Y - GLOBAL,NEWTONS,AS MEASURED,PRIMARY,true,true,36,Y - GLOBAL,NEWTONS,AS MEASURED,PRIMARY,true,true,37,Y - GLOBAL,NEWTONS,AS MEASURED,PRIMARY,true,true,38,Y - GLOBAL,NEWTONS,AS MEASURED,PRIMARY,true,true,39,Y - GLOBAL,NEWTONS,AS MEASURED,PRIMARY,true,true,40,Y - GLOBAL,NEWTONS,AS MEASURED,PRIMARY,true,true,41,Y - GLOBAL,NEWTONS,AS MEASURED,PRIMARY,true,true,42,Y - GLOBAL,NEWTONS,AS MEASURED,PRIMARY,true,true,17,G'S,AS MEASURED,PRIMARY,true,true,18,G'S,AS MEASURED,PRIMARY,true,true,19,G'S,AS MEASURED,PRIMARY,true
15032,2023-11-10,OPTIONAL NEW CAR ASSESSMENT TEST,VEHICLE INTO POLE,OPTIONAL NCAP SIDE POLE - 2023 HYUNDAI IONIQ 6 SEL 4-DOOR SEDAN,side,side,classified,,side_pole_load_cell_8,side_pole_load_cell_barrier,covered_with_mask,POLE,POLE,pole_barrier_unconditional,1,8,8,0,"[1, 8]",8,8,8,,,true,true,[],[],"{""missing_expected_channel_count"": 0, ""duplicate_channel_count"": 0, ""force_channel_count"": 8, ""moment_channel_count"": 0}",3,0,,true,true,false,27,false,true,35,Y - GLOBAL,NEWTONS,AS MEASURED,PRIMARY,true,true,36,Y - GLOBAL,NEWTONS,AS MEASURED,PRIMARY,true,true,37,Y - GLOBAL,NEWTONS,AS MEASURED,PRIMARY,true,true,38,Y - GLOBAL,NEWTONS,AS MEASURED,PRIMARY,true,true,39,Y - GLOBAL,NEWTONS,AS MEASURED,PRIMARY,true,true,40,Y - GLOBAL,NEWTONS,AS MEASURED,PRIMARY,true,true,41,Y - GLOBAL,NEWTONS,AS MEASURED,PRIMARY,true,true,42,Y - GLOBAL,NEWTONS,AS MEASURED,PRIMARY,true,true,17,G'S,AS MEASURED,PRIMARY,true,true,18,G'S,AS MEASURED,PRIMARY,true,true,19,G'S,AS MEASURED,PRIMARY,true
15035,2023-12-05,OPTIONAL NEW CAR ASSESSMENT TEST,VEHICLE INTO POLE,OPTIONAL NCAP SIDE POLE - 2024 MAZDA CX-90 MHEV 5-DOOR SUV,side,side,classified,,side_pole_load_cell_8,side_pole_load_cell_barrier,covered_with_mask,POLE,POLE,pole_barrier_unconditional,1,8,8,0,"[1, 8]",8,8,8,,,true,true,[],[],"{""missing_expected_channel_count"": 0, ""duplicate_channel_count"": 0, ""force_channel_count"": 8, ""moment_channel_count"": 0}",3,0,,true,true,false,27,false,true,35,Y - GLOBAL,NEWTONS,AS MEASURED,PRIMARY,true,true,36,Y - GLOBAL,NEWTONS,AS MEASURED,PRIMARY,true,true,37,Y - GLOBAL,NEWTONS,AS MEASURED,PRIMARY,true,true,38,Y - GLOBAL,NEWTONS,AS MEASURED,PRIMARY,true,true,39,Y - GLOBAL,NEWTONS,AS MEASURED,PRIMARY,true,true,40,Y - GLOBAL,NEWTONS,AS MEASURED,PRIMARY,true,true,41,Y - GLOBAL,NEWTONS,AS MEASURED,PRIMARY,true,true,42,Y - GLOBAL,NEWTONS,AS MEASURED,PRIMARY,true,true,17,G'S,AS MEASURED,PRIMARY,true,true,18,G'S,AS MEASURED,PRIMARY,true,true,19,G'S,AS MEASURED,PRIMARY,true
15048,2024-05-08,NEW CAR ASSESSMENT TEST,VEHICLE INTO POLE,75 DEGREE OBLIQUE RIGID POLE SIDE NCAP IMPACT,side,side,classified,,side_pole_load_cell_8,side_pole_load_cell_barrier,covered_with_mask,POLE,POLE,pole_barrier_unconditional,1,8,8,0,"[1, 8]",8,8,8,,,true,true,[],[],"{""missing_expected_channel_count"": 0, ""duplicate_channel_count"": 0, ""force_channel_count"": 8, ""moment_channel_count"": 0}",3,0,,true,true,false,27,false,true,35,X - GLOBAL,NEWTONS,AS MEASURED,PRIMARY,true,true,36,X - GLOBAL,NEWTONS,AS MEASURED,PRIMARY,true,true,37,X - GLOBAL,NEWTONS,AS MEASURED,PRIMARY,true,true,38,X - GLOBAL,NEWTONS,AS MEASURED,PRIMARY,true,true,39,X - GLOBAL,NEWTONS,AS MEASURED,PRIMARY,true,true,40,X - GLOBAL,NEWTONS,AS MEASURED,PRIMARY,true,true,41,X - GLOBAL,NEWTONS,AS MEASURED,PRIMARY,true,true,42,X - GLOBAL,NEWTONS,AS MEASURED,PRIMARY,true,true,17,G'S,AS MEASURED,PRIMARY,true,true,18,G'S,AS MEASURED,PRIMARY,true,true,19,G'S,AS MEASURED,PRIMARY,true
15049,2024-06-06,NEW CAR ASSESSMENT TEST,VEHICLE INTO POLE,NCAP SIDE IMPACT POLE BARRIER - 2024 MAZDA CX-50 5-DOOR SUV,side,side,classified,,side_pole_load_cell_8,side_pole_load_cell_barrier,covered_with_mask,POLE,POLE,pole_barrier_unconditional,1,8,8,0,"[1, 8]",8,8,8,,,true,false,[],[],"{""missing_expected_channel_count"": 0, ""duplicate_channel_count"": 0, ""force_channel_count"": 8, ""moment_channel_count"": 0}",3,0,,true,true,false,27,false,true,35,X - GLOBAL,NEWTONS,AS MEASURED,PRIMARY,true,true,36,X - GLOBAL,NEWTONS,AS MEASURED,PRIMARY,true,true,37,X - GLOBAL,NEWTONS,AS MEASURED,PRIMARY,true,true,38,X - GLOBAL,NEWTONS,AS MEASURED,PRIMARY,true,true,39,X - GLOBAL,NEWTONS,AS MEASURED,PRIMARY,true,true,40,X - GLOBAL,NEWTONS,AS MEASURED,PRIMARY,true,true,41,X - GLOBAL,NEWTONS,CHANNEL FAILED,PRIMARY,false,true,42,X - GLOBAL,NEWTONS,CHANNEL FAILED,PRIMARY,false,true,17,G'S,AS MEASURED,PRIMARY,true,true,18,G'S,AS MEASURED,PRIMARY,true,true,19,G'S,AS MEASURED,PRIMARY,true
15062,2024-06-20,OPTIONAL NEW CAR ASSESSMENT TEST,VEHICLE INTO POLE,OPTIONAL NCAP SIDE POLE - 2024 VOLVO XC60 RECHARGE AWD ULTIMATE 5-DOOR,side,side,classified,,side_pole_load_cell_8,side_pole_load_cell_barrier,covered_with_mask,POLE,POLE,pole_barrier_unconditional,1,8,8,0,"[1, 8]",8,8,8,,,true,true,[],[],"{""missing_expected_channel_count"": 0, ""duplicate_channel_count"": 0, ""force_channel_count"": 8, ""moment_channel_count"": 0}",3,0,,true,false,true,27,false,true,35,Y - GLOBAL,NEWTONS,AS MEASURED,PRIMARY,true,true,36,Y - GLOBAL,NEWTONS,AS MEASURED,PRIMARY,true,true,37,Y - GLOBAL,NEWTONS,AS MEASURED,PRIMARY,true,true,38,Y - GLOBAL,NEWTONS,AS MEASURED,PRIMARY,true,true,39,Y - GLOBAL,NEWTONS,AS MEASURED,PRIMARY,true,true,40,Y - GLOBAL,NEWTONS,AS MEASURED,PRIMARY,true,true,41,Y - GLOBAL,NEWTONS,AS MEASURED,PRIMARY,true,true,42,Y - GLOBAL,NEWTONS,AS MEASURED,PRIMARY,true,true,17,G'S,CHANNEL FAILED,PRIMARY,false,true,18,G'S,CHANNEL FAILED,PRIMARY,false,true,19,G'S,CHANNEL FAILED,PRIMARY,false
15067,2024-06-26,NEW CAR ASSESSMENT TEST,VEHICLE INTO POLE,NCAP SIDE IMPACT POLE BARRIER - 2024 MITSUBUSHI OUTLANDER 5-DOOR SUV,side,side,classified,,side_pole_load_cell_8,side_pole_load_cell_barrier,covered_with_mask,POLE,POLE,pole_barrier_unconditional,1,8,8,0,"[1, 8]",8,8,8,,,true,true,[],[],"{""missing_expected_channel_count"": 0, ""duplicate_channel_count"": 0, ""force_channel_count"": 8, ""moment_channel_count"": 0}",3,0,,true,true,false,27,false,true,35,X - GLOBAL,NEWTONS,AS MEASURED,PRIMARY,true,true,36,X - GLOBAL,NEWTONS,AS MEASURED,PRIMARY,true,true,37,X - GLOBAL,NEWTONS,AS MEASURED,PRIMARY,true,true,38,X - GLOBAL,NEWTONS,AS MEASURED,PRIMARY,true,true,39,X - GLOBAL,NEWTONS,AS MEASURED,PRIMARY,true,true,40,X - GLOBAL,NEWTONS,AS MEASURED,PRIMARY,true,true,41,X - GLOBAL,NEWTONS,AS MEASURED,PRIMARY,true,true,42,X - GLOBAL,NEWTONS,AS MEASURED,PRIMARY,true,true,17,G'S,AS MEASURED,PRIMARY,true,true,18,G'S,AS MEASURED,PRIMARY,true,true,19,G'S,AS MEASURED,PRIMARY,true
15071,2024-07-12,NEW CAR ASSESSMENT TEST,VEHICLE INTO POLE,NCAP SIDE IMPACT POLE BARRIER - 2024 VINFAST VF8 5-DOOR SUV,side,side,classified,,side_pole_load_cell_8,side_pole_load_cell_barrier,covered_with_mask,POLE,POLE,pole_barrier_unconditional,1,8,8,0,"[1, 8]",8,8,8,,,true,true,[],[],"{""missing_expected_channel_count"": 0, ""duplicate_channel_count"": 0, ""force_channel_count"": 8, ""moment_channel_count"": 0}",3,0,,true,true,false,27,false,true,35,X - GLOBAL,NEWTONS,AS MEASURED,PRIMARY,true,true,36,X - GLOBAL,NEWTONS,AS MEASURED,PRIMARY,true,true,37,X - GLOBAL,NEWTONS,AS MEASURED,PRIMARY,true,true,38,X - GLOBAL,NEWTONS,AS MEASURED,PRIMARY,true,true,39,X - GLOBAL,NEWTONS,AS MEASURED,PRIMARY,true,true,40,X - GLOBAL,NEWTONS,AS MEASURED,PRIMARY,true,true,41,X - GLOBAL,NEWTONS,AS MEASURED,PRIMARY,true,true,42,X - GLOBAL,NEWTONS,AS MEASURED,PRIMARY,true,true,17,G'S,AS MEASURED,PRIMARY,true,true,18,G'S,AS MEASURED,PRIMARY,true,true,19,G'S,AS MEASURED,PRIMARY,true
15072,2024-07-16,NEW CAR ASSESSMENT TEST,VEHICLE INTO POLE,NEW CAR ASSESSMENT PROGRAM SIDE POLE BARRIER IMPACT TEST,side,side,classified,,side_pole_load_cell_8,side_pole_load_cell_barrier,covered_with_mask,POLE,POLE,pole_barrier_unconditional,1,8,8,0,"[1, 8]",8,8,8,,,true,true,[],[],"{""missing_expected_channel_count"": 0, ""duplicate_channel_count"": 0, ""force_channel_count"": 8, ""moment_channel_count"": 0}",3,0,,true,true,false,27,false,true,35,Y - GLOBAL,NEWTONS,AS MEASURED,PRIMARY,true,true,36,Y - GLOBAL,NEWTONS,AS MEASURED,PRIMARY,true,true,37,Y - GLOBAL,NEWTONS,AS MEASURED,PRIMARY,true,true,38,Y - GLOBAL,NEWTONS,AS MEASURED,PRIMARY,true,true,39,Y - GLOBAL,NEWTONS,AS MEASURED,PRIMARY,true,true,40,Y - GLOBAL,NEWTONS,AS MEASURED,PRIMARY,true,true,41,Y - GLOBAL,NEWTONS,AS MEASURED,PRIMARY,true,true,42,Y - GLOBAL,NEWTONS,AS MEASURED,PRIMARY,true,true,17,G'S,AS MEASURED,PRIMARY,true,true,18,G'S,AS MEASURED,PRIMARY,true,true,19,G'S,AS MEASURED,PRIMARY,true
15077,2024-07-17,NEW CAR ASSESSMENT TEST,VEHICLE INTO POLE,NCAP SIDE POLE - 2024 CHEVROLET BLAZER EV RS 5-DOOR SUV,side,side,classified,,side_pole_load_cell_8,side_pole_load_cell_barrier,covered_with_mask,POLE,POLE,pole_barrier_unconditional,1,8,8,0,"[1, 8]",8,8,8,,,true,true,[],[],"{""missing_expected_channel_count"": 0, ""duplicate_channel_count"": 0, ""force_channel_count"": 8, ""moment_channel_count"": 0}",3,0,,true,true,false,27,false,true,35,Y - GLOBAL,NEWTONS,AS MEASURED,PRIMARY,true,true,36,Y - GLOBAL,NEWTONS,AS MEASURED,PRIMARY,true,true,37,Y - GLOBAL,NEWTONS,AS MEASURED,PRIMARY,true,true,38,Y - GLOBAL,NEWTONS,AS MEASURED,PRIMARY,true,true,39,Y - GLOBAL,NEWTONS,AS MEASURED,PRIMARY,true,true,40,Y - GLOBAL,NEWTONS,AS MEASURED,PRIMARY,true,true,41,Y - GLOBAL,NEWTONS,AS MEASURED,PRIMARY,true,true,42,Y - GLOBAL,NEWTONS,AS MEASURED,PRIMARY,true,true,17,G'S,AS MEASURED,PRIMARY,true,true,18,G'S,AS MEASURED,PRIMARY,true,true,19,G'S,AS MEASURED,PRIMARY,true
15082,2024-07-24,NEW CAR ASSESSMENT TEST,VEHICLE INTO POLE,75 DEGREE OBLIQUE RIGID POLE SIDE NCAP IMPACT,side,side,classified,,side_pole_load_cell_8,side_pole_load_cell_barrier,covered_with_mask,POLE,POLE,pole_barrier_unconditional,1,8,8,0,"[1, 8]",8,8,8,,,true,true,[],[],"{""missing_expected_channel_count"": 0, ""duplicate_channel_count"": 0, ""force_channel_count"": 8, ""moment_channel_count"": 0}",3,0,,true,true,false,27,false,true,35,X - GLOBAL,NEWTONS,AS MEASURED,PRIMARY,true,true,36,X - GLOBAL,NEWTONS,AS MEASURED,PRIMARY,true,true,37,X - GLOBAL,NEWTONS,AS MEASURED,PRIMARY,true,true,38,X - GLOBAL,NEWTONS,AS MEASURED,PRIMARY,true,true,39,X - GLOBAL,NEWTONS,AS MEASURED,PRIMARY,true,true,40,X - GLOBAL,NEWTONS,AS MEASURED,PRIMARY,true,true,41,X - GLOBAL,NEWTONS,AS MEASURED,PRIMARY,true,true,42,X - GLOBAL,NEWTONS,AS MEASURED,PRIMARY,true,true,17,G'S,AS MEASURED,PRIMARY,true,true,18,G'S,AS MEASURED,PRIMARY,true,true,19,G'S,AS MEASURED,PRIMARY,true
15095,2024-08-01,NEW CAR ASSESSMENT TEST,VEHICLE INTO POLE,NCAP SIDE POLE - 2024 CHEVROLET EQUINOX EV 2LT 5-DOOR SUV,side,side,classified,,side_pole_load_cell_8,side_pole_load_cell_barrier,covered_with_mask,POLE,POLE,pole_barrier_unconditional,1,8,8,0,"[1, 8]",8,8,8,,,true,true,[],[],"{""missing_expected_channel_count"": 0, ""duplicate_channel_count"": 0, ""force_channel_count"": 8, ""moment_channel_count"": 0}",3,0,,true,true,false,27,false,true,35,Y - GLOBAL,NEWTONS,AS MEASURED,PRIMARY,true,true,36,Y - GLOBAL,NEWTONS,AS MEASURED,PRIMARY,true,true,37,Y - GLOBAL,NEWTONS,AS MEASURED,PRIMARY,true,true,38,Y - GLOBAL,NEWTONS,AS MEASURED,PRIMARY,true,true,39,Y - GLOBAL,NEWTONS,AS MEASURED,PRIMARY,true,true,40,Y - GLOBAL,NEWTONS,AS MEASURED,PRIMARY,true,true,41,Y - GLOBAL,NEWTONS,AS MEASURED,PRIMARY,true,true,42,Y - GLOBAL,NEWTONS,AS MEASURED,PRIMARY,true,true,17,G'S,AS MEASURED,PRIMARY,true,true,18,G'S,AS MEASURED,PRIMARY,true,true,19,G'S,AS MEASURED,PRIMARY,true
15102,2024-08-13,OPTIONAL NEW CAR ASSESSMENT TEST,VEHICLE INTO POLE,OPTIONAL NCAP SIDE POLE - 2024 HONDA PROLOGUE EX 5-DOOR SUV,side,side,classified,,side_pole_load_cell_8,side_pole_load_cell_barrier,covered_with_mask,POLE,POLE,pole_barrier_unconditional,1,8,8,0,"[1, 8]",8,8,8,,,true,true,[],[],"{""missing_expected_channel_count"": 0, ""duplicate_channel_count"": 0, ""force_channel_count"": 8, ""moment_channel_count"": 0}",3,0,,true,true,false,27,false,true,35,Y - GLOBAL,NEWTONS,AS MEASURED,PRIMARY,true,true,36,Y - GLOBAL,NEWTONS,AS MEASURED,PRIMARY,true,true,37,Y - GLOBAL,NEWTONS,AS MEASURED,PRIMARY,true,true,38,Y - GLOBAL,NEWTONS,AS MEASURED,PRIMARY,true,true,39,Y - GLOBAL,NEWTONS,AS MEASURED,PRIMARY,true,true,40,Y - GLOBAL,NEWTONS,AS MEASURED,PRIMARY,true,true,41,Y - GLOBAL,NEWTONS,AS MEASURED,PRIMARY,true,true,42,Y - GLOBAL,NEWTONS,AS MEASURED,PRIMARY,true,true,17,G'S,AS MEASURED,PRIMARY,true,true,18,G'S,AS MEASURED,PRIMARY,true,true,19,G'S,AS MEASURED,PRIMARY,true
15183,2024-08-30,OPTIONAL NEW CAR ASSESSMENT TEST,VEHICLE INTO POLE,OPTIONAL NCAP SIDE POLE - 2024 ACURA ZDX A-SPEC 5-DOOR SUV,side,side,classified,,side_pole_load_cell_8,side_pole_load_cell_barrier,covered_with_mask,POLE,POLE,pole_barrier_unconditional,1,8,8,0,"[1, 8]",8,8,8,,,true,true,[],[],"{""missing_expected_channel_count"": 0, ""duplicate_channel_count"": 0, ""force_channel_count"": 8, ""moment_channel_count"": 0}",3,0,,true,true,false,27,false,true,35,Y - GLOBAL,NEWTONS,AS MEASURED,PRIMARY,true,true,36,Y - GLOBAL,NEWTONS,AS MEASURED,PRIMARY,true,true,37,Y - GLOBAL,NEWTONS,AS MEASURED,PRIMARY,true,true,38,Y - GLOBAL,NEWTONS,AS MEASURED,PRIMARY,true,true,39,Y - GLOBAL,NEWTONS,AS MEASURED,PRIMARY,true,true,40,Y - GLOBAL,NEWTONS,AS MEASURED,PRIMARY,true,true,41,Y - GLOBAL,NEWTONS,AS MEASURED,PRIMARY,true,true,42,Y - GLOBAL,NEWTONS,AS MEASURED,PRIMARY,true,true,17,G'S,AS MEASURED,PRIMARY,true,true,18,G'S,AS MEASURED,PRIMARY,true,true,19,G'S,AS MEASURED,PRIMARY,true
15200,2024-09-06,NEW CAR ASSESSMENT TEST,VEHICLE INTO POLE,NCAP SIDE IMPACT POLE BARRIER -2024 FORD RANGER SUPERCREW 4-DOOR TRUCK,side,side,classified,,side_pole_load_cell_8,side_pole_load_cell_barrier,covered_with_mask,POLE,POLE,pole_barrier_unconditional,1,8,8,0,"[1, 8]",8,8,8,,,true,false,[],[],"{""missing_expected_channel_count"": 0, ""duplicate_channel_count"": 0, ""force_channel_count"": 8, ""moment_channel_count"": 0}",3,0,,true,true,false,27,false,true,35,X - GLOBAL,NEWTONS,AS MEASURED,PRIMARY,true,true,36,X - GLOBAL,NEWTONS,AS MEASURED,PRIMARY,true,true,37,X - GLOBAL,NEWTONS,AS MEASURED,PRIMARY,true,true,38,X - GLOBAL,NEWTONS,AS MEASURED,PRIMARY,true,true,39,X - GLOBAL,NEWTONS,AS MEASURED,PRIMARY,true,true,40,X - GLOBAL,NEWTONS,AS MEASURED,PRIMARY,true,true,41,X - GLOBAL,NEWTONS,CHANNEL FAILED,PRIMARY,false,true,42,X - GLOBAL,NEWTONS,CHANNEL FAILED,PRIMARY,false,true,17,G'S,AS MEASURED,PRIMARY,true,true,18,G'S,AS MEASURED,PRIMARY,true,true,19,G'S,AS MEASURED,PRIMARY,true
15238,2024-09-11,NEW CAR ASSESSMENT TEST,VEHICLE INTO POLE,NEW CAR ASSESSMENT PROGRAM SIDE POLE BARRIER IMPACT TEST,side,side,classified,,side_pole_load_cell_8,side_pole_load_cell_barrier,covered_with_mask,POLE,POLE,pole_barrier_unconditional,1,8,8,0,"[1, 8]",8,8,8,,,true,true,[],[],"{""missing_expected_channel_count"": 0, ""duplicate_channel_count"": 0, ""force_channel_count"": 8, ""moment_channel_count"": 0}",3,0,,true,true,false,27,false,true,35,Y - GLOBAL,NEWTONS,AS MEASURED,PRIMARY,true,true,36,Y - GLOBAL,NEWTONS,AS MEASURED,PRIMARY,true,true,37,Y - GLOBAL,NEWTONS,AS MEASURED,PRIMARY,true,true,38,Y - GLOBAL,NEWTONS,AS MEASURED,PRIMARY,true,true,39,Y - GLOBAL,NEWTONS,AS MEASURED,PRIMARY,true,true,40,Y - GLOBAL,NEWTONS,AS MEASURED,PRIMARY,true,true,41,Y - GLOBAL,NEWTONS,AS MEASURED,PRIMARY,true,true,42,Y - GLOBAL,NEWTONS,AS MEASURED,PRIMARY,true,true,17,G'S,AS MEASURED,PRIMARY,true,true,18,G'S,AS MEASURED,PRIMARY,true,true,19,G'S,AS MEASURED,PRIMARY,true
15252,2024-09-10,NEW CAR ASSESSMENT TEST,VEHICLE INTO POLE,NEW CAR ASSESSMENT PROGRAM SIDE POLE BARRIER IMPACT TEST,side,side,classified,,side_pole_load_cell_8,side_pole_load_cell_barrier,covered_with_mask,POLE,POLE,pole_barrier_unconditional,1,8,8,0,"[1, 8]",8,8,8,,,true,true,[],[],"{""missing_expected_channel_count"": 0, ""duplicate_channel_count"": 0, ""force_channel_count"": 8, ""moment_channel_count"": 0}",3,0,,true,false,true,27,false,true,35,Y - GLOBAL,NEWTONS,AS MEASURED,PRIMARY,true,true,36,Y - GLOBAL,NEWTONS,AS MEASURED,PRIMARY,true,true,37,Y - GLOBAL,NEWTONS,AS MEASURED,PRIMARY,true,true,38,Y - GLOBAL,NEWTONS,AS MEASURED,PRIMARY,true,true,39,Y - GLOBAL,NEWTONS,AS MEASURED,PRIMARY,true,true,40,Y - GLOBAL,NEWTONS,AS MEASURED,PRIMARY,true,true,41,Y - GLOBAL,NEWTONS,AS MEASURED,PRIMARY,true,true,42,Y - GLOBAL,NEWTONS,AS MEASURED,PRIMARY,true,true,17,G'S,AS MEASURED,PRIMARY,true,true,18,G'S,QUESTIONABLE DATA,PRIMARY,false,true,19,G'S,AS MEASURED,PRIMARY,true
15253,2024-08-01,OPTIONAL NEW CAR ASSESSMENT TEST,VEHICLE INTO POLE,NCAP SIDE IMPACT POLE BARRIER - 2024 SUBARU WRX 4-DOOR SEDAN,side,side,classified,,side_pole_load_cell_8,side_pole_load_cell_barrier,covered_with_mask,POLE,POLE,pole_barrier_unconditional,1,8,8,0,"[1, 8]",8,8,8,,,true,true,[],[],"{""missing_expected_channel_count"": 0, ""duplicate_channel_count"": 0, ""force_channel_count"": 8, ""moment_channel_count"": 0}",3,0,,true,true,false,27,false,true,35,X - GLOBAL,NEWTONS,AS MEASURED,PRIMARY,true,true,36,X - GLOBAL,NEWTONS,AS MEASURED,PRIMARY,true,true,37,X - GLOBAL,NEWTONS,AS MEASURED,PRIMARY,true,true,38,X - GLOBAL,NEWTONS,AS MEASURED,PRIMARY,true,true,39,X - GLOBAL,NEWTONS,AS MEASURED,PRIMARY,true,true,40,X - GLOBAL,NEWTONS,AS MEASURED,PRIMARY,true,true,41,X - GLOBAL,NEWTONS,AS MEASURED,PRIMARY,true,true,42,X - GLOBAL,NEWTONS,AS MEASURED,PRIMARY,true,true,17,G'S,AS MEASURED,PRIMARY,true,true,18,G'S,AS MEASURED,PRIMARY,true,true,19,G'S,AS MEASURED,PRIMARY,true
15256,2024-09-10,NEW CAR ASSESSMENT TEST,VEHICLE INTO POLE,NCAP SIDE POLE - 2024 TOYOTA TACOMA SR DOUBLE CAB PICKUP TRUCK,side,side,classified,,side_pole_load_cell_8,side_pole_load_cell_barrier,covered_with_mask,POLE,POLE,pole_barrier_unconditional,1,8,8,0,"[1, 8]",8,8,8,,,true,true,[],[],"{""missing_expected_channel_count"": 0, ""duplicate_channel_count"": 0, ""force_channel_count"": 8, ""moment_channel_count"": 0}",3,0,,true,true,false,27,false,true,35,Y - GLOBAL,NEWTONS,AS MEASURED,PRIMARY,true,true,36,Y - GLOBAL,NEWTONS,AS MEASURED,PRIMARY,true,true,37,Y - GLOBAL,NEWTONS,AS MEASURED,PRIMARY,true,true,38,Y - GLOBAL,NEWTONS,AS MEASURED,PRIMARY,true,true,39,Y - GLOBAL,NEWTONS,AS MEASURED,PRIMARY,true,true,40,Y - GLOBAL,NEWTONS,AS MEASURED,PRIMARY,true,true,41,Y - GLOBAL,NEWTONS,AS MEASURED,PRIMARY,true,true,42,Y - GLOBAL,NEWTONS,AS MEASURED,PRIMARY,true,true,17,G'S,AS MEASURED,PRIMARY,true,true,18,G'S,AS MEASURED,PRIMARY,true,true,19,G'S,AS MEASURED,PRIMARY,true
15260,2024-08-27,OPTIONAL NEW CAR ASSESSMENT TEST,VEHICLE INTO POLE,OPTIONAL NEW CAR ASSESSMENT PROGRAM SIDE POLE BARRIER IMPACT TEST,side,side,classified,,side_pole_load_cell_8,side_pole_load_cell_barrier,covered_with_mask,POLE,POLE,pole_barrier_unconditional,1,8,8,0,"[1, 8]",8,8,8,,,true,false,[],[],"{""missing_expected_channel_count"": 0, ""duplicate_channel_count"": 0, ""force_channel_count"": 8, ""moment_channel_count"": 0}",3,0,,true,true,false,27,false,true,35,Y - GLOBAL,NEWTONS,NO DATA,PRIMARY,false,true,36,Y - GLOBAL,NEWTONS,NO DATA,PRIMARY,false,true,37,Y - GLOBAL,NEWTONS,AS MEASURED,PRIMARY,true,true,38,Y - GLOBAL,NEWTONS,AS MEASURED,PRIMARY,true,true,39,Y - GLOBAL,NEWTONS,AS MEASURED,PRIMARY,true,true,40,Y - GLOBAL,NEWTONS,AS MEASURED,PRIMARY,true,true,41,Y - GLOBAL,NEWTONS,AS MEASURED,PRIMARY,true,true,42,Y - GLOBAL,NEWTONS,AS MEASURED,PRIMARY,true,true,17,G'S,AS MEASURED,PRIMARY,true,true,18,G'S,AS MEASURED,PRIMARY,true,true,19,G'S,AS MEASURED,PRIMARY,true
15265,2024-11-07,OPTIONAL NEW CAR ASSESSMENT TEST,VEHICLE INTO POLE,OPTIONAL NCAP SIDE POLE - 2025 TOYOTA CAMRY HEV SE 4-DOOR SEDAN,side,side,classified,,side_pole_load_cell_8,side_pole_load_cell_barrier,covered_with_mask,POLE,POLE,pole_barrier_unconditional,1,8,8,0,"[1, 8]",8,8,8,,,true,true,[],[],"{""missing_expected_channel_count"": 0, ""duplicate_channel_count"": 0, ""force_channel_count"": 8, ""moment_channel_count"": 0}",3,0,,true,true,false,27,false,true,35,Y - GLOBAL,NEWTONS,AS MEASURED,PRIMARY,true,true,36,Y - GLOBAL,NEWTONS,AS MEASURED,PRIMARY,true,true,37,Y - GLOBAL,NEWTONS,AS MEASURED,PRIMARY,true,true,38,Y - GLOBAL,NEWTONS,AS MEASURED,PRIMARY,true,true,39,Y - GLOBAL,NEWTONS,AS MEASURED,PRIMARY,true,true,40,Y - GLOBAL,NEWTONS,AS MEASURED,PRIMARY,true,true,41,Y - GLOBAL,NEWTONS,AS MEASURED,PRIMARY,true,true,42,Y - GLOBAL,NEWTONS,AS MEASURED,PRIMARY,true,true,17,G'S,AS MEASURED,PRIMARY,true,true,18,G'S,AS MEASURED,PRIMARY,true,true,19,G'S,AS MEASURED,PRIMARY,true
15269,2024-06-26,NEW CAR ASSESSMENT TEST,VEHICLE INTO POLE,75 DEGREE OBLIQUE RIGID POLE SIDE NCAP IMPACT,side,side,classified,,side_pole_load_cell_8,side_pole_load_cell_barrier,covered_with_mask,POLE,POLE,pole_barrier_unconditional,1,8,8,0,"[1, 8]",8,8,8,,,true,true,[],[],"{""missing_expected_channel_count"": 0, ""duplicate_channel_count"": 0, ""force_channel_count"": 8, ""moment_channel_count"": 0}",3,0,,true,false,true,27,false,true,35,X - GLOBAL,NEWTONS,AS MEASURED,PRIMARY,true,true,36,X - GLOBAL,NEWTONS,AS MEASURED,PRIMARY,true,true,37,X - GLOBAL,NEWTONS,AS MEASURED,PRIMARY,true,true,38,X - GLOBAL,NEWTONS,AS MEASURED,PRIMARY,true,true,39,X - GLOBAL,NEWTONS,AS MEASURED,PRIMARY,true,true,40,X - GLOBAL,NEWTONS,AS MEASURED,PRIMARY,true,true,41,X - GLOBAL,NEWTONS,AS MEASURED,PRIMARY,true,true,42,X - GLOBAL,NEWTONS,AS MEASURED,PRIMARY,true,true,17,G'S,QUESTIONABLE DATA,PRIMARY,false,true,18,G'S,QUESTIONABLE DATA,PRIMARY,false,true,19,G'S,QUESTIONABLE DATA,PRIMARY,false
15300,2024-11-15,NEW CAR ASSESSMENT TEST,VEHICLE INTO POLE,NEW CAR ASSESSMENT PROGRAM SIDE POLE BARRIER IMPACT TEST,side,side,classified,,side_pole_load_cell_8,side_pole_load_cell_barrier,covered_with_mask,POLE,POLE,pole_barrier_unconditional,1,8,8,0,"[1, 8]",8,8,8,,,true,true,[],[],"{""missing_expected_channel_count"": 0, ""duplicate_channel_count"": 0, ""force_channel_count"": 8, ""moment_channel_count"": 0}",3,0,,true,true,false,27,false,true,35,Y - GLOBAL,NEWTONS,AS MEASURED,PRIMARY,true,true,36,Y - GLOBAL,NEWTONS,AS MEASURED,PRIMARY,true,true,37,Y - GLOBAL,NEWTONS,AS MEASURED,PRIMARY,true,true,38,Y - GLOBAL,NEWTONS,AS MEASURED,PRIMARY,true,true,39,Y - GLOBAL,NEWTONS,AS MEASURED,PRIMARY,true,true,40,Y - GLOBAL,NEWTONS,AS MEASURED,PRIMARY,true,true,41,Y - GLOBAL,NEWTONS,AS MEASURED,PRIMARY,true,true,42,Y - GLOBAL,NEWTONS,AS MEASURED,PRIMARY,true,true,17,G'S,AS MEASURED,PRIMARY,true,true,18,G'S,AS MEASURED,PRIMARY,true,true,19,G'S,AS MEASURED,PRIMARY,true
15304,2024-11-22,NEW CAR ASSESSMENT TEST,VEHICLE INTO POLE,NEW CAR ASSESSMENT PROGRAM SIDE POLE BARRIER IMPACT TEST,side,side,classified,,side_pole_load_cell_8,side_pole_load_cell_barrier,covered_with_mask,POLE,POLE,pole_barrier_unconditional,1,8,8,0,"[1, 8]",8,8,8,,,true,true,[],[],"{""missing_expected_channel_count"": 0, ""duplicate_channel_count"": 0, ""force_channel_count"": 8, ""moment_channel_count"": 0}",3,0,,true,false,true,27,false,true,35,Y - GLOBAL,NEWTONS,AS MEASURED,PRIMARY,true,true,36,Y - GLOBAL,NEWTONS,AS MEASURED,PRIMARY,true,true,37,Y - GLOBAL,NEWTONS,AS MEASURED,PRIMARY,true,true,38,Y - GLOBAL,NEWTONS,AS MEASURED,PRIMARY,true,true,39,Y - GLOBAL,NEWTONS,AS MEASURED,PRIMARY,true,true,40,Y - GLOBAL,NEWTONS,AS MEASURED,PRIMARY,true,true,41,Y - GLOBAL,NEWTONS,AS MEASURED,PRIMARY,true,true,42,Y - GLOBAL,NEWTONS,AS MEASURED,PRIMARY,true,true,17,G'S,AS MEASURED,PRIMARY,true,true,18,G'S,AS MEASURED,PRIMARY,true,true,19,G'S,QUESTIONABLE DATA,PRIMARY,false
15307,2024-11-21,OPTIONAL NEW CAR ASSESSMENT TEST,VEHICLE INTO POLE,NCAP SIDE IMPACT POLE BARRIER - 2025 SUBARU FORESTER 5-DOOR MPV,side,side,classified,,side_pole_load_cell_8,side_pole_load_cell_barrier,covered_with_mask,POLE,POLE,pole_barrier_unconditional,1,8,8,0,"[1, 8]",8,8,8,,,true,true,[],[],"{""missing_expected_channel_count"": 0, ""duplicate_channel_count"": 0, ""force_channel_count"": 8, ""moment_channel_count"": 0}",3,0,,true,true,false,27,false,true,35,X - GLOBAL,NEWTONS,AS MEASURED,PRIMARY,true,true,36,X - GLOBAL,NEWTONS,AS MEASURED,PRIMARY,true,true,37,X - GLOBAL,NEWTONS,AS MEASURED,PRIMARY,true,true,38,X - GLOBAL,NEWTONS,AS MEASURED,PRIMARY,true,true,39,X - GLOBAL,NEWTONS,AS MEASURED,PRIMARY,true,true,40,X - GLOBAL,NEWTONS,AS MEASURED,PRIMARY,true,true,41,X - GLOBAL,NEWTONS,AS MEASURED,PRIMARY,true,true,42,X - GLOBAL,NEWTONS,AS MEASURED,PRIMARY,true,true,17,G'S,AS MEASURED,PRIMARY,true,true,18,G'S,AS MEASURED,PRIMARY,true,true,19,G'S,AS MEASURED,PRIMARY,true
15309,2024-12-04,NEW CAR ASSESSMENT TEST,VEHICLE INTO POLE,NCAP SIDE POLE - 2025 NISSAN KICKS S 5-DOOR SUV,side,side,classified,,side_pole_load_cell_8,side_pole_load_cell_barrier,covered_with_mask,POLE,POLE,pole_barrier_unconditional,1,8,8,0,"[1, 8]",8,8,8,,,true,true,[],[],"{""missing_expected_channel_count"": 0, ""duplicate_channel_count"": 0, ""force_channel_count"": 8, ""moment_channel_count"": 0}",3,0,,true,true,false,27,false,true,35,Y - GLOBAL,NEWTONS,AS MEASURED,PRIMARY,true,true,36,Y - GLOBAL,NEWTONS,AS MEASURED,PRIMARY,true,true,37,Y - GLOBAL,NEWTONS,AS MEASURED,PRIMARY,true,true,38,Y - GLOBAL,NEWTONS,AS MEASURED,PRIMARY,true,true,39,Y - GLOBAL,NEWTONS,AS MEASURED,PRIMARY,true,true,40,Y - GLOBAL,NEWTONS,AS MEASURED,PRIMARY,true,true,41,Y - GLOBAL,NEWTONS,AS MEASURED,PRIMARY,true,true,42,Y - GLOBAL,NEWTONS,AS MEASURED,PRIMARY,true,true,17,G'S,AS MEASURED,PRIMARY,true,true,18,G'S,AS MEASURED,PRIMARY,true,true,19,G'S,AS MEASURED,PRIMARY,true
15313,2024-12-17,OPTIONAL NEW CAR ASSESSMENT TEST,VEHICLE INTO POLE,NCAP SIDE IMPACT POLE BARRIER - 2024 TESLA CYBERTRUCK 4-DOOR TRUCK,side,side,classified,,side_pole_load_cell_8,side_pole_load_cell_barrier,covered_with_mask,POLE,POLE,pole_barrier_unconditional,1,8,8,0,"[1, 8]",8,8,8,,,true,false,[],[],"{""missing_expected_channel_count"": 0, ""duplicate_channel_count"": 0, ""force_channel_count"": 8, ""moment_channel_count"": 0}",3,0,,true,false,true,27,false,true,35,X - GLOBAL,NEWTONS,AS MEASURED,PRIMARY,true,true,36,X - GLOBAL,NEWTONS,CHANNEL FAILED,PRIMARY,false,true,37,X - GLOBAL,NEWTONS,AS MEASURED,PRIMARY,true,true,38,X - GLOBAL,NEWTONS,AS MEASURED,PRIMARY,true,true,39,X - GLOBAL,NEWTONS,AS MEASURED,PRIMARY,true,true,40,X - GLOBAL,NEWTONS,AS MEASURED,PRIMARY,true,true,41,X - GLOBAL,NEWTONS,AS MEASURED,PRIMARY,true,true,42,X - GLOBAL,NEWTONS,AS MEASURED,PRIMARY,true,true,17,G'S,AS MEASURED,PRIMARY,true,true,18,G'S,QUESTIONABLE DATA,PRIMARY,false,true,19,G'S,AS MEASURED,PRIMARY,true
15321,2025-01-09,NEW CAR ASSESSMENT TEST,VEHICLE INTO POLE,NEW CAR ASSESSMENT PROGRAM SIDE POLE BARRIER IMPACT TEST,side,side,classified,,side_pole_load_cell_8,side_pole_load_cell_barrier,covered_with_mask,POLE,POLE,pole_barrier_unconditional,1,8,8,0,"[1, 8]",8,8,8,,,true,true,[],[],"{""missing_expected_channel_count"": 0, ""duplicate_channel_count"": 0, ""force_channel_count"": 8, ""moment_channel_count"": 0}",3,0,,true,true,false,27,false,true,35,Y - GLOBAL,NEWTONS,AS MEASURED,PRIMARY,true,true,36,Y - GLOBAL,NEWTONS,AS MEASURED,PRIMARY,true,true,37,Y - GLOBAL,NEWTONS,AS MEASURED,PRIMARY,true,true,38,Y - GLOBAL,NEWTONS,AS MEASURED,PRIMARY,true,true,39,Y - GLOBAL,NEWTONS,AS MEASURED,PRIMARY,true,true,40,Y - GLOBAL,NEWTONS,AS MEASURED,PRIMARY,true,true,41,Y - GLOBAL,NEWTONS,AS MEASURED,PRIMARY,true,true,42,Y - GLOBAL,NEWTONS,AS MEASURED,PRIMARY,true,true,17,G'S,AS MEASURED,PRIMARY,true,true,18,G'S,AS MEASURED,PRIMARY,true,true,19,G'S,AS MEASURED,PRIMARY,true
15323,2025-01-09,NEW CAR ASSESSMENT TEST,VEHICLE INTO POLE,NCAP SIDE POLE - 2025 TOYOTA COROLLA LE 4-DOOR SEDAN,side,side,classified,,side_pole_load_cell_8,side_pole_load_cell_barrier,covered_with_mask,POLE,POLE,pole_barrier_unconditional,1,8,8,0,"[1, 8]",8,8,8,,,true,true,[],[],"{""missing_expected_channel_count"": 0, ""duplicate_channel_count"": 0, ""force_channel_count"": 8, ""moment_channel_count"": 0}",3,0,,true,true,false,27,false,true,35,Y - GLOBAL,NEWTONS,AS MEASURED,PRIMARY,true,true,36,Y - GLOBAL,NEWTONS,AS MEASURED,PRIMARY,true,true,37,Y - GLOBAL,NEWTONS,AS MEASURED,PRIMARY,true,true,38,Y - GLOBAL,NEWTONS,AS MEASURED,PRIMARY,true,true,39,Y - GLOBAL,NEWTONS,AS MEASURED,PRIMARY,true,true,40,Y - GLOBAL,NEWTONS,AS MEASURED,PRIMARY,true,true,41,Y - GLOBAL,NEWTONS,AS MEASURED,PRIMARY,true,true,42,Y - GLOBAL,NEWTONS,AS MEASURED,PRIMARY,true,true,17,G'S,AS MEASURED,PRIMARY,true,true,18,G'S,AS MEASURED,PRIMARY,true,true,19,G'S,AS MEASURED,PRIMARY,true
15325,2025-01-13,NEW CAR ASSESSMENT TEST,VEHICLE INTO POLE,NCAP SIDE IMPACT POLE BARRIER - 2025 BMW X3 XDRIVE30I 5-DOOR MPV,side,side,classified,,side_pole_load_cell_8,side_pole_load_cell_barrier,covered_with_mask,POLE,POLE,pole_barrier_unconditional,1,8,8,0,"[1, 8]",8,8,8,,,true,true,[],[],"{""missing_expected_channel_count"": 0, ""duplicate_channel_count"": 0, ""force_channel_count"": 8, ""moment_channel_count"": 0}",3,0,,true,true,false,27,false,true,35,X - GLOBAL,NEWTONS,AS MEASURED,PRIMARY,true,true,36,X - GLOBAL,NEWTONS,AS MEASURED,PRIMARY,true,true,37,X - GLOBAL,NEWTONS,AS MEASURED,PRIMARY,true,true,38,X - GLOBAL,NEWTONS,AS MEASURED,PRIMARY,true,true,39,X - GLOBAL,NEWTONS,AS MEASURED,PRIMARY,true,true,40,X - GLOBAL,NEWTONS,AS MEASURED,PRIMARY,true,true,41,X - GLOBAL,NEWTONS,AS MEASURED,PRIMARY,true,true,42,X - GLOBAL,NEWTONS,AS MEASURED,PRIMARY,true,true,17,G'S,AS MEASURED,PRIMARY,true,true,18,G'S,AS MEASURED,PRIMARY,true,true,19,G'S,AS MEASURED,PRIMARY,true
15334,2025-01-29,NEW CAR ASSESSMENT TEST,VEHICLE INTO POLE,75 DEGREE OBLIQUE RIGID POLE SIDE NCAP IMPACT,side,side,classified,,side_pole_load_cell_8,side_pole_load_cell_barrier,covered_with_mask,POLE,POLE,pole_barrier_unconditional,1,8,8,0,"[1, 8]",8,8,8,,,true,true,[],[],"{""missing_expected_channel_count"": 0, ""duplicate_channel_count"": 0, ""force_channel_count"": 8, ""moment_channel_count"": 0}",3,0,,true,false,true,27,false,true,35,X - GLOBAL,NEWTONS,AS MEASURED,PRIMARY,true,true,36,X - GLOBAL,NEWTONS,AS MEASURED,PRIMARY,true,true,37,X - GLOBAL,NEWTONS,AS MEASURED,PRIMARY,true,true,38,X - GLOBAL,NEWTONS,AS MEASURED,PRIMARY,true,true,39,X - GLOBAL,NEWTONS,AS MEASURED,PRIMARY,true,true,40,X - GLOBAL,NEWTONS,AS MEASURED,PRIMARY,true,true,41,X - GLOBAL,NEWTONS,AS MEASURED,PRIMARY,true,true,42,X - GLOBAL,NEWTONS,AS MEASURED,PRIMARY,true,true,17,G'S,CHANNEL FAILED,PRIMARY,false,true,18,G'S,CHANNEL FAILED,PRIMARY,false,true,19,G'S,CHANNEL FAILED,PRIMARY,false
15341,2025-02-19,NEW CAR ASSESSMENT TEST,VEHICLE INTO POLE,NCAP SIDE POLE - 2024 TOYOTA GRAND HIGHLANDER 4WD LIMITED 5-DOOR SUV,side,side,classified,,side_pole_load_cell_8,side_pole_load_cell_barrier,covered_with_mask,POLE,POLE,pole_barrier_unconditional,1,8,8,0,"[1, 8]",8,8,8,,,true,true,[],[],"{""missing_expected_channel_count"": 0, ""duplicate_channel_count"": 0, ""force_channel_count"": 8, ""moment_channel_count"": 0}",3,0,,true,true,false,27,false,true,35,Y - GLOBAL,NEWTONS,AS MEASURED,PRIMARY,true,true,36,Y - GLOBAL,NEWTONS,AS MEASURED,PRIMARY,true,true,37,Y - GLOBAL,NEWTONS,AS MEASURED,PRIMARY,true,true,38,Y - GLOBAL,NEWTONS,AS MEASURED,PRIMARY,true,true,39,Y - GLOBAL,NEWTONS,AS MEASURED,PRIMARY,true,true,40,Y - GLOBAL,NEWTONS,AS MEASURED,PRIMARY,true,true,41,Y - GLOBAL,NEWTONS,AS MEASURED,PRIMARY,true,true,42,Y - GLOBAL,NEWTONS,AS MEASURED,PRIMARY,true,true,17,G'S,AS MEASURED,PRIMARY,true,true,18,G'S,AS MEASURED,PRIMARY,true,true,19,G'S,AS MEASURED,PRIMARY,true
15350,2025-03-18,NEW CAR ASSESSMENT TEST,VEHICLE INTO POLE,NEW CAR ASSESSMENT PROGRAM SIDE POLE BARRIER IMPACT TEST,side,side,classified,,side_pole_load_cell_8,side_pole_load_cell_barrier,covered_with_mask,POLE,POLE,pole_barrier_unconditional,1,8,8,0,"[1, 8]",8,8,8,,,true,false,[],[],"{""missing_expected_channel_count"": 0, ""duplicate_channel_count"": 0, ""force_channel_count"": 8, ""moment_channel_count"": 0}",3,0,,true,true,false,27,false,true,35,Y - GLOBAL,NEWTONS,NO DATA,PRIMARY,false,true,36,Y - GLOBAL,NEWTONS,NO DATA,PRIMARY,false,true,37,Y - GLOBAL,NEWTONS,AS MEASURED,PRIMARY,true,true,38,Y - GLOBAL,NEWTONS,AS MEASURED,PRIMARY,true,true,39,Y - GLOBAL,NEWTONS,AS MEASURED,PRIMARY,true,true,40,Y - GLOBAL,NEWTONS,AS MEASURED,PRIMARY,true,true,41,Y - GLOBAL,NEWTONS,AS MEASURED,PRIMARY,true,true,42,Y - GLOBAL,NEWTONS,AS MEASURED,PRIMARY,true,true,17,G'S,AS MEASURED,PRIMARY,true,true,18,G'S,AS MEASURED,PRIMARY,true,true,19,G'S,AS MEASURED,PRIMARY,true
15404,2025-04-02,NEW CAR ASSESSMENT TEST,VEHICLE INTO POLE,NEW CAR ASSESSMENT PROGRAM SIDE POLE BARRIER IMPACT TEST,side,side,classified,,side_pole_load_cell_8,side_pole_load_cell_barrier,covered_with_mask,POLE,POLE,pole_barrier_unconditional,1,8,8,0,"[1, 8]",8,8,8,,,true,true,[],[],"{""missing_expected_channel_count"": 0, ""duplicate_channel_count"": 0, ""force_channel_count"": 8, ""moment_channel_count"": 0}",3,0,,true,false,true,27,false,true,35,Y - GLOBAL,NEWTONS,AS MEASURED,PRIMARY,true,true,36,Y - GLOBAL,NEWTONS,AS MEASURED,PRIMARY,true,true,37,Y - GLOBAL,NEWTONS,AS MEASURED,PRIMARY,true,true,38,Y - GLOBAL,NEWTONS,AS MEASURED,PRIMARY,true,true,39,Y - GLOBAL,NEWTONS,AS MEASURED,PRIMARY,true,true,40,Y - GLOBAL,NEWTONS,AS MEASURED,PRIMARY,true,true,41,Y - GLOBAL,NEWTONS,AS MEASURED,PRIMARY,true,true,42,Y - GLOBAL,NEWTONS,AS MEASURED,PRIMARY,true,true,17,G'S,AS MEASURED,PRIMARY,true,true,18,G'S,AS MEASURED,PRIMARY,true,true,19,G'S,QUESTIONABLE DATA,PRIMARY,false
15407,2025-04-09,NEW CAR ASSESSMENT TEST,VEHICLE INTO POLE,75 DEGREE OBLIQUE RIGID POLE SIDE NCAP IMPACT,side,side,classified,,side_pole_load_cell_8,side_pole_load_cell_barrier,covered_with_mask,POLE,POLE,pole_barrier_unconditional,1,8,8,0,"[1, 8]",8,8,8,,,true,true,[],[],"{""missing_expected_channel_count"": 0, ""duplicate_channel_count"": 0, ""force_channel_count"": 8, ""moment_channel_count"": 0}",3,0,,true,false,true,27,false,true,35,X - GLOBAL,NEWTONS,AS MEASURED,PRIMARY,true,true,36,X - GLOBAL,NEWTONS,AS MEASURED,PRIMARY,true,true,37,X - GLOBAL,NEWTONS,AS MEASURED,PRIMARY,true,true,38,X - GLOBAL,NEWTONS,AS MEASURED,PRIMARY,true,true,39,X - GLOBAL,NEWTONS,AS MEASURED,PRIMARY,true,true,40,X - GLOBAL,NEWTONS,AS MEASURED,PRIMARY,true,true,41,X - GLOBAL,NEWTONS,AS MEASURED,PRIMARY,true,true,42,X - GLOBAL,NEWTONS,AS MEASURED,PRIMARY,true,true,17,G'S,CHANNEL FAILED,PRIMARY,false,true,18,G'S,CHANNEL FAILED,PRIMARY,false,true,19,G'S,CHANNEL FAILED,PRIMARY,false
15418,2025-04-23,NEW CAR ASSESSMENT TEST,VEHICLE INTO POLE,NCAP SIDE POLE - 2025 TOYOTA COROLLA CROSS L 5-DOOR SUV,side,side,classified,,side_pole_load_cell_8,side_pole_load_cell_barrier,covered_with_mask,POLE,POLE,pole_barrier_unconditional,1,8,8,0,"[1, 8]",8,8,8,,,true,true,[],[],"{""missing_expected_channel_count"": 0, ""duplicate_channel_count"": 0, ""force_channel_count"": 8, ""moment_channel_count"": 0}",3,0,,true,true,false,27,false,true,35,Y - GLOBAL,NEWTONS,AS MEASURED,PRIMARY,true,true,36,Y - GLOBAL,NEWTONS,AS MEASURED,PRIMARY,true,true,37,Y - GLOBAL,NEWTONS,AS MEASURED,PRIMARY,true,true,38,Y - GLOBAL,NEWTONS,AS MEASURED,PRIMARY,true,true,39,Y - GLOBAL,NEWTONS,AS MEASURED,PRIMARY,true,true,40,Y - GLOBAL,NEWTONS,AS MEASURED,PRIMARY,true,true,41,Y - GLOBAL,NEWTONS,AS MEASURED,PRIMARY,true,true,42,Y - GLOBAL,NEWTONS,AS MEASURED,PRIMARY,true,true,17,G'S,AS MEASURED,PRIMARY,true,true,18,G'S,AS MEASURED,PRIMARY,true,true,19,G'S,AS MEASURED,PRIMARY,true
15422,2025-04-17,NEW CAR ASSESSMENT TEST,VEHICLE INTO POLE,NCAP SIDE IMPACT POLE BARRIER - 2025 AUDI Q6 E-TRON 5-DOOR SUV,side,side,classified,,side_pole_load_cell_8,side_pole_load_cell_barrier,covered_with_mask,POLE,POLE,pole_barrier_unconditional,1,8,8,0,"[1, 8]",8,8,8,,,true,false,[],[],"{""missing_expected_channel_count"": 0, ""duplicate_channel_count"": 0, ""force_channel_count"": 8, ""moment_channel_count"": 0}",3,0,,true,true,false,27,false,true,35,X - GLOBAL,NEWTONS,AS MEASURED,PRIMARY,true,true,36,X - GLOBAL,NEWTONS,CHANNEL FAILED,PRIMARY,false,true,37,X - GLOBAL,NEWTONS,AS MEASURED,PRIMARY,true,true,38,X - GLOBAL,NEWTONS,AS MEASURED,PRIMARY,true,true,39,X - GLOBAL,NEWTONS,AS MEASURED,PRIMARY,true,true,40,X - GLOBAL,NEWTONS,AS MEASURED,PRIMARY,true,true,41,X - GLOBAL,NEWTONS,CHANNEL FAILED,PRIMARY,false,true,42,X - GLOBAL,NEWTONS,CHANNEL FAILED,PRIMARY,false,true,17,G'S,AS MEASURED,PRIMARY,true,true,18,G'S,AS MEASURED,PRIMARY,true,true,19,G'S,AS MEASURED,PRIMARY,true
15426,2025-04-30,NEW CAR ASSESSMENT TEST,VEHICLE INTO POLE,75 DEGREE OBLIQUE RIGID POLE SIDE NCAP IMPACT,side,side,classified,,side_pole_load_cell_8,side_pole_load_cell_barrier,covered_with_mask,POLE,POLE,pole_barrier_unconditional,1,8,8,0,"[1, 8]",8,8,8,,,true,true,[],[],"{""missing_expected_channel_count"": 0, ""duplicate_channel_count"": 0, ""force_channel_count"": 8, ""moment_channel_count"": 0}",3,0,,true,true,false,27,false,true,35,X - GLOBAL,NEWTONS,AS MEASURED,PRIMARY,true,true,36,X - GLOBAL,NEWTONS,AS MEASURED,PRIMARY,true,true,37,X - GLOBAL,NEWTONS,AS MEASURED,PRIMARY,true,true,38,X - GLOBAL,NEWTONS,AS MEASURED,PRIMARY,true,true,39,X - GLOBAL,NEWTONS,AS MEASURED,PRIMARY,true,true,40,X - GLOBAL,NEWTONS,AS MEASURED,PRIMARY,true,true,41,X - GLOBAL,NEWTONS,AS MEASURED,PRIMARY,true,true,42,X - GLOBAL,NEWTONS,AS MEASURED,PRIMARY,true,true,17,G'S,AS MEASURED,PRIMARY,true,true,18,G'S,AS MEASURED,PRIMARY,true,true,19,G'S,AS MEASURED,PRIMARY,true
15458,2025-06-05,NEW CAR ASSESSMENT TEST,VEHICLE INTO POLE,NCAP SIDE IMPACT POLE BARRIER - 2025 MITSUBISHI OUTLANDER 5-DOOR MPV,side,side,classified,,side_pole_load_cell_8,side_pole_load_cell_barrier,covered_with_mask,POLE,POLE,pole_barrier_unconditional,1,8,8,0,"[1, 8]",8,8,8,,,true,false,[],[],"{""missing_expected_channel_count"": 0, ""duplicate_channel_count"": 0, ""force_channel_count"": 8, ""moment_channel_count"": 0}",3,0,,true,true,false,27,false,true,35,X - GLOBAL,NEWTONS,AS MEASURED,PRIMARY,true,true,36,X - GLOBAL,NEWTONS,AS MEASURED,PRIMARY,true,true,37,X - GLOBAL,NEWTONS,AS MEASURED,PRIMARY,true,true,38,X - GLOBAL,NEWTONS,AS MEASURED,PRIMARY,true,true,39,X - GLOBAL,NEWTONS,AS MEASURED,PRIMARY,true,true,40,X - GLOBAL,NEWTONS,AS MEASURED,PRIMARY,true,true,41,X - GLOBAL,NEWTONS,CHANNEL FAILED,PRIMARY,false,true,42,X - GLOBAL,NEWTONS,CHANNEL FAILED,PRIMARY,false,true,17,G'S,AS MEASURED,PRIMARY,true,true,18,G'S,AS MEASURED,PRIMARY,true,true,19,G'S,AS MEASURED,PRIMARY,true
15466,2025-07-16,OPTIONAL NEW CAR ASSESSMENT TEST,VEHICLE INTO POLE,OPTIONAL NCAP SIDE POLE - 2025 ACURA ADX 5-DOOR SUV,side,side,classified,,side_pole_load_cell_8,side_pole_load_cell_barrier,covered_with_mask,POLE,POLE,pole_barrier_unconditional,1,8,8,0,"[1, 8]",8,8,8,,,true,true,[],[],"{""missing_expected_channel_count"": 0, ""duplicate_channel_count"": 0, ""force_channel_count"": 8, ""moment_channel_count"": 0}",3,0,,true,true,false,27,false,true,35,Y - GLOBAL,NEWTONS,AS MEASURED,PRIMARY,true,true,36,Y - GLOBAL,NEWTONS,AS MEASURED,PRIMARY,true,true,37,Y - GLOBAL,NEWTONS,AS MEASURED,PRIMARY,true,true,38,Y - GLOBAL,NEWTONS,AS MEASURED,PRIMARY,true,true,39,Y - GLOBAL,NEWTONS,AS MEASURED,PRIMARY,true,true,40,Y - GLOBAL,NEWTONS,AS MEASURED,PRIMARY,true,true,41,Y - GLOBAL,NEWTONS,AS MEASURED,PRIMARY,true,true,42,Y - GLOBAL,NEWTONS,AS MEASURED,PRIMARY,true,true,17,G'S,AS MEASURED,PRIMARY,true,true,18,G'S,AS MEASURED,PRIMARY,true,true,19,G'S,AS MEASURED,PRIMARY,true
15467,2025-07-16,NEW CAR ASSESSMENT TEST,VEHICLE INTO POLE,NEW CAR ASSESSMENT PROGRAM SIDE POLE BARRIER IMPACT TEST,side,side,classified,,side_pole_load_cell_8,side_pole_load_cell_barrier,covered_with_mask,POLE,POLE,pole_barrier_unconditional,1,8,8,0,"[1, 8]",8,8,8,,,true,true,[],[],"{""missing_expected_channel_count"": 0, ""duplicate_channel_count"": 0, ""force_channel_count"": 8, ""moment_channel_count"": 0}",3,0,,true,true,false,27,false,true,35,Y - GLOBAL,NEWTONS,AS MEASURED,PRIMARY,true,true,36,Y - GLOBAL,NEWTONS,AS MEASURED,PRIMARY,true,true,37,Y - GLOBAL,NEWTONS,AS MEASURED,PRIMARY,true,true,38,Y - GLOBAL,NEWTONS,AS MEASURED,PRIMARY,true,true,39,Y - GLOBAL,NEWTONS,AS MEASURED,PRIMARY,true,true,40,Y - GLOBAL,NEWTONS,AS MEASURED,PRIMARY,true,true,41,Y - GLOBAL,NEWTONS,AS MEASURED,PRIMARY,true,true,42,Y - GLOBAL,NEWTONS,AS MEASURED,PRIMARY,true,true,17,G'S,AS MEASURED,PRIMARY,true,true,18,G'S,AS MEASURED,PRIMARY,true,true,19,G'S,AS MEASURED,PRIMARY,true
15472,2025-07-25,NEW CAR ASSESSMENT TEST,VEHICLE INTO POLE,NEW CAR ASSESSMENT PROGRAM SIDE POLE BARRIER IMPACT TEST,side,side,classified,,side_pole_load_cell_8,side_pole_load_cell_barrier,covered_with_mask,POLE,POLE,pole_barrier_unconditional,1,8,8,0,"[1, 8]",8,8,8,,,true,true,[],[],"{""missing_expected_channel_count"": 0, ""duplicate_channel_count"": 0, ""force_channel_count"": 8, ""moment_channel_count"": 0}",3,0,,true,true,false,27,false,true,35,Y - GLOBAL,NEWTONS,AS MEASURED,PRIMARY,true,true,36,Y - GLOBAL,NEWTONS,AS MEASURED,PRIMARY,true,true,37,Y - GLOBAL,NEWTONS,AS MEASURED,PRIMARY,true,true,38,Y - GLOBAL,NEWTONS,AS MEASURED,PRIMARY,true,true,39,Y - GLOBAL,NEWTONS,AS MEASURED,PRIMARY,true,true,40,Y - GLOBAL,NEWTONS,AS MEASURED,PRIMARY,true,true,41,Y - GLOBAL,NEWTONS,AS MEASURED,PRIMARY,true,true,42,Y - GLOBAL,NEWTONS,AS MEASURED,PRIMARY,true,true,17,G'S,AS MEASURED,PRIMARY,true,true,18,G'S,AS MEASURED,PRIMARY,true,true,19,G'S,AS MEASURED,PRIMARY,true
15474,2025-08-05,NEW CAR ASSESSMENT TEST,VEHICLE INTO POLE,NCAP SIDE POLE - 2025 TOYOTA 4RUNNER 2WD SR5 5-DOOR SUV,side,side,classified,,side_pole_load_cell_8,side_pole_load_cell_barrier,covered_with_mask,POLE,POLE,pole_barrier_unconditional,1,8,8,0,"[1, 8]",8,8,8,,,true,true,[],[],"{""missing_expected_channel_count"": 0, ""duplicate_channel_count"": 0, ""force_channel_count"": 8, ""moment_channel_count"": 0}",3,0,,true,true,false,27,false,true,35,Y - GLOBAL,NEWTONS,AS MEASURED,PRIMARY,true,true,36,Y - GLOBAL,NEWTONS,AS MEASURED,PRIMARY,true,true,37,Y - GLOBAL,NEWTONS,AS MEASURED,PRIMARY,true,true,38,Y - GLOBAL,NEWTONS,AS MEASURED,PRIMARY,true,true,39,Y - GLOBAL,NEWTONS,AS MEASURED,PRIMARY,true,true,40,Y - GLOBAL,NEWTONS,AS MEASURED,PRIMARY,true,true,41,Y - GLOBAL,NEWTONS,AS MEASURED,PRIMARY,true,true,42,Y - GLOBAL,NEWTONS,AS MEASURED,PRIMARY,true,true,17,G'S,AS MEASURED,PRIMARY,true,true,18,G'S,AS MEASURED,PRIMARY,true,true,19,G'S,AS MEASURED,PRIMARY,true
15478,2025-08-12,OPTIONAL NEW CAR ASSESSMENT TEST,VEHICLE INTO POLE,OPTIONAL NEW CAR ASSESSMENT PROGRAM SIDE POLE BARRIER IMPACT TEST,side,side,classified,,side_pole_load_cell_8,side_pole_load_cell_barrier,covered_with_mask,POLE,POLE,pole_barrier_unconditional,1,8,8,0,"[1, 8]",8,8,8,,,true,false,[],[],"{""missing_expected_channel_count"": 0, ""duplicate_channel_count"": 0, ""force_channel_count"": 8, ""moment_channel_count"": 0}",3,0,,true,true,false,27,false,true,35,Y - GLOBAL,NEWTONS,NO DATA,PRIMARY,false,true,36,Y - GLOBAL,NEWTONS,NO DATA,PRIMARY,false,true,37,Y - GLOBAL,NEWTONS,AS MEASURED,PRIMARY,true,true,38,Y - GLOBAL,NEWTONS,AS MEASURED,PRIMARY,true,true,39,Y - GLOBAL,NEWTONS,AS MEASURED,PRIMARY,true,true,40,Y - GLOBAL,NEWTONS,AS MEASURED,PRIMARY,true,true,41,Y - GLOBAL,NEWTONS,AS MEASURED,PRIMARY,true,true,42,Y - GLOBAL,NEWTONS,AS MEASURED,PRIMARY,true,true,17,G'S,AS MEASURED,PRIMARY,true,true,18,G'S,AS MEASURED,PRIMARY,true,true,19,G'S,AS MEASURED,PRIMARY,true
15508,2025-09-05,OPTIONAL NEW CAR ASSESSMENT TEST,VEHICLE INTO POLE,OPTIONAL NCAP SIDE POLE - 2025 VOLKSWAGEN ID.BUZZ 5-DR,side,side,classified,,side_pole_load_cell_8,side_pole_load_cell_barrier,covered_with_mask,POLE,POLE,pole_barrier_unconditional,1,8,8,0,"[1, 8]",8,8,8,,,true,true,[],[],"{""missing_expected_channel_count"": 0, ""duplicate_channel_count"": 0, ""force_channel_count"": 8, ""moment_channel_count"": 0}",3,0,,true,true,false,27,false,true,35,Y - GLOBAL,NEWTONS,AS MEASURED,PRIMARY,true,true,36,Y - GLOBAL,NEWTONS,AS MEASURED,PRIMARY,true,true,37,Y - GLOBAL,NEWTONS,AS MEASURED,PRIMARY,true,true,38,Y - GLOBAL,NEWTONS,AS MEASURED,PRIMARY,true,true,39,Y - GLOBAL,NEWTONS,AS MEASURED,PRIMARY,true,true,40,Y - GLOBAL,NEWTONS,AS MEASURED,PRIMARY,true,true,41,Y - GLOBAL,NEWTONS,AS MEASURED,PRIMARY,true,true,42,Y - GLOBAL,NEWTONS,AS MEASURED,PRIMARY,true,true,17,G'S,AS MEASURED,PRIMARY,true,true,18,G'S,AS MEASURED,PRIMARY,true,true,19,G'S,AS MEASURED,PRIMARY,true
15517,2025-10-01,OPTIONAL NEW CAR ASSESSMENT TEST,VEHICLE INTO POLE,OPTIONAL NEW CAR ASSESSMENT PROGRAM SIDE POLE BARRIER IMPACT TEST,side,side,classified,,side_pole_load_cell_8,side_pole_load_cell_barrier,covered_with_mask,POLE,POLE,pole_barrier_unconditional,1,8,8,0,"[1, 8]",8,8,8,,,true,false,[],[],"{""missing_expected_channel_count"": 0, ""duplicate_channel_count"": 0, ""force_channel_count"": 8, ""moment_channel_count"": 0}",3,0,,true,true,false,27,false,true,35,Y - GLOBAL,NEWTONS,NO DATA,PRIMARY,false,true,36,Y - GLOBAL,NEWTONS,NO DATA,PRIMARY,false,true,37,Y - GLOBAL,NEWTONS,AS MEASURED,PRIMARY,true,true,38,Y - GLOBAL,NEWTONS,AS MEASURED,PRIMARY,true,true,39,Y - GLOBAL,NEWTONS,AS MEASURED,PRIMARY,true,true,40,Y - GLOBAL,NEWTONS,AS MEASURED,PRIMARY,true,true,41,Y - GLOBAL,NEWTONS,AS MEASURED,PRIMARY,true,true,42,Y - GLOBAL,NEWTONS,AS MEASURED,PRIMARY,true,true,17,G'S,AS MEASURED,PRIMARY,true,true,18,G'S,AS MEASURED,PRIMARY,true,true,19,G'S,AS MEASURED,PRIMARY,true
15531,2025-10-17,OPTIONAL NEW CAR ASSESSMENT TEST,VEHICLE INTO POLE,NCAP SIDE IMPACT POLE BARRIER - 2026 TESLA MODEL Y 5-DOOR MPV,side,side,classified,,side_pole_load_cell_8,side_pole_load_cell_barrier,covered_with_mask,POLE,POLE,pole_barrier_unconditional,1,8,8,0,"[1, 8]",8,8,8,,,true,true,[],[],"{""missing_expected_channel_count"": 0, ""duplicate_channel_count"": 0, ""force_channel_count"": 8, ""moment_channel_count"": 0}",3,0,,true,true,false,27,false,true,35,X - GLOBAL,NEWTONS,AS MEASURED,PRIMARY,true,true,36,X - GLOBAL,NEWTONS,AS MEASURED,PRIMARY,true,true,37,X - GLOBAL,NEWTONS,AS MEASURED,PRIMARY,true,true,38,X - GLOBAL,NEWTONS,AS MEASURED,PRIMARY,true,true,39,X - GLOBAL,NEWTONS,AS MEASURED,PRIMARY,true,true,40,X - GLOBAL,NEWTONS,AS MEASURED,PRIMARY,true,true,41,X - GLOBAL,NEWTONS,AS MEASURED,PRIMARY,true,true,42,X - GLOBAL,NEWTONS,AS MEASURED,PRIMARY,true,true,17,G'S,AS MEASURED,PRIMARY,true,true,18,G'S,AS MEASURED,PRIMARY,true,true,19,G'S,AS MEASURED,PRIMARY,true
15540,2025-11-19,OPTIONAL NEW CAR ASSESSMENT TEST,VEHICLE INTO POLE,OPTIONAL NCAP SIDE POLE - 2026 CHEVROLET SILVERADO,side,side,classified,,side_pole_load_cell_8,side_pole_load_cell_barrier,covered_with_mask,POLE,POLE,pole_barrier_unconditional,1,8,8,0,"[1, 8]",8,8,8,,,true,true,[],[],"{""missing_expected_channel_count"": 0, ""duplicate_channel_count"": 0, ""force_channel_count"": 8, ""moment_channel_count"": 0}",3,0,,true,true,false,27,false,true,35,Y - GLOBAL,NEWTONS,AS MEASURED,PRIMARY,true,true,36,Y - GLOBAL,NEWTONS,AS MEASURED,PRIMARY,true,true,37,Y - GLOBAL,NEWTONS,AS MEASURED,PRIMARY,true,true,38,Y - GLOBAL,NEWTONS,AS MEASURED,PRIMARY,true,true,39,Y - GLOBAL,NEWTONS,AS MEASURED,PRIMARY,true,true,40,Y - GLOBAL,NEWTONS,AS MEASURED,PRIMARY,true,true,41,Y - GLOBAL,NEWTONS,AS MEASURED,PRIMARY,true,true,42,Y - GLOBAL,NEWTONS,AS MEASURED,PRIMARY,true,true,17,G'S,AS MEASURED,PRIMARY,true,true,18,G'S,AS MEASURED,PRIMARY,true,true,19,G'S,AS MEASURED,PRIMARY,true
