test_id,test_no,vehicle_id,impact_family,vehicle_role,quality_tier,outlier_type,metric,value,comparator,VDI,PDOF,CRHDST,C_profile_max_mm,reason
4,7204,4,side_impactor,impactor_vehicle,X_Exclude,flag_lencnt_out_of_range,flag_lencnt_out_of_range,1,,,,,,not_subject_vehicle
4,7204,4,side_impactor,impactor_vehicle,X_Exclude,flag_pdof_family_mismatch,flag_pdof_family_mismatch,1,,,,,,not_subject_vehicle
6,7259,8,side_impactor,impactor_vehicle,X_Exclude,flag_pdof_family_mismatch,flag_pdof_family_mismatch,1,,,,,,not_subject_vehicle
6,7259,8,side_impactor,impactor_vehicle,X_Exclude,flag_side_imppnt_mismatch,flag_side_imppnt_mismatch,1,,,,,,not_subject_vehicle
8,7340,11,side,subject_vehicle,B_ProfilePartial,flag_pdof_family_mismatch,flag_pdof_family_mismatch,1,,0,0.0,524.0,502.0,flag_pdof_family_mismatch
8,7340,11,side,subject_vehicle,B_ProfilePartial,flag_side_imppnt_mismatch,flag_side_imppnt_mismatch,1,,0,0.0,524.0,502.0,flag_side_imppnt_mismatch
9,7341,12,side_impactor,impactor_vehicle,X_Exclude,flag_pdof_family_mismatch,flag_pdof_family_mismatch,1,,,,,,not_subject_vehicle
11,7343,15,side_impactor,impactor_vehicle,X_Exclude,flag_lencnt_out_of_range,flag_lencnt_out_of_range,1,,,,,,not_subject_vehicle
11,7343,15,side_impactor,impactor_vehicle,X_Exclude,flag_pdof_family_mismatch,flag_pdof_family_mismatch,1,,,,,,not_subject_vehicle
16,7346,22,side_impactor,impactor_vehicle,X_Exclude,flag_lencnt_out_of_range,flag_lencnt_out_of_range,1,,,,,,not_subject_vehicle
16,7346,22,side_impactor,impactor_vehicle,X_Exclude,flag_pdof_family_mismatch,flag_pdof_family_mismatch,1,,,,,,not_subject_vehicle
23,7352,31,side_impactor,impactor_vehicle,X_Exclude,flag_lencnt_out_of_range,flag_lencnt_out_of_range,1,,,,,,not_subject_vehicle
23,7352,31,side_impactor,impactor_vehicle,X_Exclude,flag_pdof_family_mismatch,flag_pdof_family_mismatch,1,,,,,,not_subject_vehicle
23,7352,31,side_impactor,impactor_vehicle,X_Exclude,flag_side_imppnt_mismatch,flag_side_imppnt_mismatch,1,,,,,,not_subject_vehicle
20,7353,27,side_impactor,impactor_vehicle,X_Exclude,flag_lencnt_out_of_range,flag_lencnt_out_of_range,1,,,,,,not_subject_vehicle
20,7353,27,side_impactor,impactor_vehicle,X_Exclude,flag_pdof_family_mismatch,flag_pdof_family_mismatch,1,,,,,,not_subject_vehicle
25,7355,34,side_impactor,impactor_vehicle,X_Exclude,flag_lencnt_out_of_range,flag_lencnt_out_of_range,1,,,,,,not_subject_vehicle
25,7355,34,side_impactor,impactor_vehicle,X_Exclude,flag_pdof_family_mismatch,flag_pdof_family_mismatch,1,,,,,,not_subject_vehicle
26,7356,36,side_impactor,impactor_vehicle,X_Exclude,flag_lencnt_out_of_range,flag_lencnt_out_of_range,1,,,,,,not_subject_vehicle
26,7356,36,side_impactor,impactor_vehicle,X_Exclude,flag_pdof_family_mismatch,flag_pdof_family_mismatch,1,,,,,,not_subject_vehicle
30,7359,41,frontal_barrier,subject_vehicle,B_ProfilePartial,flag_damdst_out_of_range,flag_damdst_out_of_range,1,,12FDEW2,0.0,496.0,504.0,flag_damdst_out_of_range
35,7363,48,side_impactor,impactor_vehicle,X_Exclude,flag_lencnt_out_of_range,flag_lencnt_out_of_range,1,,,,,,not_subject_vehicle
35,7363,48,side_impactor,impactor_vehicle,X_Exclude,flag_pdof_family_mismatch,flag_pdof_family_mismatch,1,,,,,,not_subject_vehicle
35,7363,49,side_impactor,subject_vehicle,A_ProfileValid,flag_side_imppnt_mismatch,flag_side_imppnt_mismatch,1,,03LPAW2,297.0,318.0,324.0,flag_side_imppnt_mismatch
33,7364,44,side_impactor,impactor_vehicle,X_Exclude,flag_lencnt_out_of_range,flag_lencnt_out_of_range,1,,,,,,not_subject_vehicle
33,7364,44,side_impactor,impactor_vehicle,X_Exclude,flag_pdof_family_mismatch,flag_pdof_family_mismatch,1,,,,,,not_subject_vehicle
40,7367,55,side_impactor,impactor_vehicle,X_Exclude,flag_lencnt_out_of_range,flag_lencnt_out_of_range,1,,,,,,not_subject_vehicle
40,7367,55,side_impactor,impactor_vehicle,X_Exclude,flag_pdof_family_mismatch,flag_pdof_family_mismatch,1,,,,,,not_subject_vehicle
89,7392,106,side_impactor,impactor_vehicle,X_Exclude,flag_lencnt_out_of_range,flag_lencnt_out_of_range,1,,,,,,not_subject_vehicle
89,7392,106,side_impactor,impactor_vehicle,X_Exclude,flag_pdof_family_mismatch,flag_pdof_family_mismatch,1,,,,,,not_subject_vehicle
77,7395,94,static_airbag,subject_vehicle,X_Exclude,flag_lencnt_out_of_range,flag_lencnt_out_of_range,1,,,,,,audit_only_family
65,7396,82,static_airbag,subject_vehicle,X_Exclude,flag_lencnt_out_of_range,flag_lencnt_out_of_range,1,,,,,,audit_only_family
70,7397,87,static_airbag,subject_vehicle,X_Exclude,flag_lencnt_out_of_range,flag_lencnt_out_of_range,1,,,,,,audit_only_family
64,7398,81,static_airbag,subject_vehicle,X_Exclude,flag_lencnt_out_of_range,flag_lencnt_out_of_range,1,,,,,,audit_only_family
62,7399,79,static_airbag,subject_vehicle,X_Exclude,flag_lencnt_out_of_range,flag_lencnt_out_of_range,1,,,,,,audit_only_family
94,7401,112,static_airbag,subject_vehicle,X_Exclude,flag_lencnt_out_of_range,flag_lencnt_out_of_range,1,,,,,,audit_only_family
90,7402,108,static_airbag,subject_vehicle,X_Exclude,flag_lencnt_out_of_range,flag_lencnt_out_of_range,1,,,,,,audit_only_family
100,7403,118,static_airbag,subject_vehicle,X_Exclude,flag_lencnt_out_of_range,flag_lencnt_out_of_range,1,,,,,,audit_only_family
101,7404,119,static_airbag,subject_vehicle,X_Exclude,flag_lencnt_out_of_range,flag_lencnt_out_of_range,1,,,,,,audit_only_family
103,7405,121,static_airbag,subject_vehicle,X_Exclude,flag_lencnt_out_of_range,flag_lencnt_out_of_range,1,,,,,,audit_only_family
104,7406,122,static_airbag,subject_vehicle,X_Exclude,flag_lencnt_out_of_range,flag_lencnt_out_of_range,1,,,,,,audit_only_family
107,7407,125,static_airbag,subject_vehicle,X_Exclude,flag_lencnt_out_of_range,flag_lencnt_out_of_range,1,,,,,,audit_only_family
108,7408,126,static_airbag,subject_vehicle,X_Exclude,flag_lencnt_out_of_range,flag_lencnt_out_of_range,1,,,,,,audit_only_family
106,7409,124,static_airbag,subject_vehicle,X_Exclude,flag_lencnt_out_of_range,flag_lencnt_out_of_range,1,,,,,,audit_only_family
118,7410,138,static_airbag,subject_vehicle,X_Exclude,flag_lencnt_out_of_range,flag_lencnt_out_of_range,1,,,,,,audit_only_family
122,7412,144,side_impactor,impactor_vehicle,X_Exclude,flag_lencnt_out_of_range,flag_lencnt_out_of_range,1,,,,,,not_subject_vehicle
122,7412,144,side_impactor,impactor_vehicle,X_Exclude,flag_pdof_family_mismatch,flag_pdof_family_mismatch,1,,,,,,not_subject_vehicle
125,7415,148,static_airbag,subject_vehicle,X_Exclude,flag_lencnt_out_of_range,flag_lencnt_out_of_range,1,,,,,,audit_only_family
121,7416,142,side_impactor,impactor_vehicle,X_Exclude,flag_lencnt_out_of_range,flag_lencnt_out_of_range,1,,,,,,not_subject_vehicle
121,7416,142,side_impactor,impactor_vehicle,X_Exclude,flag_pdof_family_mismatch,flag_pdof_family_mismatch,1,,,,,,not_subject_vehicle
128,7419,151,frontal_barrier,subject_vehicle,A_ProfileValid,flag_crhdst_lt_dpdmax,flag_crhdst_lt_dpdmax,1,,12FDEW6,0.0,533.0,618.0,flag_crhdst_lt_dpdmax
127,7420,150,static_airbag,subject_vehicle,X_Exclude,flag_lencnt_out_of_range,flag_lencnt_out_of_range,1,,,,,,audit_only_family
145,7421,170,static_airbag,subject_vehicle,X_Exclude,flag_lencnt_out_of_range,flag_lencnt_out_of_range,1,,,,,,audit_only_family
157,7422,183,static_airbag,subject_vehicle,X_Exclude,flag_lencnt_out_of_range,flag_lencnt_out_of_range,1,,,,,,audit_only_family
154,7423,180,static_airbag,subject_vehicle,X_Exclude,flag_lencnt_out_of_range,flag_lencnt_out_of_range,1,,,,,,audit_only_family
155,7425,181,static_airbag,subject_vehicle,X_Exclude,flag_lencnt_out_of_range,flag_lencnt_out_of_range,1,,,,,,audit_only_family
156,7436,182,static_airbag,subject_vehicle,X_Exclude,flag_lencnt_out_of_range,flag_lencnt_out_of_range,1,,,,,,audit_only_family
169,7437,198,static_airbag,subject_vehicle,X_Exclude,flag_lencnt_out_of_range,flag_lencnt_out_of_range,1,,,,,,audit_only_family
181,7439,210,side_impactor,impactor_vehicle,X_Exclude,flag_lencnt_out_of_range,flag_lencnt_out_of_range,1,,,,,,not_subject_vehicle
181,7439,210,side_impactor,impactor_vehicle,X_Exclude,flag_pdof_family_mismatch,flag_pdof_family_mismatch,1,,,,,,not_subject_vehicle
124,7442,147,rollover,subject_vehicle,X_Exclude,flag_lencnt_out_of_range,flag_lencnt_out_of_range,1,,,,,,audit_only_family
208,7448,243,side_impactor,impactor_vehicle,X_Exclude,flag_lencnt_out_of_range,flag_lencnt_out_of_range,1,,,,,,not_subject_vehicle
208,7448,243,side_impactor,impactor_vehicle,X_Exclude,flag_pdof_family_mismatch,flag_pdof_family_mismatch,1,,,,,,not_subject_vehicle
200,7449,233,static_airbag,subject_vehicle,X_Exclude,flag_lencnt_out_of_range,flag_lencnt_out_of_range,1,,,,,,audit_only_family
201,7450,234,static_airbag,subject_vehicle,X_Exclude,flag_lencnt_out_of_range,flag_lencnt_out_of_range,1,,,,,,audit_only_family
199,7451,232,static_airbag,subject_vehicle,X_Exclude,flag_lencnt_out_of_range,flag_lencnt_out_of_range,1,,,,,,audit_only_family
198,7452,231,static_airbag,subject_vehicle,X_Exclude,flag_lencnt_out_of_range,flag_lencnt_out_of_range,1,,,,,,audit_only_family
202,7453,235,static_airbag,subject_vehicle,X_Exclude,flag_lencnt_out_of_range,flag_lencnt_out_of_range,1,,,,,,audit_only_family
217,7461,257,side_impactor,impactor_vehicle,X_Exclude,flag_lencnt_out_of_range,flag_lencnt_out_of_range,1,,,,,,not_subject_vehicle
217,7461,257,side_impactor,impactor_vehicle,X_Exclude,flag_pdof_family_mismatch,flag_pdof_family_mismatch,1,,,,,,not_subject_vehicle
225,7465,267,side_impactor,impactor_vehicle,X_Exclude,flag_lencnt_out_of_range,flag_lencnt_out_of_range,1,,,,,,not_subject_vehicle
225,7465,267,side_impactor,impactor_vehicle,X_Exclude,flag_pdof_family_mismatch,flag_pdof_family_mismatch,1,,,,,,not_subject_vehicle
225,7465,268,side_impactor,subject_vehicle,A_ProfileValid,flag_side_imppnt_mismatch,flag_side_imppnt_mismatch,1,,10LPAW3,297.0,197.0,174.0,flag_side_imppnt_mismatch
223,7469,264,side_impactor,impactor_vehicle,X_Exclude,flag_lencnt_out_of_range,flag_lencnt_out_of_range,1,,,,,,not_subject_vehicle
223,7469,264,side_impactor,impactor_vehicle,X_Exclude,flag_pdof_family_mismatch,flag_pdof_family_mismatch,1,,,,,,not_subject_vehicle
226,7470,269,side_impactor,impactor_vehicle,X_Exclude,flag_lencnt_out_of_range,flag_lencnt_out_of_range,1,,,,,,not_subject_vehicle
226,7470,269,side_impactor,impactor_vehicle,X_Exclude,flag_pdof_family_mismatch,flag_pdof_family_mismatch,1,,,,,,not_subject_vehicle
228,7473,272,side_impactor,impactor_vehicle,X_Exclude,flag_lencnt_out_of_range,flag_lencnt_out_of_range,1,,,,,,not_subject_vehicle
228,7473,272,side_impactor,impactor_vehicle,X_Exclude,flag_pdof_family_mismatch,flag_pdof_family_mismatch,1,,,,,,not_subject_vehicle
240,7477,286,side,subject_vehicle,B_ProfilePartial,flag_crhdst_lt_dpdmax,flag_crhdst_lt_dpdmax,1,,10LPAN3,0.0,392.0,1422.0,flag_crhdst_lt_dpdmax
240,7477,286,side,subject_vehicle,B_ProfilePartial,flag_pdof_family_mismatch,flag_pdof_family_mismatch,1,,10LPAN3,0.0,392.0,1422.0,flag_pdof_family_mismatch
240,7477,286,side,subject_vehicle,B_ProfilePartial,flag_side_imppnt_mismatch,flag_side_imppnt_mismatch,1,,10LPAN3,0.0,392.0,1422.0,flag_side_imppnt_mismatch
237,7479,282,side_impactor,impactor_vehicle,X_Exclude,flag_lencnt_out_of_range,flag_lencnt_out_of_range,1,,,,,,not_subject_vehicle
237,7479,282,side_impactor,impactor_vehicle,X_Exclude,flag_pdof_family_mismatch,flag_pdof_family_mismatch,1,,,,,,not_subject_vehicle
244,7483,290,side_impactor,impactor_vehicle,X_Exclude,flag_lencnt_out_of_range,flag_lencnt_out_of_range,1,,,,,,not_subject_vehicle
244,7483,290,side_impactor,impactor_vehicle,X_Exclude,flag_pdof_family_mismatch,flag_pdof_family_mismatch,1,,,,,,not_subject_vehicle
245,7484,292,side_impactor,impactor_vehicle,X_Exclude,flag_pdof_family_mismatch,flag_pdof_family_mismatch,1,,,,,,not_subject_vehicle
247,7486,295,side_impactor,impactor_vehicle,X_Exclude,flag_pdof_family_mismatch,flag_pdof_family_mismatch,1,,,,,,not_subject_vehicle
263,7487,312,side,subject_vehicle,C_MaxOnly,flag_lencnt_out_of_range,flag_lencnt_out_of_range,1,,,345.0,588.0,,flag_lencnt_out_of_range
263,7487,312,side,subject_vehicle,C_MaxOnly,flag_pdof_family_mismatch,flag_pdof_family_mismatch,1,,,345.0,588.0,,flag_pdof_family_mismatch
266,7492,316,side_impactor,impactor_vehicle,X_Exclude,flag_lencnt_out_of_range,flag_lencnt_out_of_range,1,,,,,,not_subject_vehicle
266,7492,316,side_impactor,impactor_vehicle,X_Exclude,flag_pdof_family_mismatch,flag_pdof_family_mismatch,1,,,,,,not_subject_vehicle
264,7493,313,side_impactor,impactor_vehicle,X_Exclude,flag_lencnt_out_of_range,flag_lencnt_out_of_range,1,,,,,,not_subject_vehicle
264,7493,313,side_impactor,impactor_vehicle,X_Exclude,flag_pdof_family_mismatch,flag_pdof_family_mismatch,1,,,,,,not_subject_vehicle
268,7496,319,side,subject_vehicle,B_ProfilePartial,flag_pdof_family_mismatch,flag_pdof_family_mismatch,1,,09LPAN3,0.0,392.0,392.0,flag_pdof_family_mismatch
271,7498,323,side_impactor,impactor_vehicle,X_Exclude,flag_lencnt_out_of_range,flag_lencnt_out_of_range,1,,,,,,not_subject_vehicle
271,7498,323,side_impactor,impactor_vehicle,X_Exclude,flag_pdof_family_mismatch,flag_pdof_family_mismatch,1,,,,,,not_subject_vehicle
204,7499,237,rollover,subject_vehicle,X_Exclude,flag_lencnt_out_of_range,flag_lencnt_out_of_range,1,,,,,,audit_only_family
173,7500,202,rollover,subject_vehicle,X_Exclude,flag_lencnt_out_of_range,flag_lencnt_out_of_range,1,,,,,,audit_only_family
179,7501,208,rollover,subject_vehicle,X_Exclude,flag_lencnt_out_of_range,flag_lencnt_out_of_range,1,,,,,,audit_only_family
270,7503,321,side_impactor,impactor_vehicle,X_Exclude,flag_lencnt_out_of_range,flag_lencnt_out_of_range,1,,,,,,not_subject_vehicle
270,7503,321,side_impactor,impactor_vehicle,X_Exclude,flag_pdof_family_mismatch,flag_pdof_family_mismatch,1,,,,,,not_subject_vehicle
278,7507,333,side_impactor,impactor_vehicle,X_Exclude,flag_lencnt_out_of_range,flag_lencnt_out_of_range,1,,,,,,not_subject_vehicle
278,7507,333,side_impactor,impactor_vehicle,X_Exclude,flag_pdof_family_mismatch,flag_pdof_family_mismatch,1,,,,,,not_subject_vehicle
276,7508,329,side_impactor,impactor_vehicle,X_Exclude,flag_pdof_family_mismatch,flag_pdof_family_mismatch,1,,,,,,not_subject_vehicle
276,7508,329,side_impactor,impactor_vehicle,X_Exclude,flag_side_imppnt_mismatch,flag_side_imppnt_mismatch,1,,,,,,not_subject_vehicle
276,7508,330,side_impactor,subject_vehicle,A_ProfileValid,flag_side_imppnt_mismatch,flag_side_imppnt_mismatch,1,,09LPEW2,297.0,174.0,174.0,flag_side_imppnt_mismatch
277,7510,331,side_impactor,impactor_vehicle,X_Exclude,flag_lencnt_out_of_range,flag_lencnt_out_of_range,1,,,,,,not_subject_vehicle
277,7510,331,side_impactor,impactor_vehicle,X_Exclude,flag_pdof_family_mismatch,flag_pdof_family_mismatch,1,,,,,,not_subject_vehicle
281,7512,337,side,subject_vehicle,C_MaxOnly,flag_lencnt_out_of_range,flag_lencnt_out_of_range,1,,,345.0,520.0,,flag_lencnt_out_of_range
281,7512,337,side,subject_vehicle,C_MaxOnly,flag_pdof_family_mismatch,flag_pdof_family_mismatch,1,,,345.0,520.0,,flag_pdof_family_mismatch
218,7513,259,rollover,subject_vehicle,X_Exclude,flag_lencnt_out_of_range,flag_lencnt_out_of_range,1,,,,,,audit_only_family
238,7514,284,rollover,subject_vehicle,X_Exclude,flag_lencnt_out_of_range,flag_lencnt_out_of_range,1,,,,,,audit_only_family
260,7515,309,rollover,subject_vehicle,X_Exclude,flag_lencnt_out_of_range,flag_lencnt_out_of_range,1,,,,,,audit_only_family
283,7517,339,side_impactor,impactor_vehicle,X_Exclude,flag_lencnt_out_of_range,flag_lencnt_out_of_range,1,,,,,,not_subject_vehicle
283,7517,339,side_impactor,impactor_vehicle,X_Exclude,flag_pdof_family_mismatch,flag_pdof_family_mismatch,1,,,,,,not_subject_vehicle
285,7519,342,side_impactor,impactor_vehicle,X_Exclude,flag_lencnt_out_of_range,flag_lencnt_out_of_range,1,,,,,,not_subject_vehicle
285,7519,342,side_impactor,impactor_vehicle,X_Exclude,flag_pdof_family_mismatch,flag_pdof_family_mismatch,1,,,,,,not_subject_vehicle
291,7525,349,frontal_barrier,subject_vehicle,B_ProfilePartial,flag_damdst_out_of_range,flag_damdst_out_of_range,1,,12FDEW2,0.0,437.0,437.0,flag_damdst_out_of_range
295,7528,353,side_impactor,impactor_vehicle,X_Exclude,flag_pdof_family_mismatch,flag_pdof_family_mismatch,1,,,,,,not_subject_vehicle
287,7529,345,side,subject_vehicle,B_ProfilePartial,flag_pdof_family_mismatch,flag_pdof_family_mismatch,1,,09LPAN3,0.0,297.0,297.0,flag_pdof_family_mismatch
292,7530,350,static_airbag,subject_vehicle,X_Exclude,flag_lencnt_out_of_range,flag_lencnt_out_of_range,1,,,,,,audit_only_family
299,7533,358,side,subject_vehicle,B_ProfilePartial,flag_pdof_family_mismatch,flag_pdof_family_mismatch,1,,09LPAN3,0.0,399.0,399.0,flag_pdof_family_mismatch
300,7534,359,side_impactor,impactor_vehicle,X_Exclude,flag_lencnt_out_of_range,flag_lencnt_out_of_range,1,,,,,,not_subject_vehicle
300,7534,359,side_impactor,impactor_vehicle,X_Exclude,flag_pdof_family_mismatch,flag_pdof_family_mismatch,1,,,,,,not_subject_vehicle
301,7535,361,side_impactor,impactor_vehicle,X_Exclude,flag_lencnt_out_of_range,flag_lencnt_out_of_range,1,,,,,,not_subject_vehicle
301,7535,361,side_impactor,impactor_vehicle,X_Exclude,flag_pdof_family_mismatch,flag_pdof_family_mismatch,1,,,,,,not_subject_vehicle
305,7537,366,side_impactor,impactor_vehicle,X_Exclude,flag_pdof_family_mismatch,flag_pdof_family_mismatch,1,,,,,,not_subject_vehicle
305,7537,366,side_impactor,impactor_vehicle,X_Exclude,flag_side_imppnt_mismatch,flag_side_imppnt_mismatch,1,,,,,,not_subject_vehicle
305,7537,367,side_impactor,subject_vehicle,A_ProfileValid,flag_side_imppnt_mismatch,flag_side_imppnt_mismatch,1,,09LPEW2,297.0,251.0,251.0,flag_side_imppnt_mismatch
310,7539,373,side_impactor,impactor_vehicle,X_Exclude,flag_lencnt_out_of_range,flag_lencnt_out_of_range,1,,,,,,not_subject_vehicle
310,7539,373,side_impactor,impactor_vehicle,X_Exclude,flag_pdof_family_mismatch,flag_pdof_family_mismatch,1,,,,,,not_subject_vehicle
308,7541,370,side_impactor,impactor_vehicle,X_Exclude,flag_pdof_family_mismatch,flag_pdof_family_mismatch,1,,,,,,not_subject_vehicle
309,7542,372,side,subject_vehicle,B_ProfilePartial,flag_pdof_family_mismatch,flag_pdof_family_mismatch,1,,09LPAN3,0.0,426.0,426.0,flag_pdof_family_mismatch
311,7563,375,side_impactor,impactor_vehicle,X_Exclude,flag_lencnt_out_of_range,flag_lencnt_out_of_range,1,,,,,,not_subject_vehicle
311,7563,375,side_impactor,impactor_vehicle,X_Exclude,flag_pdof_family_mismatch,flag_pdof_family_mismatch,1,,,,,,not_subject_vehicle
316,7568,381,side,subject_vehicle,C_MaxOnly,flag_lencnt_out_of_range,flag_lencnt_out_of_range,1,,,345.0,381.0,,flag_lencnt_out_of_range
316,7568,381,side,subject_vehicle,C_MaxOnly,flag_pdof_family_mismatch,flag_pdof_family_mismatch,1,,,345.0,381.0,,flag_pdof_family_mismatch
317,7571,382,side_impactor,impactor_vehicle,X_Exclude,flag_pdof_family_mismatch,flag_pdof_family_mismatch,1,,,,,,not_subject_vehicle
317,7571,382,side_impactor,impactor_vehicle,X_Exclude,flag_side_imppnt_mismatch,flag_side_imppnt_mismatch,1,,,,,,not_subject_vehicle
317,7571,383,side_impactor,subject_vehicle,A_ProfileValid,flag_side_imppnt_mismatch,flag_side_imppnt_mismatch,1,,09LPEW2,297.0,237.0,237.0,flag_side_imppnt_mismatch
319,7572,385,side_impactor,impactor_vehicle,X_Exclude,flag_lencnt_out_of_range,flag_lencnt_out_of_range,1,,,,,,not_subject_vehicle
319,7572,385,side_impactor,impactor_vehicle,X_Exclude,flag_pdof_family_mismatch,flag_pdof_family_mismatch,1,,,,,,not_subject_vehicle
322,7576,389,side_impactor,impactor_vehicle,X_Exclude,flag_lencnt_out_of_range,flag_lencnt_out_of_range,1,,,,,,not_subject_vehicle
322,7576,389,side_impactor,impactor_vehicle,X_Exclude,flag_pdof_family_mismatch,flag_pdof_family_mismatch,1,,,,,,not_subject_vehicle
324,7578,392,side_impactor,impactor_vehicle,X_Exclude,flag_lencnt_out_of_range,flag_lencnt_out_of_range,1,,,,,,not_subject_vehicle
324,7578,392,side_impactor,impactor_vehicle,X_Exclude,flag_pdof_family_mismatch,flag_pdof_family_mismatch,1,,,,,,not_subject_vehicle
325,7580,394,side_impactor,impactor_vehicle,X_Exclude,flag_pdof_family_mismatch,flag_pdof_family_mismatch,1,,,,,,not_subject_vehicle
325,7580,394,side_impactor,impactor_vehicle,X_Exclude,flag_side_imppnt_mismatch,flag_side_imppnt_mismatch,1,,,,,,not_subject_vehicle
325,7580,395,side_impactor,subject_vehicle,A_ProfileValid,flag_side_imppnt_mismatch,flag_side_imppnt_mismatch,1,,09LPEW2,297.0,243.0,243.0,flag_side_imppnt_mismatch
332,7583,402,side,subject_vehicle,B_ProfilePartial,flag_pdof_family_mismatch,flag_pdof_family_mismatch,1,,09LPAN3,0.0,368.0,368.0,flag_pdof_family_mismatch
333,7584,403,side,subject_vehicle,C_MaxOnly,flag_side_imppnt_mismatch,flag_side_imppnt_mismatch,1,,09LPAN3,285.0,447.0,,flag_side_imppnt_mismatch
336,7586,406,side_impactor,impactor_vehicle,X_Exclude,flag_lencnt_out_of_range,flag_lencnt_out_of_range,1,,,,,,not_subject_vehicle
336,7586,406,side_impactor,impactor_vehicle,X_Exclude,flag_pdof_family_mismatch,flag_pdof_family_mismatch,1,,,,,,not_subject_vehicle
336,7586,406,side_impactor,impactor_vehicle,X_Exclude,flag_side_imppnt_mismatch,flag_side_imppnt_mismatch,1,,,,,,not_subject_vehicle
339,7589,410,side_impactor,impactor_vehicle,X_Exclude,flag_lencnt_out_of_range,flag_lencnt_out_of_range,1,,,,,,not_subject_vehicle
339,7589,410,side_impactor,impactor_vehicle,X_Exclude,flag_pdof_family_mismatch,flag_pdof_family_mismatch,1,,,,,,not_subject_vehicle
339,7589,410,side_impactor,impactor_vehicle,X_Exclude,flag_side_imppnt_mismatch,flag_side_imppnt_mismatch,1,,,,,,not_subject_vehicle
343,7593,415,side_impactor,impactor_vehicle,X_Exclude,flag_lencnt_out_of_range,flag_lencnt_out_of_range,1,,,,,,not_subject_vehicle
343,7593,415,side_impactor,impactor_vehicle,X_Exclude,flag_pdof_family_mismatch,flag_pdof_family_mismatch,1,,,,,,not_subject_vehicle
329,7597,399,static_airbag,subject_vehicle,X_Exclude,flag_lencnt_out_of_range,flag_lencnt_out_of_range,1,,,,,,audit_only_family
330,7598,400,static_airbag,subject_vehicle,X_Exclude,flag_lencnt_out_of_range,flag_lencnt_out_of_range,1,,,,,,audit_only_family
326,7599,396,static_airbag,subject_vehicle,X_Exclude,flag_lencnt_out_of_range,flag_lencnt_out_of_range,1,,,,,,audit_only_family
349,7602,422,side_impactor,impactor_vehicle,X_Exclude,flag_lencnt_out_of_range,flag_lencnt_out_of_range,1,,,,,,not_subject_vehicle
349,7602,422,side_impactor,impactor_vehicle,X_Exclude,flag_pdof_family_mismatch,flag_pdof_family_mismatch,1,,,,,,not_subject_vehicle
351,7604,425,side_impactor,impactor_vehicle,X_Exclude,flag_lencnt_out_of_range,flag_lencnt_out_of_range,1,,,,,,not_subject_vehicle
351,7604,425,side_impactor,impactor_vehicle,X_Exclude,flag_pdof_family_mismatch,flag_pdof_family_mismatch,1,,,,,,not_subject_vehicle
5,7607,6,side_impactor,impactor_vehicle,X_Exclude,flag_pdof_family_mismatch,flag_pdof_family_mismatch,1,,,,,,not_subject_vehicle
5,7607,7,side_impactor,subject_vehicle,A_ProfileValid,flag_side_imppnt_mismatch,flag_side_imppnt_mismatch,1,,09LPEW2,297.0,222.0,222.0,flag_side_imppnt_mismatch
357,7608,432,side_impactor,impactor_vehicle,X_Exclude,flag_lencnt_out_of_range,flag_lencnt_out_of_range,1,,,,,,not_subject_vehicle
357,7608,432,side_impactor,impactor_vehicle,X_Exclude,flag_pdof_family_mismatch,flag_pdof_family_mismatch,1,,,,,,not_subject_vehicle
358,7613,434,side_impactor,impactor_vehicle,X_Exclude,flag_lencnt_out_of_range,flag_lencnt_out_of_range,1,,,,,,not_subject_vehicle
358,7613,434,side_impactor,impactor_vehicle,X_Exclude,flag_pdof_family_mismatch,flag_pdof_family_mismatch,1,,,,,,not_subject_vehicle
360,7616,437,side_impactor,impactor_vehicle,X_Exclude,flag_pdof_family_mismatch,flag_pdof_family_mismatch,1,,,,,,not_subject_vehicle
360,7616,437,side_impactor,impactor_vehicle,X_Exclude,flag_side_imppnt_mismatch,flag_side_imppnt_mismatch,1,,,,,,not_subject_vehicle
360,7616,438,side_impactor,subject_vehicle,C_MaxOnly,flag_lencnt_out_of_range,flag_lencnt_out_of_range,1,,09LPEW2,270.0,164.0,,flag_lencnt_out_of_range
360,7616,438,side_impactor,subject_vehicle,C_MaxOnly,flag_side_imppnt_mismatch,flag_side_imppnt_mismatch,1,,09LPEW2,270.0,164.0,,flag_side_imppnt_mismatch
366,7621,444,side,subject_vehicle,C_MaxOnly,flag_lencnt_out_of_range,flag_lencnt_out_of_range,1,,,345.0,507.0,,flag_lencnt_out_of_range
366,7621,444,side,subject_vehicle,C_MaxOnly,flag_pdof_family_mismatch,flag_pdof_family_mismatch,1,,,345.0,507.0,,flag_pdof_family_mismatch
366,7621,444,side,subject_vehicle,C_MaxOnly,flag_side_imppnt_mismatch,flag_side_imppnt_mismatch,1,,,345.0,507.0,,flag_side_imppnt_mismatch
375,7629,453,side_impactor,impactor_vehicle,X_Exclude,flag_lencnt_out_of_range,flag_lencnt_out_of_range,1,,,,,,not_subject_vehicle
375,7629,453,side_impactor,impactor_vehicle,X_Exclude,flag_pdof_family_mismatch,flag_pdof_family_mismatch,1,,,,,,not_subject_vehicle
344,7631,417,static_airbag,subject_vehicle,X_Exclude,flag_lencnt_out_of_range,flag_lencnt_out_of_range,1,,,,,,audit_only_family
347,7632,420,static_airbag,subject_vehicle,X_Exclude,flag_lencnt_out_of_range,flag_lencnt_out_of_range,1,,,,,,audit_only_family
335,7633,405,static_airbag,subject_vehicle,X_Exclude,flag_lencnt_out_of_range,flag_lencnt_out_of_range,1,,,,,,audit_only_family
381,7636,460,side_impactor,impactor_vehicle,X_Exclude,flag_lencnt_out_of_range,flag_lencnt_out_of_range,1,,,,,,not_subject_vehicle
381,7636,460,side_impactor,impactor_vehicle,X_Exclude,flag_pdof_family_mismatch,flag_pdof_family_mismatch,1,,,,,,not_subject_vehicle
385,7637,465,side_impactor,impactor_vehicle,X_Exclude,flag_lencnt_out_of_range,flag_lencnt_out_of_range,1,,,,,,not_subject_vehicle
385,7637,465,side_impactor,impactor_vehicle,X_Exclude,flag_pdof_family_mismatch,flag_pdof_family_mismatch,1,,,,,,not_subject_vehicle
390,7639,471,side,subject_vehicle,B_ProfilePartial,flag_pdof_family_mismatch,flag_pdof_family_mismatch,1,,09LPAW3,0.0,448.0,7.0,flag_pdof_family_mismatch
390,7639,471,side,subject_vehicle,B_ProfilePartial,flag_side_imppnt_mismatch,flag_side_imppnt_mismatch,1,,09LPAW3,0.0,448.0,7.0,flag_side_imppnt_mismatch
391,7640,472,side_impactor,impactor_vehicle,X_Exclude,flag_lencnt_out_of_range,flag_lencnt_out_of_range,1,,,,,,not_subject_vehicle
391,7640,472,side_impactor,impactor_vehicle,X_Exclude,flag_pdof_family_mismatch,flag_pdof_family_mismatch,1,,,,,,not_subject_vehicle
387,7642,468,static_airbag,subject_vehicle,X_Exclude,flag_lencnt_out_of_range,flag_lencnt_out_of_range,1,,,,,,audit_only_family
388,7643,469,static_airbag,subject_vehicle,X_Exclude,flag_lencnt_out_of_range,flag_lencnt_out_of_range,1,,,,,,audit_only_family
392,7644,474,static_airbag,subject_vehicle,X_Exclude,flag_lencnt_out_of_range,flag_lencnt_out_of_range,1,,,,,,audit_only_family
393,7645,475,static_airbag,subject_vehicle,X_Exclude,flag_lencnt_out_of_range,flag_lencnt_out_of_range,1,,,,,,audit_only_family
15,7646,20,side_impactor,impactor_vehicle,X_Exclude,flag_pdof_family_mismatch,flag_pdof_family_mismatch,1,,,,,,not_subject_vehicle
15,7646,20,side_impactor,impactor_vehicle,X_Exclude,flag_side_imppnt_mismatch,flag_side_imppnt_mismatch,1,,,,,,not_subject_vehicle
395,7648,477,side_impactor,impactor_vehicle,X_Exclude,flag_lencnt_out_of_range,flag_lencnt_out_of_range,1,,,,,,not_subject_vehicle
395,7648,477,side_impactor,impactor_vehicle,X_Exclude,flag_pdof_family_mismatch,flag_pdof_family_mismatch,1,,,,,,not_subject_vehicle
408,7650,491,side_impactor,impactor_vehicle,X_Exclude,flag_lencnt_out_of_range,flag_lencnt_out_of_range,1,,,,,,not_subject_vehicle
408,7650,491,side_impactor,impactor_vehicle,X_Exclude,flag_pdof_family_mismatch,flag_pdof_family_mismatch,1,,,,,,not_subject_vehicle
408,7650,491,side_impactor,impactor_vehicle,X_Exclude,flag_side_imppnt_mismatch,flag_side_imppnt_mismatch,1,,,,,,not_subject_vehicle
137,7656,161,research_other,subject_vehicle,C_MaxOnly,flag_lencnt_out_of_range,flag_lencnt_out_of_range,1,,,,,,audit_only_family
146,7657,171,research_other,subject_vehicle,X_Exclude,flag_lencnt_out_of_range,flag_lencnt_out_of_range,1,,,,,,audit_only_family
172,7658,201,research_other,subject_vehicle,X_Exclude,flag_lencnt_out_of_range,flag_lencnt_out_of_range,1,,,,,,audit_only_family
184,7659,215,research_other,subject_vehicle,X_Exclude,flag_lencnt_out_of_range,flag_lencnt_out_of_range,1,,,,,,audit_only_family
188,7660,219,research_other,subject_vehicle,C_MaxOnly,flag_lencnt_out_of_range,flag_lencnt_out_of_range,1,,,,,,audit_only_family
197,7661,230,research_other,subject_vehicle,C_MaxOnly,flag_lencnt_out_of_range,flag_lencnt_out_of_range,1,,,,,,audit_only_family
203,7662,236,research_other,subject_vehicle,C_MaxOnly,flag_lencnt_out_of_range,flag_lencnt_out_of_range,1,,,,,,audit_only_family
206,7663,240,research_other,subject_vehicle,C_MaxOnly,flag_lencnt_out_of_range,flag_lencnt_out_of_range,1,,,,,,audit_only_family
410,7713,494,side_impactor,impactor_vehicle,X_Exclude,flag_lencnt_out_of_range,flag_lencnt_out_of_range,1,,,,,,not_subject_vehicle
410,7713,494,side_impactor,impactor_vehicle,X_Exclude,flag_pdof_family_mismatch,flag_pdof_family_mismatch,1,,,,,,not_subject_vehicle
411,7714,496,side_impactor,impactor_vehicle,X_Exclude,flag_lencnt_out_of_range,flag_lencnt_out_of_range,1,,,,,,not_subject_vehicle
411,7714,496,side_impactor,impactor_vehicle,X_Exclude,flag_pdof_family_mismatch,flag_pdof_family_mismatch,1,,,,,,not_subject_vehicle
413,7716,499,static_airbag,subject_vehicle,X_Exclude,flag_lencnt_out_of_range,flag_lencnt_out_of_range,1,,,,,,audit_only_family
416,7719,502,side,subject_vehicle,C_MaxOnly,flag_lencnt_out_of_range,flag_lencnt_out_of_range,1,,,345.0,460.0,,flag_lencnt_out_of_range
416,7719,502,side,subject_vehicle,C_MaxOnly,flag_pdof_family_mismatch,flag_pdof_family_mismatch,1,,,345.0,460.0,,flag_pdof_family_mismatch
416,7719,502,side,subject_vehicle,C_MaxOnly,flag_side_imppnt_mismatch,flag_side_imppnt_mismatch,1,,,345.0,460.0,,flag_side_imppnt_mismatch
420,7721,506,static_airbag,subject_vehicle,X_Exclude,flag_lencnt_out_of_range,flag_lencnt_out_of_range,1,,,,,,audit_only_family
404,7722,487,static_airbag,subject_vehicle,X_Exclude,flag_lencnt_out_of_range,flag_lencnt_out_of_range,1,,,,,,audit_only_family
405,7723,488,static_airbag,subject_vehicle,X_Exclude,flag_lencnt_out_of_range,flag_lencnt_out_of_range,1,,,,,,audit_only_family
406,7724,489,static_airbag,subject_vehicle,X_Exclude,flag_lencnt_out_of_range,flag_lencnt_out_of_range,1,,,,,,audit_only_family
407,7725,490,static_airbag,subject_vehicle,X_Exclude,flag_lencnt_out_of_range,flag_lencnt_out_of_range,1,,,,,,audit_only_family
370,7727,448,static_airbag,subject_vehicle,X_Exclude,flag_lencnt_out_of_range,flag_lencnt_out_of_range,1,,,,,,audit_only_family
417,7728,503,static_airbag,subject_vehicle,X_Exclude,flag_lencnt_out_of_range,flag_lencnt_out_of_range,1,,,,,,audit_only_family
424,7731,510,side_impactor,impactor_vehicle,X_Exclude,flag_lencnt_out_of_range,flag_lencnt_out_of_range,1,,,,,,not_subject_vehicle
424,7731,510,side_impactor,impactor_vehicle,X_Exclude,flag_pdof_family_mismatch,flag_pdof_family_mismatch,1,,,,,,not_subject_vehicle
429,7733,516,side_impactor,impactor_vehicle,X_Exclude,flag_lencnt_out_of_range,flag_lencnt_out_of_range,1,,,,,,not_subject_vehicle
429,7733,516,side_impactor,impactor_vehicle,X_Exclude,flag_pdof_family_mismatch,flag_pdof_family_mismatch,1,,,,,,not_subject_vehicle
435,7737,523,side_impactor,impactor_vehicle,X_Exclude,flag_lencnt_out_of_range,flag_lencnt_out_of_range,1,,,,,,not_subject_vehicle
435,7737,523,side_impactor,impactor_vehicle,X_Exclude,flag_pdof_family_mismatch,flag_pdof_family_mismatch,1,,,,,,not_subject_vehicle
436,7738,525,side_impactor,impactor_vehicle,X_Exclude,flag_lencnt_out_of_range,flag_lencnt_out_of_range,1,,,,,,not_subject_vehicle
436,7738,525,side_impactor,impactor_vehicle,X_Exclude,flag_pdof_family_mismatch,flag_pdof_family_mismatch,1,,,,,,not_subject_vehicle
437,7739,527,side_impactor,impactor_vehicle,X_Exclude,flag_lencnt_out_of_range,flag_lencnt_out_of_range,1,,,,,,not_subject_vehicle
437,7739,527,side_impactor,impactor_vehicle,X_Exclude,flag_pdof_family_mismatch,flag_pdof_family_mismatch,1,,,,,,not_subject_vehicle
409,7741,493,static_airbag,subject_vehicle,X_Exclude,flag_lencnt_out_of_range,flag_lencnt_out_of_range,1,,,,,,audit_only_family
443,7743,534,side_impactor,impactor_vehicle,X_Exclude,flag_lencnt_out_of_range,flag_lencnt_out_of_range,1,,,,,,not_subject_vehicle
443,7743,534,side_impactor,impactor_vehicle,X_Exclude,flag_pdof_family_mismatch,flag_pdof_family_mismatch,1,,,,,,not_subject_vehicle
444,7745,536,side_impactor,impactor_vehicle,X_Exclude,flag_lencnt_out_of_range,flag_lencnt_out_of_range,1,,,,,,not_subject_vehicle
444,7745,536,side_impactor,impactor_vehicle,X_Exclude,flag_pdof_family_mismatch,flag_pdof_family_mismatch,1,,,,,,not_subject_vehicle
444,7745,536,side_impactor,impactor_vehicle,X_Exclude,flag_side_imppnt_mismatch,flag_side_imppnt_mismatch,1,,,,,,not_subject_vehicle
450,7749,543,side_impactor,impactor_vehicle,X_Exclude,flag_pdof_family_mismatch,flag_pdof_family_mismatch,1,,,,,,not_subject_vehicle
450,7749,543,side_impactor,impactor_vehicle,X_Exclude,flag_side_imppnt_mismatch,flag_side_imppnt_mismatch,1,,,,,,not_subject_vehicle
450,7749,544,side_impactor,subject_vehicle,C_MaxOnly,flag_lencnt_out_of_range,flag_lencnt_out_of_range,1,,09LPEW2,270.0,164.0,,flag_lencnt_out_of_range
450,7749,544,side_impactor,subject_vehicle,C_MaxOnly,flag_side_imppnt_mismatch,flag_side_imppnt_mismatch,1,,09LPEW2,270.0,164.0,,flag_side_imppnt_mismatch
455,7750,549,side_impactor,impactor_vehicle,X_Exclude,flag_lencnt_out_of_range,flag_lencnt_out_of_range,1,,,,,,not_subject_vehicle
455,7750,549,side_impactor,impactor_vehicle,X_Exclude,flag_pdof_family_mismatch,flag_pdof_family_mismatch,1,,,,,,not_subject_vehicle
457,7752,552,side_impactor,impactor_vehicle,X_Exclude,flag_lencnt_out_of_range,flag_lencnt_out_of_range,1,,,,,,not_subject_vehicle
457,7752,552,side_impactor,impactor_vehicle,X_Exclude,flag_pdof_family_mismatch,flag_pdof_family_mismatch,1,,,,,,not_subject_vehicle
461,7753,558,side_impactor,impactor_vehicle,X_Exclude,flag_lencnt_out_of_range,flag_lencnt_out_of_range,1,,,,,,not_subject_vehicle
461,7753,558,side_impactor,impactor_vehicle,X_Exclude,flag_pdof_family_mismatch,flag_pdof_family_mismatch,1,,,,,,not_subject_vehicle
465,7757,563,static_airbag,subject_vehicle,X_Exclude,flag_lencnt_out_of_range,flag_lencnt_out_of_range,1,,,,,,audit_only_family
466,7758,564,static_airbag,subject_vehicle,X_Exclude,flag_lencnt_out_of_range,flag_lencnt_out_of_range,1,,,,,,audit_only_family
433,7767,521,static_airbag,subject_vehicle,X_Exclude,flag_lencnt_out_of_range,flag_lencnt_out_of_range,1,,,,,,audit_only_family
467,7768,565,side_impactor,impactor_vehicle,X_Exclude,flag_lencnt_out_of_range,flag_lencnt_out_of_range,1,,,,,,not_subject_vehicle
467,7768,565,side_impactor,impactor_vehicle,X_Exclude,flag_pdof_family_mismatch,flag_pdof_family_mismatch,1,,,,,,not_subject_vehicle
471,7769,570,static_airbag,subject_vehicle,X_Exclude,flag_lencnt_out_of_range,flag_lencnt_out_of_range,1,,,,,,audit_only_family
473,7770,572,static_airbag,subject_vehicle,X_Exclude,flag_lencnt_out_of_range,flag_lencnt_out_of_range,1,,,,,,audit_only_family
468,7771,567,static_airbag,subject_vehicle,X_Exclude,flag_lencnt_out_of_range,flag_lencnt_out_of_range,1,,,,,,audit_only_family
480,7774,579,static_airbag,subject_vehicle,X_Exclude,flag_lencnt_out_of_range,flag_lencnt_out_of_range,1,,,,,,audit_only_family
487,7811,587,static_airbag,subject_vehicle,X_Exclude,flag_lencnt_out_of_range,flag_lencnt_out_of_range,1,,,,,,audit_only_family
488,7853,588,static_airbag,subject_vehicle,X_Exclude,flag_lencnt_out_of_range,flag_lencnt_out_of_range,1,,,,,,audit_only_family
512,7855,618,side_impactor,impactor_vehicle,X_Exclude,flag_lencnt_out_of_range,flag_lencnt_out_of_range,1,,,,,,not_subject_vehicle
512,7855,618,side_impactor,impactor_vehicle,X_Exclude,flag_pdof_family_mismatch,flag_pdof_family_mismatch,1,,,,,,not_subject_vehicle
520,7858,627,side_impactor,impactor_vehicle,X_Exclude,flag_lencnt_out_of_range,flag_lencnt_out_of_range,1,,,,,,not_subject_vehicle
520,7858,627,side_impactor,impactor_vehicle,X_Exclude,flag_pdof_family_mismatch,flag_pdof_family_mismatch,1,,,,,,not_subject_vehicle
520,7858,628,side_impactor,subject_vehicle,A_ProfileValid,flag_side_imppnt_mismatch,flag_side_imppnt_mismatch,1,,10LPAW3,297.0,229.0,188.0,flag_side_imppnt_mismatch
540,7868,649,side_impactor,impactor_vehicle,X_Exclude,flag_lencnt_out_of_range,flag_lencnt_out_of_range,1,,,,,,not_subject_vehicle
540,7868,649,side_impactor,impactor_vehicle,X_Exclude,flag_pdof_family_mismatch,flag_pdof_family_mismatch,1,,,,,,not_subject_vehicle
537,7870,646,side,subject_vehicle,C_MaxOnly,flag_side_imppnt_mismatch,flag_side_imppnt_mismatch,1,,09LPAN3,285.0,316.0,,flag_side_imppnt_mismatch
553,7874,663,side_impactor,impactor_vehicle,X_Exclude,flag_lencnt_out_of_range,flag_lencnt_out_of_range,1,,,,,,not_subject_vehicle
553,7874,663,side_impactor,impactor_vehicle,X_Exclude,flag_pdof_family_mismatch,flag_pdof_family_mismatch,1,,,,,,not_subject_vehicle
556,7877,667,side_impactor,impactor_vehicle,X_Exclude,flag_lencnt_out_of_range,flag_lencnt_out_of_range,1,,,,,,not_subject_vehicle
556,7877,667,side_impactor,impactor_vehicle,X_Exclude,flag_pdof_family_mismatch,flag_pdof_family_mismatch,1,,,,,,not_subject_vehicle
573,7933,686,side_impactor,impactor_vehicle,X_Exclude,flag_lencnt_out_of_range,flag_lencnt_out_of_range,1,,,,,,not_subject_vehicle
573,7933,686,side_impactor,impactor_vehicle,X_Exclude,flag_pdof_family_mismatch,flag_pdof_family_mismatch,1,,,,,,not_subject_vehicle
582,7936,696,side_impactor,impactor_vehicle,X_Exclude,flag_lencnt_out_of_range,flag_lencnt_out_of_range,1,,,,,,not_subject_vehicle
582,7936,696,side_impactor,impactor_vehicle,X_Exclude,flag_pdof_family_mismatch,flag_pdof_family_mismatch,1,,,,,,not_subject_vehicle
496,7939,598,rear,impactor_vehicle,X_Exclude,flag_pdof_family_mismatch,flag_pdof_family_mismatch,1,,,,,,not_subject_vehicle
496,7939,598,rear,impactor_vehicle,X_Exclude,flag_rear_low_confidence,flag_rear_low_confidence,1,,,,,,not_subject_vehicle
497,7940,600,side_impactor,impactor_vehicle,X_Exclude,flag_pdof_family_mismatch,flag_pdof_family_mismatch,1,,,,,,not_subject_vehicle
585,7943,700,side,subject_vehicle,C_MaxOnly,flag_side_imppnt_mismatch,flag_side_imppnt_mismatch,1,,09LPAN3,285.0,447.0,,flag_side_imppnt_mismatch
586,7944,701,side_impactor,impactor_vehicle,X_Exclude,flag_lencnt_out_of_range,flag_lencnt_out_of_range,1,,,,,,not_subject_vehicle
586,7944,701,side_impactor,impactor_vehicle,X_Exclude,flag_pdof_family_mismatch,flag_pdof_family_mismatch,1,,,,,,not_subject_vehicle
586,7944,701,side_impactor,impactor_vehicle,X_Exclude,flag_side_imppnt_mismatch,flag_side_imppnt_mismatch,1,,,,,,not_subject_vehicle
588,7945,704,side_impactor,impactor_vehicle,X_Exclude,flag_lencnt_out_of_range,flag_lencnt_out_of_range,1,,,,,,not_subject_vehicle
588,7945,704,side_impactor,impactor_vehicle,X_Exclude,flag_pdof_family_mismatch,flag_pdof_family_mismatch,1,,,,,,not_subject_vehicle
612,7954,731,side_impactor,impactor_vehicle,X_Exclude,flag_lencnt_out_of_range,flag_lencnt_out_of_range,1,,,,,,not_subject_vehicle
612,7954,731,side_impactor,impactor_vehicle,X_Exclude,flag_pdof_family_mismatch,flag_pdof_family_mismatch,1,,,,,,not_subject_vehicle
611,7967,729,side_impactor,impactor_vehicle,X_Exclude,flag_lencnt_out_of_range,flag_lencnt_out_of_range,1,,,,,,not_subject_vehicle
611,7967,729,side_impactor,impactor_vehicle,X_Exclude,flag_pdof_family_mismatch,flag_pdof_family_mismatch,1,,,,,,not_subject_vehicle
616,7968,736,side_impactor,impactor_vehicle,X_Exclude,flag_lencnt_out_of_range,flag_lencnt_out_of_range,1,,,,,,not_subject_vehicle
616,7968,736,side_impactor,impactor_vehicle,X_Exclude,flag_pdof_family_mismatch,flag_pdof_family_mismatch,1,,,,,,not_subject_vehicle
619,7970,741,side_impactor,impactor_vehicle,X_Exclude,flag_lencnt_out_of_range,flag_lencnt_out_of_range,1,,,,,,not_subject_vehicle
619,7970,741,side_impactor,impactor_vehicle,X_Exclude,flag_pdof_family_mismatch,flag_pdof_family_mismatch,1,,,,,,not_subject_vehicle
636,7980,761,side,subject_vehicle,B_ProfilePartial,flag_pdof_family_mismatch,flag_pdof_family_mismatch,1,,10LPAN3,0.0,348.0,320.0,flag_pdof_family_mismatch
637,7981,762,side_impactor,impactor_vehicle,X_Exclude,flag_lencnt_out_of_range,flag_lencnt_out_of_range,1,,,,,,not_subject_vehicle
637,7981,762,side_impactor,impactor_vehicle,X_Exclude,flag_pdof_family_mismatch,flag_pdof_family_mismatch,1,,,,,,not_subject_vehicle
634,7984,758,side_impactor,impactor_vehicle,X_Exclude,flag_lencnt_out_of_range,flag_lencnt_out_of_range,1,,,,,,not_subject_vehicle
634,7984,758,side_impactor,impactor_vehicle,X_Exclude,flag_pdof_family_mismatch,flag_pdof_family_mismatch,1,,,,,,not_subject_vehicle
640,7985,766,side_impactor,impactor_vehicle,X_Exclude,flag_pdof_family_mismatch,flag_pdof_family_mismatch,1,,,,,,not_subject_vehicle
642,7986,769,side_impactor,impactor_vehicle,X_Exclude,flag_pdof_family_mismatch,flag_pdof_family_mismatch,1,,,,,,not_subject_vehicle
642,7986,769,side_impactor,impactor_vehicle,X_Exclude,flag_side_imppnt_mismatch,flag_side_imppnt_mismatch,1,,,,,,not_subject_vehicle
646,7990,774,side_impactor,impactor_vehicle,X_Exclude,flag_lencnt_out_of_range,flag_lencnt_out_of_range,1,,,,,,not_subject_vehicle
646,7990,774,side_impactor,impactor_vehicle,X_Exclude,flag_pdof_family_mismatch,flag_pdof_family_mismatch,1,,,,,,not_subject_vehicle
630,7993,753,frontal_barrier,subject_vehicle,A_ProfileValid,flag_crhdst_lt_dpdmax,flag_crhdst_lt_dpdmax,1,,11FDEW3,0.0,312.0,609.0,flag_crhdst_lt_dpdmax
651,7994,780,side_impactor,impactor_vehicle,X_Exclude,flag_pdof_family_mismatch,flag_pdof_family_mismatch,1,,,,,,not_subject_vehicle
651,7994,781,side_impactor,subject_vehicle,C_MaxOnly,flag_side_imppnt_mismatch,flag_side_imppnt_mismatch,1,,09LPEW2,270.0,188.0,,flag_side_imppnt_mismatch
650,7995,779,frontal_barrier,subject_vehicle,B_ProfilePartial,flag_damdst_out_of_range,flag_damdst_out_of_range,1,,12FDEW3,0.0,403.0,340.0,flag_damdst_out_of_range
658,7998,788,side_impactor,impactor_vehicle,X_Exclude,flag_lencnt_out_of_range,flag_lencnt_out_of_range,1,,,,,,not_subject_vehicle
658,7998,788,side_impactor,impactor_vehicle,X_Exclude,flag_pdof_family_mismatch,flag_pdof_family_mismatch,1,,,,,,not_subject_vehicle
659,7999,790,side,subject_vehicle,B_ProfilePartial,flag_pdof_family_mismatch,flag_pdof_family_mismatch,1,,10LPAN3,0.0,362.0,341.0,flag_pdof_family_mismatch
659,7999,790,side,subject_vehicle,B_ProfilePartial,flag_side_imppnt_mismatch,flag_side_imppnt_mismatch,1,,10LPAN3,0.0,362.0,341.0,flag_side_imppnt_mismatch
668,8002,799,side_impactor,impactor_vehicle,X_Exclude,flag_pdof_family_mismatch,flag_pdof_family_mismatch,1,,,,,,not_subject_vehicle
668,8002,799,side_impactor,impactor_vehicle,X_Exclude,flag_side_imppnt_mismatch,flag_side_imppnt_mismatch,1,,,,,,not_subject_vehicle
672,8025,804,side_impactor,impactor_vehicle,X_Exclude,flag_pdof_family_mismatch,flag_pdof_family_mismatch,1,,,,,,not_subject_vehicle
672,8025,805,side_impactor,subject_vehicle,C_MaxOnly,flag_side_imppnt_mismatch,flag_side_imppnt_mismatch,1,,09LPEW2,270.0,179.0,,flag_side_imppnt_mismatch
676,8028,809,side,subject_vehicle,C_MaxOnly,flag_lencnt_out_of_range,flag_lencnt_out_of_range,1,,10LPAW3,285.0,373.0,,flag_lencnt_out_of_range
678,8031,811,side_impactor,impactor_vehicle,X_Exclude,flag_lencnt_out_of_range,flag_lencnt_out_of_range,1,,,,,,not_subject_vehicle
678,8031,811,side_impactor,impactor_vehicle,X_Exclude,flag_pdof_family_mismatch,flag_pdof_family_mismatch,1,,,,,,not_subject_vehicle
684,8033,818,side_impactor,impactor_vehicle,X_Exclude,flag_lencnt_out_of_range,flag_lencnt_out_of_range,1,,,,,,not_subject_vehicle
684,8033,818,side_impactor,impactor_vehicle,X_Exclude,flag_pdof_family_mismatch,flag_pdof_family_mismatch,1,,,,,,not_subject_vehicle
696,8039,831,side_impactor,impactor_vehicle,X_Exclude,flag_lencnt_out_of_range,flag_lencnt_out_of_range,1,,,,,,not_subject_vehicle
696,8039,831,side_impactor,impactor_vehicle,X_Exclude,flag_pdof_family_mismatch,flag_pdof_family_mismatch,1,,,,,,not_subject_vehicle
699,8040,835,side,subject_vehicle,B_ProfilePartial,flag_pdof_family_mismatch,flag_pdof_family_mismatch,1,,09LPAN4,0.0,406.0,377.0,flag_pdof_family_mismatch
701,8041,838,side_impactor,impactor_vehicle,X_Exclude,flag_pdof_family_mismatch,flag_pdof_family_mismatch,1,,,,,,not_subject_vehicle
701,8041,838,side_impactor,impactor_vehicle,X_Exclude,flag_side_imppnt_mismatch,flag_side_imppnt_mismatch,1,,,,,,not_subject_vehicle
458,8044,554,side_impactor,impactor_vehicle,X_Exclude,flag_lencnt_out_of_range,flag_lencnt_out_of_range,1,,,,,,not_subject_vehicle
458,8044,554,side_impactor,impactor_vehicle,X_Exclude,flag_pdof_family_mismatch,flag_pdof_family_mismatch,1,,,,,,not_subject_vehicle
709,8047,847,side_impactor,impactor_vehicle,X_Exclude,flag_lencnt_out_of_range,flag_lencnt_out_of_range,1,,,,,,not_subject_vehicle
709,8047,847,side_impactor,impactor_vehicle,X_Exclude,flag_pdof_family_mismatch,flag_pdof_family_mismatch,1,,,,,,not_subject_vehicle
708,8050,846,side,subject_vehicle,B_ProfilePartial,flag_pdof_family_mismatch,flag_pdof_family_mismatch,1,,9LPAW3,0.0,438.0,421.0,flag_pdof_family_mismatch
708,8050,846,side,subject_vehicle,B_ProfilePartial,flag_side_imppnt_mismatch,flag_side_imppnt_mismatch,1,,9LPAW3,0.0,438.0,421.0,flag_side_imppnt_mismatch
713,8051,852,side_impactor,impactor_vehicle,X_Exclude,flag_pdof_family_mismatch,flag_pdof_family_mismatch,1,,,,,,not_subject_vehicle
715,8053,855,side_impactor,impactor_vehicle,X_Exclude,flag_lencnt_out_of_range,flag_lencnt_out_of_range,1,,,,,,not_subject_vehicle
715,8053,855,side_impactor,impactor_vehicle,X_Exclude,flag_pdof_family_mismatch,flag_pdof_family_mismatch,1,,,,,,not_subject_vehicle
717,8054,858,side_impactor,impactor_vehicle,X_Exclude,flag_lencnt_out_of_range,flag_lencnt_out_of_range,1,,,,,,not_subject_vehicle
717,8054,858,side_impactor,impactor_vehicle,X_Exclude,flag_pdof_family_mismatch,flag_pdof_family_mismatch,1,,,,,,not_subject_vehicle
717,8054,859,side_impactor,subject_vehicle,A_ProfileValid,flag_side_imppnt_mismatch,flag_side_imppnt_mismatch,1,,10LPAW3,297.0,267.0,267.0,flag_side_imppnt_mismatch
719,8058,861,side_impactor,impactor_vehicle,X_Exclude,flag_lencnt_out_of_range,flag_lencnt_out_of_range,1,,,,,,not_subject_vehicle
719,8058,861,side_impactor,impactor_vehicle,X_Exclude,flag_pdof_family_mismatch,flag_pdof_family_mismatch,1,,,,,,not_subject_vehicle
722,8059,865,side_impactor,impactor_vehicle,X_Exclude,flag_pdof_family_mismatch,flag_pdof_family_mismatch,1,,,,,,not_subject_vehicle
722,8059,865,side_impactor,impactor_vehicle,X_Exclude,flag_side_imppnt_mismatch,flag_side_imppnt_mismatch,1,,,,,,not_subject_vehicle
722,8059,866,side_impactor,subject_vehicle,C_MaxOnly,flag_side_imppnt_mismatch,flag_side_imppnt_mismatch,1,,09LPEW2,270.0,195.0,,flag_side_imppnt_mismatch
592,8061,709,frontal_barrier,subject_vehicle,X_Exclude,flag_crhdst_lt_dpdmax,flag_crhdst_lt_dpdmax,1,,,0.0,0.0,,insufficient_deformation_signal
661,8062,792,frontal_barrier,subject_vehicle,X_Exclude,flag_crhdst_lt_dpdmax,flag_crhdst_lt_dpdmax,1,,,0.0,0.0,,insufficient_deformation_signal
724,8063,869,side_impactor,impactor_vehicle,X_Exclude,flag_pdof_family_mismatch,flag_pdof_family_mismatch,1,,,,,,not_subject_vehicle
724,8063,869,side_impactor,impactor_vehicle,X_Exclude,flag_side_imppnt_mismatch,flag_side_imppnt_mismatch,1,,,,,,not_subject_vehicle
726,8064,872,frontal_barrier,subject_vehicle,A_ProfileValid,flag_crhdst_lt_dpdmax,flag_crhdst_lt_dpdmax,1,,12FDEWX,0.0,262.0,339.0,flag_crhdst_lt_dpdmax
729,8065,875,side_impactor,impactor_vehicle,X_Exclude,flag_lencnt_out_of_range,flag_lencnt_out_of_range,1,,,,,,not_subject_vehicle
729,8065,875,side_impactor,impactor_vehicle,X_Exclude,flag_pdof_family_mismatch,flag_pdof_family_mismatch,1,,,,,,not_subject_vehicle
418,8067,504,side,subject_vehicle,C_MaxOnly,flag_lencnt_out_of_range,flag_lencnt_out_of_range,1,,,345.0,599.0,,flag_lencnt_out_of_range
418,8067,504,side,subject_vehicle,C_MaxOnly,flag_pdof_family_mismatch,flag_pdof_family_mismatch,1,,,345.0,599.0,,flag_pdof_family_mismatch
738,8069,886,side_impactor,impactor_vehicle,X_Exclude,flag_lencnt_out_of_range,flag_lencnt_out_of_range,1,,,,,,not_subject_vehicle
738,8069,886,side_impactor,impactor_vehicle,X_Exclude,flag_pdof_family_mismatch,flag_pdof_family_mismatch,1,,,,,,not_subject_vehicle
744,8072,894,side_impactor,impactor_vehicle,X_Exclude,flag_lencnt_out_of_range,flag_lencnt_out_of_range,1,,,,,,not_subject_vehicle
744,8072,894,side_impactor,impactor_vehicle,X_Exclude,flag_pdof_family_mismatch,flag_pdof_family_mismatch,1,,,,,,not_subject_vehicle
756,8074,909,side_impactor,impactor_vehicle,X_Exclude,flag_lencnt_out_of_range,flag_lencnt_out_of_range,1,,,,,,not_subject_vehicle
756,8074,909,side_impactor,impactor_vehicle,X_Exclude,flag_pdof_family_mismatch,flag_pdof_family_mismatch,1,,,,,,not_subject_vehicle
764,8076,920,side,subject_vehicle,C_MaxOnly,flag_lencnt_out_of_range,flag_lencnt_out_of_range,1,,,345.0,603.0,,flag_lencnt_out_of_range
764,8076,920,side,subject_vehicle,C_MaxOnly,flag_pdof_family_mismatch,flag_pdof_family_mismatch,1,,,345.0,603.0,,flag_pdof_family_mismatch
759,8078,913,side_impactor,impactor_vehicle,X_Exclude,flag_lencnt_out_of_range,flag_lencnt_out_of_range,1,,,,,,not_subject_vehicle
759,8078,913,side_impactor,impactor_vehicle,X_Exclude,flag_pdof_family_mismatch,flag_pdof_family_mismatch,1,,,,,,not_subject_vehicle
765,8079,921,side_impactor,impactor_vehicle,X_Exclude,flag_lencnt_out_of_range,flag_lencnt_out_of_range,1,,,,,,not_subject_vehicle
765,8079,921,side_impactor,impactor_vehicle,X_Exclude,flag_pdof_family_mismatch,flag_pdof_family_mismatch,1,,,,,,not_subject_vehicle
772,8082,931,side_impactor,impactor_vehicle,X_Exclude,flag_lencnt_out_of_range,flag_lencnt_out_of_range,1,,,,,,not_subject_vehicle
772,8082,931,side_impactor,impactor_vehicle,X_Exclude,flag_pdof_family_mismatch,flag_pdof_family_mismatch,1,,,,,,not_subject_vehicle
777,8092,937,side_impactor,impactor_vehicle,X_Exclude,flag_lencnt_out_of_range,flag_lencnt_out_of_range,1,,,,,,not_subject_vehicle
777,8092,937,side_impactor,impactor_vehicle,X_Exclude,flag_pdof_family_mismatch,flag_pdof_family_mismatch,1,,,,,,not_subject_vehicle
792,8101,956,side_impactor,impactor_vehicle,X_Exclude,flag_lencnt_out_of_range,flag_lencnt_out_of_range,1,,,,,,not_subject_vehicle
792,8101,956,side_impactor,impactor_vehicle,X_Exclude,flag_pdof_family_mismatch,flag_pdof_family_mismatch,1,,,,,,not_subject_vehicle
793,8102,958,side_impactor,impactor_vehicle,X_Exclude,flag_lencnt_out_of_range,flag_lencnt_out_of_range,1,,,,,,not_subject_vehicle
793,8102,958,side_impactor,impactor_vehicle,X_Exclude,flag_pdof_family_mismatch,flag_pdof_family_mismatch,1,,,,,,not_subject_vehicle
799,8105,966,side_impactor,impactor_vehicle,X_Exclude,flag_pdof_family_mismatch,flag_pdof_family_mismatch,1,,,,,,not_subject_vehicle
804,8108,973,side_impactor,impactor_vehicle,X_Exclude,flag_lencnt_out_of_range,flag_lencnt_out_of_range,1,,,,,,not_subject_vehicle
804,8108,973,side_impactor,impactor_vehicle,X_Exclude,flag_pdof_family_mismatch,flag_pdof_family_mismatch,1,,,,,,not_subject_vehicle
780,8111,942,static_airbag,subject_vehicle,X_Exclude,flag_lencnt_out_of_range,flag_lencnt_out_of_range,1,,,,,,audit_only_family
782,8112,944,static_airbag,subject_vehicle,X_Exclude,flag_lencnt_out_of_range,flag_lencnt_out_of_range,1,,,,,,audit_only_family
783,8113,945,static_airbag,subject_vehicle,X_Exclude,flag_lencnt_out_of_range,flag_lencnt_out_of_range,1,,,,,,audit_only_family
784,8114,946,static_airbag,subject_vehicle,X_Exclude,flag_lencnt_out_of_range,flag_lencnt_out_of_range,1,,,,,,audit_only_family
785,8115,947,static_airbag,subject_vehicle,X_Exclude,flag_lencnt_out_of_range,flag_lencnt_out_of_range,1,,,,,,audit_only_family
787,8116,950,static_airbag,subject_vehicle,X_Exclude,flag_lencnt_out_of_range,flag_lencnt_out_of_range,1,,,,,,audit_only_family
827,8117,1000,static_airbag,subject_vehicle,X_Exclude,flag_lencnt_out_of_range,flag_lencnt_out_of_range,1,,,,,,audit_only_family
835,8118,1008,side,subject_vehicle,B_ProfilePartial,flag_pdof_family_mismatch,flag_pdof_family_mismatch,1,,10LPAN3,0.0,323.0,314.0,flag_pdof_family_mismatch
937,8119,1120,static_airbag,subject_vehicle,X_Exclude,flag_lencnt_out_of_range,flag_lencnt_out_of_range,1,,,,,,audit_only_family
936,8120,1119,static_airbag,subject_vehicle,X_Exclude,flag_lencnt_out_of_range,flag_lencnt_out_of_range,1,,,,,,audit_only_family
816,8121,988,static_airbag,subject_vehicle,X_Exclude,flag_lencnt_out_of_range,flag_lencnt_out_of_range,1,,,,,,audit_only_family
817,8122,989,static_airbag,subject_vehicle,X_Exclude,flag_lencnt_out_of_range,flag_lencnt_out_of_range,1,,,,,,audit_only_family
818,8123,990,static_airbag,subject_vehicle,X_Exclude,flag_lencnt_out_of_range,flag_lencnt_out_of_range,1,,,,,,audit_only_family
821,8124,993,static_airbag,subject_vehicle,X_Exclude,flag_lencnt_out_of_range,flag_lencnt_out_of_range,1,,,,,,audit_only_family
851,8126,1024,side_impactor,impactor_vehicle,X_Exclude,flag_pdof_family_mismatch,flag_pdof_family_mismatch,1,,,,,,not_subject_vehicle
851,8126,1024,side_impactor,impactor_vehicle,X_Exclude,flag_side_imppnt_mismatch,flag_side_imppnt_mismatch,1,,,,,,not_subject_vehicle
864,8143,1038,static_airbag,subject_vehicle,X_Exclude,flag_lencnt_out_of_range,flag_lencnt_out_of_range,1,,,,,,audit_only_family
867,8145,1041,static_airbag,subject_vehicle,X_Exclude,flag_lencnt_out_of_range,flag_lencnt_out_of_range,1,,,,,,audit_only_family
870,8146,1044,static_airbag,subject_vehicle,X_Exclude,flag_lencnt_out_of_range,flag_lencnt_out_of_range,1,,,,,,audit_only_family
881,8149,1055,side_impactor,impactor_vehicle,X_Exclude,flag_lencnt_out_of_range,flag_lencnt_out_of_range,1,,,,,,not_subject_vehicle
881,8149,1055,side_impactor,impactor_vehicle,X_Exclude,flag_pdof_family_mismatch,flag_pdof_family_mismatch,1,,,,,,not_subject_vehicle
884,8150,1059,side_impactor,impactor_vehicle,X_Exclude,flag_lencnt_out_of_range,flag_lencnt_out_of_range,1,,,,,,not_subject_vehicle
884,8150,1059,side_impactor,impactor_vehicle,X_Exclude,flag_pdof_family_mismatch,flag_pdof_family_mismatch,1,,,,,,not_subject_vehicle
900,8157,1077,side_impactor,impactor_vehicle,X_Exclude,flag_lencnt_out_of_range,flag_lencnt_out_of_range,1,,,,,,not_subject_vehicle
900,8157,1077,side_impactor,impactor_vehicle,X_Exclude,flag_pdof_family_mismatch,flag_pdof_family_mismatch,1,,,,,,not_subject_vehicle
900,8157,1078,side_impactor,subject_vehicle,A_ProfileValid,flag_side_imppnt_mismatch,flag_side_imppnt_mismatch,1,,10LPAW3,297.0,138.0,110.0,flag_side_imppnt_mismatch
868,8181,1042,static_airbag,subject_vehicle,X_Exclude,flag_lencnt_out_of_range,flag_lencnt_out_of_range,1,,,,,,audit_only_family
869,8182,1043,static_airbag,subject_vehicle,X_Exclude,flag_lencnt_out_of_range,flag_lencnt_out_of_range,1,,,,,,audit_only_family
893,8183,1069,static_airbag,subject_vehicle,X_Exclude,flag_lencnt_out_of_range,flag_lencnt_out_of_range,1,,,,,,audit_only_family
909,8184,1087,side_impactor,impactor_vehicle,X_Exclude,flag_lencnt_out_of_range,flag_lencnt_out_of_range,1,,,,,,not_subject_vehicle
909,8184,1087,side_impactor,impactor_vehicle,X_Exclude,flag_pdof_family_mismatch,flag_pdof_family_mismatch,1,,,,,,not_subject_vehicle
910,8185,1089,side_impactor,impactor_vehicle,X_Exclude,flag_pdof_family_mismatch,flag_pdof_family_mismatch,1,,,,,,not_subject_vehicle
921,8192,1102,static_airbag,subject_vehicle,X_Exclude,flag_lencnt_out_of_range,flag_lencnt_out_of_range,1,,,,,,audit_only_family
926,8194,1107,static_airbag,subject_vehicle,X_Exclude,flag_lencnt_out_of_range,flag_lencnt_out_of_range,1,,,,,,audit_only_family
929,8205,1111,side_impactor,impactor_vehicle,X_Exclude,flag_lencnt_out_of_range,flag_lencnt_out_of_range,1,,,,,,not_subject_vehicle
929,8205,1111,side_impactor,impactor_vehicle,X_Exclude,flag_pdof_family_mismatch,flag_pdof_family_mismatch,1,,,,,,not_subject_vehicle
916,8206,1096,static_airbag,subject_vehicle,X_Exclude,flag_lencnt_out_of_range,flag_lencnt_out_of_range,1,,,,,,audit_only_family
917,8207,1097,static_airbag,subject_vehicle,X_Exclude,flag_lencnt_out_of_range,flag_lencnt_out_of_range,1,,,,,,audit_only_family
947,8214,1133,side_impactor,impactor_vehicle,X_Exclude,flag_lencnt_out_of_range,flag_lencnt_out_of_range,1,,,,,,not_subject_vehicle
947,8214,1133,side_impactor,impactor_vehicle,X_Exclude,flag_pdof_family_mismatch,flag_pdof_family_mismatch,1,,,,,,not_subject_vehicle
949,8216,1136,side_impactor,impactor_vehicle,X_Exclude,flag_lencnt_out_of_range,flag_lencnt_out_of_range,1,,,,,,not_subject_vehicle
949,8216,1136,side_impactor,impactor_vehicle,X_Exclude,flag_pdof_family_mismatch,flag_pdof_family_mismatch,1,,,,,,not_subject_vehicle
956,8219,1145,side_impactor,impactor_vehicle,X_Exclude,flag_lencnt_out_of_range,flag_lencnt_out_of_range,1,,,,,,not_subject_vehicle
956,8219,1145,side_impactor,impactor_vehicle,X_Exclude,flag_pdof_family_mismatch,flag_pdof_family_mismatch,1,,,,,,not_subject_vehicle
938,8220,1121,static_airbag,subject_vehicle,X_Exclude,flag_lencnt_out_of_range,flag_lencnt_out_of_range,1,,,,,,audit_only_family
940,8221,1123,static_airbag,subject_vehicle,X_Exclude,flag_lencnt_out_of_range,flag_lencnt_out_of_range,1,,,,,,audit_only_family
800,8222,968,static_airbag,subject_vehicle,X_Exclude,flag_lencnt_out_of_range,flag_lencnt_out_of_range,1,,,,,,audit_only_family
939,8223,1122,static_airbag,subject_vehicle,X_Exclude,flag_lencnt_out_of_range,flag_lencnt_out_of_range,1,,,,,,audit_only_family
951,8226,1140,static_airbag,subject_vehicle,X_Exclude,flag_lencnt_out_of_range,flag_lencnt_out_of_range,1,,,,,,audit_only_family
968,8227,1159,static_airbag,subject_vehicle,X_Exclude,flag_lencnt_out_of_range,flag_lencnt_out_of_range,1,,,,,,audit_only_family
970,8228,1162,static_airbag,subject_vehicle,X_Exclude,flag_lencnt_out_of_range,flag_lencnt_out_of_range,1,,,,,,audit_only_family
971,8229,1163,static_airbag,subject_vehicle,X_Exclude,flag_lencnt_out_of_range,flag_lencnt_out_of_range,1,,,,,,audit_only_family
974,8232,1166,static_airbag,subject_vehicle,X_Exclude,flag_lencnt_out_of_range,flag_lencnt_out_of_range,1,,,,,,audit_only_family
1038,8290,1230,frontal_barrier,subject_vehicle,B_ProfilePartial,flag_lencnt_out_of_range,flag_lencnt_out_of_range,1,,12FDEW2,0.0,593.0,541.0,flag_lencnt_out_of_range
1040,8292,1232,side_impactor,impactor_vehicle,X_Exclude,flag_pdof_family_mismatch,flag_pdof_family_mismatch,1,,,,,,not_subject_vehicle
1040,8292,1233,side_impactor,subject_vehicle,C_MaxOnly,flag_lencnt_out_of_range,flag_lencnt_out_of_range,1,,09LPEW2,270.0,206.0,,flag_lencnt_out_of_range
1040,8292,1233,side_impactor,subject_vehicle,C_MaxOnly,flag_side_imppnt_mismatch,flag_side_imppnt_mismatch,1,,09LPEW2,270.0,206.0,,flag_side_imppnt_mismatch
1079,8296,1272,side_impactor,impactor_vehicle,X_Exclude,flag_lencnt_out_of_range,flag_lencnt_out_of_range,1,,,,,,not_subject_vehicle
1079,8296,1272,side_impactor,impactor_vehicle,X_Exclude,flag_pdof_family_mismatch,flag_pdof_family_mismatch,1,,,,,,not_subject_vehicle
1094,8299,1289,side_impactor,impactor_vehicle,X_Exclude,flag_lencnt_out_of_range,flag_lencnt_out_of_range,1,,,,,,not_subject_vehicle
1094,8299,1289,side_impactor,impactor_vehicle,X_Exclude,flag_pdof_family_mismatch,flag_pdof_family_mismatch,1,,,,,,not_subject_vehicle
1100,8310,1296,side_impactor,impactor_vehicle,X_Exclude,flag_lencnt_out_of_range,flag_lencnt_out_of_range,1,,,,,,not_subject_vehicle
1100,8310,1296,side_impactor,impactor_vehicle,X_Exclude,flag_pdof_family_mismatch,flag_pdof_family_mismatch,1,,,,,,not_subject_vehicle
1103,8312,1300,side_impactor,impactor_vehicle,X_Exclude,flag_lencnt_out_of_range,flag_lencnt_out_of_range,1,,,,,,not_subject_vehicle
1103,8312,1300,side_impactor,impactor_vehicle,X_Exclude,flag_pdof_family_mismatch,flag_pdof_family_mismatch,1,,,,,,not_subject_vehicle
1106,8315,1304,side_impactor,impactor_vehicle,X_Exclude,flag_lencnt_out_of_range,flag_lencnt_out_of_range,1,,,,,,not_subject_vehicle
1106,8315,1304,side_impactor,impactor_vehicle,X_Exclude,flag_pdof_family_mismatch,flag_pdof_family_mismatch,1,,,,,,not_subject_vehicle
1108,8317,1307,side_impactor,impactor_vehicle,X_Exclude,flag_pdof_family_mismatch,flag_pdof_family_mismatch,1,,,,,,not_subject_vehicle
1108,8317,1308,side_impactor,subject_vehicle,C_MaxOnly,flag_lencnt_out_of_range,flag_lencnt_out_of_range,1,,09LPEW2,270.0,218.0,,flag_lencnt_out_of_range
1110,8318,1311,side,subject_vehicle,A_ProfileValid,flag_crhdst_lt_dpdmax,flag_crhdst_lt_dpdmax,1,,09LPAN3,285.0,424.0,531.0,flag_crhdst_lt_dpdmax
1111,8319,1312,side,subject_vehicle,C_MaxOnly,flag_lencnt_out_of_range,flag_lencnt_out_of_range,1,,10LPAN3,285.0,342.0,,flag_lencnt_out_of_range
1127,8323,1331,side_impactor,impactor_vehicle,X_Exclude,flag_lencnt_out_of_range,flag_lencnt_out_of_range,1,,,,,,not_subject_vehicle
1127,8323,1331,side_impactor,impactor_vehicle,X_Exclude,flag_pdof_family_mismatch,flag_pdof_family_mismatch,1,,,,,,not_subject_vehicle
1128,8324,1333,side_impactor,impactor_vehicle,X_Exclude,flag_lencnt_out_of_range,flag_lencnt_out_of_range,1,,,,,,not_subject_vehicle
1128,8324,1333,side_impactor,impactor_vehicle,X_Exclude,flag_pdof_family_mismatch,flag_pdof_family_mismatch,1,,,,,,not_subject_vehicle
563,8343,675,side,subject_vehicle,C_MaxOnly,flag_pdof_family_mismatch,flag_pdof_family_mismatch,1,,,0.0,277.0,,flag_pdof_family_mismatch
563,8343,675,side,subject_vehicle,C_MaxOnly,flag_side_imppnt_mismatch,flag_side_imppnt_mismatch,1,,,0.0,277.0,,flag_side_imppnt_mismatch
563,8343,676,side,subject_vehicle,C_MaxOnly,flag_lencnt_out_of_range,flag_lencnt_out_of_range,1,,09LPAN3,297.0,216.0,,flag_lencnt_out_of_range
593,8344,711,research_other,subject_vehicle,C_MaxOnly,flag_lencnt_out_of_range,flag_lencnt_out_of_range,1,,,,,,audit_only_family
618,8345,739,side,subject_vehicle,C_MaxOnly,flag_pdof_family_mismatch,flag_pdof_family_mismatch,1,,,0.0,269.0,,flag_pdof_family_mismatch
618,8345,740,side,subject_vehicle,C_MaxOnly,flag_lencnt_out_of_range,flag_lencnt_out_of_range,1,,,297.0,203.0,,flag_lencnt_out_of_range
631,8346,754,side,subject_vehicle,C_MaxOnly,flag_pdof_family_mismatch,flag_pdof_family_mismatch,1,,,0.0,229.0,,flag_pdof_family_mismatch
631,8346,755,side,subject_vehicle,C_MaxOnly,flag_lencnt_out_of_range,flag_lencnt_out_of_range,1,,,297.0,215.0,,flag_lencnt_out_of_range
700,8347,836,side,subject_vehicle,C_MaxOnly,flag_pdof_family_mismatch,flag_pdof_family_mismatch,1,,,0.0,193.0,,flag_pdof_family_mismatch
700,8347,837,side,subject_vehicle,C_MaxOnly,flag_lencnt_out_of_range,flag_lencnt_out_of_range,1,,,293.0,224.0,,flag_lencnt_out_of_range
723,8348,867,side,subject_vehicle,C_MaxOnly,flag_pdof_family_mismatch,flag_pdof_family_mismatch,1,,,0.0,155.0,,flag_pdof_family_mismatch
723,8348,868,side,subject_vehicle,C_MaxOnly,flag_lencnt_out_of_range,flag_lencnt_out_of_range,1,,,297.0,261.0,,flag_lencnt_out_of_range
766,8349,923,side,subject_vehicle,C_MaxOnly,flag_pdof_family_mismatch,flag_pdof_family_mismatch,1,,,0.0,372.0,,flag_pdof_family_mismatch
766,8349,924,side,subject_vehicle,C_MaxOnly,flag_lencnt_out_of_range,flag_lencnt_out_of_range,1,,,297.0,216.0,,flag_lencnt_out_of_range
794,8350,960,side,subject_vehicle,C_MaxOnly,flag_pdof_family_mismatch,flag_pdof_family_mismatch,1,,,0.0,371.0,,flag_pdof_family_mismatch
794,8350,961,side,subject_vehicle,C_MaxOnly,flag_lencnt_out_of_range,flag_lencnt_out_of_range,1,,,297.0,248.0,,flag_lencnt_out_of_range
822,8351,994,side,subject_vehicle,C_MaxOnly,flag_pdof_family_mismatch,flag_pdof_family_mismatch,1,,,0.0,372.0,,flag_pdof_family_mismatch
822,8351,995,side,subject_vehicle,C_MaxOnly,flag_lencnt_out_of_range,flag_lencnt_out_of_range,1,,,297.0,254.0,,flag_lencnt_out_of_range
899,8352,1075,side,subject_vehicle,C_MaxOnly,flag_pdof_family_mismatch,flag_pdof_family_mismatch,1,,,0.0,372.0,,flag_pdof_family_mismatch
899,8352,1076,side,subject_vehicle,C_MaxOnly,flag_lencnt_out_of_range,flag_lencnt_out_of_range,1,,,297.0,199.0,,flag_lencnt_out_of_range
918,8353,1098,side,subject_vehicle,C_MaxOnly,flag_pdof_family_mismatch,flag_pdof_family_mismatch,1,,,0.0,372.0,,flag_pdof_family_mismatch
918,8353,1099,side,subject_vehicle,C_MaxOnly,flag_lencnt_out_of_range,flag_lencnt_out_of_range,1,,,297.0,207.0,,flag_lencnt_out_of_range
927,8354,1108,side,subject_vehicle,C_MaxOnly,flag_pdof_family_mismatch,flag_pdof_family_mismatch,1,,,0.0,372.0,,flag_pdof_family_mismatch
927,8354,1109,side,subject_vehicle,C_MaxOnly,flag_lencnt_out_of_range,flag_lencnt_out_of_range,1,,,297.0,223.0,,flag_lencnt_out_of_range
943,8355,1126,side,subject_vehicle,C_MaxOnly,flag_pdof_family_mismatch,flag_pdof_family_mismatch,1,,,0.0,372.0,,flag_pdof_family_mismatch
943,8355,1127,side,subject_vehicle,C_MaxOnly,flag_lencnt_out_of_range,flag_lencnt_out_of_range,1,,,297.0,199.0,,flag_lencnt_out_of_range
1149,8357,1355,side_impactor,impactor_vehicle,X_Exclude,flag_lencnt_out_of_range,flag_lencnt_out_of_range,1,,,,,,not_subject_vehicle
1149,8357,1355,side_impactor,impactor_vehicle,X_Exclude,flag_pdof_family_mismatch,flag_pdof_family_mismatch,1,,,,,,not_subject_vehicle
1149,8357,1356,side_impactor,subject_vehicle,A_ProfileValid,flag_side_imppnt_mismatch,flag_side_imppnt_mismatch,1,,03LPAW2,297.0,220.0,217.0,flag_side_imppnt_mismatch
1152,8384,1359,side_impactor,impactor_vehicle,X_Exclude,flag_lencnt_out_of_range,flag_lencnt_out_of_range,1,,,,,,not_subject_vehicle
1152,8384,1359,side_impactor,impactor_vehicle,X_Exclude,flag_pdof_family_mismatch,flag_pdof_family_mismatch,1,,,,,,not_subject_vehicle
1152,8384,1360,side_impactor,subject_vehicle,A_ProfileValid,flag_side_imppnt_mismatch,flag_side_imppnt_mismatch,1,,03LPAW2,297.0,183.0,184.0,flag_side_imppnt_mismatch
1154,8386,1362,side,subject_vehicle,A_ProfileValid,flag_crhdst_lt_dpdmax,flag_crhdst_lt_dpdmax,1,,09LPAN3,285.0,333.0,384.0,flag_crhdst_lt_dpdmax
1159,8402,1369,side_impactor,impactor_vehicle,X_Exclude,flag_crhdst_lt_dpdmax,flag_crhdst_lt_dpdmax,1,,,,,,not_subject_vehicle
1159,8402,1369,side_impactor,impactor_vehicle,X_Exclude,flag_lencnt_out_of_range,flag_lencnt_out_of_range,1,,,,,,not_subject_vehicle
1159,8402,1369,side_impactor,impactor_vehicle,X_Exclude,flag_pdof_family_mismatch,flag_pdof_family_mismatch,1,,,,,,not_subject_vehicle
1160,8403,1371,side,subject_vehicle,A_ProfileValid,flag_crhdst_lt_dpdmax,flag_crhdst_lt_dpdmax,1,,09LPAN3,285.0,412.0,500.0,flag_crhdst_lt_dpdmax
1162,8404,1374,static_airbag,subject_vehicle,X_Exclude,flag_lencnt_out_of_range,flag_lencnt_out_of_range,1,,,,,,audit_only_family
1182,8406,1397,side,subject_vehicle,A_ProfileValid,flag_crhdst_lt_dpdmax,flag_crhdst_lt_dpdmax,1,,09LPAN3,285.0,335.0,417.0,flag_crhdst_lt_dpdmax
1188,8408,1406,side,subject_vehicle,A_ProfileValid,flag_crhdst_lt_dpdmax,flag_crhdst_lt_dpdmax,1,,09LPAN3,285.0,446.0,531.0,flag_crhdst_lt_dpdmax
1187,8409,1404,side_impactor,impactor_vehicle,X_Exclude,flag_crhdst_lt_dpdmax,flag_crhdst_lt_dpdmax,1,,,,,,not_subject_vehicle
1187,8409,1404,side_impactor,impactor_vehicle,X_Exclude,flag_lencnt_out_of_range,flag_lencnt_out_of_range,1,,,,,,not_subject_vehicle
1187,8409,1404,side_impactor,impactor_vehicle,X_Exclude,flag_pdof_family_mismatch,flag_pdof_family_mismatch,1,,,,,,not_subject_vehicle
1187,8409,1405,side_impactor,subject_vehicle,A_ProfileValid,flag_side_imppnt_mismatch,flag_side_imppnt_mismatch,1,,03LPAW2,297.0,196.0,193.0,flag_side_imppnt_mismatch
1196,8414,1416,side_impactor,impactor_vehicle,X_Exclude,flag_lencnt_out_of_range,flag_lencnt_out_of_range,1,,,,,,not_subject_vehicle
1196,8414,1416,side_impactor,impactor_vehicle,X_Exclude,flag_pdof_family_mismatch,flag_pdof_family_mismatch,1,,,,,,not_subject_vehicle
1197,8441,1418,side_impactor,impactor_vehicle,X_Exclude,flag_lencnt_out_of_range,flag_lencnt_out_of_range,1,,,,,,not_subject_vehicle
1197,8441,1418,side_impactor,impactor_vehicle,X_Exclude,flag_pdof_family_mismatch,flag_pdof_family_mismatch,1,,,,,,not_subject_vehicle
1193,8442,1412,side_impactor,impactor_vehicle,X_Exclude,flag_crhdst_lt_dpdmax,flag_crhdst_lt_dpdmax,1,,,,,,not_subject_vehicle
1193,8442,1412,side_impactor,impactor_vehicle,X_Exclude,flag_lencnt_out_of_range,flag_lencnt_out_of_range,1,,,,,,not_subject_vehicle
1193,8442,1412,side_impactor,impactor_vehicle,X_Exclude,flag_pdof_family_mismatch,flag_pdof_family_mismatch,1,,,,,,not_subject_vehicle
1198,8443,1420,side,subject_vehicle,C_MaxOnly,flag_lencnt_out_of_range,flag_lencnt_out_of_range,1,,10LPAN3,0.0,343.0,,flag_lencnt_out_of_range
1198,8443,1420,side,subject_vehicle,C_MaxOnly,flag_pdof_family_mismatch,flag_pdof_family_mismatch,1,,10LPAN3,0.0,343.0,,flag_pdof_family_mismatch
1201,8444,1425,side,subject_vehicle,C_MaxOnly,flag_lencnt_out_of_range,flag_lencnt_out_of_range,1,,,345.0,478.0,,flag_lencnt_out_of_range
1201,8444,1425,side,subject_vehicle,C_MaxOnly,flag_pdof_family_mismatch,flag_pdof_family_mismatch,1,,,345.0,478.0,,flag_pdof_family_mismatch
1204,8445,1428,side_impactor,impactor_vehicle,X_Exclude,flag_pdof_family_mismatch,flag_pdof_family_mismatch,1,,,,,,not_subject_vehicle
1207,8447,1432,side_impactor,impactor_vehicle,X_Exclude,flag_crhdst_lt_dpdmax,flag_crhdst_lt_dpdmax,1,,,,,,not_subject_vehicle
1207,8447,1432,side_impactor,impactor_vehicle,X_Exclude,flag_lencnt_out_of_range,flag_lencnt_out_of_range,1,,,,,,not_subject_vehicle
1207,8447,1432,side_impactor,impactor_vehicle,X_Exclude,flag_pdof_family_mismatch,flag_pdof_family_mismatch,1,,,,,,not_subject_vehicle
1199,8449,1421,side_impactor,impactor_vehicle,X_Exclude,flag_lencnt_out_of_range,flag_lencnt_out_of_range,1,,,,,,not_subject_vehicle
1199,8449,1421,side_impactor,impactor_vehicle,X_Exclude,flag_pdof_family_mismatch,flag_pdof_family_mismatch,1,,,,,,not_subject_vehicle
1209,8450,1435,side,subject_vehicle,C_MaxOnly,flag_lencnt_out_of_range,flag_lencnt_out_of_range,1,,,345.0,460.0,,flag_lencnt_out_of_range
1209,8450,1435,side,subject_vehicle,C_MaxOnly,flag_pdof_family_mismatch,flag_pdof_family_mismatch,1,,,345.0,460.0,,flag_pdof_family_mismatch
1209,8450,1435,side,subject_vehicle,C_MaxOnly,flag_side_imppnt_mismatch,flag_side_imppnt_mismatch,1,,,345.0,460.0,,flag_side_imppnt_mismatch
1212,8451,1440,side_impactor,impactor_vehicle,X_Exclude,flag_lencnt_out_of_range,flag_lencnt_out_of_range,1,,,,,,not_subject_vehicle
1212,8451,1440,side_impactor,impactor_vehicle,X_Exclude,flag_pdof_family_mismatch,flag_pdof_family_mismatch,1,,,,,,not_subject_vehicle
1213,8452,1442,side_impactor,impactor_vehicle,X_Exclude,flag_crhdst_lt_dpdmax,flag_crhdst_lt_dpdmax,1,,,,,,not_subject_vehicle
1213,8452,1442,side_impactor,impactor_vehicle,X_Exclude,flag_lencnt_out_of_range,flag_lencnt_out_of_range,1,,,,,,not_subject_vehicle
1213,8452,1442,side_impactor,impactor_vehicle,X_Exclude,flag_pdof_family_mismatch,flag_pdof_family_mismatch,1,,,,,,not_subject_vehicle
1215,8454,1445,side,subject_vehicle,A_ProfileValid,flag_crhdst_lt_dpdmax,flag_crhdst_lt_dpdmax,1,,09LPAN3,285.0,435.0,611.0,flag_crhdst_lt_dpdmax
1216,8456,1446,frontal_barrier,subject_vehicle,B_ProfilePartial,flag_lencnt_out_of_range,flag_lencnt_out_of_range,1,,12FDEW6,0.0,657.0,657.0,flag_lencnt_out_of_range
1222,8458,1454,side_impactor,impactor_vehicle,X_Exclude,flag_lencnt_out_of_range,flag_lencnt_out_of_range,1,,,,,,not_subject_vehicle
1222,8458,1454,side_impactor,impactor_vehicle,X_Exclude,flag_pdof_family_mismatch,flag_pdof_family_mismatch,1,,,,,,not_subject_vehicle
1223,8460,1456,side_impactor,impactor_vehicle,X_Exclude,flag_crhdst_lt_dpdmax,flag_crhdst_lt_dpdmax,1,,,,,,not_subject_vehicle
1223,8460,1456,side_impactor,impactor_vehicle,X_Exclude,flag_lencnt_out_of_range,flag_lencnt_out_of_range,1,,,,,,not_subject_vehicle
1223,8460,1456,side_impactor,impactor_vehicle,X_Exclude,flag_pdof_family_mismatch,flag_pdof_family_mismatch,1,,,,,,not_subject_vehicle
1223,8460,1457,side_impactor,subject_vehicle,A_ProfileValid,flag_side_imppnt_mismatch,flag_side_imppnt_mismatch,1,,03LPAW2,297.0,213.0,202.0,flag_side_imppnt_mismatch
1225,8461,1459,side,subject_vehicle,A_ProfileValid,flag_crhdst_lt_dpdmax,flag_crhdst_lt_dpdmax,1,,09LPAN3,285.0,344.0,414.0,flag_crhdst_lt_dpdmax
1224,8462,1458,side,subject_vehicle,C_MaxOnly,flag_lencnt_out_of_range,flag_lencnt_out_of_range,1,,,345.0,352.0,,flag_lencnt_out_of_range
1224,8462,1458,side,subject_vehicle,C_MaxOnly,flag_pdof_family_mismatch,flag_pdof_family_mismatch,1,,,345.0,352.0,,flag_pdof_family_mismatch
1230,8465,1465,side_impactor,impactor_vehicle,X_Exclude,flag_lencnt_out_of_range,flag_lencnt_out_of_range,1,,,,,,not_subject_vehicle
1230,8465,1465,side_impactor,impactor_vehicle,X_Exclude,flag_pdof_family_mismatch,flag_pdof_family_mismatch,1,,,,,,not_subject_vehicle
1232,8466,1468,side,subject_vehicle,C_MaxOnly,flag_lencnt_out_of_range,flag_lencnt_out_of_range,1,,,345.0,324.0,,flag_lencnt_out_of_range
1232,8466,1468,side,subject_vehicle,C_MaxOnly,flag_pdof_family_mismatch,flag_pdof_family_mismatch,1,,,345.0,324.0,,flag_pdof_family_mismatch
1233,8468,1469,side_impactor,impactor_vehicle,X_Exclude,flag_crhdst_lt_dpdmax,flag_crhdst_lt_dpdmax,1,,,,,,not_subject_vehicle
1233,8468,1469,side_impactor,impactor_vehicle,X_Exclude,flag_lencnt_out_of_range,flag_lencnt_out_of_range,1,,,,,,not_subject_vehicle
1233,8468,1469,side_impactor,impactor_vehicle,X_Exclude,flag_pdof_family_mismatch,flag_pdof_family_mismatch,1,,,,,,not_subject_vehicle
1236,8469,1475,side,subject_vehicle,A_ProfileValid,flag_crhdst_lt_dpdmax,flag_crhdst_lt_dpdmax,1,,09LPAN3,285.0,460.0,565.0,flag_crhdst_lt_dpdmax
1238,8471,1477,side,subject_vehicle,B_ProfilePartial,flag_pdof_family_mismatch,flag_pdof_family_mismatch,1,,10LPAN3,0.0,351.0,256.0,flag_pdof_family_mismatch
1239,8472,1478,side_impactor,impactor_vehicle,X_Exclude,flag_lencnt_out_of_range,flag_lencnt_out_of_range,1,,,,,,not_subject_vehicle
1239,8472,1478,side_impactor,impactor_vehicle,X_Exclude,flag_pdof_family_mismatch,flag_pdof_family_mismatch,1,,,,,,not_subject_vehicle
1239,8472,1478,side_impactor,impactor_vehicle,X_Exclude,flag_side_imppnt_mismatch,flag_side_imppnt_mismatch,1,,,,,,not_subject_vehicle
1244,8473,1485,side_impactor,impactor_vehicle,X_Exclude,flag_lencnt_out_of_range,flag_lencnt_out_of_range,1,,,,,,not_subject_vehicle
1244,8473,1485,side_impactor,impactor_vehicle,X_Exclude,flag_pdof_family_mismatch,flag_pdof_family_mismatch,1,,,,,,not_subject_vehicle
1244,8473,1485,side_impactor,impactor_vehicle,X_Exclude,flag_side_imppnt_mismatch,flag_side_imppnt_mismatch,1,,,,,,not_subject_vehicle
1244,8473,1486,side_impactor,subject_vehicle,A_ProfileValid,flag_side_imppnt_mismatch,flag_side_imppnt_mismatch,1,,,297.0,232.0,201.0,flag_side_imppnt_mismatch
1240,8479,1480,side,subject_vehicle,A_ProfileValid,flag_crhdst_lt_dpdmax,flag_crhdst_lt_dpdmax,1,,09LPAN3,285.0,473.0,656.0,flag_crhdst_lt_dpdmax
1240,8479,1480,side,subject_vehicle,A_ProfileValid,flag_side_imppnt_mismatch,flag_side_imppnt_mismatch,1,,09LPAN3,285.0,473.0,656.0,flag_side_imppnt_mismatch
1241,8480,1481,frontal_barrier,subject_vehicle,B_ProfilePartial,flag_lencnt_out_of_range,flag_lencnt_out_of_range,1,,12FDEW6,0.0,786.0,741.0,flag_lencnt_out_of_range
1248,8481,1491,side,subject_vehicle,C_MaxOnly,flag_lencnt_out_of_range,flag_lencnt_out_of_range,1,,,345.0,441.0,,flag_lencnt_out_of_range
1248,8481,1491,side,subject_vehicle,C_MaxOnly,flag_pdof_family_mismatch,flag_pdof_family_mismatch,1,,,345.0,441.0,,flag_pdof_family_mismatch
1245,8485,1487,side_impactor,impactor_vehicle,X_Exclude,flag_crhdst_lt_dpdmax,flag_crhdst_lt_dpdmax,1,,,,,,not_subject_vehicle
1245,8485,1487,side_impactor,impactor_vehicle,X_Exclude,flag_lencnt_out_of_range,flag_lencnt_out_of_range,1,,,,,,not_subject_vehicle
1245,8485,1487,side_impactor,impactor_vehicle,X_Exclude,flag_pdof_family_mismatch,flag_pdof_family_mismatch,1,,,,,,not_subject_vehicle
1254,8489,1499,side,subject_vehicle,B_ProfilePartial,flag_pdof_family_mismatch,flag_pdof_family_mismatch,1,,10LPAN3,0.0,303.0,300.0,flag_pdof_family_mismatch
1254,8489,1499,side,subject_vehicle,B_ProfilePartial,flag_side_imppnt_mismatch,flag_side_imppnt_mismatch,1,,10LPAN3,0.0,303.0,300.0,flag_side_imppnt_mismatch
1255,8490,1500,side_impactor,impactor_vehicle,X_Exclude,flag_pdof_family_mismatch,flag_pdof_family_mismatch,1,,,,,,not_subject_vehicle
1255,8490,1501,side_impactor,subject_vehicle,A_ProfileValid,flag_side_imppnt_mismatch,flag_side_imppnt_mismatch,1,,09LPEW2,270.0,174.0,218.0,flag_side_imppnt_mismatch
1260,8491,1508,side_impactor,impactor_vehicle,X_Exclude,flag_lencnt_out_of_range,flag_lencnt_out_of_range,1,,,,,,not_subject_vehicle
1260,8491,1508,side_impactor,impactor_vehicle,X_Exclude,flag_pdof_family_mismatch,flag_pdof_family_mismatch,1,,,,,,not_subject_vehicle
1259,8492,1507,side,subject_vehicle,B_ProfilePartial,flag_pdof_family_mismatch,flag_pdof_family_mismatch,1,,10LPAN3,0.0,352.0,352.0,flag_pdof_family_mismatch
1256,8493,1502,static_airbag,subject_vehicle,X_Exclude,flag_lencnt_out_of_range,flag_lencnt_out_of_range,1,,,,,,audit_only_family
1261,8494,1510,side_impactor,impactor_vehicle,X_Exclude,flag_pdof_family_mismatch,flag_pdof_family_mismatch,1,,,,,,not_subject_vehicle
1267,8497,1519,side,subject_vehicle,A_ProfileValid,flag_side_imppnt_mismatch,flag_side_imppnt_mismatch,1,,10LPAN3,285.0,346.0,275.0,flag_side_imppnt_mismatch
1269,8498,1522,side_impactor,impactor_vehicle,X_Exclude,flag_pdof_family_mismatch,flag_pdof_family_mismatch,1,,,,,,not_subject_vehicle
1271,8499,1526,side,subject_vehicle,A_ProfileValid,flag_side_imppnt_mismatch,flag_side_imppnt_mismatch,1,,10LPAN3,285.0,352.0,352.0,flag_side_imppnt_mismatch
1277,8513,1532,side_impactor,impactor_vehicle,X_Exclude,flag_pdof_family_mismatch,flag_pdof_family_mismatch,1,,,,,,not_subject_vehicle
1278,8514,1534,side_impactor,impactor_vehicle,X_Exclude,flag_lencnt_out_of_range,flag_lencnt_out_of_range,1,,,,,,not_subject_vehicle
1278,8514,1534,side_impactor,impactor_vehicle,X_Exclude,flag_pdof_family_mismatch,flag_pdof_family_mismatch,1,,,,,,not_subject_vehicle
813,8516,984,static_airbag,subject_vehicle,X_Exclude,flag_lencnt_out_of_range,flag_lencnt_out_of_range,1,,,,,,audit_only_family
814,8517,985,static_airbag,subject_vehicle,X_Exclude,flag_lencnt_out_of_range,flag_lencnt_out_of_range,1,,,,,,audit_only_family
829,8518,1002,static_airbag,subject_vehicle,X_Exclude,flag_lencnt_out_of_range,flag_lencnt_out_of_range,1,,,,,,audit_only_family
830,8519,1003,static_airbag,subject_vehicle,X_Exclude,flag_lencnt_out_of_range,flag_lencnt_out_of_range,1,,,,,,audit_only_family
1282,8522,1541,side_impactor,impactor_vehicle,X_Exclude,flag_lencnt_out_of_range,flag_lencnt_out_of_range,1,,,,,,not_subject_vehicle
1282,8522,1541,side_impactor,impactor_vehicle,X_Exclude,flag_pdof_family_mismatch,flag_pdof_family_mismatch,1,,,,,,not_subject_vehicle
1283,8523,1543,side,subject_vehicle,B_ProfilePartial,flag_lencnt_out_of_range,flag_lencnt_out_of_range,1,,,345.0,444.0,393.0,flag_lencnt_out_of_range
1283,8523,1543,side,subject_vehicle,B_ProfilePartial,flag_pdof_family_mismatch,flag_pdof_family_mismatch,1,,,345.0,444.0,393.0,flag_pdof_family_mismatch
1283,8523,1543,side,subject_vehicle,B_ProfilePartial,flag_side_imppnt_mismatch,flag_side_imppnt_mismatch,1,,,345.0,444.0,393.0,flag_side_imppnt_mismatch
1279,8525,1536,side_impactor,impactor_vehicle,X_Exclude,flag_crhdst_lt_dpdmax,flag_crhdst_lt_dpdmax,1,,,,,,not_subject_vehicle
1279,8525,1536,side_impactor,impactor_vehicle,X_Exclude,flag_lencnt_out_of_range,flag_lencnt_out_of_range,1,,,,,,not_subject_vehicle
1279,8525,1536,side_impactor,impactor_vehicle,X_Exclude,flag_pdof_family_mismatch,flag_pdof_family_mismatch,1,,,,,,not_subject_vehicle
1288,8533,1549,side_impactor,impactor_vehicle,X_Exclude,flag_crhdst_lt_dpdmax,flag_crhdst_lt_dpdmax,1,,,,,,not_subject_vehicle
1288,8533,1549,side_impactor,impactor_vehicle,X_Exclude,flag_lencnt_out_of_range,flag_lencnt_out_of_range,1,,,,,,not_subject_vehicle
1288,8533,1549,side_impactor,impactor_vehicle,X_Exclude,flag_pdof_family_mismatch,flag_pdof_family_mismatch,1,,,,,,not_subject_vehicle
1289,8534,1551,side,subject_vehicle,A_ProfileValid,flag_crhdst_lt_dpdmax,flag_crhdst_lt_dpdmax,1,,09LPAN3,285.0,394.0,446.0,flag_crhdst_lt_dpdmax
1293,8535,1556,side_impactor,impactor_vehicle,X_Exclude,flag_pdof_family_mismatch,flag_pdof_family_mismatch,1,,,,,,not_subject_vehicle
1290,8536,1552,side_impactor,impactor_vehicle,X_Exclude,flag_lencnt_out_of_range,flag_lencnt_out_of_range,1,,,,,,not_subject_vehicle
1290,8536,1552,side_impactor,impactor_vehicle,X_Exclude,flag_pdof_family_mismatch,flag_pdof_family_mismatch,1,,,,,,not_subject_vehicle
1310,8546,1574,side_impactor,impactor_vehicle,X_Exclude,flag_pdof_family_mismatch,flag_pdof_family_mismatch,1,,,,,,not_subject_vehicle
1310,8546,1574,side_impactor,impactor_vehicle,X_Exclude,flag_side_imppnt_mismatch,flag_side_imppnt_mismatch,1,,,,,,not_subject_vehicle
1310,8546,1575,side_impactor,subject_vehicle,A_ProfileValid,flag_side_imppnt_mismatch,flag_side_imppnt_mismatch,1,,09LPEW2,270.0,168.0,152.0,flag_side_imppnt_mismatch
1157,8547,1366,rear,subject_vehicle,X_Exclude,flag_lencnt_out_of_range,flag_lencnt_out_of_range,1,,,0.0,0.0,,all_zero_placeholder
1157,8547,1366,rear,subject_vehicle,X_Exclude,flag_pdof_family_mismatch,flag_pdof_family_mismatch,1,,,0.0,0.0,,all_zero_placeholder
1157,8547,1366,rear,subject_vehicle,X_Exclude,flag_rear_low_confidence,flag_rear_low_confidence,1,,,0.0,0.0,,all_zero_placeholder
1157,8547,1367,rear,subject_vehicle,X_Exclude,flag_lencnt_out_of_range,flag_lencnt_out_of_range,1,,,0.0,0.0,,all_zero_placeholder
1157,8547,1367,rear,subject_vehicle,X_Exclude,flag_pdof_family_mismatch,flag_pdof_family_mismatch,1,,,0.0,0.0,,all_zero_placeholder
1157,8547,1367,rear,subject_vehicle,X_Exclude,flag_rear_low_confidence,flag_rear_low_confidence,1,,,0.0,0.0,,all_zero_placeholder
1161,8548,1372,rear,subject_vehicle,X_Exclude,flag_pdof_family_mismatch,flag_pdof_family_mismatch,1,,,0.0,0.0,,rear_low_confidence
1161,8548,1372,rear,subject_vehicle,X_Exclude,flag_rear_low_confidence,flag_rear_low_confidence,1,,,0.0,0.0,,rear_low_confidence
1171,8549,1385,rear,subject_vehicle,B_ProfilePartial,flag_pdof_family_mismatch,flag_pdof_family_mismatch,1,,12FDEW3,0.0,85.0,85.0,flag_pdof_family_mismatch
1171,8549,1386,rear,subject_vehicle,B_ProfilePartial,flag_pdof_family_mismatch,flag_pdof_family_mismatch,1,,06RDEW3,0.0,425.0,425.0,flag_pdof_family_mismatch
1185,8550,1401,rear,subject_vehicle,B_ProfilePartial,flag_pdof_family_mismatch,flag_pdof_family_mismatch,1,,12FDEW2,0.0,55.0,55.0,flag_pdof_family_mismatch
1210,8551,1436,rear,subject_vehicle,B_ProfilePartial,flag_pdof_family_mismatch,flag_pdof_family_mismatch,1,,12FDEW2,0.0,41.0,37.0,flag_pdof_family_mismatch
1218,8552,1448,rear,subject_vehicle,B_ProfilePartial,flag_pdof_family_mismatch,flag_pdof_family_mismatch,1,,12FDEW2,0.0,89.0,89.0,flag_pdof_family_mismatch
1221,8554,1452,rear,subject_vehicle,B_ProfilePartial,flag_pdof_family_mismatch,flag_pdof_family_mismatch,1,,12FDEW2,0.0,225.0,225.0,flag_pdof_family_mismatch
1234,8555,1471,rear,subject_vehicle,B_ProfilePartial,flag_pdof_family_mismatch,flag_pdof_family_mismatch,1,,12FDEW2,0.0,502.0,502.0,flag_pdof_family_mismatch
1319,8557,1584,side_impactor,impactor_vehicle,X_Exclude,flag_crhdst_lt_dpdmax,flag_crhdst_lt_dpdmax,1,,,,,,not_subject_vehicle
1319,8557,1584,side_impactor,impactor_vehicle,X_Exclude,flag_lencnt_out_of_range,flag_lencnt_out_of_range,1,,,,,,not_subject_vehicle
1319,8557,1584,side_impactor,impactor_vehicle,X_Exclude,flag_pdof_family_mismatch,flag_pdof_family_mismatch,1,,,,,,not_subject_vehicle
1327,8558,1594,side,subject_vehicle,A_ProfileValid,flag_crhdst_lt_dpdmax,flag_crhdst_lt_dpdmax,1,,09LPAN3,285.0,379.0,466.0,flag_crhdst_lt_dpdmax
1326,8559,1592,side_impactor,impactor_vehicle,X_Exclude,flag_pdof_family_mismatch,flag_pdof_family_mismatch,1,,,,,,not_subject_vehicle
1326,8559,1592,side_impactor,impactor_vehicle,X_Exclude,flag_side_imppnt_mismatch,flag_side_imppnt_mismatch,1,,,,,,not_subject_vehicle
1326,8559,1593,side_impactor,subject_vehicle,A_ProfileValid,flag_side_imppnt_mismatch,flag_side_imppnt_mismatch,1,,09LPEW2,270.0,162.0,148.0,flag_side_imppnt_mismatch
1328,8560,1595,side_impactor,impactor_vehicle,X_Exclude,flag_crhdst_lt_dpdmax,flag_crhdst_lt_dpdmax,1,,,,,,not_subject_vehicle
1328,8560,1595,side_impactor,impactor_vehicle,X_Exclude,flag_lencnt_out_of_range,flag_lencnt_out_of_range,1,,,,,,not_subject_vehicle
1328,8560,1595,side_impactor,impactor_vehicle,X_Exclude,flag_pdof_family_mismatch,flag_pdof_family_mismatch,1,,,,,,not_subject_vehicle
1330,8568,1598,side,subject_vehicle,A_ProfileValid,flag_crhdst_lt_dpdmax,flag_crhdst_lt_dpdmax,1,,09LPAN3,285.0,327.0,405.0,flag_crhdst_lt_dpdmax
1331,8569,1599,side_impactor,impactor_vehicle,X_Exclude,flag_crhdst_lt_dpdmax,flag_crhdst_lt_dpdmax,1,,,,,,not_subject_vehicle
1331,8569,1599,side_impactor,impactor_vehicle,X_Exclude,flag_lencnt_out_of_range,flag_lencnt_out_of_range,1,,,,,,not_subject_vehicle
1331,8569,1599,side_impactor,impactor_vehicle,X_Exclude,flag_pdof_family_mismatch,flag_pdof_family_mismatch,1,,,,,,not_subject_vehicle
1344,8615,1613,static_airbag,subject_vehicle,C_MaxOnly,flag_lencnt_out_of_range,flag_lencnt_out_of_range,1,,,,,,audit_only_family
1345,8616,1614,static_airbag,subject_vehicle,C_MaxOnly,flag_lencnt_out_of_range,flag_lencnt_out_of_range,1,,,,,,audit_only_family
1346,8617,1615,static_airbag,subject_vehicle,C_MaxOnly,flag_lencnt_out_of_range,flag_lencnt_out_of_range,1,,,,,,audit_only_family
1347,8618,1616,static_airbag,subject_vehicle,X_Exclude,flag_lencnt_out_of_range,flag_lencnt_out_of_range,1,,,,,,audit_only_family
1348,8619,1617,static_airbag,subject_vehicle,X_Exclude,flag_lencnt_out_of_range,flag_lencnt_out_of_range,1,,,,,,audit_only_family
1363,8642,1632,side_impactor,impactor_vehicle,X_Exclude,flag_pdof_family_mismatch,flag_pdof_family_mismatch,1,,,,,,not_subject_vehicle
1363,8642,1633,side_impactor,subject_vehicle,A_ProfileValid,flag_side_imppnt_mismatch,flag_side_imppnt_mismatch,1,,09LPEW2,270.0,205.0,201.0,flag_side_imppnt_mismatch
1357,8643,1626,static_airbag,subject_vehicle,X_Exclude,flag_lencnt_out_of_range,flag_lencnt_out_of_range,1,,,,,,audit_only_family
1358,8644,1627,static_airbag,subject_vehicle,X_Exclude,flag_lencnt_out_of_range,flag_lencnt_out_of_range,1,,,,,,audit_only_family
1370,8645,1640,static_airbag,subject_vehicle,X_Exclude,flag_lencnt_out_of_range,flag_lencnt_out_of_range,1,,,,,,audit_only_family
1371,8646,1641,static_airbag,subject_vehicle,X_Exclude,flag_lencnt_out_of_range,flag_lencnt_out_of_range,1,,,,,,audit_only_family
1372,8647,1642,side_impactor,impactor_vehicle,X_Exclude,flag_lencnt_out_of_range,flag_lencnt_out_of_range,1,,,,,,not_subject_vehicle
1372,8647,1642,side_impactor,impactor_vehicle,X_Exclude,flag_pdof_family_mismatch,flag_pdof_family_mismatch,1,,,,,,not_subject_vehicle
1366,8649,1636,static_airbag,subject_vehicle,X_Exclude,flag_lencnt_out_of_range,flag_lencnt_out_of_range,1,,,,,,audit_only_family
1367,8650,1637,static_airbag,subject_vehicle,X_Exclude,flag_lencnt_out_of_range,flag_lencnt_out_of_range,1,,,,,,audit_only_family
1389,8661,1660,side,subject_vehicle,A_ProfileValid,flag_side_imppnt_mismatch,flag_side_imppnt_mismatch,1,,09LPAN3,285.0,445.0,445.0,flag_side_imppnt_mismatch
1390,8662,1661,side_impactor,impactor_vehicle,X_Exclude,flag_crhdst_lt_dpdmax,flag_crhdst_lt_dpdmax,1,,,,,,not_subject_vehicle
1390,8662,1661,side_impactor,impactor_vehicle,X_Exclude,flag_lencnt_out_of_range,flag_lencnt_out_of_range,1,,,,,,not_subject_vehicle
1390,8662,1661,side_impactor,impactor_vehicle,X_Exclude,flag_pdof_family_mismatch,flag_pdof_family_mismatch,1,,,,,,not_subject_vehicle
1390,8662,1661,side_impactor,impactor_vehicle,X_Exclude,flag_side_imppnt_mismatch,flag_side_imppnt_mismatch,1,,,,,,not_subject_vehicle
1407,8664,1679,side_impactor,impactor_vehicle,X_Exclude,flag_crhdst_lt_dpdmax,flag_crhdst_lt_dpdmax,1,,,,,,not_subject_vehicle
1407,8664,1679,side_impactor,impactor_vehicle,X_Exclude,flag_lencnt_out_of_range,flag_lencnt_out_of_range,1,,,,,,not_subject_vehicle
1407,8664,1679,side_impactor,impactor_vehicle,X_Exclude,flag_pdof_family_mismatch,flag_pdof_family_mismatch,1,,,,,,not_subject_vehicle
1417,8666,1690,side_impactor,impactor_vehicle,X_Exclude,flag_crhdst_lt_dpdmax,flag_crhdst_lt_dpdmax,1,,,,,,not_subject_vehicle
1417,8666,1690,side_impactor,impactor_vehicle,X_Exclude,flag_lencnt_out_of_range,flag_lencnt_out_of_range,1,,,,,,not_subject_vehicle
1417,8666,1690,side_impactor,impactor_vehicle,X_Exclude,flag_pdof_family_mismatch,flag_pdof_family_mismatch,1,,,,,,not_subject_vehicle
644,8667,772,rear,subject_vehicle,X_Exclude,flag_lencnt_out_of_range,flag_lencnt_out_of_range,1,,,0.0,0.0,,all_zero_placeholder
644,8667,772,rear,subject_vehicle,X_Exclude,flag_pdof_family_mismatch,flag_pdof_family_mismatch,1,,,0.0,0.0,,all_zero_placeholder
644,8667,772,rear,subject_vehicle,X_Exclude,flag_rear_low_confidence,flag_rear_low_confidence,1,,,0.0,0.0,,all_zero_placeholder
595,8668,713,rear,subject_vehicle,X_Exclude,flag_lencnt_out_of_range,flag_lencnt_out_of_range,1,,,0.0,0.0,,all_zero_placeholder
595,8668,713,rear,subject_vehicle,X_Exclude,flag_pdof_family_mismatch,flag_pdof_family_mismatch,1,,,0.0,0.0,,all_zero_placeholder
595,8668,713,rear,subject_vehicle,X_Exclude,flag_rear_low_confidence,flag_rear_low_confidence,1,,,0.0,0.0,,all_zero_placeholder
620,8669,743,rear,subject_vehicle,X_Exclude,flag_lencnt_out_of_range,flag_lencnt_out_of_range,1,,,0.0,359.0,,rear_low_confidence
620,8669,743,rear,subject_vehicle,X_Exclude,flag_pdof_family_mismatch,flag_pdof_family_mismatch,1,,,0.0,359.0,,rear_low_confidence
620,8669,743,rear,subject_vehicle,X_Exclude,flag_rear_low_confidence,flag_rear_low_confidence,1,,,0.0,359.0,,rear_low_confidence
627,8670,750,rear,subject_vehicle,X_Exclude,flag_lencnt_out_of_range,flag_lencnt_out_of_range,1,,,0.0,356.0,,rear_low_confidence
627,8670,750,rear,subject_vehicle,X_Exclude,flag_pdof_family_mismatch,flag_pdof_family_mismatch,1,,,0.0,356.0,,rear_low_confidence
627,8670,750,rear,subject_vehicle,X_Exclude,flag_rear_low_confidence,flag_rear_low_confidence,1,,,0.0,356.0,,rear_low_confidence
656,8671,786,rear,subject_vehicle,X_Exclude,flag_lencnt_out_of_range,flag_lencnt_out_of_range,1,,,0.0,269.0,,rear_low_confidence
656,8671,786,rear,subject_vehicle,X_Exclude,flag_pdof_family_mismatch,flag_pdof_family_mismatch,1,,,0.0,269.0,,rear_low_confidence
656,8671,786,rear,subject_vehicle,X_Exclude,flag_rear_low_confidence,flag_rear_low_confidence,1,,,0.0,269.0,,rear_low_confidence
621,8672,744,rear,subject_vehicle,X_Exclude,flag_lencnt_out_of_range,flag_lencnt_out_of_range,1,,,0.0,174.0,,rear_low_confidence
621,8672,744,rear,subject_vehicle,X_Exclude,flag_pdof_family_mismatch,flag_pdof_family_mismatch,1,,,0.0,174.0,,rear_low_confidence
621,8672,744,rear,subject_vehicle,X_Exclude,flag_rear_low_confidence,flag_rear_low_confidence,1,,,0.0,174.0,,rear_low_confidence
625,8673,748,rear,subject_vehicle,X_Exclude,flag_lencnt_out_of_range,flag_lencnt_out_of_range,1,,,0.0,199.0,,rear_low_confidence
625,8673,748,rear,subject_vehicle,X_Exclude,flag_pdof_family_mismatch,flag_pdof_family_mismatch,1,,,0.0,199.0,,rear_low_confidence
625,8673,748,rear,subject_vehicle,X_Exclude,flag_rear_low_confidence,flag_rear_low_confidence,1,,,0.0,199.0,,rear_low_confidence
652,8674,782,rear,subject_vehicle,X_Exclude,flag_lencnt_out_of_range,flag_lencnt_out_of_range,1,,,0.0,0.0,,all_zero_placeholder
652,8674,782,rear,subject_vehicle,X_Exclude,flag_pdof_family_mismatch,flag_pdof_family_mismatch,1,,,0.0,0.0,,all_zero_placeholder
652,8674,782,rear,subject_vehicle,X_Exclude,flag_rear_low_confidence,flag_rear_low_confidence,1,,,0.0,0.0,,all_zero_placeholder
628,8675,751,rear,subject_vehicle,X_Exclude,flag_lencnt_out_of_range,flag_lencnt_out_of_range,1,,,0.0,207.0,,rear_low_confidence
628,8675,751,rear,subject_vehicle,X_Exclude,flag_pdof_family_mismatch,flag_pdof_family_mismatch,1,,,0.0,207.0,,rear_low_confidence
628,8675,751,rear,subject_vehicle,X_Exclude,flag_rear_low_confidence,flag_rear_low_confidence,1,,,0.0,207.0,,rear_low_confidence
561,8676,673,rear,subject_vehicle,X_Exclude,flag_lencnt_out_of_range,flag_lencnt_out_of_range,1,,,0.0,382.0,,rear_low_confidence
561,8676,673,rear,subject_vehicle,X_Exclude,flag_pdof_family_mismatch,flag_pdof_family_mismatch,1,,,0.0,382.0,,rear_low_confidence
561,8676,673,rear,subject_vehicle,X_Exclude,flag_rear_low_confidence,flag_rear_low_confidence,1,,,0.0,382.0,,rear_low_confidence
596,8677,714,rear,subject_vehicle,X_Exclude,flag_lencnt_out_of_range,flag_lencnt_out_of_range,1,,,0.0,0.0,,all_zero_placeholder
596,8677,714,rear,subject_vehicle,X_Exclude,flag_pdof_family_mismatch,flag_pdof_family_mismatch,1,,,0.0,0.0,,all_zero_placeholder
596,8677,714,rear,subject_vehicle,X_Exclude,flag_rear_low_confidence,flag_rear_low_confidence,1,,,0.0,0.0,,all_zero_placeholder
653,8678,783,rear,subject_vehicle,X_Exclude,flag_lencnt_out_of_range,flag_lencnt_out_of_range,1,,,0.0,358.0,,rear_low_confidence
653,8678,783,rear,subject_vehicle,X_Exclude,flag_pdof_family_mismatch,flag_pdof_family_mismatch,1,,,0.0,358.0,,rear_low_confidence
653,8678,783,rear,subject_vehicle,X_Exclude,flag_rear_low_confidence,flag_rear_low_confidence,1,,,0.0,358.0,,rear_low_confidence
623,8679,746,rear,subject_vehicle,X_Exclude,flag_lencnt_out_of_range,flag_lencnt_out_of_range,1,,,0.0,227.0,,rear_low_confidence
623,8679,746,rear,subject_vehicle,X_Exclude,flag_pdof_family_mismatch,flag_pdof_family_mismatch,1,,,0.0,227.0,,rear_low_confidence
623,8679,746,rear,subject_vehicle,X_Exclude,flag_rear_low_confidence,flag_rear_low_confidence,1,,,0.0,227.0,,rear_low_confidence
594,8680,712,rear,subject_vehicle,X_Exclude,flag_lencnt_out_of_range,flag_lencnt_out_of_range,1,,,0.0,0.0,,all_zero_placeholder
594,8680,712,rear,subject_vehicle,X_Exclude,flag_pdof_family_mismatch,flag_pdof_family_mismatch,1,,,0.0,0.0,,all_zero_placeholder
594,8680,712,rear,subject_vehicle,X_Exclude,flag_rear_low_confidence,flag_rear_low_confidence,1,,,0.0,0.0,,all_zero_placeholder
624,8681,747,rear,subject_vehicle,X_Exclude,flag_lencnt_out_of_range,flag_lencnt_out_of_range,1,,,0.0,313.0,,rear_low_confidence
624,8681,747,rear,subject_vehicle,X_Exclude,flag_pdof_family_mismatch,flag_pdof_family_mismatch,1,,,0.0,313.0,,rear_low_confidence
624,8681,747,rear,subject_vehicle,X_Exclude,flag_rear_low_confidence,flag_rear_low_confidence,1,,,0.0,313.0,,rear_low_confidence
732,8682,879,rear,subject_vehicle,X_Exclude,flag_lencnt_out_of_range,flag_lencnt_out_of_range,1,,,0.0,0.0,,all_zero_placeholder
732,8682,879,rear,subject_vehicle,X_Exclude,flag_pdof_family_mismatch,flag_pdof_family_mismatch,1,,,0.0,0.0,,all_zero_placeholder
732,8682,879,rear,subject_vehicle,X_Exclude,flag_rear_low_confidence,flag_rear_low_confidence,1,,,0.0,0.0,,all_zero_placeholder
1424,8750,1698,side_impactor,impactor_vehicle,X_Exclude,flag_crhdst_lt_dpdmax,flag_crhdst_lt_dpdmax,1,,,,,,not_subject_vehicle
1424,8750,1698,side_impactor,impactor_vehicle,X_Exclude,flag_lencnt_out_of_range,flag_lencnt_out_of_range,1,,,,,,not_subject_vehicle
1424,8750,1698,side_impactor,impactor_vehicle,X_Exclude,flag_pdof_family_mismatch,flag_pdof_family_mismatch,1,,,,,,not_subject_vehicle
1427,8753,1702,static_airbag,subject_vehicle,X_Exclude,flag_lencnt_out_of_range,flag_lencnt_out_of_range,1,,,,,,audit_only_family
1428,8754,1703,static_airbag,subject_vehicle,X_Exclude,flag_lencnt_out_of_range,flag_lencnt_out_of_range,1,,,,,,audit_only_family
1429,8755,1704,frontal_barrier,subject_vehicle,A_ProfileValid,flag_crhdst_lt_dpdmax,flag_crhdst_lt_dpdmax,1,,12FDEWX,0.0,210.0,372.0,flag_crhdst_lt_dpdmax
1430,8756,1705,static_airbag,subject_vehicle,X_Exclude,flag_lencnt_out_of_range,flag_lencnt_out_of_range,1,,,,,,audit_only_family
1425,8759,1700,static_airbag,subject_vehicle,X_Exclude,flag_lencnt_out_of_range,flag_lencnt_out_of_range,1,,,,,,audit_only_family
1426,8760,1701,static_airbag,subject_vehicle,X_Exclude,flag_lencnt_out_of_range,flag_lencnt_out_of_range,1,,,,,,audit_only_family
1434,8779,1710,side_impactor,impactor_vehicle,X_Exclude,flag_crhdst_lt_dpdmax,flag_crhdst_lt_dpdmax,1,,,,,,not_subject_vehicle
1434,8779,1710,side_impactor,impactor_vehicle,X_Exclude,flag_lencnt_out_of_range,flag_lencnt_out_of_range,1,,,,,,not_subject_vehicle
1434,8779,1710,side_impactor,impactor_vehicle,X_Exclude,flag_pdof_family_mismatch,flag_pdof_family_mismatch,1,,,,,,not_subject_vehicle
1437,8782,1714,side_impactor,impactor_vehicle,X_Exclude,flag_crhdst_lt_dpdmax,flag_crhdst_lt_dpdmax,1,,,,,,not_subject_vehicle
1437,8782,1714,side_impactor,impactor_vehicle,X_Exclude,flag_pdof_family_mismatch,flag_pdof_family_mismatch,1,,,,,,not_subject_vehicle
1439,8784,1717,side_impactor,impactor_vehicle,X_Exclude,flag_lencnt_out_of_range,flag_lencnt_out_of_range,1,,,,,,not_subject_vehicle
1439,8784,1717,side_impactor,impactor_vehicle,X_Exclude,flag_pdof_family_mismatch,flag_pdof_family_mismatch,1,,,,,,not_subject_vehicle
1441,8785,1721,side,subject_vehicle,B_ProfilePartial,flag_lencnt_out_of_range,flag_lencnt_out_of_range,1,,,345.0,418.0,401.0,flag_lencnt_out_of_range
1441,8785,1721,side,subject_vehicle,B_ProfilePartial,flag_pdof_family_mismatch,flag_pdof_family_mismatch,1,,,345.0,418.0,401.0,flag_pdof_family_mismatch
1450,8786,1730,side_impactor,impactor_vehicle,X_Exclude,flag_crhdst_lt_dpdmax,flag_crhdst_lt_dpdmax,1,,,,,,not_subject_vehicle
1450,8786,1730,side_impactor,impactor_vehicle,X_Exclude,flag_pdof_family_mismatch,flag_pdof_family_mismatch,1,,,,,,not_subject_vehicle
1467,8876,1754,side_impactor,impactor_vehicle,X_Exclude,flag_crhdst_lt_dpdmax,flag_crhdst_lt_dpdmax,1,,,,,,not_subject_vehicle
1467,8876,1754,side_impactor,impactor_vehicle,X_Exclude,flag_lencnt_out_of_range,flag_lencnt_out_of_range,1,,,,,,not_subject_vehicle
1467,8876,1754,side_impactor,impactor_vehicle,X_Exclude,flag_pdof_family_mismatch,flag_pdof_family_mismatch,1,,,,,,not_subject_vehicle
1472,8879,1762,side_impactor,impactor_vehicle,X_Exclude,flag_crhdst_lt_dpdmax,flag_crhdst_lt_dpdmax,1,,,,,,not_subject_vehicle
1472,8879,1762,side_impactor,impactor_vehicle,X_Exclude,flag_lencnt_out_of_range,flag_lencnt_out_of_range,1,,,,,,not_subject_vehicle
1472,8879,1762,side_impactor,impactor_vehicle,X_Exclude,flag_pdof_family_mismatch,flag_pdof_family_mismatch,1,,,,,,not_subject_vehicle
1431,8883,1706,side_impactor,impactor_vehicle,X_Exclude,flag_crhdst_lt_dpdmax,flag_crhdst_lt_dpdmax,1,,,,,,not_subject_vehicle
1431,8883,1706,side_impactor,impactor_vehicle,X_Exclude,flag_pdof_family_mismatch,flag_pdof_family_mismatch,1,,,,,,not_subject_vehicle
1485,8907,1777,side_impactor,impactor_vehicle,X_Exclude,flag_crhdst_lt_dpdmax,flag_crhdst_lt_dpdmax,1,,,,,,not_subject_vehicle
1485,8907,1777,side_impactor,impactor_vehicle,X_Exclude,flag_lencnt_out_of_range,flag_lencnt_out_of_range,1,,,,,,not_subject_vehicle
1485,8907,1777,side_impactor,impactor_vehicle,X_Exclude,flag_pdof_family_mismatch,flag_pdof_family_mismatch,1,,,,,,not_subject_vehicle
1490,8937,1783,side_impactor,impactor_vehicle,X_Exclude,flag_crhdst_lt_dpdmax,flag_crhdst_lt_dpdmax,1,,,,,,not_subject_vehicle
1490,8937,1783,side_impactor,impactor_vehicle,X_Exclude,flag_lencnt_out_of_range,flag_lencnt_out_of_range,1,,,,,,not_subject_vehicle
1490,8937,1783,side_impactor,impactor_vehicle,X_Exclude,flag_pdof_family_mismatch,flag_pdof_family_mismatch,1,,,,,,not_subject_vehicle
1495,8939,1789,side_impactor,impactor_vehicle,X_Exclude,flag_crhdst_lt_dpdmax,flag_crhdst_lt_dpdmax,1,,,,,,not_subject_vehicle
1495,8939,1789,side_impactor,impactor_vehicle,X_Exclude,flag_lencnt_out_of_range,flag_lencnt_out_of_range,1,,,,,,not_subject_vehicle
1495,8939,1789,side_impactor,impactor_vehicle,X_Exclude,flag_pdof_family_mismatch,flag_pdof_family_mismatch,1,,,,,,not_subject_vehicle
1501,8950,1796,side_impactor,impactor_vehicle,X_Exclude,flag_crhdst_lt_dpdmax,flag_crhdst_lt_dpdmax,1,,,,,,not_subject_vehicle
1501,8950,1796,side_impactor,impactor_vehicle,X_Exclude,flag_pdof_family_mismatch,flag_pdof_family_mismatch,1,,,,,,not_subject_vehicle
1502,8980,1798,side_impactor,impactor_vehicle,X_Exclude,flag_crhdst_lt_dpdmax,flag_crhdst_lt_dpdmax,1,,,,,,not_subject_vehicle
1502,8980,1798,side_impactor,impactor_vehicle,X_Exclude,flag_lencnt_out_of_range,flag_lencnt_out_of_range,1,,,,,,not_subject_vehicle
1502,8980,1798,side_impactor,impactor_vehicle,X_Exclude,flag_pdof_family_mismatch,flag_pdof_family_mismatch,1,,,,,,not_subject_vehicle
1506,8983,1803,side_impactor,impactor_vehicle,X_Exclude,flag_crhdst_lt_dpdmax,flag_crhdst_lt_dpdmax,1,,,,,,not_subject_vehicle
1506,8983,1803,side_impactor,impactor_vehicle,X_Exclude,flag_lencnt_out_of_range,flag_lencnt_out_of_range,1,,,,,,not_subject_vehicle
1506,8983,1803,side_impactor,impactor_vehicle,X_Exclude,flag_pdof_family_mismatch,flag_pdof_family_mismatch,1,,,,,,not_subject_vehicle
1507,8985,1805,side,subject_vehicle,A_ProfileValid,flag_crhdst_lt_dpdmax,flag_crhdst_lt_dpdmax,1,,09LPAN3,285.0,349.0,409.0,flag_crhdst_lt_dpdmax
1513,8989,1814,side_impactor,impactor_vehicle,X_Exclude,flag_crhdst_lt_dpdmax,flag_crhdst_lt_dpdmax,1,,,,,,not_subject_vehicle
1513,8989,1814,side_impactor,impactor_vehicle,X_Exclude,flag_pdof_family_mismatch,flag_pdof_family_mismatch,1,,,,,,not_subject_vehicle
1516,8991,1819,side_impactor,impactor_vehicle,X_Exclude,flag_crhdst_lt_dpdmax,flag_crhdst_lt_dpdmax,1,,,,,,not_subject_vehicle
1516,8991,1819,side_impactor,impactor_vehicle,X_Exclude,flag_pdof_family_mismatch,flag_pdof_family_mismatch,1,,,,,,not_subject_vehicle
1523,8992,1827,side_impactor,impactor_vehicle,X_Exclude,flag_crhdst_lt_dpdmax,flag_crhdst_lt_dpdmax,1,,,,,,not_subject_vehicle
1523,8992,1827,side_impactor,impactor_vehicle,X_Exclude,flag_pdof_family_mismatch,flag_pdof_family_mismatch,1,,,,,,not_subject_vehicle
1524,8995,1829,side,subject_vehicle,A_ProfileValid,flag_side_imppnt_mismatch,flag_side_imppnt_mismatch,1,,09LPAN3,285.0,422.0,386.0,flag_side_imppnt_mismatch
1525,8997,1830,side_impactor,impactor_vehicle,X_Exclude,flag_crhdst_lt_dpdmax,flag_crhdst_lt_dpdmax,1,,,,,,not_subject_vehicle
1525,8997,1830,side_impactor,impactor_vehicle,X_Exclude,flag_lencnt_out_of_range,flag_lencnt_out_of_range,1,,,,,,not_subject_vehicle
1525,8997,1830,side_impactor,impactor_vehicle,X_Exclude,flag_pdof_family_mismatch,flag_pdof_family_mismatch,1,,,,,,not_subject_vehicle
1539,9001,1845,side_impactor,impactor_vehicle,X_Exclude,flag_crhdst_lt_dpdmax,flag_crhdst_lt_dpdmax,1,,,,,,not_subject_vehicle
1539,9001,1845,side_impactor,impactor_vehicle,X_Exclude,flag_lencnt_out_of_range,flag_lencnt_out_of_range,1,,,,,,not_subject_vehicle
1539,9001,1845,side_impactor,impactor_vehicle,X_Exclude,flag_pdof_family_mismatch,flag_pdof_family_mismatch,1,,,,,,not_subject_vehicle
1549,9006,1857,side_impactor,impactor_vehicle,X_Exclude,flag_crhdst_lt_dpdmax,flag_crhdst_lt_dpdmax,1,,,,,,not_subject_vehicle
1549,9006,1857,side_impactor,impactor_vehicle,X_Exclude,flag_pdof_family_mismatch,flag_pdof_family_mismatch,1,,,,,,not_subject_vehicle
1551,9008,1860,side_impactor,impactor_vehicle,X_Exclude,flag_crhdst_lt_dpdmax,flag_crhdst_lt_dpdmax,1,,,,,,not_subject_vehicle
1551,9008,1860,side_impactor,impactor_vehicle,X_Exclude,flag_lencnt_out_of_range,flag_lencnt_out_of_range,1,,,,,,not_subject_vehicle
1551,9008,1860,side_impactor,impactor_vehicle,X_Exclude,flag_pdof_family_mismatch,flag_pdof_family_mismatch,1,,,,,,not_subject_vehicle
1562,9013,1872,side_impactor,impactor_vehicle,X_Exclude,flag_crhdst_lt_dpdmax,flag_crhdst_lt_dpdmax,1,,,,,,not_subject_vehicle
1562,9013,1872,side_impactor,impactor_vehicle,X_Exclude,flag_pdof_family_mismatch,flag_pdof_family_mismatch,1,,,,,,not_subject_vehicle
1566,9015,1878,side_impactor,impactor_vehicle,X_Exclude,flag_crhdst_lt_dpdmax,flag_crhdst_lt_dpdmax,1,,,,,,not_subject_vehicle
1566,9015,1878,side_impactor,impactor_vehicle,X_Exclude,flag_lencnt_out_of_range,flag_lencnt_out_of_range,1,,,,,,not_subject_vehicle
1566,9015,1878,side_impactor,impactor_vehicle,X_Exclude,flag_pdof_family_mismatch,flag_pdof_family_mismatch,1,,,,,,not_subject_vehicle
1582,9032,1897,side_impactor,impactor_vehicle,X_Exclude,flag_crhdst_lt_dpdmax,flag_crhdst_lt_dpdmax,1,,,,,,not_subject_vehicle
1582,9032,1897,side_impactor,impactor_vehicle,X_Exclude,flag_lencnt_out_of_range,flag_lencnt_out_of_range,1,,,,,,not_subject_vehicle
1582,9032,1897,side_impactor,impactor_vehicle,X_Exclude,flag_pdof_family_mismatch,flag_pdof_family_mismatch,1,,,,,,not_subject_vehicle
1583,9034,1899,side,subject_vehicle,B_ProfilePartial,flag_pdof_family_mismatch,flag_pdof_family_mismatch,1,,09LPAN0,0.0,250.0,194.0,flag_pdof_family_mismatch
1588,9036,1904,side_impactor,impactor_vehicle,X_Exclude,flag_pdof_family_mismatch,flag_pdof_family_mismatch,1,,,,,,not_subject_vehicle
1584,9037,1900,static_airbag,subject_vehicle,X_Exclude,flag_lencnt_out_of_range,flag_lencnt_out_of_range,1,,,,,,audit_only_family
1585,9038,1901,static_airbag,subject_vehicle,X_Exclude,flag_lencnt_out_of_range,flag_lencnt_out_of_range,1,,,,,,audit_only_family
1587,9039,1903,static_airbag,subject_vehicle,X_Exclude,flag_lencnt_out_of_range,flag_lencnt_out_of_range,1,,,,,,audit_only_family
1590,9040,1907,static_airbag,subject_vehicle,X_Exclude,flag_lencnt_out_of_range,flag_lencnt_out_of_range,1,,,,,,audit_only_family
1591,9041,1908,static_airbag,subject_vehicle,X_Exclude,flag_lencnt_out_of_range,flag_lencnt_out_of_range,1,,,,,,audit_only_family
1593,9045,1910,side,subject_vehicle,B_ProfilePartial,flag_pdof_family_mismatch,flag_pdof_family_mismatch,1,,09LPAN3,0.0,340.0,340.0,flag_pdof_family_mismatch
1594,9046,1911,side_impactor,impactor_vehicle,X_Exclude,flag_crhdst_lt_dpdmax,flag_crhdst_lt_dpdmax,1,,,,,,not_subject_vehicle
1594,9046,1911,side_impactor,impactor_vehicle,X_Exclude,flag_pdof_family_mismatch,flag_pdof_family_mismatch,1,,,,,,not_subject_vehicle
1597,9050,1915,side_impactor,impactor_vehicle,X_Exclude,flag_crhdst_lt_dpdmax,flag_crhdst_lt_dpdmax,1,,,,,,not_subject_vehicle
1597,9050,1915,side_impactor,impactor_vehicle,X_Exclude,flag_lencnt_out_of_range,flag_lencnt_out_of_range,1,,,,,,not_subject_vehicle
1597,9050,1915,side_impactor,impactor_vehicle,X_Exclude,flag_pdof_family_mismatch,flag_pdof_family_mismatch,1,,,,,,not_subject_vehicle
1600,9052,1919,side_impactor,impactor_vehicle,X_Exclude,flag_pdof_family_mismatch,flag_pdof_family_mismatch,1,,,,,,not_subject_vehicle
1602,9054,1922,side_impactor,impactor_vehicle,X_Exclude,flag_crhdst_lt_dpdmax,flag_crhdst_lt_dpdmax,1,,,,,,not_subject_vehicle
1602,9054,1922,side_impactor,impactor_vehicle,X_Exclude,flag_lencnt_out_of_range,flag_lencnt_out_of_range,1,,,,,,not_subject_vehicle
1602,9054,1922,side_impactor,impactor_vehicle,X_Exclude,flag_pdof_family_mismatch,flag_pdof_family_mismatch,1,,,,,,not_subject_vehicle
1609,9056,1930,side_impactor,impactor_vehicle,X_Exclude,flag_crhdst_lt_dpdmax,flag_crhdst_lt_dpdmax,1,,,,,,not_subject_vehicle
1609,9056,1930,side_impactor,impactor_vehicle,X_Exclude,flag_lencnt_out_of_range,flag_lencnt_out_of_range,1,,,,,,not_subject_vehicle
1609,9056,1930,side_impactor,impactor_vehicle,X_Exclude,flag_pdof_family_mismatch,flag_pdof_family_mismatch,1,,,,,,not_subject_vehicle
1610,9057,1932,static_airbag,subject_vehicle,X_Exclude,flag_lencnt_out_of_range,flag_lencnt_out_of_range,1,,,,,,audit_only_family
1611,9058,1933,static_airbag,subject_vehicle,X_Exclude,flag_lencnt_out_of_range,flag_lencnt_out_of_range,1,,,,,,audit_only_family
1613,9060,1935,side_impactor,impactor_vehicle,X_Exclude,flag_crhdst_lt_dpdmax,flag_crhdst_lt_dpdmax,1,,,,,,not_subject_vehicle
1613,9060,1935,side_impactor,impactor_vehicle,X_Exclude,flag_pdof_family_mismatch,flag_pdof_family_mismatch,1,,,,,,not_subject_vehicle
1613,9060,1936,side_impactor,subject_vehicle,A_ProfileValid,flag_side_imppnt_mismatch,flag_side_imppnt_mismatch,1,,10LPAW3,297.0,175.0,175.0,flag_side_imppnt_mismatch
1618,9063,1941,side_impactor,impactor_vehicle,X_Exclude,flag_crhdst_lt_dpdmax,flag_crhdst_lt_dpdmax,1,,,,,,not_subject_vehicle
1618,9063,1941,side_impactor,impactor_vehicle,X_Exclude,flag_pdof_family_mismatch,flag_pdof_family_mismatch,1,,,,,,not_subject_vehicle
1619,9064,1943,side_impactor,impactor_vehicle,X_Exclude,flag_crhdst_lt_dpdmax,flag_crhdst_lt_dpdmax,1,,,,,,not_subject_vehicle
1619,9064,1943,side_impactor,impactor_vehicle,X_Exclude,flag_lencnt_out_of_range,flag_lencnt_out_of_range,1,,,,,,not_subject_vehicle
1619,9064,1943,side_impactor,impactor_vehicle,X_Exclude,flag_pdof_family_mismatch,flag_pdof_family_mismatch,1,,,,,,not_subject_vehicle
1623,9067,1948,side_impactor,impactor_vehicle,X_Exclude,flag_crhdst_lt_dpdmax,flag_crhdst_lt_dpdmax,1,,,,,,not_subject_vehicle
1623,9067,1948,side_impactor,impactor_vehicle,X_Exclude,flag_lencnt_out_of_range,flag_lencnt_out_of_range,1,,,,,,not_subject_vehicle
1623,9067,1948,side_impactor,impactor_vehicle,X_Exclude,flag_pdof_family_mismatch,flag_pdof_family_mismatch,1,,,,,,not_subject_vehicle
1626,9071,1952,side,subject_vehicle,B_ProfilePartial,flag_pdof_family_mismatch,flag_pdof_family_mismatch,1,,09LPAN3,0.0,340.0,340.0,flag_pdof_family_mismatch
1628,9073,1954,side_impactor,impactor_vehicle,X_Exclude,flag_crhdst_lt_dpdmax,flag_crhdst_lt_dpdmax,1,,,,,,not_subject_vehicle
1628,9073,1954,side_impactor,impactor_vehicle,X_Exclude,flag_lencnt_out_of_range,flag_lencnt_out_of_range,1,,,,,,not_subject_vehicle
1628,9073,1954,side_impactor,impactor_vehicle,X_Exclude,flag_pdof_family_mismatch,flag_pdof_family_mismatch,1,,,,,,not_subject_vehicle
1629,9074,1956,side_impactor,impactor_vehicle,X_Exclude,flag_pdof_family_mismatch,flag_pdof_family_mismatch,1,,,,,,not_subject_vehicle
1635,9082,1963,side,subject_vehicle,B_ProfilePartial,flag_pdof_family_mismatch,flag_pdof_family_mismatch,1,,09LPAN3,0.0,253.0,253.0,flag_pdof_family_mismatch
1636,9083,1964,side_impactor,impactor_vehicle,X_Exclude,flag_pdof_family_mismatch,flag_pdof_family_mismatch,1,,,,,,not_subject_vehicle
1638,9084,1967,side_impactor,impactor_vehicle,X_Exclude,flag_pdof_family_mismatch,flag_pdof_family_mismatch,1,,,,,,not_subject_vehicle
1638,9084,1967,side_impactor,impactor_vehicle,X_Exclude,flag_side_imppnt_mismatch,flag_side_imppnt_mismatch,1,,,,,,not_subject_vehicle
1639,9085,1969,side,subject_vehicle,B_ProfilePartial,flag_pdof_family_mismatch,flag_pdof_family_mismatch,1,,09LPAN3,0.0,348.0,348.0,flag_pdof_family_mismatch
1641,9087,1971,side_impactor,impactor_vehicle,X_Exclude,flag_crhdst_lt_dpdmax,flag_crhdst_lt_dpdmax,1,,,,,,not_subject_vehicle
1641,9087,1971,side_impactor,impactor_vehicle,X_Exclude,flag_lencnt_out_of_range,flag_lencnt_out_of_range,1,,,,,,not_subject_vehicle
1641,9087,1971,side_impactor,impactor_vehicle,X_Exclude,flag_pdof_family_mismatch,flag_pdof_family_mismatch,1,,,,,,not_subject_vehicle
1643,9098,1974,static_airbag,subject_vehicle,X_Exclude,flag_lencnt_out_of_range,flag_lencnt_out_of_range,1,,,,,,audit_only_family
1646,9099,1977,side_impactor,impactor_vehicle,X_Exclude,flag_crhdst_lt_dpdmax,flag_crhdst_lt_dpdmax,1,,,,,,not_subject_vehicle
1646,9099,1977,side_impactor,impactor_vehicle,X_Exclude,flag_lencnt_out_of_range,flag_lencnt_out_of_range,1,,,,,,not_subject_vehicle
1646,9099,1977,side_impactor,impactor_vehicle,X_Exclude,flag_pdof_family_mismatch,flag_pdof_family_mismatch,1,,,,,,not_subject_vehicle
1646,9099,1977,side_impactor,impactor_vehicle,X_Exclude,flag_side_imppnt_mismatch,flag_side_imppnt_mismatch,1,,,,,,not_subject_vehicle
1646,9099,1978,side_impactor,subject_vehicle,A_ProfileValid,flag_side_imppnt_mismatch,flag_side_imppnt_mismatch,1,,10LPEW2,297.0,284.0,217.0,flag_side_imppnt_mismatch
1645,9112,1976,static_airbag,subject_vehicle,X_Exclude,flag_lencnt_out_of_range,flag_lencnt_out_of_range,1,,,,,,audit_only_family
1637,9113,1966,static_airbag,subject_vehicle,X_Exclude,flag_lencnt_out_of_range,flag_lencnt_out_of_range,1,,,,,,audit_only_family
1654,9115,1986,side_impactor,impactor_vehicle,X_Exclude,flag_crhdst_lt_dpdmax,flag_crhdst_lt_dpdmax,1,,,,,,not_subject_vehicle
1654,9115,1986,side_impactor,impactor_vehicle,X_Exclude,flag_pdof_family_mismatch,flag_pdof_family_mismatch,1,,,,,,not_subject_vehicle
1649,9116,1981,static_airbag,subject_vehicle,X_Exclude,flag_lencnt_out_of_range,flag_lencnt_out_of_range,1,,,,,,audit_only_family
1650,9117,1982,static_airbag,subject_vehicle,X_Exclude,flag_lencnt_out_of_range,flag_lencnt_out_of_range,1,,,,,,audit_only_family
1651,9118,1983,static_airbag,subject_vehicle,X_Exclude,flag_lencnt_out_of_range,flag_lencnt_out_of_range,1,,,,,,audit_only_family
1652,9119,1984,static_airbag,subject_vehicle,X_Exclude,flag_lencnt_out_of_range,flag_lencnt_out_of_range,1,,,,,,audit_only_family
1109,9130,1310,research_other,subject_vehicle,X_Exclude,flag_crhdst_lt_dpdmax,flag_crhdst_lt_dpdmax,1,,,,,,audit_only_family
1115,9131,1317,research_other,subject_vehicle,X_Exclude,flag_crhdst_lt_dpdmax,flag_crhdst_lt_dpdmax,1,,,,,,audit_only_family
1156,9134,1365,research_other,subject_vehicle,D_DeltaOnly,flag_crhdst_lt_dpdmax,flag_crhdst_lt_dpdmax,1,,,,,,audit_only_family
1263,9146,1514,research_other,subject_vehicle,D_DeltaOnly,flag_crhdst_lt_dpdmax,flag_crhdst_lt_dpdmax,1,,,,,,audit_only_family
1266,9147,1518,research_other,subject_vehicle,X_Exclude,flag_crhdst_lt_dpdmax,flag_crhdst_lt_dpdmax,1,,,,,,audit_only_family
1268,9148,1521,research_other,subject_vehicle,D_DeltaOnly,flag_crhdst_lt_dpdmax,flag_crhdst_lt_dpdmax,1,,,,,,audit_only_family
1280,9150,1539,research_other,subject_vehicle,X_Exclude,flag_crhdst_lt_dpdmax,flag_crhdst_lt_dpdmax,1,,,,,,audit_only_family
1576,9154,1890,research_other,subject_vehicle,X_Exclude,flag_crhdst_lt_dpdmax,flag_crhdst_lt_dpdmax,1,,,,,,audit_only_family
1579,9155,1894,research_other,subject_vehicle,A_ProfileValid,flag_crhdst_lt_dpdmax,flag_crhdst_lt_dpdmax,1,,,,,,audit_only_family
1666,9159,1999,side_impactor,impactor_vehicle,X_Exclude,flag_crhdst_lt_dpdmax,flag_crhdst_lt_dpdmax,1,,,,,,not_subject_vehicle
1666,9159,1999,side_impactor,impactor_vehicle,X_Exclude,flag_lencnt_out_of_range,flag_lencnt_out_of_range,1,,,,,,not_subject_vehicle
1666,9159,1999,side_impactor,impactor_vehicle,X_Exclude,flag_pdof_family_mismatch,flag_pdof_family_mismatch,1,,,,,,not_subject_vehicle
1672,9162,2006,side_impactor,impactor_vehicle,X_Exclude,flag_crhdst_lt_dpdmax,flag_crhdst_lt_dpdmax,1,,,,,,not_subject_vehicle
1672,9162,2006,side_impactor,impactor_vehicle,X_Exclude,flag_lencnt_out_of_range,flag_lencnt_out_of_range,1,,,,,,not_subject_vehicle
1672,9162,2006,side_impactor,impactor_vehicle,X_Exclude,flag_pdof_family_mismatch,flag_pdof_family_mismatch,1,,,,,,not_subject_vehicle
1658,9164,1991,static_airbag,subject_vehicle,X_Exclude,flag_lencnt_out_of_range,flag_lencnt_out_of_range,1,,,,,,audit_only_family
1660,9165,1993,static_airbag,subject_vehicle,X_Exclude,flag_lencnt_out_of_range,flag_lencnt_out_of_range,1,,,,,,audit_only_family
1678,9168,2013,side_impactor,impactor_vehicle,X_Exclude,flag_crhdst_lt_dpdmax,flag_crhdst_lt_dpdmax,1,,,,,,not_subject_vehicle
1678,9168,2013,side_impactor,impactor_vehicle,X_Exclude,flag_lencnt_out_of_range,flag_lencnt_out_of_range,1,,,,,,not_subject_vehicle
1678,9168,2013,side_impactor,impactor_vehicle,X_Exclude,flag_pdof_family_mismatch,flag_pdof_family_mismatch,1,,,,,,not_subject_vehicle
1685,9199,2021,side_impactor,impactor_vehicle,X_Exclude,flag_crhdst_lt_dpdmax,flag_crhdst_lt_dpdmax,1,,,,,,not_subject_vehicle
1685,9199,2021,side_impactor,impactor_vehicle,X_Exclude,flag_pdof_family_mismatch,flag_pdof_family_mismatch,1,,,,,,not_subject_vehicle
1685,9199,2022,side_impactor,subject_vehicle,A_ProfileValid,flag_side_imppnt_mismatch,flag_side_imppnt_mismatch,1,,10LPAW3,297.0,136.0,124.0,flag_side_imppnt_mismatch
1688,9249,2025,side_impactor,impactor_vehicle,X_Exclude,flag_crhdst_lt_dpdmax,flag_crhdst_lt_dpdmax,1,,,,,,not_subject_vehicle
1688,9249,2025,side_impactor,impactor_vehicle,X_Exclude,flag_pdof_family_mismatch,flag_pdof_family_mismatch,1,,,,,,not_subject_vehicle
1701,9254,2040,side_impactor,impactor_vehicle,X_Exclude,flag_crhdst_lt_dpdmax,flag_crhdst_lt_dpdmax,1,,,,,,not_subject_vehicle
1701,9254,2040,side_impactor,impactor_vehicle,X_Exclude,flag_lencnt_out_of_range,flag_lencnt_out_of_range,1,,,,,,not_subject_vehicle
1701,9254,2040,side_impactor,impactor_vehicle,X_Exclude,flag_pdof_family_mismatch,flag_pdof_family_mismatch,1,,,,,,not_subject_vehicle
1701,9254,2041,side_impactor,subject_vehicle,A_ProfileValid,flag_side_imppnt_mismatch,flag_side_imppnt_mismatch,1,,10LPEW2,297.0,236.0,240.0,flag_side_imppnt_mismatch
1703,9255,2043,side_impactor,impactor_vehicle,X_Exclude,flag_crhdst_lt_dpdmax,flag_crhdst_lt_dpdmax,1,,,,,,not_subject_vehicle
1703,9255,2043,side_impactor,impactor_vehicle,X_Exclude,flag_lencnt_out_of_range,flag_lencnt_out_of_range,1,,,,,,not_subject_vehicle
1703,9255,2043,side_impactor,impactor_vehicle,X_Exclude,flag_pdof_family_mismatch,flag_pdof_family_mismatch,1,,,,,,not_subject_vehicle
1695,9256,2033,static_airbag,subject_vehicle,X_Exclude,flag_lencnt_out_of_range,flag_lencnt_out_of_range,1,,,,,,audit_only_family
1696,9257,2034,static_airbag,subject_vehicle,X_Exclude,flag_lencnt_out_of_range,flag_lencnt_out_of_range,1,,,,,,audit_only_family
1698,9258,2037,static_airbag,subject_vehicle,X_Exclude,flag_lencnt_out_of_range,flag_lencnt_out_of_range,1,,,,,,audit_only_family
1702,9259,2042,static_airbag,subject_vehicle,X_Exclude,flag_lencnt_out_of_range,flag_lencnt_out_of_range,1,,,,,,audit_only_family
1691,9288,2029,static_airbag,subject_vehicle,X_Exclude,flag_lencnt_out_of_range,flag_lencnt_out_of_range,1,,,,,,audit_only_family
1692,9291,2030,static_airbag,subject_vehicle,X_Exclude,flag_lencnt_out_of_range,flag_lencnt_out_of_range,1,,,,,,audit_only_family
1697,9292,2035,side_impactor,impactor_vehicle,X_Exclude,flag_crhdst_lt_dpdmax,flag_crhdst_lt_dpdmax,1,,,,,,not_subject_vehicle
1697,9292,2035,side_impactor,impactor_vehicle,X_Exclude,flag_lencnt_out_of_range,flag_lencnt_out_of_range,1,,,,,,not_subject_vehicle
1697,9292,2035,side_impactor,impactor_vehicle,X_Exclude,flag_pdof_family_mismatch,flag_pdof_family_mismatch,1,,,,,,not_subject_vehicle
1705,9294,2046,side_impactor,impactor_vehicle,X_Exclude,flag_crhdst_lt_dpdmax,flag_crhdst_lt_dpdmax,1,,,,,,not_subject_vehicle
1705,9294,2046,side_impactor,impactor_vehicle,X_Exclude,flag_lencnt_out_of_range,flag_lencnt_out_of_range,1,,,,,,not_subject_vehicle
1705,9294,2046,side_impactor,impactor_vehicle,X_Exclude,flag_pdof_family_mismatch,flag_pdof_family_mismatch,1,,,,,,not_subject_vehicle
1709,9298,2051,side_impactor,impactor_vehicle,X_Exclude,flag_crhdst_lt_dpdmax,flag_crhdst_lt_dpdmax,1,,,,,,not_subject_vehicle
1709,9298,2051,side_impactor,impactor_vehicle,X_Exclude,flag_lencnt_out_of_range,flag_lencnt_out_of_range,1,,,,,,not_subject_vehicle
1709,9298,2051,side_impactor,impactor_vehicle,X_Exclude,flag_pdof_family_mismatch,flag_pdof_family_mismatch,1,,,,,,not_subject_vehicle
1710,9299,2053,side_impactor,impactor_vehicle,X_Exclude,flag_crhdst_lt_dpdmax,flag_crhdst_lt_dpdmax,1,,,,,,not_subject_vehicle
1710,9299,2053,side_impactor,impactor_vehicle,X_Exclude,flag_lencnt_out_of_range,flag_lencnt_out_of_range,1,,,,,,not_subject_vehicle
1710,9299,2053,side_impactor,impactor_vehicle,X_Exclude,flag_pdof_family_mismatch,flag_pdof_family_mismatch,1,,,,,,not_subject_vehicle
1734,9324,2079,side_impactor,impactor_vehicle,X_Exclude,flag_crhdst_lt_dpdmax,flag_crhdst_lt_dpdmax,1,,,,,,not_subject_vehicle
1734,9324,2079,side_impactor,impactor_vehicle,X_Exclude,flag_lencnt_out_of_range,flag_lencnt_out_of_range,1,,,,,,not_subject_vehicle
1734,9324,2079,side_impactor,impactor_vehicle,X_Exclude,flag_pdof_family_mismatch,flag_pdof_family_mismatch,1,,,,,,not_subject_vehicle
1716,9327,2060,side_impactor,impactor_vehicle,X_Exclude,flag_crhdst_lt_dpdmax,flag_crhdst_lt_dpdmax,1,,,,,,not_subject_vehicle
1716,9327,2060,side_impactor,impactor_vehicle,X_Exclude,flag_pdof_family_mismatch,flag_pdof_family_mismatch,1,,,,,,not_subject_vehicle
1716,9327,2061,side_impactor,subject_vehicle,A_ProfileValid,flag_side_imppnt_mismatch,flag_side_imppnt_mismatch,1,,10LPAW3,297.0,144.0,136.0,flag_side_imppnt_mismatch
1723,9328,2068,static_airbag,subject_vehicle,X_Exclude,flag_lencnt_out_of_range,flag_lencnt_out_of_range,1,,,,,,audit_only_family
1731,9329,2076,static_airbag,subject_vehicle,X_Exclude,flag_lencnt_out_of_range,flag_lencnt_out_of_range,1,,,,,,audit_only_family
1738,9330,2084,static_airbag,subject_vehicle,X_Exclude,flag_lencnt_out_of_range,flag_lencnt_out_of_range,1,,,,,,audit_only_family
1747,9347,2094,static_airbag,subject_vehicle,X_Exclude,flag_lencnt_out_of_range,flag_lencnt_out_of_range,1,,,,,,audit_only_family
1749,9348,2096,static_airbag,subject_vehicle,X_Exclude,flag_lencnt_out_of_range,flag_lencnt_out_of_range,1,,,,,,audit_only_family
1755,9349,2103,static_airbag,subject_vehicle,X_Exclude,flag_lencnt_out_of_range,flag_lencnt_out_of_range,1,,,,,,audit_only_family
1767,9353,2120,side_impactor,impactor_vehicle,X_Exclude,flag_crhdst_lt_dpdmax,flag_crhdst_lt_dpdmax,1,,,,,,not_subject_vehicle
1767,9353,2120,side_impactor,impactor_vehicle,X_Exclude,flag_pdof_family_mismatch,flag_pdof_family_mismatch,1,,,,,,not_subject_vehicle
1766,9355,2118,side_impactor,impactor_vehicle,X_Exclude,flag_crhdst_lt_dpdmax,flag_crhdst_lt_dpdmax,1,,,,,,not_subject_vehicle
1766,9355,2118,side_impactor,impactor_vehicle,X_Exclude,flag_lencnt_out_of_range,flag_lencnt_out_of_range,1,,,,,,not_subject_vehicle
1766,9355,2118,side_impactor,impactor_vehicle,X_Exclude,flag_pdof_family_mismatch,flag_pdof_family_mismatch,1,,,,,,not_subject_vehicle
1768,9471,2122,side_impactor,impactor_vehicle,X_Exclude,flag_crhdst_lt_dpdmax,flag_crhdst_lt_dpdmax,1,,,,,,not_subject_vehicle
1768,9471,2122,side_impactor,impactor_vehicle,X_Exclude,flag_lencnt_out_of_range,flag_lencnt_out_of_range,1,,,,,,not_subject_vehicle
1768,9471,2122,side_impactor,impactor_vehicle,X_Exclude,flag_pdof_family_mismatch,flag_pdof_family_mismatch,1,,,,,,not_subject_vehicle
1768,9471,2123,side_impactor,subject_vehicle,A_ProfileValid,flag_crhdst_lt_dpdmax,flag_crhdst_lt_dpdmax,1,,10LPEW2,297.0,186.0,2075.0,flag_crhdst_lt_dpdmax
1781,9474,2139,side_impactor,impactor_vehicle,X_Exclude,flag_pdof_family_mismatch,flag_pdof_family_mismatch,1,,,,,,not_subject_vehicle
1783,9475,2142,side_impactor,impactor_vehicle,X_Exclude,flag_pdof_family_mismatch,flag_pdof_family_mismatch,1,,,,,,not_subject_vehicle
1794,9485,2154,side,subject_vehicle,B_ProfilePartial,flag_pdof_family_mismatch,flag_pdof_family_mismatch,1,,LPAN03,0.0,421.0,421.0,flag_pdof_family_mismatch
1795,9486,2155,side_impactor,impactor_vehicle,X_Exclude,flag_pdof_family_mismatch,flag_pdof_family_mismatch,1,,,,,,not_subject_vehicle
1797,9488,2158,side_impactor,impactor_vehicle,X_Exclude,flag_crhdst_lt_dpdmax,flag_crhdst_lt_dpdmax,1,,,,,,not_subject_vehicle
1797,9488,2158,side_impactor,impactor_vehicle,X_Exclude,flag_pdof_family_mismatch,flag_pdof_family_mismatch,1,,,,,,not_subject_vehicle
1808,9491,2172,side_impactor,impactor_vehicle,X_Exclude,flag_crhdst_lt_dpdmax,flag_crhdst_lt_dpdmax,1,,,,,,not_subject_vehicle
1808,9491,2172,side_impactor,impactor_vehicle,X_Exclude,flag_pdof_family_mismatch,flag_pdof_family_mismatch,1,,,,,,not_subject_vehicle
1814,9496,2181,side,subject_vehicle,B_ProfilePartial,flag_pdof_family_mismatch,flag_pdof_family_mismatch,1,,09LPAN3,0.0,383.0,383.0,flag_pdof_family_mismatch
1817,9497,2185,side_impactor,impactor_vehicle,X_Exclude,flag_pdof_family_mismatch,flag_pdof_family_mismatch,1,,,,,,not_subject_vehicle
1817,9497,2186,side_impactor,subject_vehicle,A_ProfileValid,flag_side_imppnt_mismatch,flag_side_imppnt_mismatch,1,,09LYEW2,270.0,260.0,260.0,flag_side_imppnt_mismatch
1816,9498,2183,side_impactor,impactor_vehicle,X_Exclude,flag_pdof_family_mismatch,flag_pdof_family_mismatch,1,,,,,,not_subject_vehicle
1830,9504,2201,side_impactor,impactor_vehicle,X_Exclude,flag_crhdst_lt_dpdmax,flag_crhdst_lt_dpdmax,1,,,,,,not_subject_vehicle
1830,9504,2201,side_impactor,impactor_vehicle,X_Exclude,flag_lencnt_out_of_range,flag_lencnt_out_of_range,1,,,,,,not_subject_vehicle
1830,9504,2201,side_impactor,impactor_vehicle,X_Exclude,flag_pdof_family_mismatch,flag_pdof_family_mismatch,1,,,,,,not_subject_vehicle
1838,9506,2211,side_impactor,impactor_vehicle,X_Exclude,flag_pdof_family_mismatch,flag_pdof_family_mismatch,1,,,,,,not_subject_vehicle
1848,9509,2223,side,subject_vehicle,B_ProfilePartial,flag_pdof_family_mismatch,flag_pdof_family_mismatch,1,,09LPAN3,0.0,244.0,244.0,flag_pdof_family_mismatch
1844,9510,2218,side_impactor,impactor_vehicle,X_Exclude,flag_crhdst_lt_dpdmax,flag_crhdst_lt_dpdmax,1,,,,,,not_subject_vehicle
1844,9510,2218,side_impactor,impactor_vehicle,X_Exclude,flag_pdof_family_mismatch,flag_pdof_family_mismatch,1,,,,,,not_subject_vehicle
1869,9513,2244,side_impactor,impactor_vehicle,X_Exclude,flag_crhdst_lt_dpdmax,flag_crhdst_lt_dpdmax,1,,,,,,not_subject_vehicle
1869,9513,2244,side_impactor,impactor_vehicle,X_Exclude,flag_lencnt_out_of_range,flag_lencnt_out_of_range,1,,,,,,not_subject_vehicle
1869,9513,2244,side_impactor,impactor_vehicle,X_Exclude,flag_pdof_family_mismatch,flag_pdof_family_mismatch,1,,,,,,not_subject_vehicle
1894,9545,2270,side_impactor,impactor_vehicle,X_Exclude,flag_pdof_family_mismatch,flag_pdof_family_mismatch,1,,,,,,not_subject_vehicle
1894,9545,2270,side_impactor,impactor_vehicle,X_Exclude,flag_side_imppnt_mismatch,flag_side_imppnt_mismatch,1,,,,,,not_subject_vehicle
1899,9547,2276,side_impactor,impactor_vehicle,X_Exclude,flag_crhdst_lt_dpdmax,flag_crhdst_lt_dpdmax,1,,,,,,not_subject_vehicle
1899,9547,2276,side_impactor,impactor_vehicle,X_Exclude,flag_pdof_family_mismatch,flag_pdof_family_mismatch,1,,,,,,not_subject_vehicle
1907,9550,2285,side_impactor,impactor_vehicle,X_Exclude,flag_pdof_family_mismatch,flag_pdof_family_mismatch,1,,,,,,not_subject_vehicle
1910,9551,2289,side,subject_vehicle,A_ProfileValid,flag_side_imppnt_mismatch,flag_side_imppnt_mismatch,1,,10LPAN3,285.0,348.0,348.0,flag_side_imppnt_mismatch
1918,9555,2297,side_impactor,impactor_vehicle,X_Exclude,flag_crhdst_lt_dpdmax,flag_crhdst_lt_dpdmax,1,,,,,,not_subject_vehicle
1918,9555,2297,side_impactor,impactor_vehicle,X_Exclude,flag_lencnt_out_of_range,flag_lencnt_out_of_range,1,,,,,,not_subject_vehicle
1918,9555,2297,side_impactor,impactor_vehicle,X_Exclude,flag_pdof_family_mismatch,flag_pdof_family_mismatch,1,,,,,,not_subject_vehicle
1925,9556,2305,side,subject_vehicle,B_ProfilePartial,flag_pdof_family_mismatch,flag_pdof_family_mismatch,1,,09LPAN3,0.0,287.0,287.0,flag_pdof_family_mismatch
1939,9558,2320,side_impactor,impactor_vehicle,X_Exclude,flag_pdof_family_mismatch,flag_pdof_family_mismatch,1,,,,,,not_subject_vehicle
1941,9560,2323,side_impactor,impactor_vehicle,X_Exclude,flag_crhdst_lt_dpdmax,flag_crhdst_lt_dpdmax,1,,,,,,not_subject_vehicle
1941,9560,2323,side_impactor,impactor_vehicle,X_Exclude,flag_lencnt_out_of_range,flag_lencnt_out_of_range,1,,,,,,not_subject_vehicle
1941,9560,2323,side_impactor,impactor_vehicle,X_Exclude,flag_pdof_family_mismatch,flag_pdof_family_mismatch,1,,,,,,not_subject_vehicle
1935,9562,2315,side_impactor,impactor_vehicle,X_Exclude,flag_lencnt_out_of_range,flag_lencnt_out_of_range,1,,,,,,not_subject_vehicle
1935,9562,2315,side_impactor,impactor_vehicle,X_Exclude,flag_pdof_family_mismatch,flag_pdof_family_mismatch,1,,,,,,not_subject_vehicle
1946,9565,2329,side,subject_vehicle,A_ProfileValid,flag_side_imppnt_mismatch,flag_side_imppnt_mismatch,1,,10LPAN3,285.0,317.0,245.0,flag_side_imppnt_mismatch
1969,9582,2359,side_impactor,impactor_vehicle,X_Exclude,flag_crhdst_lt_dpdmax,flag_crhdst_lt_dpdmax,1,,,,,,not_subject_vehicle
1969,9582,2359,side_impactor,impactor_vehicle,X_Exclude,flag_lencnt_out_of_range,flag_lencnt_out_of_range,1,,,,,,not_subject_vehicle
1969,9582,2359,side_impactor,impactor_vehicle,X_Exclude,flag_pdof_family_mismatch,flag_pdof_family_mismatch,1,,,,,,not_subject_vehicle
1980,9588,2372,side_impactor,impactor_vehicle,X_Exclude,flag_crhdst_lt_dpdmax,flag_crhdst_lt_dpdmax,1,,,,,,not_subject_vehicle
1980,9588,2372,side_impactor,impactor_vehicle,X_Exclude,flag_lencnt_out_of_range,flag_lencnt_out_of_range,1,,,,,,not_subject_vehicle
1980,9588,2372,side_impactor,impactor_vehicle,X_Exclude,flag_pdof_family_mismatch,flag_pdof_family_mismatch,1,,,,,,not_subject_vehicle
1989,9590,2383,side,subject_vehicle,B_ProfilePartial,flag_pdof_family_mismatch,flag_pdof_family_mismatch,1,,09LPAN3,0.0,369.0,369.0,flag_pdof_family_mismatch
2007,9595,2403,side_impactor,impactor_vehicle,X_Exclude,flag_pdof_family_mismatch,flag_pdof_family_mismatch,1,,,,,,not_subject_vehicle
1985,9648,2378,side_impactor,impactor_vehicle,X_Exclude,flag_pdof_family_mismatch,flag_pdof_family_mismatch,1,,,,,,not_subject_vehicle
2019,9697,2419,side_impactor,impactor_vehicle,X_Exclude,flag_crhdst_lt_dpdmax,flag_crhdst_lt_dpdmax,1,,,,,,not_subject_vehicle
2019,9697,2419,side_impactor,impactor_vehicle,X_Exclude,flag_lencnt_out_of_range,flag_lencnt_out_of_range,1,,,,,,not_subject_vehicle
2019,9697,2419,side_impactor,impactor_vehicle,X_Exclude,flag_pdof_family_mismatch,flag_pdof_family_mismatch,1,,,,,,not_subject_vehicle
2058,9728,2468,static_airbag,subject_vehicle,X_Exclude,flag_lencnt_out_of_range,flag_lencnt_out_of_range,1,,,,,,audit_only_family
2059,9729,2469,static_airbag,subject_vehicle,X_Exclude,flag_lencnt_out_of_range,flag_lencnt_out_of_range,1,,,,,,audit_only_family
2063,9731,2473,static_airbag,subject_vehicle,X_Exclude,flag_lencnt_out_of_range,flag_lencnt_out_of_range,1,,,,,,audit_only_family
2065,9732,2475,static_airbag,subject_vehicle,X_Exclude,flag_lencnt_out_of_range,flag_lencnt_out_of_range,1,,,,,,audit_only_family
2066,9733,2476,static_airbag,subject_vehicle,X_Exclude,flag_lencnt_out_of_range,flag_lencnt_out_of_range,1,,,,,,audit_only_family
2067,9734,2477,static_airbag,subject_vehicle,X_Exclude,flag_lencnt_out_of_range,flag_lencnt_out_of_range,1,,,,,,audit_only_family
2068,9735,2478,static_airbag,subject_vehicle,X_Exclude,flag_lencnt_out_of_range,flag_lencnt_out_of_range,1,,,,,,audit_only_family
2069,9736,2479,static_airbag,subject_vehicle,X_Exclude,flag_lencnt_out_of_range,flag_lencnt_out_of_range,1,,,,,,audit_only_family
2080,9738,2491,static_airbag,subject_vehicle,X_Exclude,flag_lencnt_out_of_range,flag_lencnt_out_of_range,1,,,,,,audit_only_family
1836,9742,2208,research_other,subject_vehicle,X_Exclude,flag_lencnt_out_of_range,flag_lencnt_out_of_range,1,,,,,,audit_only_family
2093,9747,2506,side_impactor,impactor_vehicle,X_Exclude,flag_crhdst_lt_dpdmax,flag_crhdst_lt_dpdmax,1,,,,,,not_subject_vehicle
2093,9747,2506,side_impactor,impactor_vehicle,X_Exclude,flag_lencnt_out_of_range,flag_lencnt_out_of_range,1,,,,,,not_subject_vehicle
2093,9747,2506,side_impactor,impactor_vehicle,X_Exclude,flag_pdof_family_mismatch,flag_pdof_family_mismatch,1,,,,,,not_subject_vehicle
2070,9748,2480,static_airbag,subject_vehicle,X_Exclude,flag_lencnt_out_of_range,flag_lencnt_out_of_range,1,,,,,,audit_only_family
2074,9749,2485,static_airbag,subject_vehicle,X_Exclude,flag_lencnt_out_of_range,flag_lencnt_out_of_range,1,,,,,,audit_only_family
2075,9750,2486,static_airbag,subject_vehicle,X_Exclude,flag_lencnt_out_of_range,flag_lencnt_out_of_range,1,,,,,,audit_only_family
2081,9751,2492,static_airbag,subject_vehicle,X_Exclude,flag_lencnt_out_of_range,flag_lencnt_out_of_range,1,,,,,,audit_only_family
2082,9752,2493,static_airbag,subject_vehicle,X_Exclude,flag_lencnt_out_of_range,flag_lencnt_out_of_range,1,,,,,,audit_only_family
2083,9753,2494,static_airbag,subject_vehicle,X_Exclude,flag_lencnt_out_of_range,flag_lencnt_out_of_range,1,,,,,,audit_only_family
2076,9754,2487,static_airbag,subject_vehicle,X_Exclude,flag_lencnt_out_of_range,flag_lencnt_out_of_range,1,,,,,,audit_only_family
2084,9755,2495,static_airbag,subject_vehicle,X_Exclude,flag_lencnt_out_of_range,flag_lencnt_out_of_range,1,,,,,,audit_only_family
2101,9756,2518,side_impactor,impactor_vehicle,X_Exclude,flag_crhdst_lt_dpdmax,flag_crhdst_lt_dpdmax,1,,,,,,not_subject_vehicle
2101,9756,2518,side_impactor,impactor_vehicle,X_Exclude,flag_pdof_family_mismatch,flag_pdof_family_mismatch,1,,,,,,not_subject_vehicle
2096,9758,2512,static_airbag,subject_vehicle,X_Exclude,flag_lencnt_out_of_range,flag_lencnt_out_of_range,1,,,,,,audit_only_family
2097,9759,2513,static_airbag,subject_vehicle,X_Exclude,flag_lencnt_out_of_range,flag_lencnt_out_of_range,1,,,,,,audit_only_family
2103,9760,2521,static_airbag,subject_vehicle,X_Exclude,flag_lencnt_out_of_range,flag_lencnt_out_of_range,1,,,,,,audit_only_family
2114,9777,2536,side_impactor,impactor_vehicle,X_Exclude,flag_crhdst_lt_dpdmax,flag_crhdst_lt_dpdmax,1,,,,,,not_subject_vehicle
2114,9777,2536,side_impactor,impactor_vehicle,X_Exclude,flag_lencnt_out_of_range,flag_lencnt_out_of_range,1,,,,,,not_subject_vehicle
2114,9777,2536,side_impactor,impactor_vehicle,X_Exclude,flag_pdof_family_mismatch,flag_pdof_family_mismatch,1,,,,,,not_subject_vehicle
2115,9779,2538,side,subject_vehicle,A_ProfileValid,flag_side_imppnt_mismatch,flag_side_imppnt_mismatch,1,,10LPAN3,285.0,320.0,212.0,flag_side_imppnt_mismatch
2054,9783,2462,side,subject_vehicle,A_ProfileValid,flag_crhdst_lt_dpdmax,flag_crhdst_lt_dpdmax,1,,10LPAN3,285.0,274.0,541.0,flag_crhdst_lt_dpdmax
2054,9783,2462,side,subject_vehicle,A_ProfileValid,flag_side_imppnt_mismatch,flag_side_imppnt_mismatch,1,,10LPAN3,285.0,274.0,541.0,flag_side_imppnt_mismatch
2021,9786,2422,side_impactor,impactor_vehicle,X_Exclude,flag_pdof_family_mismatch,flag_pdof_family_mismatch,1,,,,,,not_subject_vehicle
2029,9787,2434,side_impactor,impactor_vehicle,X_Exclude,flag_pdof_family_mismatch,flag_pdof_family_mismatch,1,,,,,,not_subject_vehicle
2057,9788,2466,side_impactor,impactor_vehicle,X_Exclude,flag_pdof_family_mismatch,flag_pdof_family_mismatch,1,,,,,,not_subject_vehicle
2057,9788,2466,side_impactor,impactor_vehicle,X_Exclude,flag_side_imppnt_mismatch,flag_side_imppnt_mismatch,1,,,,,,not_subject_vehicle
2057,9788,2467,side_impactor,subject_vehicle,A_ProfileValid,flag_side_imppnt_mismatch,flag_side_imppnt_mismatch,1,,,270.0,221.0,203.0,flag_side_imppnt_mismatch
2098,9789,2514,side_impactor,impactor_vehicle,X_Exclude,flag_pdof_family_mismatch,flag_pdof_family_mismatch,1,,,,,,not_subject_vehicle
2105,9790,2524,side_impactor,impactor_vehicle,X_Exclude,flag_pdof_family_mismatch,flag_pdof_family_mismatch,1,,,,,,not_subject_vehicle
2108,9791,2528,side_impactor,impactor_vehicle,X_Exclude,flag_pdof_family_mismatch,flag_pdof_family_mismatch,1,,,,,,not_subject_vehicle
2117,9792,2541,side,subject_vehicle,B_ProfilePartial,flag_pdof_family_mismatch,flag_pdof_family_mismatch,1,,09LPAN3,0.0,263.0,263.0,flag_pdof_family_mismatch
2120,9794,2545,side_impactor,impactor_vehicle,X_Exclude,flag_pdof_family_mismatch,flag_pdof_family_mismatch,1,,,,,,not_subject_vehicle
2118,9802,2542,frontal,impactor_vehicle,X_Exclude,flag_lencnt_out_of_range,flag_lencnt_out_of_range,1,,,,,,audit_only_family
2121,9806,2547,frontal,impactor_vehicle,X_Exclude,flag_lencnt_out_of_range,flag_lencnt_out_of_range,1,,,,,,audit_only_family
2122,9807,2549,frontal,impactor_vehicle,X_Exclude,flag_lencnt_out_of_range,flag_lencnt_out_of_range,1,,,,,,audit_only_family
2122,9807,2550,frontal,subject_vehicle,X_Exclude,flag_crhdst_lt_dpdmax,flag_crhdst_lt_dpdmax,1,,,,,,audit_only_family
2137,9810,2566,side_impactor,impactor_vehicle,X_Exclude,flag_crhdst_lt_dpdmax,flag_crhdst_lt_dpdmax,1,,,,,,not_subject_vehicle
2137,9810,2566,side_impactor,impactor_vehicle,X_Exclude,flag_lencnt_out_of_range,flag_lencnt_out_of_range,1,,,,,,not_subject_vehicle
2137,9810,2566,side_impactor,impactor_vehicle,X_Exclude,flag_pdof_family_mismatch,flag_pdof_family_mismatch,1,,,,,,not_subject_vehicle
2137,9810,2567,side_impactor,subject_vehicle,A_ProfileValid,flag_side_imppnt_mismatch,flag_side_imppnt_mismatch,1,,10LPEW2,297.0,155.0,155.0,flag_side_imppnt_mismatch
2149,9819,2579,side_impactor,impactor_vehicle,X_Exclude,flag_crhdst_lt_dpdmax,flag_crhdst_lt_dpdmax,1,,,,,,not_subject_vehicle
2149,9819,2579,side_impactor,impactor_vehicle,X_Exclude,flag_lencnt_out_of_range,flag_lencnt_out_of_range,1,,,,,,not_subject_vehicle
2149,9819,2579,side_impactor,impactor_vehicle,X_Exclude,flag_pdof_family_mismatch,flag_pdof_family_mismatch,1,,,,,,not_subject_vehicle
2153,9940,2585,side_impactor,impactor_vehicle,X_Exclude,flag_pdof_family_mismatch,flag_pdof_family_mismatch,1,,,,,,not_subject_vehicle
2152,9942,2583,side_impactor,impactor_vehicle,X_Exclude,flag_crhdst_lt_dpdmax,flag_crhdst_lt_dpdmax,1,,,,,,not_subject_vehicle
2152,9942,2583,side_impactor,impactor_vehicle,X_Exclude,flag_lencnt_out_of_range,flag_lencnt_out_of_range,1,,,,,,not_subject_vehicle
2152,9942,2583,side_impactor,impactor_vehicle,X_Exclude,flag_pdof_family_mismatch,flag_pdof_family_mismatch,1,,,,,,not_subject_vehicle
2155,9945,2588,side_impactor,impactor_vehicle,X_Exclude,flag_pdof_family_mismatch,flag_pdof_family_mismatch,1,,,,,,not_subject_vehicle
2156,9947,2590,side,subject_vehicle,A_ProfileValid,flag_side_imppnt_mismatch,flag_side_imppnt_mismatch,1,,10LPAN3,285.0,342.0,193.0,flag_side_imppnt_mismatch
2008,9960,2405,research_other,subject_vehicle,X_Exclude,flag_lencnt_out_of_range,flag_lencnt_out_of_range,1,,,,,,audit_only_family
2164,9962,2598,side_impactor,impactor_vehicle,X_Exclude,flag_crhdst_lt_dpdmax,flag_crhdst_lt_dpdmax,1,,,,,,not_subject_vehicle
2164,9962,2598,side_impactor,impactor_vehicle,X_Exclude,flag_lencnt_out_of_range,flag_lencnt_out_of_range,1,,,,,,not_subject_vehicle
2164,9962,2598,side_impactor,impactor_vehicle,X_Exclude,flag_pdof_family_mismatch,flag_pdof_family_mismatch,1,,,,,,not_subject_vehicle
2176,9968,2614,side_impactor,impactor_vehicle,X_Exclude,flag_pdof_family_mismatch,flag_pdof_family_mismatch,1,,,,,,not_subject_vehicle
2181,9972,2620,side_impactor,impactor_vehicle,X_Exclude,flag_crhdst_lt_dpdmax,flag_crhdst_lt_dpdmax,1,,,,,,not_subject_vehicle
2181,9972,2620,side_impactor,impactor_vehicle,X_Exclude,flag_lencnt_out_of_range,flag_lencnt_out_of_range,1,,,,,,not_subject_vehicle
2181,9972,2620,side_impactor,impactor_vehicle,X_Exclude,flag_pdof_family_mismatch,flag_pdof_family_mismatch,1,,,,,,not_subject_vehicle
2188,9974,2630,side,subject_vehicle,B_ProfilePartial,flag_pdof_family_mismatch,flag_pdof_family_mismatch,1,,09LPAN3,0.0,308.0,308.0,flag_pdof_family_mismatch
2183,9975,2624,side_impactor,impactor_vehicle,X_Exclude,flag_pdof_family_mismatch,flag_pdof_family_mismatch,1,,,,,,not_subject_vehicle
2234,9980,2678,side_impactor,impactor_vehicle,X_Exclude,flag_pdof_family_mismatch,flag_pdof_family_mismatch,1,,,,,,not_subject_vehicle
2231,9981,2675,side,subject_vehicle,B_ProfilePartial,flag_pdof_family_mismatch,flag_pdof_family_mismatch,1,,09LPAN3,0.0,265.0,265.0,flag_pdof_family_mismatch
2235,9983,2680,side_impactor,impactor_vehicle,X_Exclude,flag_pdof_family_mismatch,flag_pdof_family_mismatch,1,,,,,,not_subject_vehicle
2237,9985,2683,side,subject_vehicle,A_ProfileValid,flag_side_imppnt_mismatch,flag_side_imppnt_mismatch,1,,10LPAN3,285.0,330.0,259.0,flag_side_imppnt_mismatch
2238,9986,2684,side_impactor,impactor_vehicle,X_Exclude,flag_pdof_family_mismatch,flag_pdof_family_mismatch,1,,,,,,not_subject_vehicle
2242,9988,2689,side,subject_vehicle,B_ProfilePartial,flag_pdof_family_mismatch,flag_pdof_family_mismatch,1,,09LPAN3,0.0,342.0,342.0,flag_pdof_family_mismatch
2245,9990,2692,side_impactor,impactor_vehicle,X_Exclude,flag_pdof_family_mismatch,flag_pdof_family_mismatch,1,,,,,,not_subject_vehicle
2249,9995,2697,side_impactor,impactor_vehicle,X_Exclude,flag_crhdst_lt_dpdmax,flag_crhdst_lt_dpdmax,1,,,,,,not_subject_vehicle
2249,9995,2697,side_impactor,impactor_vehicle,X_Exclude,flag_lencnt_out_of_range,flag_lencnt_out_of_range,1,,,,,,not_subject_vehicle
2249,9995,2697,side_impactor,impactor_vehicle,X_Exclude,flag_pdof_family_mismatch,flag_pdof_family_mismatch,1,,,,,,not_subject_vehicle
2254,9996,2703,side_impactor,impactor_vehicle,X_Exclude,flag_crhdst_lt_dpdmax,flag_crhdst_lt_dpdmax,1,,,,,,not_subject_vehicle
2254,9996,2703,side_impactor,impactor_vehicle,X_Exclude,flag_pdof_family_mismatch,flag_pdof_family_mismatch,1,,,,,,not_subject_vehicle
2259,9998,2710,side_impactor,impactor_vehicle,X_Exclude,flag_pdof_family_mismatch,flag_pdof_family_mismatch,1,,,,,,not_subject_vehicle
2259,9998,2710,side_impactor,impactor_vehicle,X_Exclude,flag_side_imppnt_mismatch,flag_side_imppnt_mismatch,1,,,,,,not_subject_vehicle
2266,10003,2718,side_impactor,impactor_vehicle,X_Exclude,flag_pdof_family_mismatch,flag_pdof_family_mismatch,1,,,,,,not_subject_vehicle
2268,10004,2721,side,subject_vehicle,B_ProfilePartial,flag_pdof_family_mismatch,flag_pdof_family_mismatch,1,,09LPAN3,0.0,256.0,256.0,flag_pdof_family_mismatch
2277,10032,2730,side_impactor,impactor_vehicle,X_Exclude,flag_pdof_family_mismatch,flag_pdof_family_mismatch,1,,,,,,not_subject_vehicle
2276,10033,2729,side,subject_vehicle,B_ProfilePartial,flag_pdof_family_mismatch,flag_pdof_family_mismatch,1,,09LPAN3,0.0,346.0,346.0,flag_pdof_family_mismatch
2282,10035,2736,side_impactor,impactor_vehicle,X_Exclude,flag_pdof_family_mismatch,flag_pdof_family_mismatch,1,,,,,,not_subject_vehicle
2285,10036,2741,side,subject_vehicle,B_ProfilePartial,flag_pdof_family_mismatch,flag_pdof_family_mismatch,1,,09LPAN3,0.0,414.0,414.0,flag_pdof_family_mismatch
2283,10038,2738,side_impactor,impactor_vehicle,X_Exclude,flag_crhdst_lt_dpdmax,flag_crhdst_lt_dpdmax,1,,,,,,not_subject_vehicle
2283,10038,2738,side_impactor,impactor_vehicle,X_Exclude,flag_pdof_family_mismatch,flag_pdof_family_mismatch,1,,,,,,not_subject_vehicle
2289,10046,2745,side_impactor,impactor_vehicle,X_Exclude,flag_pdof_family_mismatch,flag_pdof_family_mismatch,1,,,,,,not_subject_vehicle
2290,10047,2747,side,subject_vehicle,B_ProfilePartial,flag_pdof_family_mismatch,flag_pdof_family_mismatch,1,,09LPAN3,0.0,265.0,265.0,flag_pdof_family_mismatch
2291,10048,2748,side_impactor,impactor_vehicle,X_Exclude,flag_pdof_family_mismatch,flag_pdof_family_mismatch,1,,,,,,not_subject_vehicle
2184,10052,2626,side,subject_vehicle,A_ProfileValid,flag_side_imppnt_mismatch,flag_side_imppnt_mismatch,1,,10LPAN3,285.0,361.0,290.0,flag_side_imppnt_mismatch
2228,10053,2672,side,subject_vehicle,A_ProfileValid,flag_side_imppnt_mismatch,flag_side_imppnt_mismatch,1,,10LPAN3,285.0,423.0,344.0,flag_side_imppnt_mismatch
2171,10054,2607,side_impactor,impactor_vehicle,X_Exclude,flag_pdof_family_mismatch,flag_pdof_family_mismatch,1,,,,,,not_subject_vehicle
2216,10055,2659,side_impactor,impactor_vehicle,X_Exclude,flag_pdof_family_mismatch,flag_pdof_family_mismatch,1,,,,,,not_subject_vehicle
2258,10056,2708,side_impactor,impactor_vehicle,X_Exclude,flag_pdof_family_mismatch,flag_pdof_family_mismatch,1,,,,,,not_subject_vehicle
2297,10057,2755,side_impactor,impactor_vehicle,X_Exclude,flag_pdof_family_mismatch,flag_pdof_family_mismatch,1,,,,,,not_subject_vehicle
2299,10059,2758,side,subject_vehicle,B_ProfilePartial,flag_pdof_family_mismatch,flag_pdof_family_mismatch,1,,09LPAN3,0.0,314.0,314.0,flag_pdof_family_mismatch
2302,10062,2761,side_impactor,impactor_vehicle,X_Exclude,flag_crhdst_lt_dpdmax,flag_crhdst_lt_dpdmax,1,,,,,,not_subject_vehicle
2302,10062,2761,side_impactor,impactor_vehicle,X_Exclude,flag_lencnt_out_of_range,flag_lencnt_out_of_range,1,,,,,,not_subject_vehicle
2302,10062,2761,side_impactor,impactor_vehicle,X_Exclude,flag_pdof_family_mismatch,flag_pdof_family_mismatch,1,,,,,,not_subject_vehicle
2316,10066,2776,side_impactor,impactor_vehicle,X_Exclude,flag_pdof_family_mismatch,flag_pdof_family_mismatch,1,,,,,,not_subject_vehicle
2344,10069,2807,side_impactor,impactor_vehicle,X_Exclude,flag_crhdst_lt_dpdmax,flag_crhdst_lt_dpdmax,1,,,,,,not_subject_vehicle
2344,10069,2807,side_impactor,impactor_vehicle,X_Exclude,flag_lencnt_out_of_range,flag_lencnt_out_of_range,1,,,,,,not_subject_vehicle
2344,10069,2807,side_impactor,impactor_vehicle,X_Exclude,flag_pdof_family_mismatch,flag_pdof_family_mismatch,1,,,,,,not_subject_vehicle
2327,10071,2789,frontal,subject_vehicle,X_Exclude,flag_lencnt_out_of_range,flag_lencnt_out_of_range,1,,,,,,audit_only_family
2321,10072,2782,frontal,subject_vehicle,C_MaxOnly,flag_lencnt_out_of_range,flag_lencnt_out_of_range,1,,,,,,audit_only_family
2362,10073,2826,side,subject_vehicle,B_ProfilePartial,flag_pdof_family_mismatch,flag_pdof_family_mismatch,1,,09LPAN3,0.0,308.0,308.0,flag_pdof_family_mismatch
2363,10074,2827,side_impactor,impactor_vehicle,X_Exclude,flag_pdof_family_mismatch,flag_pdof_family_mismatch,1,,,,,,not_subject_vehicle
2373,10077,2839,static_airbag,subject_vehicle,X_Exclude,flag_lencnt_out_of_range,flag_lencnt_out_of_range,1,,,,,,audit_only_family
2370,10078,2836,static_airbag,subject_vehicle,X_Exclude,flag_lencnt_out_of_range,flag_lencnt_out_of_range,1,,,,,,audit_only_family
2371,10079,2837,static_airbag,subject_vehicle,X_Exclude,flag_lencnt_out_of_range,flag_lencnt_out_of_range,1,,,,,,audit_only_family
2379,10080,2845,static_airbag,subject_vehicle,X_Exclude,flag_lencnt_out_of_range,flag_lencnt_out_of_range,1,,,,,,audit_only_family
2380,10081,2846,static_airbag,subject_vehicle,X_Exclude,flag_lencnt_out_of_range,flag_lencnt_out_of_range,1,,,,,,audit_only_family
2381,10082,2847,static_airbag,subject_vehicle,X_Exclude,flag_lencnt_out_of_range,flag_lencnt_out_of_range,1,,,,,,audit_only_family
2367,10083,2832,side_impactor,impactor_vehicle,X_Exclude,flag_crhdst_lt_dpdmax,flag_crhdst_lt_dpdmax,1,,,,,,not_subject_vehicle
2367,10083,2832,side_impactor,impactor_vehicle,X_Exclude,flag_pdof_family_mismatch,flag_pdof_family_mismatch,1,,,,,,not_subject_vehicle
2400,10092,2867,side_impactor,impactor_vehicle,X_Exclude,flag_crhdst_lt_dpdmax,flag_crhdst_lt_dpdmax,1,,,,,,not_subject_vehicle
2400,10092,2867,side_impactor,impactor_vehicle,X_Exclude,flag_lencnt_out_of_range,flag_lencnt_out_of_range,1,,,,,,not_subject_vehicle
2400,10092,2867,side_impactor,impactor_vehicle,X_Exclude,flag_pdof_family_mismatch,flag_pdof_family_mismatch,1,,,,,,not_subject_vehicle
2403,10094,2872,static_airbag,subject_vehicle,X_Exclude,flag_lencnt_out_of_range,flag_lencnt_out_of_range,1,,,,,,audit_only_family
2413,10098,2882,side_impactor,impactor_vehicle,X_Exclude,flag_crhdst_lt_dpdmax,flag_crhdst_lt_dpdmax,1,,,,,,not_subject_vehicle
2413,10098,2882,side_impactor,impactor_vehicle,X_Exclude,flag_lencnt_out_of_range,flag_lencnt_out_of_range,1,,,,,,not_subject_vehicle
2413,10098,2882,side_impactor,impactor_vehicle,X_Exclude,flag_pdof_family_mismatch,flag_pdof_family_mismatch,1,,,,,,not_subject_vehicle
2455,10132,2925,side_impactor,impactor_vehicle,X_Exclude,flag_crhdst_lt_dpdmax,flag_crhdst_lt_dpdmax,1,,,,,,not_subject_vehicle
2455,10132,2925,side_impactor,impactor_vehicle,X_Exclude,flag_lencnt_out_of_range,flag_lencnt_out_of_range,1,,,,,,not_subject_vehicle
2455,10132,2925,side_impactor,impactor_vehicle,X_Exclude,flag_pdof_family_mismatch,flag_pdof_family_mismatch,1,,,,,,not_subject_vehicle
2473,10136,2946,side_impactor,impactor_vehicle,X_Exclude,flag_crhdst_lt_dpdmax,flag_crhdst_lt_dpdmax,1,,,,,,not_subject_vehicle
2473,10136,2946,side_impactor,impactor_vehicle,X_Exclude,flag_lencnt_out_of_range,flag_lencnt_out_of_range,1,,,,,,not_subject_vehicle
2473,10136,2946,side_impactor,impactor_vehicle,X_Exclude,flag_pdof_family_mismatch,flag_pdof_family_mismatch,1,,,,,,not_subject_vehicle
2491,10144,2965,side_impactor,impactor_vehicle,X_Exclude,flag_crhdst_lt_dpdmax,flag_crhdst_lt_dpdmax,1,,,,,,not_subject_vehicle
2491,10144,2965,side_impactor,impactor_vehicle,X_Exclude,flag_lencnt_out_of_range,flag_lencnt_out_of_range,1,,,,,,not_subject_vehicle
2491,10144,2965,side_impactor,impactor_vehicle,X_Exclude,flag_pdof_family_mismatch,flag_pdof_family_mismatch,1,,,,,,not_subject_vehicle
2499,10148,2974,side_impactor,impactor_vehicle,X_Exclude,flag_pdof_family_mismatch,flag_pdof_family_mismatch,1,,,,,,not_subject_vehicle
2512,10153,2989,side_impactor,impactor_vehicle,X_Exclude,flag_crhdst_lt_dpdmax,flag_crhdst_lt_dpdmax,1,,,,,,not_subject_vehicle
2512,10153,2989,side_impactor,impactor_vehicle,X_Exclude,flag_lencnt_out_of_range,flag_lencnt_out_of_range,1,,,,,,not_subject_vehicle
2512,10153,2989,side_impactor,impactor_vehicle,X_Exclude,flag_pdof_family_mismatch,flag_pdof_family_mismatch,1,,,,,,not_subject_vehicle
2504,10154,2980,frontal,subject_vehicle,X_Exclude,flag_lencnt_out_of_range,flag_lencnt_out_of_range,1,,,,,,audit_only_family
2522,10155,3002,side,subject_vehicle,B_ProfilePartial,flag_pdof_family_mismatch,flag_pdof_family_mismatch,1,,09LPAN3,0.0,332.0,350.0,flag_pdof_family_mismatch
2526,10157,3006,side_impactor,impactor_vehicle,X_Exclude,flag_crhdst_lt_dpdmax,flag_crhdst_lt_dpdmax,1,,,,,,not_subject_vehicle
2526,10157,3006,side_impactor,impactor_vehicle,X_Exclude,flag_pdof_family_mismatch,flag_pdof_family_mismatch,1,,,,,,not_subject_vehicle
2529,10160,3010,side_impactor,impactor_vehicle,X_Exclude,flag_pdof_family_mismatch,flag_pdof_family_mismatch,1,,,,,,not_subject_vehicle
2534,10161,3016,side,subject_vehicle,B_ProfilePartial,flag_pdof_family_mismatch,flag_pdof_family_mismatch,1,,09LPAN3,0.0,289.0,289.0,flag_pdof_family_mismatch
2535,10162,3017,side_impactor,impactor_vehicle,X_Exclude,flag_pdof_family_mismatch,flag_pdof_family_mismatch,1,,,,,,not_subject_vehicle
2538,10164,3021,side_impactor,impactor_vehicle,X_Exclude,flag_pdof_family_mismatch,flag_pdof_family_mismatch,1,,,,,,not_subject_vehicle
2544,10167,3028,side_impactor,impactor_vehicle,X_Exclude,flag_crhdst_lt_dpdmax,flag_crhdst_lt_dpdmax,1,,,,,,not_subject_vehicle
2544,10167,3028,side_impactor,impactor_vehicle,X_Exclude,flag_lencnt_out_of_range,flag_lencnt_out_of_range,1,,,,,,not_subject_vehicle
2544,10167,3028,side_impactor,impactor_vehicle,X_Exclude,flag_pdof_family_mismatch,flag_pdof_family_mismatch,1,,,,,,not_subject_vehicle
2552,10169,3037,frontal_barrier,subject_vehicle,A_ProfileValid,flag_crhdst_lt_dpdmax,flag_crhdst_lt_dpdmax,1,,12FDEW1,0.0,242.0,425.0,flag_crhdst_lt_dpdmax
2555,10170,3040,side_impactor,impactor_vehicle,X_Exclude,flag_crhdst_lt_dpdmax,flag_crhdst_lt_dpdmax,1,,,,,,not_subject_vehicle
2555,10170,3040,side_impactor,impactor_vehicle,X_Exclude,flag_pdof_family_mismatch,flag_pdof_family_mismatch,1,,,,,,not_subject_vehicle
2565,10172,3051,side_impactor,impactor_vehicle,X_Exclude,flag_pdof_family_mismatch,flag_pdof_family_mismatch,1,,,,,,not_subject_vehicle
2571,10176,3058,side_impactor,impactor_vehicle,X_Exclude,flag_crhdst_lt_dpdmax,flag_crhdst_lt_dpdmax,1,,,,,,not_subject_vehicle
2571,10176,3058,side_impactor,impactor_vehicle,X_Exclude,flag_lencnt_out_of_range,flag_lencnt_out_of_range,1,,,,,,not_subject_vehicle
2571,10176,3058,side_impactor,impactor_vehicle,X_Exclude,flag_pdof_family_mismatch,flag_pdof_family_mismatch,1,,,,,,not_subject_vehicle
2577,10178,3065,side_impactor,impactor_vehicle,X_Exclude,flag_pdof_family_mismatch,flag_pdof_family_mismatch,1,,,,,,not_subject_vehicle
2578,10181,3067,side_impactor,impactor_vehicle,X_Exclude,flag_pdof_family_mismatch,flag_pdof_family_mismatch,1,,,,,,not_subject_vehicle
2580,10182,3070,side,subject_vehicle,B_ProfilePartial,flag_pdof_family_mismatch,flag_pdof_family_mismatch,1,,09LPAN3,0.0,395.0,379.0,flag_pdof_family_mismatch
2581,10184,3071,side,subject_vehicle,B_ProfilePartial,flag_pdof_family_mismatch,flag_pdof_family_mismatch,1,,09LPAN3,0.0,323.0,264.0,flag_pdof_family_mismatch
2582,10186,3072,side_impactor,impactor_vehicle,X_Exclude,flag_pdof_family_mismatch,flag_pdof_family_mismatch,1,,,,,,not_subject_vehicle
2586,10187,3078,side_impactor,impactor_vehicle,X_Exclude,flag_pdof_family_mismatch,flag_pdof_family_mismatch,1,,,,,,not_subject_vehicle
2585,10190,3076,side_impactor,impactor_vehicle,X_Exclude,flag_crhdst_lt_dpdmax,flag_crhdst_lt_dpdmax,1,,,,,,not_subject_vehicle
2585,10190,3076,side_impactor,impactor_vehicle,X_Exclude,flag_pdof_family_mismatch,flag_pdof_family_mismatch,1,,,,,,not_subject_vehicle
2585,10190,3077,side_impactor,subject_vehicle,A_ProfileValid,flag_side_imppnt_mismatch,flag_side_imppnt_mismatch,1,,10LPAS2,297.0,135.0,129.0,flag_side_imppnt_mismatch
2591,10193,3084,side_impactor,impactor_vehicle,X_Exclude,flag_crhdst_lt_dpdmax,flag_crhdst_lt_dpdmax,1,,,,,,not_subject_vehicle
2591,10193,3084,side_impactor,impactor_vehicle,X_Exclude,flag_lencnt_out_of_range,flag_lencnt_out_of_range,1,,,,,,not_subject_vehicle
2591,10193,3084,side_impactor,impactor_vehicle,X_Exclude,flag_pdof_family_mismatch,flag_pdof_family_mismatch,1,,,,,,not_subject_vehicle
2615,10313,3108,side_impactor,impactor_vehicle,X_Exclude,flag_crhdst_lt_dpdmax,flag_crhdst_lt_dpdmax,1,,,,,,not_subject_vehicle
2615,10313,3108,side_impactor,impactor_vehicle,X_Exclude,flag_lencnt_out_of_range,flag_lencnt_out_of_range,1,,,,,,not_subject_vehicle
2615,10313,3108,side_impactor,impactor_vehicle,X_Exclude,flag_pdof_family_mismatch,flag_pdof_family_mismatch,1,,,,,,not_subject_vehicle
2619,10315,3113,side_impactor,impactor_vehicle,X_Exclude,flag_pdof_family_mismatch,flag_pdof_family_mismatch,1,,,,,,not_subject_vehicle
2621,10319,3116,side_impactor,impactor_vehicle,X_Exclude,flag_crhdst_lt_dpdmax,flag_crhdst_lt_dpdmax,1,,,,,,not_subject_vehicle
2621,10319,3116,side_impactor,impactor_vehicle,X_Exclude,flag_lencnt_out_of_range,flag_lencnt_out_of_range,1,,,,,,not_subject_vehicle
2621,10319,3116,side_impactor,impactor_vehicle,X_Exclude,flag_pdof_family_mismatch,flag_pdof_family_mismatch,1,,,,,,not_subject_vehicle
2623,10321,3119,side_impactor,impactor_vehicle,X_Exclude,flag_pdof_family_mismatch,flag_pdof_family_mismatch,1,,,,,,not_subject_vehicle
2626,10323,3123,side_impactor,impactor_vehicle,X_Exclude,flag_pdof_family_mismatch,flag_pdof_family_mismatch,1,,,,,,not_subject_vehicle
2625,10324,3122,side,subject_vehicle,B_ProfilePartial,flag_pdof_family_mismatch,flag_pdof_family_mismatch,1,,09LPAN3,0.0,394.0,394.0,flag_pdof_family_mismatch
2627,10341,3125,side_impactor,impactor_vehicle,X_Exclude,flag_pdof_family_mismatch,flag_pdof_family_mismatch,1,,,,,,not_subject_vehicle
2632,10344,3131,side_impactor,impactor_vehicle,X_Exclude,flag_pdof_family_mismatch,flag_pdof_family_mismatch,1,,,,,,not_subject_vehicle
2630,10345,3129,side,subject_vehicle,B_ProfilePartial,flag_pdof_family_mismatch,flag_pdof_family_mismatch,1,,09LPAN3,0.0,321.0,313.0,flag_pdof_family_mismatch
2633,10347,3133,side_impactor,impactor_vehicle,X_Exclude,flag_crhdst_lt_dpdmax,flag_crhdst_lt_dpdmax,1,,,,,,not_subject_vehicle
2633,10347,3133,side_impactor,impactor_vehicle,X_Exclude,flag_lencnt_out_of_range,flag_lencnt_out_of_range,1,,,,,,not_subject_vehicle
2633,10347,3133,side_impactor,impactor_vehicle,X_Exclude,flag_pdof_family_mismatch,flag_pdof_family_mismatch,1,,,,,,not_subject_vehicle
2656,10351,3157,side_impactor,impactor_vehicle,X_Exclude,flag_pdof_family_mismatch,flag_pdof_family_mismatch,1,,,,,,not_subject_vehicle
2665,10352,3167,side,subject_vehicle,B_ProfilePartial,flag_pdof_family_mismatch,flag_pdof_family_mismatch,1,,09LPAN3,0.0,298.0,270.0,flag_pdof_family_mismatch
2673,10354,3175,side,subject_vehicle,B_ProfilePartial,flag_pdof_family_mismatch,flag_pdof_family_mismatch,1,,09LPAN3,0.0,293.0,293.0,flag_pdof_family_mismatch
2678,10355,3180,side_impactor,impactor_vehicle,X_Exclude,flag_pdof_family_mismatch,flag_pdof_family_mismatch,1,,,,,,not_subject_vehicle
2679,10356,3182,side,subject_vehicle,B_ProfilePartial,flag_pdof_family_mismatch,flag_pdof_family_mismatch,1,,09LPAN3,0.0,324.0,324.0,flag_pdof_family_mismatch
2683,10357,3186,side_impactor,impactor_vehicle,X_Exclude,flag_pdof_family_mismatch,flag_pdof_family_mismatch,1,,,,,,not_subject_vehicle
2687,10358,3191,side_impactor,impactor_vehicle,X_Exclude,flag_pdof_family_mismatch,flag_pdof_family_mismatch,1,,,,,,not_subject_vehicle
2696,10360,3201,static_airbag,subject_vehicle,X_Exclude,flag_lencnt_out_of_range,flag_lencnt_out_of_range,1,,,,,,audit_only_family
2697,10361,3202,static_airbag,subject_vehicle,X_Exclude,flag_lencnt_out_of_range,flag_lencnt_out_of_range,1,,,,,,audit_only_family
2698,10362,3203,static_airbag,subject_vehicle,X_Exclude,flag_lencnt_out_of_range,flag_lencnt_out_of_range,1,,,,,,audit_only_family
2700,10363,3205,static_airbag,subject_vehicle,X_Exclude,flag_lencnt_out_of_range,flag_lencnt_out_of_range,1,,,,,,audit_only_family
2705,10364,3210,side_impactor,impactor_vehicle,X_Exclude,flag_pdof_family_mismatch,flag_pdof_family_mismatch,1,,,,,,not_subject_vehicle
2711,10384,3217,side_impactor,impactor_vehicle,X_Exclude,flag_crhdst_lt_dpdmax,flag_crhdst_lt_dpdmax,1,,,,,,not_subject_vehicle
2711,10384,3217,side_impactor,impactor_vehicle,X_Exclude,flag_pdof_family_mismatch,flag_pdof_family_mismatch,1,,,,,,not_subject_vehicle
2715,10388,3222,side_impactor,impactor_vehicle,X_Exclude,flag_crhdst_lt_dpdmax,flag_crhdst_lt_dpdmax,1,,,,,,not_subject_vehicle
2715,10388,3222,side_impactor,impactor_vehicle,X_Exclude,flag_lencnt_out_of_range,flag_lencnt_out_of_range,1,,,,,,not_subject_vehicle
2715,10388,3222,side_impactor,impactor_vehicle,X_Exclude,flag_pdof_family_mismatch,flag_pdof_family_mismatch,1,,,,,,not_subject_vehicle
2717,10390,3225,side_impactor,impactor_vehicle,X_Exclude,flag_crhdst_lt_dpdmax,flag_crhdst_lt_dpdmax,1,,,,,,not_subject_vehicle
2717,10390,3225,side_impactor,impactor_vehicle,X_Exclude,flag_pdof_family_mismatch,flag_pdof_family_mismatch,1,,,,,,not_subject_vehicle
2726,10552,3235,frontal_barrier,subject_vehicle,B_ProfilePartial,flag_lencnt_out_of_range,flag_lencnt_out_of_range,1,,12FDEW2,0.0,722.0,647.0,flag_lencnt_out_of_range
2727,10553,3236,side_impactor,impactor_vehicle,X_Exclude,flag_crhdst_lt_dpdmax,flag_crhdst_lt_dpdmax,1,,,,,,not_subject_vehicle
2727,10553,3236,side_impactor,impactor_vehicle,X_Exclude,flag_lencnt_out_of_range,flag_lencnt_out_of_range,1,,,,,,not_subject_vehicle
2727,10553,3236,side_impactor,impactor_vehicle,X_Exclude,flag_pdof_family_mismatch,flag_pdof_family_mismatch,1,,,,,,not_subject_vehicle
2729,10557,3239,frontal_barrier,subject_vehicle,B_ProfilePartial,flag_lencnt_out_of_range,flag_lencnt_out_of_range,1,,12FDEW2,0.0,604.0,599.0,flag_lencnt_out_of_range
2733,10559,3243,side_impactor,impactor_vehicle,X_Exclude,flag_crhdst_lt_dpdmax,flag_crhdst_lt_dpdmax,1,,,,,,not_subject_vehicle
2733,10559,3243,side_impactor,impactor_vehicle,X_Exclude,flag_pdof_family_mismatch,flag_pdof_family_mismatch,1,,,,,,not_subject_vehicle
2740,10561,3251,side_impactor,impactor_vehicle,X_Exclude,flag_pdof_family_mismatch,flag_pdof_family_mismatch,1,,,,,,not_subject_vehicle
2741,10566,3253,side_impactor,impactor_vehicle,X_Exclude,flag_crhdst_lt_dpdmax,flag_crhdst_lt_dpdmax,1,,,,,,not_subject_vehicle
2741,10566,3253,side_impactor,impactor_vehicle,X_Exclude,flag_pdof_family_mismatch,flag_pdof_family_mismatch,1,,,,,,not_subject_vehicle
2757,10567,3270,side_impactor,impactor_vehicle,X_Exclude,flag_crhdst_lt_dpdmax,flag_crhdst_lt_dpdmax,1,,,,,,not_subject_vehicle
2757,10567,3270,side_impactor,impactor_vehicle,X_Exclude,flag_lencnt_out_of_range,flag_lencnt_out_of_range,1,,,,,,not_subject_vehicle
2757,10567,3270,side_impactor,impactor_vehicle,X_Exclude,flag_pdof_family_mismatch,flag_pdof_family_mismatch,1,,,,,,not_subject_vehicle
2788,10634,3302,side_impactor,impactor_vehicle,X_Exclude,flag_crhdst_lt_dpdmax,flag_crhdst_lt_dpdmax,1,,,,,,not_subject_vehicle
2788,10634,3302,side_impactor,impactor_vehicle,X_Exclude,flag_pdof_family_mismatch,flag_pdof_family_mismatch,1,,,,,,not_subject_vehicle
2792,10636,3308,side_impactor,impactor_vehicle,X_Exclude,flag_crhdst_lt_dpdmax,flag_crhdst_lt_dpdmax,1,,,,,,not_subject_vehicle
2792,10636,3308,side_impactor,impactor_vehicle,X_Exclude,flag_lencnt_out_of_range,flag_lencnt_out_of_range,1,,,,,,not_subject_vehicle
2792,10636,3308,side_impactor,impactor_vehicle,X_Exclude,flag_pdof_family_mismatch,flag_pdof_family_mismatch,1,,,,,,not_subject_vehicle
2801,10640,3320,side,subject_vehicle,A_ProfileValid,flag_side_imppnt_mismatch,flag_side_imppnt_mismatch,1,,10LPAN3,285.0,344.0,344.0,flag_side_imppnt_mismatch
2796,10641,3313,side_impactor,impactor_vehicle,X_Exclude,flag_crhdst_lt_dpdmax,flag_crhdst_lt_dpdmax,1,,,,,,not_subject_vehicle
2796,10641,3313,side_impactor,impactor_vehicle,X_Exclude,flag_pdof_family_mismatch,flag_pdof_family_mismatch,1,,,,,,not_subject_vehicle
2799,10643,3317,side_impactor,impactor_vehicle,X_Exclude,flag_crhdst_lt_dpdmax,flag_crhdst_lt_dpdmax,1,,,,,,not_subject_vehicle
2799,10643,3317,side_impactor,impactor_vehicle,X_Exclude,flag_lencnt_out_of_range,flag_lencnt_out_of_range,1,,,,,,not_subject_vehicle
2799,10643,3317,side_impactor,impactor_vehicle,X_Exclude,flag_pdof_family_mismatch,flag_pdof_family_mismatch,1,,,,,,not_subject_vehicle
2802,10645,3321,side_impactor,impactor_vehicle,X_Exclude,flag_pdof_family_mismatch,flag_pdof_family_mismatch,1,,,,,,not_subject_vehicle
2805,10646,3325,side_impactor,impactor_vehicle,X_Exclude,flag_crhdst_lt_dpdmax,flag_crhdst_lt_dpdmax,1,,,,,,not_subject_vehicle
2805,10646,3325,side_impactor,impactor_vehicle,X_Exclude,flag_lencnt_out_of_range,flag_lencnt_out_of_range,1,,,,,,not_subject_vehicle
2805,10646,3325,side_impactor,impactor_vehicle,X_Exclude,flag_pdof_family_mismatch,flag_pdof_family_mismatch,1,,,,,,not_subject_vehicle
2806,10649,3327,side,subject_vehicle,B_ProfilePartial,flag_pdof_family_mismatch,flag_pdof_family_mismatch,1,,09LPAN3,0.0,392.0,392.0,flag_pdof_family_mismatch
2810,10653,3331,side_impactor,impactor_vehicle,X_Exclude,flag_pdof_family_mismatch,flag_pdof_family_mismatch,1,,,,,,not_subject_vehicle
2811,10654,3333,side_impactor,impactor_vehicle,X_Exclude,flag_crhdst_lt_dpdmax,flag_crhdst_lt_dpdmax,1,,,,,,not_subject_vehicle
2811,10654,3333,side_impactor,impactor_vehicle,X_Exclude,flag_lencnt_out_of_range,flag_lencnt_out_of_range,1,,,,,,not_subject_vehicle
2811,10654,3333,side_impactor,impactor_vehicle,X_Exclude,flag_pdof_family_mismatch,flag_pdof_family_mismatch,1,,,,,,not_subject_vehicle
2815,10658,3338,side_impactor,impactor_vehicle,X_Exclude,flag_crhdst_lt_dpdmax,flag_crhdst_lt_dpdmax,1,,,,,,not_subject_vehicle
2815,10658,3338,side_impactor,impactor_vehicle,X_Exclude,flag_lencnt_out_of_range,flag_lencnt_out_of_range,1,,,,,,not_subject_vehicle
2815,10658,3338,side_impactor,impactor_vehicle,X_Exclude,flag_pdof_family_mismatch,flag_pdof_family_mismatch,1,,,,,,not_subject_vehicle
2820,10662,3345,side,subject_vehicle,B_ProfilePartial,flag_pdof_family_mismatch,flag_pdof_family_mismatch,1,,09LPAN3,0.0,317.0,317.0,flag_pdof_family_mismatch
2819,10663,3343,side_impactor,impactor_vehicle,X_Exclude,flag_crhdst_lt_dpdmax,flag_crhdst_lt_dpdmax,1,,,,,,not_subject_vehicle
2819,10663,3343,side_impactor,impactor_vehicle,X_Exclude,flag_lencnt_out_of_range,flag_lencnt_out_of_range,1,,,,,,not_subject_vehicle
2819,10663,3343,side_impactor,impactor_vehicle,X_Exclude,flag_pdof_family_mismatch,flag_pdof_family_mismatch,1,,,,,,not_subject_vehicle
2819,10663,3344,side_impactor,subject_vehicle,A_ProfileValid,flag_side_imppnt_mismatch,flag_side_imppnt_mismatch,1,,10LPEW2,297.0,164.0,164.0,flag_side_imppnt_mismatch
2821,10664,3346,side_impactor,impactor_vehicle,X_Exclude,flag_crhdst_lt_dpdmax,flag_crhdst_lt_dpdmax,1,,,,,,not_subject_vehicle
2821,10664,3346,side_impactor,impactor_vehicle,X_Exclude,flag_pdof_family_mismatch,flag_pdof_family_mismatch,1,,,,,,not_subject_vehicle
2790,10665,3305,side,subject_vehicle,B_ProfilePartial,flag_pdof_family_mismatch,flag_pdof_family_mismatch,1,,,0.0,286.0,286.0,flag_pdof_family_mismatch
2791,10666,3306,side_impactor,impactor_vehicle,X_Exclude,flag_pdof_family_mismatch,flag_pdof_family_mismatch,1,,,,,,not_subject_vehicle
2822,10670,3348,side_impactor,impactor_vehicle,X_Exclude,flag_pdof_family_mismatch,flag_pdof_family_mismatch,1,,,,,,not_subject_vehicle
2826,10674,3353,side_impactor,impactor_vehicle,X_Exclude,flag_crhdst_lt_dpdmax,flag_crhdst_lt_dpdmax,1,,,,,,not_subject_vehicle
2826,10674,3353,side_impactor,impactor_vehicle,X_Exclude,flag_lencnt_out_of_range,flag_lencnt_out_of_range,1,,,,,,not_subject_vehicle
2826,10674,3353,side_impactor,impactor_vehicle,X_Exclude,flag_pdof_family_mismatch,flag_pdof_family_mismatch,1,,,,,,not_subject_vehicle
2832,10683,3360,side_impactor,impactor_vehicle,X_Exclude,flag_crhdst_lt_dpdmax,flag_crhdst_lt_dpdmax,1,,,,,,not_subject_vehicle
2832,10683,3360,side_impactor,impactor_vehicle,X_Exclude,flag_pdof_family_mismatch,flag_pdof_family_mismatch,1,,,,,,not_subject_vehicle
2837,10686,3366,side_impactor,impactor_vehicle,X_Exclude,flag_pdof_family_mismatch,flag_pdof_family_mismatch,1,,,,,,not_subject_vehicle
2835,10687,3364,side,subject_vehicle,B_ProfilePartial,flag_pdof_family_mismatch,flag_pdof_family_mismatch,1,,09LPAN3,0.0,296.0,296.0,flag_pdof_family_mismatch
2838,10689,3368,side_impactor,impactor_vehicle,X_Exclude,flag_pdof_family_mismatch,flag_pdof_family_mismatch,1,,,,,,not_subject_vehicle
2840,10700,3371,side_impactor,impactor_vehicle,X_Exclude,flag_crhdst_lt_dpdmax,flag_crhdst_lt_dpdmax,1,,,,,,not_subject_vehicle
2840,10700,3371,side_impactor,impactor_vehicle,X_Exclude,flag_lencnt_out_of_range,flag_lencnt_out_of_range,1,,,,,,not_subject_vehicle
2840,10700,3371,side_impactor,impactor_vehicle,X_Exclude,flag_pdof_family_mismatch,flag_pdof_family_mismatch,1,,,,,,not_subject_vehicle
2843,10703,3375,side,subject_vehicle,B_ProfilePartial,flag_pdof_family_mismatch,flag_pdof_family_mismatch,1,,09LPAN3,0.0,325.0,325.0,flag_pdof_family_mismatch
2845,10705,3377,side_impactor,impactor_vehicle,X_Exclude,flag_crhdst_lt_dpdmax,flag_crhdst_lt_dpdmax,1,,,,,,not_subject_vehicle
2845,10705,3377,side_impactor,impactor_vehicle,X_Exclude,flag_lencnt_out_of_range,flag_lencnt_out_of_range,1,,,,,,not_subject_vehicle
2845,10705,3377,side_impactor,impactor_vehicle,X_Exclude,flag_pdof_family_mismatch,flag_pdof_family_mismatch,1,,,,,,not_subject_vehicle
2847,10707,3380,side,subject_vehicle,A_ProfileValid,flag_side_imppnt_mismatch,flag_side_imppnt_mismatch,1,,09LPAN3,285.0,372.0,375.0,flag_side_imppnt_mismatch
2848,10708,3381,side_impactor,impactor_vehicle,X_Exclude,flag_pdof_family_mismatch,flag_pdof_family_mismatch,1,,,,,,not_subject_vehicle
2852,10710,3386,side_impactor,impactor_vehicle,X_Exclude,flag_crhdst_lt_dpdmax,flag_crhdst_lt_dpdmax,1,,,,,,not_subject_vehicle
2852,10710,3386,side_impactor,impactor_vehicle,X_Exclude,flag_pdof_family_mismatch,flag_pdof_family_mismatch,1,,,,,,not_subject_vehicle
2849,10715,3383,side,subject_vehicle,B_ProfilePartial,flag_pdof_family_mismatch,flag_pdof_family_mismatch,1,,09LPAN3,0.0,283.0,283.0,flag_pdof_family_mismatch
2857,10716,3392,side_impactor,impactor_vehicle,X_Exclude,flag_pdof_family_mismatch,flag_pdof_family_mismatch,1,,,,,,not_subject_vehicle
2858,10718,3394,side_impactor,impactor_vehicle,X_Exclude,flag_pdof_family_mismatch,flag_pdof_family_mismatch,1,,,,,,not_subject_vehicle
2858,10718,3394,side_impactor,impactor_vehicle,X_Exclude,flag_side_imppnt_mismatch,flag_side_imppnt_mismatch,1,,,,,,not_subject_vehicle
2859,10719,3396,side_impactor,impactor_vehicle,X_Exclude,flag_crhdst_lt_dpdmax,flag_crhdst_lt_dpdmax,1,,,,,,not_subject_vehicle
2859,10719,3396,side_impactor,impactor_vehicle,X_Exclude,flag_lencnt_out_of_range,flag_lencnt_out_of_range,1,,,,,,not_subject_vehicle
2859,10719,3396,side_impactor,impactor_vehicle,X_Exclude,flag_pdof_family_mismatch,flag_pdof_family_mismatch,1,,,,,,not_subject_vehicle
2868,10722,3406,side_impactor,impactor_vehicle,X_Exclude,flag_pdof_family_mismatch,flag_pdof_family_mismatch,1,,,,,,not_subject_vehicle
2868,10722,3407,side_impactor,subject_vehicle,A_ProfileValid,flag_side_imppnt_mismatch,flag_side_imppnt_mismatch,1,,09LPEW2,297.0,180.0,180.0,flag_side_imppnt_mismatch
2869,10723,3408,side,subject_vehicle,B_ProfilePartial,flag_pdof_family_mismatch,flag_pdof_family_mismatch,1,,09LPAN3,0.0,389.0,389.0,flag_pdof_family_mismatch
2875,10735,3414,side_impactor,impactor_vehicle,X_Exclude,flag_pdof_family_mismatch,flag_pdof_family_mismatch,1,,,,,,not_subject_vehicle
2876,10736,3416,side_impactor,impactor_vehicle,X_Exclude,flag_crhdst_lt_dpdmax,flag_crhdst_lt_dpdmax,1,,,,,,not_subject_vehicle
2876,10736,3416,side_impactor,impactor_vehicle,X_Exclude,flag_lencnt_out_of_range,flag_lencnt_out_of_range,1,,,,,,not_subject_vehicle
2876,10736,3416,side_impactor,impactor_vehicle,X_Exclude,flag_pdof_family_mismatch,flag_pdof_family_mismatch,1,,,,,,not_subject_vehicle
2879,10739,3420,side_impactor,impactor_vehicle,X_Exclude,flag_pdof_family_mismatch,flag_pdof_family_mismatch,1,,,,,,not_subject_vehicle
2881,10764,3423,side_impactor,impactor_vehicle,X_Exclude,flag_crhdst_lt_dpdmax,flag_crhdst_lt_dpdmax,1,,,,,,not_subject_vehicle
2881,10764,3423,side_impactor,impactor_vehicle,X_Exclude,flag_pdof_family_mismatch,flag_pdof_family_mismatch,1,,,,,,not_subject_vehicle
2884,10766,3427,side,subject_vehicle,B_ProfilePartial,flag_pdof_family_mismatch,flag_pdof_family_mismatch,1,,09LPAN3,0.0,309.0,309.0,flag_pdof_family_mismatch
2885,10767,3428,side_impactor,impactor_vehicle,X_Exclude,flag_crhdst_lt_dpdmax,flag_crhdst_lt_dpdmax,1,,,,,,not_subject_vehicle
2885,10767,3428,side_impactor,impactor_vehicle,X_Exclude,flag_pdof_family_mismatch,flag_pdof_family_mismatch,1,,,,,,not_subject_vehicle
2888,10769,3433,side_impactor,impactor_vehicle,X_Exclude,flag_pdof_family_mismatch,flag_pdof_family_mismatch,1,,,,,,not_subject_vehicle
2886,10771,3430,side_impactor,impactor_vehicle,X_Exclude,flag_crhdst_lt_dpdmax,flag_crhdst_lt_dpdmax,1,,,,,,not_subject_vehicle
2886,10771,3430,side_impactor,impactor_vehicle,X_Exclude,flag_lencnt_out_of_range,flag_lencnt_out_of_range,1,,,,,,not_subject_vehicle
2886,10771,3430,side_impactor,impactor_vehicle,X_Exclude,flag_pdof_family_mismatch,flag_pdof_family_mismatch,1,,,,,,not_subject_vehicle
2890,10772,3436,side,subject_vehicle,A_ProfileValid,flag_crhdst_lt_dpdmax,flag_crhdst_lt_dpdmax,1,,09LPAN3,285.0,169.0,395.0,flag_crhdst_lt_dpdmax
2891,10774,3437,side_impactor,impactor_vehicle,X_Exclude,flag_crhdst_lt_dpdmax,flag_crhdst_lt_dpdmax,1,,,,,,not_subject_vehicle
2891,10774,3437,side_impactor,impactor_vehicle,X_Exclude,flag_pdof_family_mismatch,flag_pdof_family_mismatch,1,,,,,,not_subject_vehicle
2892,10776,3439,side_impactor,impactor_vehicle,X_Exclude,flag_pdof_family_mismatch,flag_pdof_family_mismatch,1,,,,,,not_subject_vehicle
2896,10780,3444,side_impactor,impactor_vehicle,X_Exclude,flag_crhdst_lt_dpdmax,flag_crhdst_lt_dpdmax,1,,,,,,not_subject_vehicle
2896,10780,3444,side_impactor,impactor_vehicle,X_Exclude,flag_pdof_family_mismatch,flag_pdof_family_mismatch,1,,,,,,not_subject_vehicle
2897,10781,3446,static_airbag,subject_vehicle,X_Exclude,flag_lencnt_out_of_range,flag_lencnt_out_of_range,1,,,,,,audit_only_family
2898,10782,3447,static_airbag,subject_vehicle,X_Exclude,flag_lencnt_out_of_range,flag_lencnt_out_of_range,1,,,,,,audit_only_family
2899,10783,3448,static_airbag,subject_vehicle,X_Exclude,flag_lencnt_out_of_range,flag_lencnt_out_of_range,1,,,,,,audit_only_family
2900,10784,3449,static_airbag,subject_vehicle,X_Exclude,flag_lencnt_out_of_range,flag_lencnt_out_of_range,1,,,,,,audit_only_family
2907,10791,3457,side,subject_vehicle,A_ProfileValid,flag_side_imppnt_mismatch,flag_side_imppnt_mismatch,1,,09LPAN3,285.0,383.0,370.0,flag_side_imppnt_mismatch
2904,10792,3453,side_impactor,impactor_vehicle,X_Exclude,flag_crhdst_lt_dpdmax,flag_crhdst_lt_dpdmax,1,,,,,,not_subject_vehicle
2904,10792,3453,side_impactor,impactor_vehicle,X_Exclude,flag_lencnt_out_of_range,flag_lencnt_out_of_range,1,,,,,,not_subject_vehicle
2904,10792,3453,side_impactor,impactor_vehicle,X_Exclude,flag_pdof_family_mismatch,flag_pdof_family_mismatch,1,,,,,,not_subject_vehicle
2904,10792,3453,side_impactor,impactor_vehicle,X_Exclude,flag_side_imppnt_mismatch,flag_side_imppnt_mismatch,1,,,,,,not_subject_vehicle
2904,10792,3454,side_impactor,subject_vehicle,A_ProfileValid,flag_side_imppnt_mismatch,flag_side_imppnt_mismatch,1,,10LPEW2,297.0,144.0,144.0,flag_side_imppnt_mismatch
2905,10794,3455,static_airbag,subject_vehicle,X_Exclude,flag_lencnt_out_of_range,flag_lencnt_out_of_range,1,,,,,,audit_only_family
2906,10795,3456,static_airbag,subject_vehicle,X_Exclude,flag_lencnt_out_of_range,flag_lencnt_out_of_range,1,,,,,,audit_only_family
2910,10796,3460,static_airbag,subject_vehicle,X_Exclude,flag_lencnt_out_of_range,flag_lencnt_out_of_range,1,,,,,,audit_only_family
2923,10797,3475,frontal_barrier,subject_vehicle,B_ProfilePartial,flag_lencnt_out_of_range,flag_lencnt_out_of_range,1,,12FDEW2,0.0,709.0,635.0,flag_lencnt_out_of_range
2925,10798,3477,side_impactor,impactor_vehicle,X_Exclude,flag_crhdst_lt_dpdmax,flag_crhdst_lt_dpdmax,1,,,,,,not_subject_vehicle
2925,10798,3477,side_impactor,impactor_vehicle,X_Exclude,flag_lencnt_out_of_range,flag_lencnt_out_of_range,1,,,,,,not_subject_vehicle
2925,10798,3477,side_impactor,impactor_vehicle,X_Exclude,flag_pdof_family_mismatch,flag_pdof_family_mismatch,1,,,,,,not_subject_vehicle
2925,10798,3477,side_impactor,impactor_vehicle,X_Exclude,flag_side_imppnt_mismatch,flag_side_imppnt_mismatch,1,,,,,,not_subject_vehicle
2925,10798,3478,side_impactor,subject_vehicle,A_ProfileValid,flag_side_imppnt_mismatch,flag_side_imppnt_mismatch,1,,10LPEW2,297.0,177.0,177.0,flag_side_imppnt_mismatch
2804,10805,3324,side,subject_vehicle,B_ProfilePartial,flag_pdof_family_mismatch,flag_pdof_family_mismatch,1,,,0.0,140.0,20.0,flag_pdof_family_mismatch
2931,10818,3485,side_impactor,impactor_vehicle,X_Exclude,flag_pdof_family_mismatch,flag_pdof_family_mismatch,1,,,,,,not_subject_vehicle
2934,10821,3490,side,subject_vehicle,A_ProfileValid,flag_side_imppnt_mismatch,flag_side_imppnt_mismatch,1,,09LPAN3,285.0,320.0,246.0,flag_side_imppnt_mismatch
2935,10823,3491,side_impactor,impactor_vehicle,X_Exclude,flag_crhdst_lt_dpdmax,flag_crhdst_lt_dpdmax,1,,,,,,not_subject_vehicle
2935,10823,3491,side_impactor,impactor_vehicle,X_Exclude,flag_lencnt_out_of_range,flag_lencnt_out_of_range,1,,,,,,not_subject_vehicle
2935,10823,3491,side_impactor,impactor_vehicle,X_Exclude,flag_pdof_family_mismatch,flag_pdof_family_mismatch,1,,,,,,not_subject_vehicle
2938,10827,3496,side_impactor,impactor_vehicle,X_Exclude,flag_crhdst_lt_dpdmax,flag_crhdst_lt_dpdmax,1,,,,,,not_subject_vehicle
2938,10827,3496,side_impactor,impactor_vehicle,X_Exclude,flag_lencnt_out_of_range,flag_lencnt_out_of_range,1,,,,,,not_subject_vehicle
2938,10827,3496,side_impactor,impactor_vehicle,X_Exclude,flag_pdof_family_mismatch,flag_pdof_family_mismatch,1,,,,,,not_subject_vehicle
2938,10827,3496,side_impactor,impactor_vehicle,X_Exclude,flag_side_imppnt_mismatch,flag_side_imppnt_mismatch,1,,,,,,not_subject_vehicle
2938,10827,3497,side_impactor,subject_vehicle,A_ProfileValid,flag_side_imppnt_mismatch,flag_side_imppnt_mismatch,1,,10LPEW2,297.0,171.0,171.0,flag_side_imppnt_mismatch
2945,10833,3505,side_impactor,impactor_vehicle,X_Exclude,flag_pdof_family_mismatch,flag_pdof_family_mismatch,1,,,,,,not_subject_vehicle
2948,10834,3509,side,subject_vehicle,B_ProfilePartial,flag_pdof_family_mismatch,flag_pdof_family_mismatch,1,,09LPAN3,0.0,334.0,334.0,flag_pdof_family_mismatch
2949,10835,3510,side_impactor,impactor_vehicle,X_Exclude,flag_pdof_family_mismatch,flag_pdof_family_mismatch,1,,,,,,not_subject_vehicle
2953,10839,3515,side_impactor,impactor_vehicle,X_Exclude,flag_crhdst_lt_dpdmax,flag_crhdst_lt_dpdmax,1,,,,,,not_subject_vehicle
2953,10839,3515,side_impactor,impactor_vehicle,X_Exclude,flag_lencnt_out_of_range,flag_lencnt_out_of_range,1,,,,,,not_subject_vehicle
2953,10839,3515,side_impactor,impactor_vehicle,X_Exclude,flag_pdof_family_mismatch,flag_pdof_family_mismatch,1,,,,,,not_subject_vehicle
2953,10839,3515,side_impactor,impactor_vehicle,X_Exclude,flag_side_imppnt_mismatch,flag_side_imppnt_mismatch,1,,,,,,not_subject_vehicle
2953,10839,3516,side_impactor,subject_vehicle,A_ProfileValid,flag_side_imppnt_mismatch,flag_side_imppnt_mismatch,1,,10LPEW2,297.0,249.0,249.0,flag_side_imppnt_mismatch
2932,10840,3487,research_other,impactor_vehicle,X_Exclude,flag_crhdst_lt_dpdmax,flag_crhdst_lt_dpdmax,1,,,,,,audit_only_family
2932,10840,3487,research_other,impactor_vehicle,X_Exclude,flag_lencnt_out_of_range,flag_lencnt_out_of_range,1,,,,,,audit_only_family
2932,10840,3488,research_other,subject_vehicle,B_ProfilePartial,flag_lencnt_out_of_range,flag_lencnt_out_of_range,1,,,,,,audit_only_family
2933,10841,3489,research_other,subject_vehicle,B_ProfilePartial,flag_lencnt_out_of_range,flag_lencnt_out_of_range,1,,,,,,audit_only_family
2915,10843,3466,research_other,subject_vehicle,B_ProfilePartial,flag_lencnt_out_of_range,flag_lencnt_out_of_range,1,,,,,,audit_only_family
2944,10844,3503,research_other,impactor_vehicle,X_Exclude,flag_lencnt_out_of_range,flag_lencnt_out_of_range,1,,,,,,audit_only_family
2944,10844,3504,research_other,subject_vehicle,B_ProfilePartial,flag_lencnt_out_of_range,flag_lencnt_out_of_range,1,,,,,,audit_only_family
2946,10845,3507,research_other,subject_vehicle,B_ProfilePartial,flag_lencnt_out_of_range,flag_lencnt_out_of_range,1,,,,,,audit_only_family
2941,10849,3500,side,subject_vehicle,B_ProfilePartial,flag_pdof_family_mismatch,flag_pdof_family_mismatch,1,,,0.0,252.0,252.0,flag_pdof_family_mismatch
2947,10850,3508,side,subject_vehicle,B_ProfilePartial,flag_pdof_family_mismatch,flag_pdof_family_mismatch,1,,,0.0,318.0,318.0,flag_pdof_family_mismatch
2957,10912,3520,side_impactor,impactor_vehicle,X_Exclude,flag_crhdst_lt_dpdmax,flag_crhdst_lt_dpdmax,1,,,,,,not_subject_vehicle
2957,10912,3520,side_impactor,impactor_vehicle,X_Exclude,flag_pdof_family_mismatch,flag_pdof_family_mismatch,1,,,,,,not_subject_vehicle
2958,10913,3522,side_impactor,impactor_vehicle,X_Exclude,flag_crhdst_lt_dpdmax,flag_crhdst_lt_dpdmax,1,,,,,,not_subject_vehicle
2958,10913,3522,side_impactor,impactor_vehicle,X_Exclude,flag_pdof_family_mismatch,flag_pdof_family_mismatch,1,,,,,,not_subject_vehicle
2958,10913,3523,side_impactor,subject_vehicle,A_ProfileValid,flag_side_imppnt_mismatch,flag_side_imppnt_mismatch,1,,10LPAS2,297.0,165.0,156.0,flag_side_imppnt_mismatch
2960,10915,3525,side_impactor,impactor_vehicle,X_Exclude,flag_crhdst_lt_dpdmax,flag_crhdst_lt_dpdmax,1,,,,,,not_subject_vehicle
2960,10915,3525,side_impactor,impactor_vehicle,X_Exclude,flag_lencnt_out_of_range,flag_lencnt_out_of_range,1,,,,,,not_subject_vehicle
2960,10915,3525,side_impactor,impactor_vehicle,X_Exclude,flag_pdof_family_mismatch,flag_pdof_family_mismatch,1,,,,,,not_subject_vehicle
2960,10915,3525,side_impactor,impactor_vehicle,X_Exclude,flag_side_imppnt_mismatch,flag_side_imppnt_mismatch,1,,,,,,not_subject_vehicle
2960,10915,3526,side_impactor,subject_vehicle,A_ProfileValid,flag_side_imppnt_mismatch,flag_side_imppnt_mismatch,1,,10LPEW2,297.0,207.0,207.0,flag_side_imppnt_mismatch
2965,10919,3531,side_impactor,impactor_vehicle,X_Exclude,flag_pdof_family_mismatch,flag_pdof_family_mismatch,1,,,,,,not_subject_vehicle
2968,10920,3535,side_impactor,impactor_vehicle,X_Exclude,flag_pdof_family_mismatch,flag_pdof_family_mismatch,1,,,,,,not_subject_vehicle
2964,10923,3530,side,subject_vehicle,B_ProfilePartial,flag_pdof_family_mismatch,flag_pdof_family_mismatch,1,,09LPAN3,0.0,342.0,342.0,flag_pdof_family_mismatch
2971,10926,3539,side_impactor,impactor_vehicle,X_Exclude,flag_crhdst_lt_dpdmax,flag_crhdst_lt_dpdmax,1,,,,,,not_subject_vehicle
2971,10926,3539,side_impactor,impactor_vehicle,X_Exclude,flag_pdof_family_mismatch,flag_pdof_family_mismatch,1,,,,,,not_subject_vehicle
2974,10959,3543,side_impactor,impactor_vehicle,X_Exclude,flag_pdof_family_mismatch,flag_pdof_family_mismatch,1,,,,,,not_subject_vehicle
2980,10964,3550,side_impactor,impactor_vehicle,X_Exclude,flag_crhdst_lt_dpdmax,flag_crhdst_lt_dpdmax,1,,,,,,not_subject_vehicle
2980,10964,3550,side_impactor,impactor_vehicle,X_Exclude,flag_lencnt_out_of_range,flag_lencnt_out_of_range,1,,,,,,not_subject_vehicle
2980,10964,3550,side_impactor,impactor_vehicle,X_Exclude,flag_pdof_family_mismatch,flag_pdof_family_mismatch,1,,,,,,not_subject_vehicle
2980,10964,3550,side_impactor,impactor_vehicle,X_Exclude,flag_side_imppnt_mismatch,flag_side_imppnt_mismatch,1,,,,,,not_subject_vehicle
2980,10964,3551,side_impactor,subject_vehicle,A_ProfileValid,flag_side_imppnt_mismatch,flag_side_imppnt_mismatch,1,,10LPEW2,297.0,277.0,273.0,flag_side_imppnt_mismatch
2982,10965,3553,side_impactor,impactor_vehicle,X_Exclude,flag_pdof_family_mismatch,flag_pdof_family_mismatch,1,,,,,,not_subject_vehicle
2984,10967,3556,side,subject_vehicle,B_ProfilePartial,flag_pdof_family_mismatch,flag_pdof_family_mismatch,1,,09LPAN3,0.0,280.0,280.0,flag_pdof_family_mismatch
2985,10968,3557,side_impactor,impactor_vehicle,X_Exclude,flag_crhdst_lt_dpdmax,flag_crhdst_lt_dpdmax,1,,,,,,not_subject_vehicle
2985,10968,3557,side_impactor,impactor_vehicle,X_Exclude,flag_lencnt_out_of_range,flag_lencnt_out_of_range,1,,,,,,not_subject_vehicle
2985,10968,3557,side_impactor,impactor_vehicle,X_Exclude,flag_pdof_family_mismatch,flag_pdof_family_mismatch,1,,,,,,not_subject_vehicle
2985,10968,3557,side_impactor,impactor_vehicle,X_Exclude,flag_side_imppnt_mismatch,flag_side_imppnt_mismatch,1,,,,,,not_subject_vehicle
2985,10968,3558,side_impactor,subject_vehicle,A_ProfileValid,flag_side_imppnt_mismatch,flag_side_imppnt_mismatch,1,,10LPEW2,297.0,217.0,186.0,flag_side_imppnt_mismatch
2989,10972,3562,side_impactor,impactor_vehicle,X_Exclude,flag_crhdst_lt_dpdmax,flag_crhdst_lt_dpdmax,1,,,,,,not_subject_vehicle
2989,10972,3562,side_impactor,impactor_vehicle,X_Exclude,flag_pdof_family_mismatch,flag_pdof_family_mismatch,1,,,,,,not_subject_vehicle
2996,10978,3570,side_impactor,impactor_vehicle,X_Exclude,flag_crhdst_lt_dpdmax,flag_crhdst_lt_dpdmax,1,,,,,,not_subject_vehicle
2996,10978,3570,side_impactor,impactor_vehicle,X_Exclude,flag_pdof_family_mismatch,flag_pdof_family_mismatch,1,,,,,,not_subject_vehicle
2997,10979,3572,side_impactor,impactor_vehicle,X_Exclude,flag_pdof_family_mismatch,flag_pdof_family_mismatch,1,,,,,,not_subject_vehicle
3001,10981,3577,side_impactor,impactor_vehicle,X_Exclude,flag_crhdst_lt_dpdmax,flag_crhdst_lt_dpdmax,1,,,,,,not_subject_vehicle
3001,10981,3577,side_impactor,impactor_vehicle,X_Exclude,flag_lencnt_out_of_range,flag_lencnt_out_of_range,1,,,,,,not_subject_vehicle
3001,10981,3577,side_impactor,impactor_vehicle,X_Exclude,flag_pdof_family_mismatch,flag_pdof_family_mismatch,1,,,,,,not_subject_vehicle
3001,10981,3577,side_impactor,impactor_vehicle,X_Exclude,flag_side_imppnt_mismatch,flag_side_imppnt_mismatch,1,,,,,,not_subject_vehicle
3001,10981,3578,side_impactor,subject_vehicle,A_ProfileValid,flag_side_imppnt_mismatch,flag_side_imppnt_mismatch,1,,10LPEW2,297.0,255.0,237.0,flag_side_imppnt_mismatch
3012,10984,3589,side,subject_vehicle,B_ProfilePartial,flag_pdof_family_mismatch,flag_pdof_family_mismatch,1,,09LPAN3,0.0,263.0,263.0,flag_pdof_family_mismatch
3016,10985,3594,side_impactor,impactor_vehicle,X_Exclude,flag_pdof_family_mismatch,flag_pdof_family_mismatch,1,,,,,,not_subject_vehicle
3020,10987,3599,side,subject_vehicle,A_ProfileValid,flag_side_imppnt_mismatch,flag_side_imppnt_mismatch,1,,10LPAN3,285.0,321.0,268.0,flag_side_imppnt_mismatch
3013,10990,3590,side_impactor,impactor_vehicle,X_Exclude,flag_crhdst_lt_dpdmax,flag_crhdst_lt_dpdmax,1,,,,,,not_subject_vehicle
3013,10990,3590,side_impactor,impactor_vehicle,X_Exclude,flag_pdof_family_mismatch,flag_pdof_family_mismatch,1,,,,,,not_subject_vehicle
3021,10992,3600,side_impactor,impactor_vehicle,X_Exclude,flag_crhdst_lt_dpdmax,flag_crhdst_lt_dpdmax,1,,,,,,not_subject_vehicle
3021,10992,3600,side_impactor,impactor_vehicle,X_Exclude,flag_lencnt_out_of_range,flag_lencnt_out_of_range,1,,,,,,not_subject_vehicle
3021,10992,3600,side_impactor,impactor_vehicle,X_Exclude,flag_pdof_family_mismatch,flag_pdof_family_mismatch,1,,,,,,not_subject_vehicle
3021,10992,3600,side_impactor,impactor_vehicle,X_Exclude,flag_side_imppnt_mismatch,flag_side_imppnt_mismatch,1,,,,,,not_subject_vehicle
3021,10992,3601,side_impactor,subject_vehicle,A_ProfileValid,flag_side_imppnt_mismatch,flag_side_imppnt_mismatch,1,,10LPEW2,297.0,287.0,234.0,flag_side_imppnt_mismatch
3023,10995,3603,side_impactor,impactor_vehicle,X_Exclude,flag_crhdst_lt_dpdmax,flag_crhdst_lt_dpdmax,1,,,,,,not_subject_vehicle
3023,10995,3603,side_impactor,impactor_vehicle,X_Exclude,flag_pdof_family_mismatch,flag_pdof_family_mismatch,1,,,,,,not_subject_vehicle
3025,10997,3606,side,subject_vehicle,B_ProfilePartial,flag_pdof_family_mismatch,flag_pdof_family_mismatch,1,,09LPAN3,0.0,359.0,359.0,flag_pdof_family_mismatch
3026,10998,3607,side_impactor,impactor_vehicle,X_Exclude,flag_pdof_family_mismatch,flag_pdof_family_mismatch,1,,,,,,not_subject_vehicle
3028,11045,3610,side,subject_vehicle,B_ProfilePartial,flag_pdof_family_mismatch,flag_pdof_family_mismatch,1,,09LPAN3,0.0,312.0,312.0,flag_pdof_family_mismatch
3031,11046,3613,side_impactor,impactor_vehicle,X_Exclude,flag_pdof_family_mismatch,flag_pdof_family_mismatch,1,,,,,,not_subject_vehicle
3034,11048,3617,side_impactor,impactor_vehicle,X_Exclude,flag_crhdst_lt_dpdmax,flag_crhdst_lt_dpdmax,1,,,,,,not_subject_vehicle
3034,11048,3617,side_impactor,impactor_vehicle,X_Exclude,flag_lencnt_out_of_range,flag_lencnt_out_of_range,1,,,,,,not_subject_vehicle
3034,11048,3617,side_impactor,impactor_vehicle,X_Exclude,flag_pdof_family_mismatch,flag_pdof_family_mismatch,1,,,,,,not_subject_vehicle
3034,11048,3617,side_impactor,impactor_vehicle,X_Exclude,flag_side_imppnt_mismatch,flag_side_imppnt_mismatch,1,,,,,,not_subject_vehicle
3034,11048,3618,side_impactor,subject_vehicle,A_ProfileValid,flag_side_imppnt_mismatch,flag_side_imppnt_mismatch,1,,10LPEW2,297.0,229.0,200.0,flag_side_imppnt_mismatch
3036,11051,3620,side,subject_vehicle,B_ProfilePartial,flag_pdof_family_mismatch,flag_pdof_family_mismatch,1,,09LPAN3,0.0,308.0,308.0,flag_pdof_family_mismatch
3041,11052,3625,side_impactor,impactor_vehicle,X_Exclude,flag_pdof_family_mismatch,flag_pdof_family_mismatch,1,,,,,,not_subject_vehicle
3043,11054,3628,side,subject_vehicle,B_ProfilePartial,flag_pdof_family_mismatch,flag_pdof_family_mismatch,1,,09LPAN3,0.0,313.0,313.0,flag_pdof_family_mismatch
3044,11055,3629,side_impactor,impactor_vehicle,X_Exclude,flag_pdof_family_mismatch,flag_pdof_family_mismatch,1,,,,,,not_subject_vehicle
3015,11062,3593,side,subject_vehicle,B_ProfilePartial,flag_pdof_family_mismatch,flag_pdof_family_mismatch,1,,,0.0,418.0,418.0,flag_pdof_family_mismatch
3046,11063,3632,side,subject_vehicle,B_ProfilePartial,flag_pdof_family_mismatch,flag_pdof_family_mismatch,1,,09LPAN3,0.0,330.0,330.0,flag_pdof_family_mismatch
3050,11065,3636,side_impactor,impactor_vehicle,X_Exclude,flag_pdof_family_mismatch,flag_pdof_family_mismatch,1,,,,,,not_subject_vehicle
3050,11065,3637,side_impactor,subject_vehicle,A_ProfileValid,flag_side_imppnt_mismatch,flag_side_imppnt_mismatch,1,,09LPEW2,297.0,139.0,139.0,flag_side_imppnt_mismatch
3067,11067,3656,side,subject_vehicle,B_ProfilePartial,flag_pdof_family_mismatch,flag_pdof_family_mismatch,1,,09LPAN3,0.0,338.0,338.0,flag_pdof_family_mismatch
3070,11068,3659,side_impactor,impactor_vehicle,X_Exclude,flag_crhdst_lt_dpdmax,flag_crhdst_lt_dpdmax,1,,,,,,not_subject_vehicle
3070,11068,3659,side_impactor,impactor_vehicle,X_Exclude,flag_pdof_family_mismatch,flag_pdof_family_mismatch,1,,,,,,not_subject_vehicle
3076,11071,3666,side_impactor,impactor_vehicle,X_Exclude,flag_pdof_family_mismatch,flag_pdof_family_mismatch,1,,,,,,not_subject_vehicle
3083,11072,3674,side,subject_vehicle,B_ProfilePartial,flag_pdof_family_mismatch,flag_pdof_family_mismatch,1,,10LPAN3,0.0,282.0,282.0,flag_pdof_family_mismatch
3087,11074,3679,side_impactor,impactor_vehicle,X_Exclude,flag_pdof_family_mismatch,flag_pdof_family_mismatch,1,,,,,,not_subject_vehicle
3093,11076,3686,side,subject_vehicle,B_ProfilePartial,flag_pdof_family_mismatch,flag_pdof_family_mismatch,1,,09LPAN3,0.0,251.0,251.0,flag_pdof_family_mismatch
3094,11077,3687,side_impactor,impactor_vehicle,X_Exclude,flag_pdof_family_mismatch,flag_pdof_family_mismatch,1,,,,,,not_subject_vehicle
3103,11080,3696,side_impactor,impactor_vehicle,X_Exclude,flag_crhdst_lt_dpdmax,flag_crhdst_lt_dpdmax,1,,,,,,not_subject_vehicle
3103,11080,3696,side_impactor,impactor_vehicle,X_Exclude,flag_lencnt_out_of_range,flag_lencnt_out_of_range,1,,,,,,not_subject_vehicle
3103,11080,3696,side_impactor,impactor_vehicle,X_Exclude,flag_pdof_family_mismatch,flag_pdof_family_mismatch,1,,,,,,not_subject_vehicle
3103,11080,3696,side_impactor,impactor_vehicle,X_Exclude,flag_side_imppnt_mismatch,flag_side_imppnt_mismatch,1,,,,,,not_subject_vehicle
3103,11080,3697,side_impactor,subject_vehicle,A_ProfileValid,flag_side_imppnt_mismatch,flag_side_imppnt_mismatch,1,,10LPEW2,297.0,195.0,159.0,flag_side_imppnt_mismatch
3110,11127,3704,side_impactor,impactor_vehicle,X_Exclude,flag_crhdst_lt_dpdmax,flag_crhdst_lt_dpdmax,1,,,,,,not_subject_vehicle
3110,11127,3704,side_impactor,impactor_vehicle,X_Exclude,flag_lencnt_out_of_range,flag_lencnt_out_of_range,1,,,,,,not_subject_vehicle
3110,11127,3704,side_impactor,impactor_vehicle,X_Exclude,flag_pdof_family_mismatch,flag_pdof_family_mismatch,1,,,,,,not_subject_vehicle
3118,11130,3713,side_impactor,impactor_vehicle,X_Exclude,flag_crhdst_lt_dpdmax,flag_crhdst_lt_dpdmax,1,,,,,,not_subject_vehicle
3118,11130,3713,side_impactor,impactor_vehicle,X_Exclude,flag_lencnt_out_of_range,flag_lencnt_out_of_range,1,,,,,,not_subject_vehicle
3118,11130,3713,side_impactor,impactor_vehicle,X_Exclude,flag_pdof_family_mismatch,flag_pdof_family_mismatch,1,,,,,,not_subject_vehicle
3084,11135,3675,side_impactor,impactor_vehicle,X_Exclude,flag_pdof_family_mismatch,flag_pdof_family_mismatch,1,,,,,,not_subject_vehicle
3084,11135,3676,side_impactor,subject_vehicle,A_ProfileValid,flag_side_imppnt_mismatch,flag_side_imppnt_mismatch,1,,,297.0,168.0,168.0,flag_side_imppnt_mismatch
3122,11137,3718,side_impactor,impactor_vehicle,X_Exclude,flag_crhdst_lt_dpdmax,flag_crhdst_lt_dpdmax,1,,,,,,not_subject_vehicle
3122,11137,3718,side_impactor,impactor_vehicle,X_Exclude,flag_lencnt_out_of_range,flag_lencnt_out_of_range,1,,,,,,not_subject_vehicle
3122,11137,3718,side_impactor,impactor_vehicle,X_Exclude,flag_pdof_family_mismatch,flag_pdof_family_mismatch,1,,,,,,not_subject_vehicle
3132,11147,3729,side_impactor,impactor_vehicle,X_Exclude,flag_crhdst_lt_dpdmax,flag_crhdst_lt_dpdmax,1,,,,,,not_subject_vehicle
3132,11147,3729,side_impactor,impactor_vehicle,X_Exclude,flag_lencnt_out_of_range,flag_lencnt_out_of_range,1,,,,,,not_subject_vehicle
3132,11147,3729,side_impactor,impactor_vehicle,X_Exclude,flag_pdof_family_mismatch,flag_pdof_family_mismatch,1,,,,,,not_subject_vehicle
3137,11150,3735,static_airbag,subject_vehicle,X_Exclude,flag_lencnt_out_of_range,flag_lencnt_out_of_range,1,,,,,,audit_only_family
3138,11153,3736,side_impactor,impactor_vehicle,X_Exclude,flag_pdof_family_mismatch,flag_pdof_family_mismatch,1,,,,,,not_subject_vehicle
3140,11154,3739,side,subject_vehicle,B_ProfilePartial,flag_pdof_family_mismatch,flag_pdof_family_mismatch,1,,09LPAN3,0.0,366.0,366.0,flag_pdof_family_mismatch
3139,11155,3738,static_airbag,subject_vehicle,X_Exclude,flag_lencnt_out_of_range,flag_lencnt_out_of_range,1,,,,,,audit_only_family
3141,11156,3740,static_airbag,subject_vehicle,X_Exclude,flag_lencnt_out_of_range,flag_lencnt_out_of_range,1,,,,,,audit_only_family
3142,11157,3741,static_airbag,subject_vehicle,X_Exclude,flag_lencnt_out_of_range,flag_lencnt_out_of_range,1,,,,,,audit_only_family
3147,11159,3747,side,subject_vehicle,B_ProfilePartial,flag_pdof_family_mismatch,flag_pdof_family_mismatch,1,,09LPAN3,0.0,431.0,431.0,flag_pdof_family_mismatch
3145,11160,3744,side_impactor,impactor_vehicle,X_Exclude,flag_pdof_family_mismatch,flag_pdof_family_mismatch,1,,,,,,not_subject_vehicle
3145,11160,3745,side_impactor,subject_vehicle,A_ProfileValid,flag_side_imppnt_mismatch,flag_side_imppnt_mismatch,1,,09LPEW2,297.0,288.0,288.0,flag_side_imppnt_mismatch
3150,11162,3750,side_impactor,impactor_vehicle,X_Exclude,flag_crhdst_lt_dpdmax,flag_crhdst_lt_dpdmax,1,,,,,,not_subject_vehicle
3150,11162,3750,side_impactor,impactor_vehicle,X_Exclude,flag_pdof_family_mismatch,flag_pdof_family_mismatch,1,,,,,,not_subject_vehicle
3162,11265,3764,side_impactor,impactor_vehicle,X_Exclude,flag_pdof_family_mismatch,flag_pdof_family_mismatch,1,,,,,,not_subject_vehicle
3161,11267,3762,side_impactor,impactor_vehicle,X_Exclude,flag_pdof_family_mismatch,flag_pdof_family_mismatch,1,,,,,,not_subject_vehicle
3174,11271,3780,side_impactor,impactor_vehicle,X_Exclude,flag_pdof_family_mismatch,flag_pdof_family_mismatch,1,,,,,,not_subject_vehicle
3182,11289,3792,side_impactor,impactor_vehicle,X_Exclude,flag_pdof_family_mismatch,flag_pdof_family_mismatch,1,,,,,,not_subject_vehicle
3187,11292,3798,side_impactor,impactor_vehicle,X_Exclude,flag_pdof_family_mismatch,flag_pdof_family_mismatch,1,,,,,,not_subject_vehicle
3179,11293,3787,side_impactor,impactor_vehicle,X_Exclude,flag_pdof_family_mismatch,flag_pdof_family_mismatch,1,,,,,,not_subject_vehicle
3197,11297,3810,side_impactor,impactor_vehicle,X_Exclude,flag_pdof_family_mismatch,flag_pdof_family_mismatch,1,,,,,,not_subject_vehicle
3208,11344,3822,side,subject_vehicle,B_ProfilePartial,flag_pdof_family_mismatch,flag_pdof_family_mismatch,1,,09LPAN3,0.0,330.0,330.0,flag_pdof_family_mismatch
3209,11348,3823,side_impactor,impactor_vehicle,X_Exclude,flag_pdof_family_mismatch,flag_pdof_family_mismatch,1,,,,,,not_subject_vehicle
3216,11351,3832,side_impactor,impactor_vehicle,X_Exclude,flag_pdof_family_mismatch,flag_pdof_family_mismatch,1,,,,,,not_subject_vehicle
3214,11352,3829,side_impactor,impactor_vehicle,X_Exclude,flag_pdof_family_mismatch,flag_pdof_family_mismatch,1,,,,,,not_subject_vehicle
3218,11357,3835,side_impactor,impactor_vehicle,X_Exclude,flag_pdof_family_mismatch,flag_pdof_family_mismatch,1,,,,,,not_subject_vehicle
3219,11358,3837,side,subject_vehicle,B_ProfilePartial,flag_pdof_family_mismatch,flag_pdof_family_mismatch,1,,09LPAN3,0.0,284.0,284.0,flag_pdof_family_mismatch
3226,11359,3844,side,subject_vehicle,B_ProfilePartial,flag_pdof_family_mismatch,flag_pdof_family_mismatch,1,,09LPAN3,0.0,376.0,376.0,flag_pdof_family_mismatch
3230,11360,3848,side_impactor,impactor_vehicle,X_Exclude,flag_pdof_family_mismatch,flag_pdof_family_mismatch,1,,,,,,not_subject_vehicle
3245,11376,3864,side_impactor,impactor_vehicle,X_Exclude,flag_pdof_family_mismatch,flag_pdof_family_mismatch,1,,,,,,not_subject_vehicle
3255,11379,3876,side_impactor,impactor_vehicle,X_Exclude,flag_pdof_family_mismatch,flag_pdof_family_mismatch,1,,,,,,not_subject_vehicle
3262,11381,3884,side,subject_vehicle,B_ProfilePartial,flag_pdof_family_mismatch,flag_pdof_family_mismatch,1,,09LPAN3,0.0,300.0,300.0,flag_pdof_family_mismatch
3265,11382,3888,side_impactor,impactor_vehicle,X_Exclude,flag_pdof_family_mismatch,flag_pdof_family_mismatch,1,,,,,,not_subject_vehicle
3265,11382,3889,side_impactor,subject_vehicle,A_ProfileValid,flag_side_imppnt_mismatch,flag_side_imppnt_mismatch,1,,09LPEW2,297.0,136.0,136.0,flag_side_imppnt_mismatch
3267,11386,3891,side_impactor,impactor_vehicle,X_Exclude,flag_pdof_family_mismatch,flag_pdof_family_mismatch,1,,,,,,not_subject_vehicle
3268,11387,3893,side,subject_vehicle,B_ProfilePartial,flag_pdof_family_mismatch,flag_pdof_family_mismatch,1,,09LPAN3,0.0,354.0,354.0,flag_pdof_family_mismatch
3269,11388,3894,side_impactor,impactor_vehicle,X_Exclude,flag_pdof_family_mismatch,flag_pdof_family_mismatch,1,,,,,,not_subject_vehicle
3275,11393,3902,side_impactor,impactor_vehicle,X_Exclude,flag_pdof_family_mismatch,flag_pdof_family_mismatch,1,,,,,,not_subject_vehicle
3279,11397,3907,side_impactor,impactor_vehicle,X_Exclude,flag_pdof_family_mismatch,flag_pdof_family_mismatch,1,,,,,,not_subject_vehicle
3280,11399,3909,frontal_barrier,subject_vehicle,B_ProfilePartial,flag_lencnt_out_of_range,flag_lencnt_out_of_range,1,,12FDEW4,0.0,755.0,753.0,flag_lencnt_out_of_range
3282,11486,3911,side_impactor,impactor_vehicle,X_Exclude,flag_pdof_family_mismatch,flag_pdof_family_mismatch,1,,,,,,not_subject_vehicle
3284,11487,3914,side,subject_vehicle,B_ProfilePartial,flag_pdof_family_mismatch,flag_pdof_family_mismatch,1,,09LPAN3,0.0,366.0,366.0,flag_pdof_family_mismatch
3285,11488,3915,side_impactor,impactor_vehicle,X_Exclude,flag_pdof_family_mismatch,flag_pdof_family_mismatch,1,,,,,,not_subject_vehicle
3292,11497,3924,side_impactor,impactor_vehicle,X_Exclude,flag_pdof_family_mismatch,flag_pdof_family_mismatch,1,,,,,,not_subject_vehicle
3293,11570,3926,side_impactor,impactor_vehicle,X_Exclude,flag_pdof_family_mismatch,flag_pdof_family_mismatch,1,,,,,,not_subject_vehicle
3297,11573,3932,side_impactor,impactor_vehicle,X_Exclude,flag_pdof_family_mismatch,flag_pdof_family_mismatch,1,,,,,,not_subject_vehicle
3304,11576,3941,side_impactor,impactor_vehicle,X_Exclude,flag_pdof_family_mismatch,flag_pdof_family_mismatch,1,,,,,,not_subject_vehicle
3310,11581,3948,side_impactor,impactor_vehicle,X_Exclude,flag_pdof_family_mismatch,flag_pdof_family_mismatch,1,,,,,,not_subject_vehicle
3316,11585,3955,side_impactor,impactor_vehicle,X_Exclude,flag_pdof_family_mismatch,flag_pdof_family_mismatch,1,,,,,,not_subject_vehicle
3319,11587,3960,side_impactor,impactor_vehicle,X_Exclude,flag_pdof_family_mismatch,flag_pdof_family_mismatch,1,,,,,,not_subject_vehicle
3320,11588,3962,side,subject_vehicle,B_ProfilePartial,flag_pdof_family_mismatch,flag_pdof_family_mismatch,1,,09LPAN3,0.0,348.0,348.0,flag_pdof_family_mismatch
3322,11590,3964,side_impactor,impactor_vehicle,X_Exclude,flag_pdof_family_mismatch,flag_pdof_family_mismatch,1,,,,,,not_subject_vehicle
3328,11596,3971,side_impactor,impactor_vehicle,X_Exclude,flag_pdof_family_mismatch,flag_pdof_family_mismatch,1,,,,,,not_subject_vehicle
3332,11599,3976,side_impactor,impactor_vehicle,X_Exclude,flag_pdof_family_mismatch,flag_pdof_family_mismatch,1,,,,,,not_subject_vehicle
3250,11605,3870,research_other,impactor_vehicle,X_Exclude,flag_lencnt_out_of_range,flag_lencnt_out_of_range,1,,,,,,audit_only_family
3250,11605,3871,research_other,subject_vehicle,B_ProfilePartial,flag_lencnt_out_of_range,flag_lencnt_out_of_range,1,,,,,,audit_only_family
3264,11606,3886,research_other,impactor_vehicle,X_Exclude,flag_lencnt_out_of_range,flag_lencnt_out_of_range,1,,,,,,audit_only_family
3264,11606,3887,research_other,subject_vehicle,B_ProfilePartial,flag_lencnt_out_of_range,flag_lencnt_out_of_range,1,,,,,,audit_only_family
3270,11607,3896,research_other,impactor_vehicle,X_Exclude,flag_lencnt_out_of_range,flag_lencnt_out_of_range,1,,,,,,audit_only_family
3288,11608,3919,research_other,impactor_vehicle,X_Exclude,flag_lencnt_out_of_range,flag_lencnt_out_of_range,1,,,,,,audit_only_family
3288,11608,3920,research_other,subject_vehicle,B_ProfilePartial,flag_lencnt_out_of_range,flag_lencnt_out_of_range,1,,,,,,audit_only_family
3296,11609,3930,research_other,impactor_vehicle,X_Exclude,flag_lencnt_out_of_range,flag_lencnt_out_of_range,1,,,,,,audit_only_family
3298,11610,3934,research_other,impactor_vehicle,X_Exclude,flag_lencnt_out_of_range,flag_lencnt_out_of_range,1,,,,,,audit_only_family
3298,11610,3935,research_other,subject_vehicle,B_ProfilePartial,flag_lencnt_out_of_range,flag_lencnt_out_of_range,1,,,,,,audit_only_family
3307,11611,3945,research_other,subject_vehicle,B_ProfilePartial,flag_lencnt_out_of_range,flag_lencnt_out_of_range,1,,,,,,audit_only_family
3308,11612,3946,research_other,subject_vehicle,B_ProfilePartial,flag_lencnt_out_of_range,flag_lencnt_out_of_range,1,,,,,,audit_only_family
3311,11613,3950,research_other,subject_vehicle,B_ProfilePartial,flag_crhdst_lt_dpdmax,flag_crhdst_lt_dpdmax,1,,,,,,audit_only_family
3311,11613,3950,research_other,subject_vehicle,B_ProfilePartial,flag_lencnt_out_of_range,flag_lencnt_out_of_range,1,,,,,,audit_only_family
3317,11615,3957,research_other,impactor_vehicle,X_Exclude,flag_lencnt_out_of_range,flag_lencnt_out_of_range,1,,,,,,audit_only_family
3337,11617,3982,side_impactor,impactor_vehicle,X_Exclude,flag_pdof_family_mismatch,flag_pdof_family_mismatch,1,,,,,,not_subject_vehicle
3339,11622,3985,side_impactor,impactor_vehicle,X_Exclude,flag_pdof_family_mismatch,flag_pdof_family_mismatch,1,,,,,,not_subject_vehicle
3333,11626,3978,side,subject_vehicle,B_ProfilePartial,flag_pdof_family_mismatch,flag_pdof_family_mismatch,1,,,0.0,119.0,119.0,flag_pdof_family_mismatch
3348,11661,3995,side_impactor,impactor_vehicle,X_Exclude,flag_pdof_family_mismatch,flag_pdof_family_mismatch,1,,,,,,not_subject_vehicle
3350,11663,3998,frontal_barrier,subject_vehicle,A_ProfileValid,flag_crhdst_lt_dpdmax,flag_crhdst_lt_dpdmax,1,,12FDEW3,0.0,520.0,628.0,flag_crhdst_lt_dpdmax
3375,11666,4023,side_impactor,impactor_vehicle,X_Exclude,flag_pdof_family_mismatch,flag_pdof_family_mismatch,1,,,,,,not_subject_vehicle
2518,11820,2996,side_impactor,impactor_vehicle,X_Exclude,flag_lencnt_out_of_range,flag_lencnt_out_of_range,1,,,,,,not_subject_vehicle
2518,11820,2996,side_impactor,impactor_vehicle,X_Exclude,flag_pdof_family_mismatch,flag_pdof_family_mismatch,1,,,,,,not_subject_vehicle
2520,11824,2999,side_impactor,impactor_vehicle,X_Exclude,flag_crhdst_lt_dpdmax,flag_crhdst_lt_dpdmax,1,,,,,,not_subject_vehicle
2520,11824,2999,side_impactor,impactor_vehicle,X_Exclude,flag_lencnt_out_of_range,flag_lencnt_out_of_range,1,,,,,,not_subject_vehicle
2520,11824,2999,side_impactor,impactor_vehicle,X_Exclude,flag_pdof_family_mismatch,flag_pdof_family_mismatch,1,,,,,,not_subject_vehicle
2317,11827,2778,frontal_barrier,subject_vehicle,D_DeltaOnly,flag_lencnt_out_of_range,flag_lencnt_out_of_range,1,,0,0.0,0.0,,flag_lencnt_out_of_range
3379,14048,4029,frontal_barrier,subject_vehicle,B_ProfilePartial,flag_damdst_out_of_range,flag_damdst_out_of_range,1,,12FDEW2,0.0,602.0,385.0,flag_damdst_out_of_range
3378,14049,4027,side_impactor,impactor_vehicle,X_Exclude,flag_lencnt_out_of_range,flag_lencnt_out_of_range,1,,,,,,not_subject_vehicle
3378,14049,4027,side_impactor,impactor_vehicle,X_Exclude,flag_pdof_family_mismatch,flag_pdof_family_mismatch,1,,,,,,not_subject_vehicle
3394,14053,4047,side_impactor,impactor_vehicle,X_Exclude,flag_lencnt_out_of_range,flag_lencnt_out_of_range,1,,,,,,not_subject_vehicle
3394,14053,4047,side_impactor,impactor_vehicle,X_Exclude,flag_pdof_family_mismatch,flag_pdof_family_mismatch,1,,,,,,not_subject_vehicle
3382,14054,4032,side_impactor,impactor_vehicle,X_Exclude,flag_lencnt_out_of_range,flag_lencnt_out_of_range,1,,,,,,not_subject_vehicle
3382,14054,4032,side_impactor,impactor_vehicle,X_Exclude,flag_pdof_family_mismatch,flag_pdof_family_mismatch,1,,,,,,not_subject_vehicle
3385,14055,4036,side_impactor,impactor_vehicle,X_Exclude,flag_pdof_family_mismatch,flag_pdof_family_mismatch,1,,,,,,not_subject_vehicle
3389,14057,4042,side,subject_vehicle,B_ProfilePartial,flag_pdof_family_mismatch,flag_pdof_family_mismatch,1,,09LPAN3,0.0,149.0,149.0,flag_pdof_family_mismatch
3399,14060,4053,side_impactor,impactor_vehicle,X_Exclude,flag_lencnt_out_of_range,flag_lencnt_out_of_range,1,,,,,,not_subject_vehicle
3399,14060,4053,side_impactor,impactor_vehicle,X_Exclude,flag_pdof_family_mismatch,flag_pdof_family_mismatch,1,,,,,,not_subject_vehicle
3420,14063,4075,side_impactor,impactor_vehicle,X_Exclude,flag_pdof_family_mismatch,flag_pdof_family_mismatch,1,,,,,,not_subject_vehicle
3421,14066,4077,side_impactor,impactor_vehicle,X_Exclude,flag_lencnt_out_of_range,flag_lencnt_out_of_range,1,,,,,,not_subject_vehicle
3421,14066,4077,side_impactor,impactor_vehicle,X_Exclude,flag_pdof_family_mismatch,flag_pdof_family_mismatch,1,,,,,,not_subject_vehicle
3386,14072,4038,side_impactor,impactor_vehicle,X_Exclude,flag_lencnt_out_of_range,flag_lencnt_out_of_range,1,,,,,,not_subject_vehicle
3386,14072,4038,side_impactor,impactor_vehicle,X_Exclude,flag_pdof_family_mismatch,flag_pdof_family_mismatch,1,,,,,,not_subject_vehicle
3424,14076,4081,side,subject_vehicle,B_ProfilePartial,flag_pdof_family_mismatch,flag_pdof_family_mismatch,1,,09LPAN3,0.0,184.0,184.0,flag_pdof_family_mismatch
3425,14078,4082,side_impactor,impactor_vehicle,X_Exclude,flag_pdof_family_mismatch,flag_pdof_family_mismatch,1,,,,,,not_subject_vehicle
3426,14079,4084,side_impactor,impactor_vehicle,X_Exclude,flag_pdof_family_mismatch,flag_pdof_family_mismatch,1,,,,,,not_subject_vehicle
3061,14082,3648,rear,impactor_vehicle,X_Exclude,flag_rear_low_confidence,flag_rear_low_confidence,1,,,,,,not_subject_vehicle
3061,14082,3649,rear,subject_vehicle,X_Exclude,flag_rear_low_confidence,flag_rear_low_confidence,1,,,,,,all_zero_placeholder
3434,14088,4093,side,subject_vehicle,B_ProfilePartial,flag_pdof_family_mismatch,flag_pdof_family_mismatch,1,,09LPAN3,0.0,338.0,338.0,flag_pdof_family_mismatch
3435,14089,4094,side_impactor,impactor_vehicle,X_Exclude,flag_pdof_family_mismatch,flag_pdof_family_mismatch,1,,,,,,not_subject_vehicle
3437,14090,4097,side_impactor,impactor_vehicle,X_Exclude,flag_pdof_family_mismatch,flag_pdof_family_mismatch,1,,,,,,not_subject_vehicle
3438,14092,4099,side,subject_vehicle,B_ProfilePartial,flag_pdof_family_mismatch,flag_pdof_family_mismatch,1,,09LPAN3,0.0,197.0,197.0,flag_pdof_family_mismatch
3062,14094,3650,rear,impactor_vehicle,X_Exclude,flag_rear_low_confidence,flag_rear_low_confidence,1,,,,,,not_subject_vehicle
3062,14094,3651,rear,subject_vehicle,X_Exclude,flag_rear_low_confidence,flag_rear_low_confidence,1,,,,,,all_zero_placeholder
3442,14097,4103,side_impactor,impactor_vehicle,X_Exclude,flag_pdof_family_mismatch,flag_pdof_family_mismatch,1,,,,,,not_subject_vehicle
3446,14128,4109,side,subject_vehicle,B_ProfilePartial,flag_pdof_family_mismatch,flag_pdof_family_mismatch,1,,09LPAN3,0.0,312.0,312.0,flag_pdof_family_mismatch
3450,14129,4113,side_impactor,impactor_vehicle,X_Exclude,flag_pdof_family_mismatch,flag_pdof_family_mismatch,1,,,,,,not_subject_vehicle
3455,14211,4120,side_impactor,impactor_vehicle,X_Exclude,flag_pdof_family_mismatch,flag_pdof_family_mismatch,1,,,,,,not_subject_vehicle
3445,14212,4107,side_impactor,impactor_vehicle,X_Exclude,flag_pdof_family_mismatch,flag_pdof_family_mismatch,1,,,,,,not_subject_vehicle
3449,14214,4112,frontal_barrier,subject_vehicle,A_ProfileValid,flag_crhdst_lt_dpdmax,flag_crhdst_lt_dpdmax,1,,12FDEW1,0.0,476.0,610.0,flag_crhdst_lt_dpdmax
3451,14215,4115,side,subject_vehicle,B_ProfilePartial,flag_pdof_family_mismatch,flag_pdof_family_mismatch,1,,09LPAN3,0.0,184.0,184.0,flag_pdof_family_mismatch
3452,14216,4116,side_impactor,impactor_vehicle,X_Exclude,flag_pdof_family_mismatch,flag_pdof_family_mismatch,1,,,,,,not_subject_vehicle
3454,14217,4119,side,subject_vehicle,B_ProfilePartial,flag_pdof_family_mismatch,flag_pdof_family_mismatch,1,,09LPAN3,0.0,249.0,249.0,flag_pdof_family_mismatch
3456,14219,4122,side_impactor,impactor_vehicle,X_Exclude,flag_lencnt_out_of_range,flag_lencnt_out_of_range,1,,,,,,not_subject_vehicle
3456,14219,4122,side_impactor,impactor_vehicle,X_Exclude,flag_pdof_family_mismatch,flag_pdof_family_mismatch,1,,,,,,not_subject_vehicle
3460,14242,4127,frontal_barrier,subject_vehicle,A_ProfileValid,flag_crhdst_lt_dpdmax,flag_crhdst_lt_dpdmax,1,,12FDEW2,0.0,533.0,608.0,flag_crhdst_lt_dpdmax
3466,14246,4133,side_impactor,impactor_vehicle,X_Exclude,flag_lencnt_out_of_range,flag_lencnt_out_of_range,1,,,,,,not_subject_vehicle
3466,14246,4133,side_impactor,impactor_vehicle,X_Exclude,flag_pdof_family_mismatch,flag_pdof_family_mismatch,1,,,,,,not_subject_vehicle
3464,14247,4131,side,subject_vehicle,A_ProfileValid,flag_side_imppnt_mismatch,flag_side_imppnt_mismatch,1,,09LPAN3,285.0,343.0,342.0,flag_side_imppnt_mismatch
3473,14250,4144,side,subject_vehicle,B_ProfilePartial,flag_pdof_family_mismatch,flag_pdof_family_mismatch,1,,09LPAN3,0.0,153.0,153.0,flag_pdof_family_mismatch
3475,14251,4146,side_impactor,impactor_vehicle,X_Exclude,flag_pdof_family_mismatch,flag_pdof_family_mismatch,1,,,,,,not_subject_vehicle
3477,14253,4149,side_impactor,impactor_vehicle,X_Exclude,flag_pdof_family_mismatch,flag_pdof_family_mismatch,1,,,,,,not_subject_vehicle
3477,14253,4150,side_impactor,subject_vehicle,A_ProfileValid,flag_side_imppnt_mismatch,flag_side_imppnt_mismatch,1,,10LPAS2,297.0,180.0,167.0,flag_side_imppnt_mismatch
3480,14255,4153,side_impactor,impactor_vehicle,X_Exclude,flag_lencnt_out_of_range,flag_lencnt_out_of_range,1,,,,,,not_subject_vehicle
3480,14255,4153,side_impactor,impactor_vehicle,X_Exclude,flag_pdof_family_mismatch,flag_pdof_family_mismatch,1,,,,,,not_subject_vehicle
3485,14258,4159,frontal_barrier,subject_vehicle,A_ProfileValid,flag_crhdst_lt_dpdmax,flag_crhdst_lt_dpdmax,1,,12FDEW3,0.0,470.0,527.0,flag_crhdst_lt_dpdmax
3472,14259,4142,side_impactor,impactor_vehicle,X_Exclude,flag_pdof_family_mismatch,flag_pdof_family_mismatch,1,,,,,,not_subject_vehicle
3486,14261,4160,side_impactor,impactor_vehicle,X_Exclude,flag_lencnt_out_of_range,flag_lencnt_out_of_range,1,,,,,,not_subject_vehicle
3486,14261,4160,side_impactor,impactor_vehicle,X_Exclude,flag_pdof_family_mismatch,flag_pdof_family_mismatch,1,,,,,,not_subject_vehicle
3471,14263,4140,side_impactor,impactor_vehicle,X_Exclude,flag_pdof_family_mismatch,flag_pdof_family_mismatch,1,,,,,,not_subject_vehicle
3497,14265,4176,side,subject_vehicle,B_ProfilePartial,flag_pdof_family_mismatch,flag_pdof_family_mismatch,1,,09LPAN3,0.0,214.0,214.0,flag_pdof_family_mismatch
3491,14268,4167,side_impactor,impactor_vehicle,X_Exclude,flag_pdof_family_mismatch,flag_pdof_family_mismatch,1,,,,,,not_subject_vehicle
3498,14269,4177,side_impactor,impactor_vehicle,X_Exclude,flag_pdof_family_mismatch,flag_pdof_family_mismatch,1,,,,,,not_subject_vehicle
3505,14270,4186,side_impactor,impactor_vehicle,X_Exclude,flag_pdof_family_mismatch,flag_pdof_family_mismatch,1,,,,,,not_subject_vehicle
3502,14273,4182,side_impactor,impactor_vehicle,X_Exclude,flag_lencnt_out_of_range,flag_lencnt_out_of_range,1,,,,,,not_subject_vehicle
3502,14273,4182,side_impactor,impactor_vehicle,X_Exclude,flag_pdof_family_mismatch,flag_pdof_family_mismatch,1,,,,,,not_subject_vehicle
3507,14274,4189,side_impactor,impactor_vehicle,X_Exclude,flag_pdof_family_mismatch,flag_pdof_family_mismatch,1,,,,,,not_subject_vehicle
3509,14275,4192,side_impactor,impactor_vehicle,X_Exclude,flag_pdof_family_mismatch,flag_pdof_family_mismatch,1,,,,,,not_subject_vehicle
3511,14276,4195,side,subject_vehicle,B_ProfilePartial,flag_pdof_family_mismatch,flag_pdof_family_mismatch,1,,09LPAN3,0.0,358.0,319.0,flag_pdof_family_mismatch
3517,14278,4203,side,subject_vehicle,B_ProfilePartial,flag_pdof_family_mismatch,flag_pdof_family_mismatch,1,,09LPAN3,0.0,334.0,334.0,flag_pdof_family_mismatch
3515,14279,4200,side_impactor,impactor_vehicle,X_Exclude,flag_pdof_family_mismatch,flag_pdof_family_mismatch,1,,,,,,not_subject_vehicle
3512,14284,4196,side_impactor,impactor_vehicle,X_Exclude,flag_pdof_family_mismatch,flag_pdof_family_mismatch,1,,,,,,not_subject_vehicle
3512,14284,4197,side_impactor,subject_vehicle,A_ProfileValid,flag_side_imppnt_mismatch,flag_side_imppnt_mismatch,1,,10LPAS3,297.0,229.0,229.0,flag_side_imppnt_mismatch
3524,14285,4212,side,subject_vehicle,B_ProfilePartial,flag_pdof_family_mismatch,flag_pdof_family_mismatch,1,,09LPAN3,0.0,281.0,281.0,flag_pdof_family_mismatch
3525,14286,4213,side_impactor,impactor_vehicle,X_Exclude,flag_pdof_family_mismatch,flag_pdof_family_mismatch,1,,,,,,not_subject_vehicle
3503,14290,4184,frontal_barrier,subject_vehicle,A_ProfileValid,flag_crhdst_lt_dpdmax,flag_crhdst_lt_dpdmax,1,,12FDEW3,0.0,568.0,634.0,flag_crhdst_lt_dpdmax
3518,14296,4204,side_impactor,impactor_vehicle,X_Exclude,flag_pdof_family_mismatch,flag_pdof_family_mismatch,1,,,,,,not_subject_vehicle
3522,14297,4209,side_impactor,impactor_vehicle,X_Exclude,flag_pdof_family_mismatch,flag_pdof_family_mismatch,1,,,,,,not_subject_vehicle
3531,14298,4220,side_impactor,impactor_vehicle,X_Exclude,flag_pdof_family_mismatch,flag_pdof_family_mismatch,1,,,,,,not_subject_vehicle
3543,14315,4239,side_impactor,impactor_vehicle,X_Exclude,flag_lencnt_out_of_range,flag_lencnt_out_of_range,1,,,,,,not_subject_vehicle
3543,14315,4239,side_impactor,impactor_vehicle,X_Exclude,flag_pdof_family_mismatch,flag_pdof_family_mismatch,1,,,,,,not_subject_vehicle
3544,14320,4241,side,subject_vehicle,A_ProfileValid,flag_side_imppnt_mismatch,flag_side_imppnt_mismatch,1,,09LPAN3,285.0,347.0,326.0,flag_side_imppnt_mismatch
3532,14328,4222,side_impactor,impactor_vehicle,X_Exclude,flag_lencnt_out_of_range,flag_lencnt_out_of_range,1,,,,,,not_subject_vehicle
3532,14328,4222,side_impactor,impactor_vehicle,X_Exclude,flag_pdof_family_mismatch,flag_pdof_family_mismatch,1,,,,,,not_subject_vehicle
3439,14354,4100,research_other,subject_vehicle,B_ProfilePartial,flag_lencnt_out_of_range,flag_lencnt_out_of_range,1,,,,,,audit_only_family
3550,14363,4248,side_impactor,impactor_vehicle,X_Exclude,flag_pdof_family_mismatch,flag_pdof_family_mismatch,1,,,,,,not_subject_vehicle
3546,14365,4243,side_impactor,impactor_vehicle,X_Exclude,flag_lencnt_out_of_range,flag_lencnt_out_of_range,1,,,,,,not_subject_vehicle
3546,14365,4243,side_impactor,impactor_vehicle,X_Exclude,flag_pdof_family_mismatch,flag_pdof_family_mismatch,1,,,,,,not_subject_vehicle
3551,14381,4250,frontal_barrier,subject_vehicle,A_ProfileValid,flag_crhdst_lt_dpdmax,flag_crhdst_lt_dpdmax,1,,12FDEW3,0.0,487.0,656.0,flag_crhdst_lt_dpdmax
3561,14383,4264,side_impactor,impactor_vehicle,X_Exclude,flag_pdof_family_mismatch,flag_pdof_family_mismatch,1,,,,,,not_subject_vehicle
3542,14388,4237,side_impactor,impactor_vehicle,X_Exclude,flag_lencnt_out_of_range,flag_lencnt_out_of_range,1,,,,,,not_subject_vehicle
3542,14388,4237,side_impactor,impactor_vehicle,X_Exclude,flag_pdof_family_mismatch,flag_pdof_family_mismatch,1,,,,,,not_subject_vehicle
3554,14390,4254,side_impactor,impactor_vehicle,X_Exclude,flag_lencnt_out_of_range,flag_lencnt_out_of_range,1,,,,,,not_subject_vehicle
3554,14390,4254,side_impactor,impactor_vehicle,X_Exclude,flag_pdof_family_mismatch,flag_pdof_family_mismatch,1,,,,,,not_subject_vehicle
3559,14391,4261,side_impactor,impactor_vehicle,X_Exclude,flag_lencnt_out_of_range,flag_lencnt_out_of_range,1,,,,,,not_subject_vehicle
3559,14391,4261,side_impactor,impactor_vehicle,X_Exclude,flag_pdof_family_mismatch,flag_pdof_family_mismatch,1,,,,,,not_subject_vehicle
3564,14392,4268,side_impactor,impactor_vehicle,X_Exclude,flag_lencnt_out_of_range,flag_lencnt_out_of_range,1,,,,,,not_subject_vehicle
3564,14392,4268,side_impactor,impactor_vehicle,X_Exclude,flag_pdof_family_mismatch,flag_pdof_family_mismatch,1,,,,,,not_subject_vehicle
3571,14393,4277,side_impactor,impactor_vehicle,X_Exclude,flag_lencnt_out_of_range,flag_lencnt_out_of_range,1,,,,,,not_subject_vehicle
3571,14393,4277,side_impactor,impactor_vehicle,X_Exclude,flag_pdof_family_mismatch,flag_pdof_family_mismatch,1,,,,,,not_subject_vehicle
3587,14398,4297,side_impactor,impactor_vehicle,X_Exclude,flag_pdof_family_mismatch,flag_pdof_family_mismatch,1,,,,,,not_subject_vehicle
3594,14428,4307,side_impactor,impactor_vehicle,X_Exclude,flag_pdof_family_mismatch,flag_pdof_family_mismatch,1,,,,,,not_subject_vehicle
3595,14429,4309,side,subject_vehicle,B_ProfilePartial,flag_pdof_family_mismatch,flag_pdof_family_mismatch,1,,09LPAN3,0.0,225.0,225.0,flag_pdof_family_mismatch
3604,14434,4321,side,subject_vehicle,B_ProfilePartial,flag_pdof_family_mismatch,flag_pdof_family_mismatch,1,,09LPAN3,0.0,290.0,290.0,flag_pdof_family_mismatch
3603,14435,4319,side_impactor,impactor_vehicle,X_Exclude,flag_pdof_family_mismatch,flag_pdof_family_mismatch,1,,,,,,not_subject_vehicle
3555,14436,4256,side_impactor,impactor_vehicle,X_Exclude,flag_pdof_family_mismatch,flag_pdof_family_mismatch,1,,,,,,not_subject_vehicle
3556,14437,4258,side,subject_vehicle,B_ProfilePartial,flag_pdof_family_mismatch,flag_pdof_family_mismatch,1,,09LPAN3,0.0,326.0,326.0,flag_pdof_family_mismatch
3619,14440,4339,side_impactor,impactor_vehicle,X_Exclude,flag_pdof_family_mismatch,flag_pdof_family_mismatch,1,,,,,,not_subject_vehicle
3569,14446,4274,rear,impactor_vehicle,X_Exclude,flag_rear_low_confidence,flag_rear_low_confidence,1,,,,,,not_subject_vehicle
3569,14446,4275,rear,subject_vehicle,X_Exclude,flag_rear_low_confidence,flag_rear_low_confidence,1,,,,,,all_zero_placeholder
3541,14447,4235,rear,impactor_vehicle,X_Exclude,flag_rear_low_confidence,flag_rear_low_confidence,1,,,,,,not_subject_vehicle
3541,14447,4236,rear,subject_vehicle,X_Exclude,flag_rear_low_confidence,flag_rear_low_confidence,1,,,,,,all_zero_placeholder
3538,14448,4230,rear,impactor_vehicle,X_Exclude,flag_rear_low_confidence,flag_rear_low_confidence,1,,,,,,not_subject_vehicle
3538,14448,4231,rear,subject_vehicle,X_Exclude,flag_rear_low_confidence,flag_rear_low_confidence,1,,,,,,all_zero_placeholder
3607,14449,4324,rear,impactor_vehicle,X_Exclude,flag_rear_low_confidence,flag_rear_low_confidence,1,,,,,,not_subject_vehicle
3607,14449,4325,rear,subject_vehicle,X_Exclude,flag_rear_low_confidence,flag_rear_low_confidence,1,,,,,,all_zero_placeholder
3577,14450,4285,side,subject_vehicle,B_ProfilePartial,flag_pdof_family_mismatch,flag_pdof_family_mismatch,1,,09LPAN3,0.0,284.0,284.0,flag_pdof_family_mismatch
3578,14451,4286,side_impactor,impactor_vehicle,X_Exclude,flag_pdof_family_mismatch,flag_pdof_family_mismatch,1,,,,,,not_subject_vehicle
3470,14452,4138,rear,impactor_vehicle,X_Exclude,flag_rear_low_confidence,flag_rear_low_confidence,1,,,,,,not_subject_vehicle
3470,14452,4139,rear,subject_vehicle,X_Exclude,flag_rear_low_confidence,flag_rear_low_confidence,1,,,,,,all_zero_placeholder
2917,14453,3468,rear,subject_vehicle,X_Exclude,flag_rear_low_confidence,flag_rear_low_confidence,1,,,,,,all_zero_placeholder
2917,14453,3469,rear,subject_vehicle,X_Exclude,flag_rear_low_confidence,flag_rear_low_confidence,1,,,,,,all_zero_placeholder
3581,14459,4290,side_impactor,impactor_vehicle,X_Exclude,flag_pdof_family_mismatch,flag_pdof_family_mismatch,1,,,,,,not_subject_vehicle
3582,14460,4292,side,subject_vehicle,B_ProfilePartial,flag_pdof_family_mismatch,flag_pdof_family_mismatch,1,,,0.0,290.0,290.0,flag_pdof_family_mismatch
3608,14463,4326,side_impactor,impactor_vehicle,X_Exclude,flag_pdof_family_mismatch,flag_pdof_family_mismatch,1,,,,,,not_subject_vehicle
3573,14464,4280,side_impactor,impactor_vehicle,X_Exclude,flag_lencnt_out_of_range,flag_lencnt_out_of_range,1,,,,,,not_subject_vehicle
3573,14464,4280,side_impactor,impactor_vehicle,X_Exclude,flag_pdof_family_mismatch,flag_pdof_family_mismatch,1,,,,,,not_subject_vehicle
3613,14465,4332,side_impactor,impactor_vehicle,X_Exclude,flag_lencnt_out_of_range,flag_lencnt_out_of_range,1,,,,,,not_subject_vehicle
3613,14465,4332,side_impactor,impactor_vehicle,X_Exclude,flag_pdof_family_mismatch,flag_pdof_family_mismatch,1,,,,,,not_subject_vehicle
3644,14467,4370,side_impactor,impactor_vehicle,X_Exclude,flag_pdof_family_mismatch,flag_pdof_family_mismatch,1,,,,,,not_subject_vehicle
3616,14469,4336,side,subject_vehicle,A_ProfileValid,flag_side_imppnt_mismatch,flag_side_imppnt_mismatch,1,,09LPAN3,285.0,367.0,354.0,flag_side_imppnt_mismatch
3624,14471,4345,side_impactor,impactor_vehicle,X_Exclude,flag_lencnt_out_of_range,flag_lencnt_out_of_range,1,,,,,,not_subject_vehicle
3624,14471,4345,side_impactor,impactor_vehicle,X_Exclude,flag_pdof_family_mismatch,flag_pdof_family_mismatch,1,,,,,,not_subject_vehicle
3588,14472,4299,side_impactor,impactor_vehicle,X_Exclude,flag_lencnt_out_of_range,flag_lencnt_out_of_range,1,,,,,,not_subject_vehicle
3588,14472,4299,side_impactor,impactor_vehicle,X_Exclude,flag_pdof_family_mismatch,flag_pdof_family_mismatch,1,,,,,,not_subject_vehicle
3565,14475,4270,research_other,subject_vehicle,B_ProfilePartial,flag_lencnt_out_of_range,flag_lencnt_out_of_range,1,,,,,,audit_only_family
3583,14476,4293,research_other,subject_vehicle,B_ProfilePartial,flag_lencnt_out_of_range,flag_lencnt_out_of_range,1,,,,,,audit_only_family
3656,14477,4385,research_other,subject_vehicle,B_ProfilePartial,flag_lencnt_out_of_range,flag_lencnt_out_of_range,1,,,,,,audit_only_family
3649,14478,4376,research_other,subject_vehicle,B_ProfilePartial,flag_lencnt_out_of_range,flag_lencnt_out_of_range,1,,,,,,audit_only_family
3648,14479,4375,research_other,subject_vehicle,B_ProfilePartial,flag_lencnt_out_of_range,flag_lencnt_out_of_range,1,,,,,,audit_only_family
3658,14480,4387,side_impactor,impactor_vehicle,X_Exclude,flag_lencnt_out_of_range,flag_lencnt_out_of_range,1,,,,,,not_subject_vehicle
3658,14480,4387,side_impactor,impactor_vehicle,X_Exclude,flag_pdof_family_mismatch,flag_pdof_family_mismatch,1,,,,,,not_subject_vehicle
3667,14482,4398,side_impactor,impactor_vehicle,X_Exclude,flag_lencnt_out_of_range,flag_lencnt_out_of_range,1,,,,,,not_subject_vehicle
3667,14482,4398,side_impactor,impactor_vehicle,X_Exclude,flag_pdof_family_mismatch,flag_pdof_family_mismatch,1,,,,,,not_subject_vehicle
3679,14485,4412,side_impactor,impactor_vehicle,X_Exclude,flag_lencnt_out_of_range,flag_lencnt_out_of_range,1,,,,,,not_subject_vehicle
3679,14485,4412,side_impactor,impactor_vehicle,X_Exclude,flag_pdof_family_mismatch,flag_pdof_family_mismatch,1,,,,,,not_subject_vehicle
3685,14488,4419,side_impactor,impactor_vehicle,X_Exclude,flag_lencnt_out_of_range,flag_lencnt_out_of_range,1,,,,,,not_subject_vehicle
3685,14488,4419,side_impactor,impactor_vehicle,X_Exclude,flag_pdof_family_mismatch,flag_pdof_family_mismatch,1,,,,,,not_subject_vehicle
3700,14491,4436,side_impactor,impactor_vehicle,X_Exclude,flag_lencnt_out_of_range,flag_lencnt_out_of_range,1,,,,,,not_subject_vehicle
3700,14491,4436,side_impactor,impactor_vehicle,X_Exclude,flag_pdof_family_mismatch,flag_pdof_family_mismatch,1,,,,,,not_subject_vehicle
3708,14496,4447,side_impactor,impactor_vehicle,X_Exclude,flag_lencnt_out_of_range,flag_lencnt_out_of_range,1,,,,,,not_subject_vehicle
3708,14496,4447,side_impactor,impactor_vehicle,X_Exclude,flag_pdof_family_mismatch,flag_pdof_family_mismatch,1,,,,,,not_subject_vehicle
3719,14499,4459,side_impactor,impactor_vehicle,X_Exclude,flag_pdof_family_mismatch,flag_pdof_family_mismatch,1,,,,,,not_subject_vehicle
3721,14501,4462,side_impactor,impactor_vehicle,X_Exclude,flag_pdof_family_mismatch,flag_pdof_family_mismatch,1,,,,,,not_subject_vehicle
3721,14501,4463,side_impactor,subject_vehicle,A_ProfileValid,flag_side_imppnt_mismatch,flag_side_imppnt_mismatch,1,,09LPEW2,297.0,204.0,204.0,flag_side_imppnt_mismatch
3722,14505,4464,side,subject_vehicle,B_ProfilePartial,flag_pdof_family_mismatch,flag_pdof_family_mismatch,1,,10LPAN3,0.0,183.0,183.0,flag_pdof_family_mismatch
3727,14507,4471,side,subject_vehicle,B_ProfilePartial,flag_pdof_family_mismatch,flag_pdof_family_mismatch,1,,10LPAN3,0.0,286.0,286.0,flag_pdof_family_mismatch
3725,14508,4468,side_impactor,impactor_vehicle,X_Exclude,flag_pdof_family_mismatch,flag_pdof_family_mismatch,1,,,,,,not_subject_vehicle
3714,14509,4454,research_other,subject_vehicle,B_ProfilePartial,flag_lencnt_out_of_range,flag_lencnt_out_of_range,1,,,,,,audit_only_family
3539,14602,4232,research_other,impactor_vehicle,X_Exclude,flag_lencnt_out_of_range,flag_lencnt_out_of_range,1,,,,,,audit_only_family
3539,14602,4233,research_other,subject_vehicle,B_ProfilePartial,flag_lencnt_out_of_range,flag_lencnt_out_of_range,1,,,,,,audit_only_family
3553,14603,4252,research_other,impactor_vehicle,X_Exclude,flag_lencnt_out_of_range,flag_lencnt_out_of_range,1,,,,,,audit_only_family
3553,14603,4253,research_other,subject_vehicle,B_ProfilePartial,flag_lencnt_out_of_range,flag_lencnt_out_of_range,1,,,,,,audit_only_family
3166,14605,3769,research_other,impactor_vehicle,X_Exclude,flag_lencnt_out_of_range,flag_lencnt_out_of_range,1,,,,,,audit_only_family
3166,14605,3770,research_other,subject_vehicle,B_ProfilePartial,flag_lencnt_out_of_range,flag_lencnt_out_of_range,1,,,,,,audit_only_family
3168,14606,3772,research_other,impactor_vehicle,X_Exclude,flag_lencnt_out_of_range,flag_lencnt_out_of_range,1,,,,,,audit_only_family
3168,14606,3773,research_other,subject_vehicle,B_ProfilePartial,flag_lencnt_out_of_range,flag_lencnt_out_of_range,1,,,,,,audit_only_family
3173,14607,3778,research_other,impactor_vehicle,X_Exclude,flag_lencnt_out_of_range,flag_lencnt_out_of_range,1,,,,,,audit_only_family
3173,14607,3779,research_other,subject_vehicle,B_ProfilePartial,flag_lencnt_out_of_range,flag_lencnt_out_of_range,1,,,,,,audit_only_family
3176,14608,3783,research_other,impactor_vehicle,X_Exclude,flag_lencnt_out_of_range,flag_lencnt_out_of_range,1,,,,,,audit_only_family
3176,14608,3784,research_other,subject_vehicle,B_ProfilePartial,flag_lencnt_out_of_range,flag_lencnt_out_of_range,1,,,,,,audit_only_family
3178,14609,3786,research_other,subject_vehicle,B_ProfilePartial,flag_lencnt_out_of_range,flag_lencnt_out_of_range,1,,,,,,audit_only_family
3181,14610,3790,research_other,impactor_vehicle,X_Exclude,flag_lencnt_out_of_range,flag_lencnt_out_of_range,1,,,,,,audit_only_family
3181,14610,3791,research_other,subject_vehicle,B_ProfilePartial,flag_lencnt_out_of_range,flag_lencnt_out_of_range,1,,,,,,audit_only_family
3185,14611,3796,research_other,subject_vehicle,B_ProfilePartial,flag_lencnt_out_of_range,flag_lencnt_out_of_range,1,,,,,,audit_only_family
3198,14612,3812,research_other,subject_vehicle,B_ProfilePartial,flag_lencnt_out_of_range,flag_lencnt_out_of_range,1,,,,,,audit_only_family
3195,14613,3807,research_other,impactor_vehicle,X_Exclude,flag_lencnt_out_of_range,flag_lencnt_out_of_range,1,,,,,,audit_only_family
3195,14613,3808,research_other,subject_vehicle,B_ProfilePartial,flag_lencnt_out_of_range,flag_lencnt_out_of_range,1,,,,,,audit_only_family
3579,14616,4288,research_other,subject_vehicle,B_ProfilePartial,flag_lencnt_out_of_range,flag_lencnt_out_of_range,1,,,,,,audit_only_family
3592,14617,4305,research_other,subject_vehicle,B_ProfilePartial,flag_lencnt_out_of_range,flag_lencnt_out_of_range,1,,,,,,audit_only_family
3650,14988,4377,side_impactor,impactor_vehicle,X_Exclude,flag_pdof_family_mismatch,flag_pdof_family_mismatch,1,,,,,,not_subject_vehicle
3650,14988,4378,side_impactor,subject_vehicle,A_ProfileValid,flag_side_imppnt_mismatch,flag_side_imppnt_mismatch,1,,09LPEW2,297.0,188.0,188.0,flag_side_imppnt_mismatch
3651,14989,4379,side,subject_vehicle,B_ProfilePartial,flag_pdof_family_mismatch,flag_pdof_family_mismatch,1,,09LPAN3,0.0,331.0,331.0,flag_pdof_family_mismatch
3665,14996,4395,side,impactor_vehicle,X_Exclude,flag_pdof_family_mismatch,flag_pdof_family_mismatch,1,,,,,,not_subject_vehicle
3660,14997,4390,side,subject_vehicle,B_ProfilePartial,flag_pdof_family_mismatch,flag_pdof_family_mismatch,1,,09LPAN3,0.0,204.0,204.0,flag_pdof_family_mismatch
3597,15002,4311,side_impactor,impactor_vehicle,X_Exclude,flag_lencnt_out_of_range,flag_lencnt_out_of_range,1,,,,,,not_subject_vehicle
3597,15002,4311,side_impactor,impactor_vehicle,X_Exclude,flag_pdof_family_mismatch,flag_pdof_family_mismatch,1,,,,,,not_subject_vehicle
3676,15004,4408,side_impactor,impactor_vehicle,X_Exclude,flag_pdof_family_mismatch,flag_pdof_family_mismatch,1,,,,,,not_subject_vehicle
3601,15006,4316,side_impactor,impactor_vehicle,X_Exclude,flag_lencnt_out_of_range,flag_lencnt_out_of_range,1,,,,,,not_subject_vehicle
3601,15006,4316,side_impactor,impactor_vehicle,X_Exclude,flag_pdof_family_mismatch,flag_pdof_family_mismatch,1,,,,,,not_subject_vehicle
3680,15008,4414,side,subject_vehicle,B_ProfilePartial,flag_pdof_family_mismatch,flag_pdof_family_mismatch,1,,09LPAN3,0.0,303.0,303.0,flag_pdof_family_mismatch
3631,15014,4354,side_impactor,impactor_vehicle,X_Exclude,flag_lencnt_out_of_range,flag_lencnt_out_of_range,1,,,,,,not_subject_vehicle
3631,15014,4354,side_impactor,impactor_vehicle,X_Exclude,flag_pdof_family_mismatch,flag_pdof_family_mismatch,1,,,,,,not_subject_vehicle
3692,15021,4427,side_impactor,impactor_vehicle,X_Exclude,flag_pdof_family_mismatch,flag_pdof_family_mismatch,1,,,,,,not_subject_vehicle
3635,15022,4359,side_impactor,impactor_vehicle,X_Exclude,flag_lencnt_out_of_range,flag_lencnt_out_of_range,1,,,,,,not_subject_vehicle
3635,15022,4359,side_impactor,impactor_vehicle,X_Exclude,flag_pdof_family_mismatch,flag_pdof_family_mismatch,1,,,,,,not_subject_vehicle
3696,15025,4432,side,subject_vehicle,B_ProfilePartial,flag_pdof_family_mismatch,flag_pdof_family_mismatch,1,,09LPAN3,0.0,210.0,210.0,flag_pdof_family_mismatch
3640,15026,4365,side_impactor,impactor_vehicle,X_Exclude,flag_lencnt_out_of_range,flag_lencnt_out_of_range,1,,,,,,not_subject_vehicle
3640,15026,4365,side_impactor,impactor_vehicle,X_Exclude,flag_pdof_family_mismatch,flag_pdof_family_mismatch,1,,,,,,not_subject_vehicle
3704,15030,4441,side,subject_vehicle,B_ProfilePartial,flag_pdof_family_mismatch,flag_pdof_family_mismatch,1,,09LPAN3,0.0,326.0,326.0,flag_pdof_family_mismatch
3706,15031,4444,side_impactor,impactor_vehicle,X_Exclude,flag_crhdst_lt_dpdmax,flag_crhdst_lt_dpdmax,1,,,,,,not_subject_vehicle
3706,15031,4444,side_impactor,impactor_vehicle,X_Exclude,flag_lencnt_out_of_range,flag_lencnt_out_of_range,1,,,,,,not_subject_vehicle
3706,15031,4444,side_impactor,impactor_vehicle,X_Exclude,flag_pdof_family_mismatch,flag_pdof_family_mismatch,1,,,,,,not_subject_vehicle
3705,15033,4442,side_impactor,impactor_vehicle,X_Exclude,flag_pdof_family_mismatch,flag_pdof_family_mismatch,1,,,,,,not_subject_vehicle
3705,15033,4443,side_impactor,subject_vehicle,A_ProfileValid,flag_side_imppnt_mismatch,flag_side_imppnt_mismatch,1,,09LPEW2,297.0,189.0,189.0,flag_side_imppnt_mismatch
3653,15036,4381,side_impactor,impactor_vehicle,X_Exclude,flag_lencnt_out_of_range,flag_lencnt_out_of_range,1,,,,,,not_subject_vehicle
3653,15036,4381,side_impactor,impactor_vehicle,X_Exclude,flag_pdof_family_mismatch,flag_pdof_family_mismatch,1,,,,,,not_subject_vehicle
3736,15051,4482,side_impactor,impactor_vehicle,X_Exclude,flag_pdof_family_mismatch,flag_pdof_family_mismatch,1,,,,,,not_subject_vehicle
3739,15061,4486,side,impactor_vehicle,X_Exclude,flag_crhdst_lt_dpdmax,flag_crhdst_lt_dpdmax,1,,,,,,not_subject_vehicle
3739,15061,4486,side,impactor_vehicle,X_Exclude,flag_lencnt_out_of_range,flag_lencnt_out_of_range,1,,,,,,not_subject_vehicle
3739,15061,4486,side,impactor_vehicle,X_Exclude,flag_pdof_family_mismatch,flag_pdof_family_mismatch,1,,,,,,not_subject_vehicle
3733,15063,4478,side_impactor,impactor_vehicle,X_Exclude,flag_crhdst_lt_dpdmax,flag_crhdst_lt_dpdmax,1,,,,,,not_subject_vehicle
3733,15063,4478,side_impactor,impactor_vehicle,X_Exclude,flag_pdof_family_mismatch,flag_pdof_family_mismatch,1,,,,,,not_subject_vehicle
3733,15063,4479,side_impactor,subject_vehicle,A_ProfileValid,flag_side_imppnt_mismatch,flag_side_imppnt_mismatch,1,,10LPAS2,297.0,209.0,199.0,flag_side_imppnt_mismatch
3742,15066,4490,side_impactor,impactor_vehicle,X_Exclude,flag_pdof_family_mismatch,flag_pdof_family_mismatch,1,,,,,,not_subject_vehicle
3742,15066,4491,side_impactor,subject_vehicle,A_ProfileValid,flag_side_imppnt_mismatch,flag_side_imppnt_mismatch,1,,10LPAS2,297.0,195.0,195.0,flag_side_imppnt_mismatch
3745,15069,4494,side_impactor,impactor_vehicle,X_Exclude,flag_pdof_family_mismatch,flag_pdof_family_mismatch,1,,,,,,not_subject_vehicle
3749,15072,4499,side,subject_vehicle,B_ProfilePartial,flag_pdof_family_mismatch,flag_pdof_family_mismatch,1,,10LPAN3,0.0,402.0,402.0,flag_pdof_family_mismatch
3750,15073,4500,side_impactor,impactor_vehicle,X_Exclude,flag_pdof_family_mismatch,flag_pdof_family_mismatch,1,,,,,,not_subject_vehicle
3751,15076,4502,side_impactor,impactor_vehicle,X_Exclude,flag_lencnt_out_of_range,flag_lencnt_out_of_range,1,,,,,,not_subject_vehicle
3751,15076,4502,side_impactor,impactor_vehicle,X_Exclude,flag_pdof_family_mismatch,flag_pdof_family_mismatch,1,,,,,,not_subject_vehicle
3754,15081,4507,frontal_barrier,subject_vehicle,B_ProfilePartial,flag_lencnt_out_of_range,flag_lencnt_out_of_range,1,,12FDEW2,0.0,532.0,532.0,flag_lencnt_out_of_range
3758,15083,4512,side_impactor,impactor_vehicle,X_Exclude,flag_pdof_family_mismatch,flag_pdof_family_mismatch,1,,,,,,not_subject_vehicle
3755,15084,4508,side_impactor,impactor_vehicle,X_Exclude,flag_pdof_family_mismatch,flag_pdof_family_mismatch,1,,,,,,not_subject_vehicle
3753,15090,4505,side_impactor,impactor_vehicle,X_Exclude,flag_pdof_family_mismatch,flag_pdof_family_mismatch,1,,,,,,not_subject_vehicle
3753,15090,4506,side_impactor,subject_vehicle,A_ProfileValid,flag_side_imppnt_mismatch,flag_side_imppnt_mismatch,1,,10LPAS2,297.0,216.0,216.0,flag_side_imppnt_mismatch
3760,15093,4515,side_impactor,impactor_vehicle,X_Exclude,flag_lencnt_out_of_range,flag_lencnt_out_of_range,1,,,,,,not_subject_vehicle
3760,15093,4515,side_impactor,impactor_vehicle,X_Exclude,flag_pdof_family_mismatch,flag_pdof_family_mismatch,1,,,,,,not_subject_vehicle
3761,15096,4517,side_impactor,impactor_vehicle,X_Exclude,flag_pdof_family_mismatch,flag_pdof_family_mismatch,1,,,,,,not_subject_vehicle
3770,15120,4529,side_impactor,impactor_vehicle,X_Exclude,flag_lencnt_out_of_range,flag_lencnt_out_of_range,1,,,,,,not_subject_vehicle
3770,15120,4529,side_impactor,impactor_vehicle,X_Exclude,flag_pdof_family_mismatch,flag_pdof_family_mismatch,1,,,,,,not_subject_vehicle
3776,15179,4538,side_impactor,impactor_vehicle,X_Exclude,flag_pdof_family_mismatch,flag_pdof_family_mismatch,1,,,,,,not_subject_vehicle
3774,15181,4535,side_impactor,impactor_vehicle,X_Exclude,flag_lencnt_out_of_range,flag_lencnt_out_of_range,1,,,,,,not_subject_vehicle
3774,15181,4535,side_impactor,impactor_vehicle,X_Exclude,flag_pdof_family_mismatch,flag_pdof_family_mismatch,1,,,,,,not_subject_vehicle
3784,15238,4548,side,subject_vehicle,B_ProfilePartial,flag_pdof_family_mismatch,flag_pdof_family_mismatch,1,,10LPAN3,0.0,379.0,379.0,flag_pdof_family_mismatch
3781,15239,4544,side_impactor,impactor_vehicle,X_Exclude,flag_pdof_family_mismatch,flag_pdof_family_mismatch,1,,,,,,not_subject_vehicle
3788,15251,4552,side,impactor_vehicle,X_Exclude,flag_crhdst_lt_dpdmax,flag_crhdst_lt_dpdmax,1,,,,,,not_subject_vehicle
3788,15251,4552,side,impactor_vehicle,X_Exclude,flag_lencnt_out_of_range,flag_lencnt_out_of_range,1,,,,,,not_subject_vehicle
3788,15251,4552,side,impactor_vehicle,X_Exclude,flag_pdof_family_mismatch,flag_pdof_family_mismatch,1,,,,,,not_subject_vehicle
3782,15252,4546,side,subject_vehicle,B_ProfilePartial,flag_pdof_family_mismatch,flag_pdof_family_mismatch,1,,10LPAN3,0.0,335.0,335.0,flag_pdof_family_mismatch
3773,15260,4534,side,subject_vehicle,B_ProfilePartial,flag_pdof_family_mismatch,flag_pdof_family_mismatch,1,,10LPAN3,0.0,205.0,208.0,flag_pdof_family_mismatch
3789,15263,4554,side_impactor,impactor_vehicle,X_Exclude,flag_pdof_family_mismatch,flag_pdof_family_mismatch,1,,,,,,not_subject_vehicle
3794,15264,4562,side_impactor,impactor_vehicle,X_Exclude,flag_crhdst_lt_dpdmax,flag_crhdst_lt_dpdmax,1,,,,,,not_subject_vehicle
3794,15264,4562,side_impactor,impactor_vehicle,X_Exclude,flag_lencnt_out_of_range,flag_lencnt_out_of_range,1,,,,,,not_subject_vehicle
3794,15264,4562,side_impactor,impactor_vehicle,X_Exclude,flag_pdof_family_mismatch,flag_pdof_family_mismatch,1,,,,,,not_subject_vehicle
3802,15300,4573,side,subject_vehicle,B_ProfilePartial,flag_pdof_family_mismatch,flag_pdof_family_mismatch,1,,10LPAN3,0.0,431.0,431.0,flag_pdof_family_mismatch
3801,15301,4571,side_impactor,impactor_vehicle,X_Exclude,flag_pdof_family_mismatch,flag_pdof_family_mismatch,1,,,,,,not_subject_vehicle
3799,15303,4568,side_impactor,impactor_vehicle,X_Exclude,flag_pdof_family_mismatch,flag_pdof_family_mismatch,1,,,,,,not_subject_vehicle
3799,15303,4569,side_impactor,subject_vehicle,A_ProfileValid,flag_side_imppnt_mismatch,flag_side_imppnt_mismatch,1,,10LPAS2,297.0,161.0,148.0,flag_side_imppnt_mismatch
3806,15304,4578,side,subject_vehicle,B_ProfilePartial,flag_pdof_family_mismatch,flag_pdof_family_mismatch,1,,10LPAN3,0.0,379.0,379.0,flag_pdof_family_mismatch
3804,15306,4575,side_impactor,impactor_vehicle,X_Exclude,flag_pdof_family_mismatch,flag_pdof_family_mismatch,1,,,,,,not_subject_vehicle
3808,15308,4581,side_impactor,impactor_vehicle,X_Exclude,flag_lencnt_out_of_range,flag_lencnt_out_of_range,1,,,,,,not_subject_vehicle
3808,15308,4581,side_impactor,impactor_vehicle,X_Exclude,flag_pdof_family_mismatch,flag_pdof_family_mismatch,1,,,,,,not_subject_vehicle
3815,15314,4589,side_impactor,impactor_vehicle,X_Exclude,flag_pdof_family_mismatch,flag_pdof_family_mismatch,1,,,,,,not_subject_vehicle
3817,15320,4592,side_impactor,impactor_vehicle,X_Exclude,flag_pdof_family_mismatch,flag_pdof_family_mismatch,1,,,,,,not_subject_vehicle
3819,15321,4596,side,subject_vehicle,B_ProfilePartial,flag_pdof_family_mismatch,flag_pdof_family_mismatch,1,,10LPAN3,0.0,264.0,264.0,flag_pdof_family_mismatch
3818,15322,4594,side_impactor,impactor_vehicle,X_Exclude,flag_lencnt_out_of_range,flag_lencnt_out_of_range,1,,,,,,not_subject_vehicle
3818,15322,4594,side_impactor,impactor_vehicle,X_Exclude,flag_pdof_family_mismatch,flag_pdof_family_mismatch,1,,,,,,not_subject_vehicle
3823,15326,4600,side_impactor,impactor_vehicle,X_Exclude,flag_lencnt_out_of_range,flag_lencnt_out_of_range,1,,,,,,not_subject_vehicle
3823,15326,4600,side_impactor,impactor_vehicle,X_Exclude,flag_pdof_family_mismatch,flag_pdof_family_mismatch,1,,,,,,not_subject_vehicle
3824,15327,4602,side_impactor,impactor_vehicle,X_Exclude,flag_pdof_family_mismatch,flag_pdof_family_mismatch,1,,,,,,not_subject_vehicle
3824,15327,4603,side_impactor,subject_vehicle,A_ProfileValid,flag_side_imppnt_mismatch,flag_side_imppnt_mismatch,1,,10LPAS2,297.0,199.0,156.0,flag_side_imppnt_mismatch
3826,15329,4605,side_impactor,impactor_vehicle,X_Exclude,flag_pdof_family_mismatch,flag_pdof_family_mismatch,1,,,,,,not_subject_vehicle
3826,15329,4606,side_impactor,subject_vehicle,A_ProfileValid,flag_side_imppnt_mismatch,flag_side_imppnt_mismatch,1,,10LPAS2,297.0,172.0,165.0,flag_side_imppnt_mismatch
3829,15332,4609,side,impactor_vehicle,X_Exclude,flag_crhdst_lt_dpdmax,flag_crhdst_lt_dpdmax,1,,,,,,not_subject_vehicle
3829,15332,4609,side,impactor_vehicle,X_Exclude,flag_lencnt_out_of_range,flag_lencnt_out_of_range,1,,,,,,not_subject_vehicle
3829,15332,4609,side,impactor_vehicle,X_Exclude,flag_pdof_family_mismatch,flag_pdof_family_mismatch,1,,,,,,not_subject_vehicle
3833,15338,4615,side_impactor,impactor_vehicle,X_Exclude,flag_pdof_family_mismatch,flag_pdof_family_mismatch,1,,,,,,not_subject_vehicle
3835,15340,4618,side_impactor,impactor_vehicle,X_Exclude,flag_crhdst_lt_dpdmax,flag_crhdst_lt_dpdmax,1,,,,,,not_subject_vehicle
3835,15340,4618,side_impactor,impactor_vehicle,X_Exclude,flag_lencnt_out_of_range,flag_lencnt_out_of_range,1,,,,,,not_subject_vehicle
3835,15340,4618,side_impactor,impactor_vehicle,X_Exclude,flag_pdof_family_mismatch,flag_pdof_family_mismatch,1,,,,,,not_subject_vehicle
3837,15343,4621,side_impactor,impactor_vehicle,X_Exclude,flag_crhdst_lt_dpdmax,flag_crhdst_lt_dpdmax,1,,,,,,not_subject_vehicle
3837,15343,4621,side_impactor,impactor_vehicle,X_Exclude,flag_lencnt_out_of_range,flag_lencnt_out_of_range,1,,,,,,not_subject_vehicle
3837,15343,4621,side_impactor,impactor_vehicle,X_Exclude,flag_pdof_family_mismatch,flag_pdof_family_mismatch,1,,,,,,not_subject_vehicle
3838,15344,4623,side_impactor,impactor_vehicle,X_Exclude,flag_crhdst_lt_dpdmax,flag_crhdst_lt_dpdmax,1,,,,,,not_subject_vehicle
3838,15344,4623,side_impactor,impactor_vehicle,X_Exclude,flag_lencnt_out_of_range,flag_lencnt_out_of_range,1,,,,,,not_subject_vehicle
3838,15344,4623,side_impactor,impactor_vehicle,X_Exclude,flag_pdof_family_mismatch,flag_pdof_family_mismatch,1,,,,,,not_subject_vehicle
3841,15350,4627,side,subject_vehicle,B_ProfilePartial,flag_pdof_family_mismatch,flag_pdof_family_mismatch,1,,09LPAN3,0.0,319.0,319.0,flag_pdof_family_mismatch
3842,15351,4628,side_impactor,impactor_vehicle,X_Exclude,flag_pdof_family_mismatch,flag_pdof_family_mismatch,1,,,,,,not_subject_vehicle
3790,15357,4556,research_other,subject_vehicle,B_ProfilePartial,flag_lencnt_out_of_range,flag_lencnt_out_of_range,1,,,,,,audit_only_family
3533,15361,4224,side,subject_vehicle,B_ProfilePartial,flag_pdof_family_mismatch,flag_pdof_family_mismatch,1,,,0.0,268.0,43.0,flag_pdof_family_mismatch
3576,15362,4284,side,subject_vehicle,B_ProfilePartial,flag_pdof_family_mismatch,flag_pdof_family_mismatch,1,,,0.0,315.0,20.0,flag_pdof_family_mismatch
3627,15363,4349,side,subject_vehicle,B_ProfilePartial,flag_pdof_family_mismatch,flag_pdof_family_mismatch,1,,,0.0,160.0,31.0,flag_pdof_family_mismatch
3495,15364,4173,side_impactor,impactor_vehicle,X_Exclude,flag_pdof_family_mismatch,flag_pdof_family_mismatch,1,,,,,,not_subject_vehicle
3620,15365,4341,side,subject_vehicle,B_ProfilePartial,flag_pdof_family_mismatch,flag_pdof_family_mismatch,1,,,0.0,253.0,17.0,flag_pdof_family_mismatch
3591,15366,4303,side_impactor,impactor_vehicle,X_Exclude,flag_pdof_family_mismatch,flag_pdof_family_mismatch,1,,,,,,not_subject_vehicle
3482,15367,4156,side,subject_vehicle,B_ProfilePartial,flag_pdof_family_mismatch,flag_pdof_family_mismatch,1,,,0.0,318.0,33.0,flag_pdof_family_mismatch
3621,15368,4342,side,subject_vehicle,B_ProfilePartial,flag_pdof_family_mismatch,flag_pdof_family_mismatch,1,,,0.0,226.0,54.0,flag_pdof_family_mismatch
3563,15369,4267,side,subject_vehicle,B_ProfilePartial,flag_pdof_family_mismatch,flag_pdof_family_mismatch,1,,,0.0,204.0,28.0,flag_pdof_family_mismatch
3590,15370,4302,side,subject_vehicle,B_ProfilePartial,flag_pdof_family_mismatch,flag_pdof_family_mismatch,1,,,0.0,213.0,18.0,flag_pdof_family_mismatch
3626,15371,4348,side,subject_vehicle,B_ProfilePartial,flag_pdof_family_mismatch,flag_pdof_family_mismatch,1,,,0.0,196.0,8.0,flag_pdof_family_mismatch
3535,15373,4226,side_impactor,impactor_vehicle,X_Exclude,flag_pdof_family_mismatch,flag_pdof_family_mismatch,1,,,,,,not_subject_vehicle
3536,15374,4228,side,subject_vehicle,B_ProfilePartial,flag_pdof_family_mismatch,flag_pdof_family_mismatch,1,,,0.0,166.0,28.0,flag_pdof_family_mismatch
3488,15376,4163,side_impactor,impactor_vehicle,X_Exclude,flag_pdof_family_mismatch,flag_pdof_family_mismatch,1,,,,,,not_subject_vehicle
3494,15377,4171,side_impactor,impactor_vehicle,X_Exclude,flag_pdof_family_mismatch,flag_pdof_family_mismatch,1,,,,,,not_subject_vehicle
3634,15378,4358,side,subject_vehicle,B_ProfilePartial,flag_pdof_family_mismatch,flag_pdof_family_mismatch,1,,,0.0,276.0,276.0,flag_pdof_family_mismatch
3724,15379,4466,side_impactor,impactor_vehicle,X_Exclude,flag_pdof_family_mismatch,flag_pdof_family_mismatch,1,,,,,,not_subject_vehicle
3765,15380,4522,side_impactor,impactor_vehicle,X_Exclude,flag_pdof_family_mismatch,flag_pdof_family_mismatch,1,,,,,,not_subject_vehicle
3734,15381,4480,side,subject_vehicle,B_ProfilePartial,flag_pdof_family_mismatch,flag_pdof_family_mismatch,1,,,0.0,282.0,282.0,flag_pdof_family_mismatch
3712,15382,4452,side,subject_vehicle,B_ProfilePartial,flag_pdof_family_mismatch,flag_pdof_family_mismatch,1,,,0.0,330.0,330.0,flag_pdof_family_mismatch
3710,15383,4450,side,subject_vehicle,B_ProfilePartial,flag_pdof_family_mismatch,flag_pdof_family_mismatch,1,,,0.0,327.0,327.0,flag_pdof_family_mismatch
3766,15384,4524,side_impactor,impactor_vehicle,X_Exclude,flag_pdof_family_mismatch,flag_pdof_family_mismatch,1,,,,,,not_subject_vehicle
3697,15385,4433,side,subject_vehicle,B_ProfilePartial,flag_pdof_family_mismatch,flag_pdof_family_mismatch,1,,,0.0,270.0,270.0,flag_pdof_family_mismatch
3793,15386,4561,side,subject_vehicle,B_ProfilePartial,flag_pdof_family_mismatch,flag_pdof_family_mismatch,1,,????,0.0,188.0,188.0,flag_pdof_family_mismatch
3711,15387,4451,side,subject_vehicle,B_ProfilePartial,flag_pdof_family_mismatch,flag_pdof_family_mismatch,1,,,0.0,273.0,273.0,flag_pdof_family_mismatch
3772,15388,4532,side_impactor,impactor_vehicle,X_Exclude,flag_pdof_family_mismatch,flag_pdof_family_mismatch,1,,,,,,not_subject_vehicle
3628,15389,4350,side_impactor,impactor_vehicle,X_Exclude,flag_pdof_family_mismatch,flag_pdof_family_mismatch,1,,,,,,not_subject_vehicle
3684,15390,4418,side,subject_vehicle,B_ProfilePartial,flag_pdof_family_mismatch,flag_pdof_family_mismatch,1,,,0.0,228.0,228.0,flag_pdof_family_mismatch
3737,15391,4484,side,subject_vehicle,B_ProfilePartial,flag_pdof_family_mismatch,flag_pdof_family_mismatch,1,,,0.0,178.0,178.0,flag_pdof_family_mismatch
3709,15392,4449,side,subject_vehicle,B_ProfilePartial,flag_pdof_family_mismatch,flag_pdof_family_mismatch,1,,,0.0,290.0,290.0,flag_pdof_family_mismatch
3731,15393,4475,side_impactor,impactor_vehicle,X_Exclude,flag_pdof_family_mismatch,flag_pdof_family_mismatch,1,,,,,,not_subject_vehicle
3693,15394,4429,side,subject_vehicle,B_ProfilePartial,flag_pdof_family_mismatch,flag_pdof_family_mismatch,1,,,0.0,269.0,269.0,flag_pdof_family_mismatch
3639,15395,4364,side,subject_vehicle,B_ProfilePartial,flag_pdof_family_mismatch,flag_pdof_family_mismatch,1,,,0.0,230.0,230.0,flag_pdof_family_mismatch
3636,15396,4361,side,subject_vehicle,B_ProfilePartial,flag_pdof_family_mismatch,flag_pdof_family_mismatch,1,,,0.0,243.0,243.0,flag_pdof_family_mismatch
3792,15397,4559,side_impactor,impactor_vehicle,X_Exclude,flag_pdof_family_mismatch,flag_pdof_family_mismatch,1,,,,,,not_subject_vehicle
3791,15398,4557,side_impactor,impactor_vehicle,X_Exclude,flag_pdof_family_mismatch,flag_pdof_family_mismatch,1,,,,,,not_subject_vehicle
3691,15399,4426,side,subject_vehicle,B_ProfilePartial,flag_pdof_family_mismatch,flag_pdof_family_mismatch,1,,,0.0,302.0,302.0,flag_pdof_family_mismatch
3831,15400,4612,side_impactor,impactor_vehicle,X_Exclude,flag_pdof_family_mismatch,flag_pdof_family_mismatch,1,,,,,,not_subject_vehicle
3698,15401,4434,side,subject_vehicle,B_ProfilePartial,flag_pdof_family_mismatch,flag_pdof_family_mismatch,1,,,0.0,200.0,200.0,flag_pdof_family_mismatch
3827,15402,4607,side,subject_vehicle,B_ProfilePartial,flag_pdof_family_mismatch,flag_pdof_family_mismatch,1,,,0.0,196.0,196.0,flag_pdof_family_mismatch
3807,15403,4579,side_impactor,impactor_vehicle,X_Exclude,flag_pdof_family_mismatch,flag_pdof_family_mismatch,1,,,,,,not_subject_vehicle
3846,15404,4633,side,subject_vehicle,B_ProfilePartial,flag_pdof_family_mismatch,flag_pdof_family_mismatch,1,,10LPAN3,0.0,264.0,264.0,flag_pdof_family_mismatch
3847,15405,4634,side_impactor,impactor_vehicle,X_Exclude,flag_pdof_family_mismatch,flag_pdof_family_mismatch,1,,,,,,not_subject_vehicle
3851,15409,4639,side_impactor,impactor_vehicle,X_Exclude,flag_pdof_family_mismatch,flag_pdof_family_mismatch,1,,,,,,not_subject_vehicle
3854,15416,4643,side_impactor,impactor_vehicle,X_Exclude,flag_pdof_family_mismatch,flag_pdof_family_mismatch,1,,,,,,not_subject_vehicle
3857,15419,4647,side_impactor,impactor_vehicle,X_Exclude,flag_lencnt_out_of_range,flag_lencnt_out_of_range,1,,,,,,not_subject_vehicle
3857,15419,4647,side_impactor,impactor_vehicle,X_Exclude,flag_pdof_family_mismatch,flag_pdof_family_mismatch,1,,,,,,not_subject_vehicle
3861,15427,4652,side_impactor,impactor_vehicle,X_Exclude,flag_pdof_family_mismatch,flag_pdof_family_mismatch,1,,,,,,not_subject_vehicle
3864,15452,4656,side,impactor_vehicle,X_Exclude,flag_pdof_family_mismatch,flag_pdof_family_mismatch,1,,,,,,not_subject_vehicle
3864,15452,4656,side,impactor_vehicle,X_Exclude,flag_side_imppnt_mismatch,flag_side_imppnt_mismatch,1,,,,,,not_subject_vehicle
3764,15453,4521,frontal_barrier,subject_vehicle,B_ProfilePartial,flag_lencnt_out_of_range,flag_lencnt_out_of_range,1,,12FDEW3,,767.0,767.0,flag_lencnt_out_of_range
3867,15455,4660,side_impactor,impactor_vehicle,X_Exclude,flag_pdof_family_mismatch,flag_pdof_family_mismatch,1,,,,,,not_subject_vehicle
3867,15455,4661,side_impactor,subject_vehicle,A_ProfileValid,flag_side_imppnt_mismatch,flag_side_imppnt_mismatch,1,,10LPAS2,297.0,130.0,130.0,flag_side_imppnt_mismatch
3874,15465,4669,side,impactor_vehicle,X_Exclude,flag_crhdst_lt_dpdmax,flag_crhdst_lt_dpdmax,1,,,,,,not_subject_vehicle
3874,15465,4669,side,impactor_vehicle,X_Exclude,flag_lencnt_out_of_range,flag_lencnt_out_of_range,1,,,,,,not_subject_vehicle
3874,15465,4669,side,impactor_vehicle,X_Exclude,flag_pdof_family_mismatch,flag_pdof_family_mismatch,1,,,,,,not_subject_vehicle
3877,15467,4673,side,subject_vehicle,B_ProfilePartial,flag_pdof_family_mismatch,flag_pdof_family_mismatch,1,,10LPAN3,0.0,402.0,402.0,flag_pdof_family_mismatch
3878,15470,4674,side_impactor,impactor_vehicle,X_Exclude,flag_pdof_family_mismatch,flag_pdof_family_mismatch,1,,,,,,not_subject_vehicle
3878,15470,4675,side_impactor,subject_vehicle,A_ProfileValid,flag_side_imppnt_mismatch,flag_side_imppnt_mismatch,1,,09LPEW2,297.0,139.0,139.0,flag_side_imppnt_mismatch
3881,15471,4678,side_impactor,impactor_vehicle,X_Exclude,flag_pdof_family_mismatch,flag_pdof_family_mismatch,1,,,,,,not_subject_vehicle
3880,15472,4677,side,subject_vehicle,B_ProfilePartial,flag_pdof_family_mismatch,flag_pdof_family_mismatch,1,,10LPAN3,0.0,304.0,304.0,flag_pdof_family_mismatch
3883,15474,4681,side,subject_vehicle,B_ProfilePartial,flag_lencnt_out_of_range,flag_lencnt_out_of_range,1,,09LPAN3,285.0,354.0,350.0,flag_lencnt_out_of_range
3884,15475,4682,side,impactor_vehicle,X_Exclude,flag_crhdst_lt_dpdmax,flag_crhdst_lt_dpdmax,1,,,,,,not_subject_vehicle
3884,15475,4682,side,impactor_vehicle,X_Exclude,flag_lencnt_out_of_range,flag_lencnt_out_of_range,1,,,,,,not_subject_vehicle
3884,15475,4682,side,impactor_vehicle,X_Exclude,flag_pdof_family_mismatch,flag_pdof_family_mismatch,1,,,,,,not_subject_vehicle
3873,15477,4667,side_impactor,impactor_vehicle,X_Exclude,flag_pdof_family_mismatch,flag_pdof_family_mismatch,1,,,,,,not_subject_vehicle
3886,15478,4686,side,subject_vehicle,B_ProfilePartial,flag_pdof_family_mismatch,flag_pdof_family_mismatch,1,,10LPAN3,0.0,212.0,212.0,flag_pdof_family_mismatch
3885,15479,4684,side_impactor,impactor_vehicle,X_Exclude,flag_pdof_family_mismatch,flag_pdof_family_mismatch,1,,,,,,not_subject_vehicle
3462,15483,4129,frontal_barrier,subject_vehicle,B_ProfilePartial,flag_lencnt_out_of_range,flag_lencnt_out_of_range,1,,12FDEW2,0.0,667.0,667.0,flag_lencnt_out_of_range
3447,15484,4110,frontal_barrier,subject_vehicle,B_ProfilePartial,flag_lencnt_out_of_range,flag_lencnt_out_of_range,1,,12FDEW3,,525.0,525.0,flag_lencnt_out_of_range
3493,15485,4170,frontal_barrier,subject_vehicle,B_ProfilePartial,flag_lencnt_out_of_range,flag_lencnt_out_of_range,1,,12FDEW2,,528.0,528.0,flag_lencnt_out_of_range
3500,15486,4180,frontal_barrier,subject_vehicle,B_ProfilePartial,flag_lencnt_out_of_range,flag_lencnt_out_of_range,1,,12FDEW1,0.0,284.0,284.0,flag_lencnt_out_of_range
3599,15487,4314,frontal_barrier,subject_vehicle,B_ProfilePartial,flag_lencnt_out_of_range,flag_lencnt_out_of_range,1,,12FDEW2,0.0,620.0,620.0,flag_lencnt_out_of_range
3645,15488,4372,frontal_barrier,subject_vehicle,B_ProfilePartial,flag_lencnt_out_of_range,flag_lencnt_out_of_range,1,,12FDEW3,0.0,379.0,379.0,flag_lencnt_out_of_range
3669,15489,4401,frontal_barrier,subject_vehicle,B_ProfilePartial,flag_lencnt_out_of_range,flag_lencnt_out_of_range,1,,12FDEW2,0.0,400.0,400.0,flag_lencnt_out_of_range
3575,15490,4283,frontal_barrier,subject_vehicle,B_ProfilePartial,flag_lencnt_out_of_range,flag_lencnt_out_of_range,1,,12FDEW2,0.0,620.0,620.0,flag_lencnt_out_of_range
3633,15491,4357,frontal_barrier,subject_vehicle,B_ProfilePartial,flag_lencnt_out_of_range,flag_lencnt_out_of_range,1,,12FDEW2,,554.0,554.0,flag_lencnt_out_of_range
3659,15492,4389,frontal_barrier,subject_vehicle,B_ProfilePartial,flag_lencnt_out_of_range,flag_lencnt_out_of_range,1,,12FDEW3,0.0,269.0,269.0,flag_lencnt_out_of_range
3654,15493,4383,frontal_barrier,subject_vehicle,B_ProfilePartial,flag_lencnt_out_of_range,flag_lencnt_out_of_range,1,,12FDEW3,0.0,344.0,344.0,flag_lencnt_out_of_range
3629,15494,4352,frontal_barrier,subject_vehicle,B_ProfilePartial,flag_lencnt_out_of_range,flag_lencnt_out_of_range,1,,12FDEW3,,448.0,448.0,flag_lencnt_out_of_range
3865,15496,4658,frontal_barrier,subject_vehicle,B_ProfilePartial,flag_lencnt_out_of_range,flag_lencnt_out_of_range,1,,12FDEW2,,512.0,512.0,flag_lencnt_out_of_range
3862,15497,4654,frontal_barrier,subject_vehicle,B_ProfilePartial,flag_lencnt_out_of_range,flag_lencnt_out_of_range,1,,12FDEW1,0.0,429.0,429.0,flag_lencnt_out_of_range
3853,15498,4642,frontal_barrier,subject_vehicle,B_ProfilePartial,flag_lencnt_out_of_range,flag_lencnt_out_of_range,1,,12FDEW2,0.0,200.0,200.0,flag_lencnt_out_of_range
3715,15499,4455,frontal_barrier,subject_vehicle,B_ProfilePartial,flag_lencnt_out_of_range,flag_lencnt_out_of_range,1,,12FDEW2,0.0,133.0,133.0,flag_lencnt_out_of_range
3767,15500,4526,frontal_barrier,subject_vehicle,B_ProfilePartial,flag_lencnt_out_of_range,flag_lencnt_out_of_range,1,,12FDEW3,0.0,655.0,655.0,flag_lencnt_out_of_range
3785,15501,4549,frontal_barrier,subject_vehicle,B_ProfilePartial,flag_lencnt_out_of_range,flag_lencnt_out_of_range,1,,12FDEW2,,515.0,515.0,flag_lencnt_out_of_range
3869,15502,4663,frontal_barrier,subject_vehicle,B_ProfilePartial,flag_lencnt_out_of_range,flag_lencnt_out_of_range,1,,12FDEW2,0.0,384.0,384.0,flag_lencnt_out_of_range
3795,15503,4564,frontal_barrier,subject_vehicle,B_ProfilePartial,flag_lencnt_out_of_range,flag_lencnt_out_of_range,1,,12FDEW3,0.0,520.0,520.0,flag_lencnt_out_of_range
3813,15504,4587,frontal_barrier,subject_vehicle,B_ProfilePartial,flag_lencnt_out_of_range,flag_lencnt_out_of_range,1,,12FDEW3,0.0,408.0,408.0,flag_lencnt_out_of_range
3871,15505,4665,frontal_barrier,subject_vehicle,B_ProfilePartial,flag_lencnt_out_of_range,flag_lencnt_out_of_range,1,,12FDEW2,0.0,363.0,365.0,flag_lencnt_out_of_range
3887,15506,4687,side_impactor,impactor_vehicle,X_Exclude,flag_crhdst_lt_dpdmax,flag_crhdst_lt_dpdmax,1,,,,,,not_subject_vehicle
3887,15506,4687,side_impactor,impactor_vehicle,X_Exclude,flag_lencnt_out_of_range,flag_lencnt_out_of_range,1,,,,,,not_subject_vehicle
3887,15506,4687,side_impactor,impactor_vehicle,X_Exclude,flag_pdof_family_mismatch,flag_pdof_family_mismatch,1,,,,,,not_subject_vehicle
3891,15513,4692,side_impactor,impactor_vehicle,X_Exclude,flag_pdof_family_mismatch,flag_pdof_family_mismatch,1,,,,,,not_subject_vehicle
3892,15517,4718,side,subject_vehicle,B_ProfilePartial,flag_pdof_family_mismatch,flag_pdof_family_mismatch,1,,10LPAN2,0.0,184.0,184.0,flag_pdof_family_mismatch
3893,15518,4719,side_impactor,impactor_vehicle,X_Exclude,flag_pdof_family_mismatch,flag_pdof_family_mismatch,1,,,,,,not_subject_vehicle
3893,15518,4720,side_impactor,subject_vehicle,A_ProfileValid,flag_side_imppnt_mismatch,flag_side_imppnt_mismatch,1,,09LPEW2,297.0,108.0,108.0,flag_side_imppnt_mismatch
3897,15532,4724,side_impactor,impactor_vehicle,X_Exclude,flag_pdof_family_mismatch,flag_pdof_family_mismatch,1,,,,,,not_subject_vehicle
3899,15539,4727,side,impactor_vehicle,X_Exclude,flag_crhdst_lt_dpdmax,flag_crhdst_lt_dpdmax,1,,,,,,not_subject_vehicle
3899,15539,4727,side,impactor_vehicle,X_Exclude,flag_lencnt_out_of_range,flag_lencnt_out_of_range,1,,,,,,not_subject_vehicle
3899,15539,4727,side,impactor_vehicle,X_Exclude,flag_pdof_family_mismatch,flag_pdof_family_mismatch,1,,,,,,not_subject_vehicle
8,7340,11,side,subject_vehicle,B_ProfilePartial,high_C_max_norm,C_max_norm,0.30045871559633025,0.2575310100413467,0,0.0,524.0,502.0,high_C_max_norm
8,7340,11,side,subject_vehicle,B_ProfilePartial,high_C_mean_norm,C_mean_norm,0.1368119266055046,0.12762569666304482,0,0.0,524.0,502.0,high_C_mean_norm
19,7349,26,side,subject_vehicle,C_MaxOnly,high_C_max_norm,C_max_norm,0.29924433249370275,0.2575310100413467,09LPEW2,285.0,594.0,,high_C_max_norm
22,7351,30,side,subject_vehicle,C_MaxOnly,high_C_max_norm,C_max_norm,0.2875816993464052,0.2575310100413467,09LPEW2,285.0,572.0,,high_C_max_norm
23,7352,32,side_impactor,subject_vehicle,A_ProfileValid,high_C_max_norm,C_max_norm,0.15903371917463513,0.15611387289958717,10LPAW3,297.0,316.0,316.0,high_C_max_norm
35,7363,49,side_impactor,subject_vehicle,A_ProfileValid,high_C_max_norm,C_max_norm,0.1719848566792861,0.15611387289958717,03LPAW2,297.0,318.0,324.0,high_C_max_norm
123,7417,146,frontal_barrier,subject_vehicle,A_ProfileValid,high_C_max_norm,C_max_norm,0.13585291113381,0.13424949728416466,12FDEW6,0.0,665.0,489.0,high_C_max_norm
128,7419,151,frontal_barrier,subject_vehicle,A_ProfileValid,high_C_mean_norm,C_mean_norm,0.1251968503937008,0.11883924757349121,12FDEW6,0.0,533.0,618.0,high_C_mean_norm
221,7463,262,side,subject_vehicle,C_MaxOnly,high_C_max_norm,C_max_norm,0.2730245231607629,0.2575310100413467,09LPEW2,285.0,501.0,,high_C_max_norm
240,7477,286,side,subject_vehicle,B_ProfilePartial,high_C_mean_norm,C_mean_norm,0.40821309655937854,0.12762569666304482,10LPAN3,0.0,392.0,1422.0,high_C_mean_norm
237,7479,283,side_impactor,subject_vehicle,C_MaxOnly,high_C_max_norm,C_max_norm,0.17541899441340783,0.15611387289958717,03LPAW2,297.0,314.0,,high_C_max_norm
246,7485,294,side,subject_vehicle,C_MaxOnly,high_C_max_norm,C_max_norm,0.2687395891171571,0.2575310100413467,09LPEW2,285.0,484.0,,high_C_max_norm
263,7487,312,side,subject_vehicle,C_MaxOnly,high_C_max_norm,C_max_norm,0.2975708502024291,0.2575310100413467,,345.0,588.0,,high_C_max_norm
261,7488,310,frontal_barrier,subject_vehicle,A_ProfileValid,high_C_mean_norm,C_mean_norm,0.11898311739301137,0.11883924757349121,12FDEW3,0.0,674.0,666.0,high_C_mean_norm
279,7509,335,frontal_barrier,subject_vehicle,A_ProfileValid,high_C_max_norm,C_max_norm,0.13527851458885942,0.13424949728416466,12FDEW6,0.0,765.0,696.0,high_C_max_norm
281,7512,337,side,subject_vehicle,C_MaxOnly,high_C_max_norm,C_max_norm,0.2619647355163728,0.2575310100413467,,345.0,520.0,,high_C_max_norm
285,7519,343,side_impactor,subject_vehicle,A_ProfileValid,high_C_max_norm,C_max_norm,0.16619876473891074,0.15611387289958717,10LPAW3,297.0,296.0,288.0,high_C_max_norm
285,7519,343,side_impactor,subject_vehicle,A_ProfileValid,high_C_mean_norm,C_mean_norm,0.10696238068500842,0.10695075495923233,10LPAW3,297.0,296.0,288.0,high_C_mean_norm
339,7589,411,side_impactor,subject_vehicle,C_MaxOnly,high_C_max_norm,C_max_norm,0.15868263473053892,0.15611387289958717,03LPAW2,297.0,318.0,,high_C_max_norm
374,7628,452,frontal_barrier,subject_vehicle,A_ProfileValid,high_C_max_norm,C_max_norm,0.13435448577680525,0.13424949728416466,12FDEW3,0.0,614.0,614.0,high_C_max_norm
374,7628,452,frontal_barrier,subject_vehicle,A_ProfileValid,high_C_mean_norm,C_mean_norm,0.1235886214442013,0.11883924757349121,12FDEW3,0.0,614.0,614.0,high_C_mean_norm
381,7636,461,side_impactor,subject_vehicle,A_ProfileValid,high_C_max_norm,C_max_norm,0.18890200708382526,0.15611387289958717,10LPAW3,297.0,320.0,317.0,high_C_max_norm
381,7636,461,side_impactor,subject_vehicle,A_ProfileValid,high_C_mean_norm,C_mean_norm,0.11340023612750885,0.10695075495923233,10LPAW3,297.0,320.0,317.0,high_C_mean_norm
389,7638,470,side,subject_vehicle,C_MaxOnly,high_C_max_norm,C_max_norm,0.29076838032061914,0.2575310100413467,09LPEW2,285.0,526.0,,high_C_max_norm
15,7646,21,side_impactor,subject_vehicle,A_ProfileValid,high_C_max_norm,C_max_norm,0.15612535612535614,0.15611387289958717,09LPEW3,297.0,274.0,260.0,high_C_max_norm
408,7650,492,side_impactor,subject_vehicle,A_ProfileValid,high_C_max_norm,C_max_norm,0.20226377952755906,0.15611387289958717,10LPAW3,297.0,411.0,411.0,high_C_max_norm
408,7650,492,side_impactor,subject_vehicle,A_ProfileValid,high_C_mean_norm,C_mean_norm,0.128494094488189,0.10695075495923233,10LPAW3,297.0,411.0,411.0,high_C_mean_norm
403,7651,486,side,subject_vehicle,C_MaxOnly,high_C_max_norm,C_max_norm,0.34535573122529645,0.2575310100413467,09LPEW2,285.0,699.0,,high_C_max_norm
428,7732,515,frontal_barrier,subject_vehicle,A_ProfileValid,high_C_mean_norm,C_mean_norm,0.11910757676165232,0.11883924757349121,12FDEW6,0.0,587.0,587.0,high_C_mean_norm
429,7733,517,side_impactor,subject_vehicle,A_ProfileValid,high_C_max_norm,C_max_norm,0.24531722054380664,0.15611387289958717,10LPAW3,297.0,406.0,389.0,high_C_max_norm
429,7733,517,side_impactor,subject_vehicle,A_ProfileValid,high_C_mean_norm,C_mean_norm,0.18942598187311177,0.10695075495923233,10LPAW3,297.0,406.0,389.0,high_C_mean_norm
436,7738,526,side_impactor,subject_vehicle,A_ProfileValid,high_C_max_norm,C_max_norm,0.16444444444444445,0.15611387289958717,10LPAW3,297.0,296.0,294.0,high_C_max_norm
444,7745,537,side_impactor,subject_vehicle,A_ProfileValid,high_C_max_norm,C_max_norm,0.196,0.15611387289958717,10LPAW3,297.0,392.0,357.0,high_C_max_norm
444,7745,537,side_impactor,subject_vehicle,A_ProfileValid,high_C_mean_norm,C_mean_norm,0.12705,0.10695075495923233,10LPAW3,297.0,392.0,357.0,high_C_mean_norm
446,7746,539,side,subject_vehicle,C_MaxOnly,high_C_max_norm,C_max_norm,0.34214463840399,0.2575310100413467,09LPEW2,285.0,686.0,,high_C_max_norm
464,7756,562,side,subject_vehicle,C_MaxOnly,high_C_max_norm,C_max_norm,0.2724795640326976,0.2575310100413467,09LPEW2,285.0,500.0,,high_C_max_norm
534,7863,643,frontal_barrier,subject_vehicle,A_ProfileValid,high_C_max_norm,C_max_norm,0.1361043194784026,0.13424949728416466,12FDEW6,0.0,501.0,441.0,high_C_max_norm
540,7868,650,side_impactor,subject_vehicle,C_MaxOnly,high_C_max_norm,C_max_norm,0.18359621451104102,0.15611387289958717,03LPAW2,297.0,291.0,,high_C_max_norm
554,7875,665,side,subject_vehicle,C_MaxOnly,high_C_max_norm,C_max_norm,0.2651434643995749,0.2575310100413467,09LPEW2,285.0,499.0,,high_C_max_norm
590,7947,707,frontal_barrier,subject_vehicle,A_ProfileValid,high_C_max_norm,C_max_norm,0.13534675615212527,0.13424949728416466,12FDEWX,0.0,605.0,573.0,high_C_max_norm
590,7947,707,frontal_barrier,subject_vehicle,A_ProfileValid,high_C_mean_norm,C_mean_norm,0.12181208053691275,0.11883924757349121,12FDEWX,0.0,605.0,573.0,high_C_mean_norm
609,7952,727,side,subject_vehicle,C_MaxOnly,high_C_max_norm,C_max_norm,0.26601520086862107,0.2575310100413467,09LPEW2,285.0,490.0,,high_C_max_norm
632,7977,756,frontal_barrier,subject_vehicle,A_ProfileValid,high_C_max_norm,C_max_norm,0.14094650205761317,0.13424949728416466,12FDEWX,0.0,685.0,407.0,high_C_max_norm
643,7987,771,side,subject_vehicle,A_ProfileValid,high_C_max_norm,C_max_norm,0.26843657817109146,0.2575310100413467,10LPAW3,285.0,546.0,481.0,high_C_max_norm
670,8026,802,frontal_barrier,subject_vehicle,A_ProfileValid,high_C_max_norm,C_max_norm,0.17547723935389134,0.13424949728416466,12FDEW3,0.0,1195.0,1195.0,high_C_max_norm
670,8026,802,frontal_barrier,subject_vehicle,A_ProfileValid,high_C_mean_norm,C_mean_norm,0.1670631424375918,0.11883924757349121,12FDEW3,0.0,1195.0,1195.0,high_C_mean_norm
711,8048,850,frontal_barrier,subject_vehicle,A_ProfileValid,high_C_max_norm,C_max_norm,0.14729299363057324,0.13424949728416466,12FDEW6,0.0,740.0,642.0,high_C_max_norm
711,8048,850,frontal_barrier,subject_vehicle,A_ProfileValid,high_C_mean_norm,C_mean_norm,0.12229299363057325,0.11883924757349121,12FDEW6,0.0,740.0,642.0,high_C_mean_norm
717,8054,859,side_impactor,subject_vehicle,A_ProfileValid,high_C_mean_norm,C_mean_norm,0.11837315130830489,0.10695075495923233,10LPAW3,297.0,267.0,267.0,high_C_mean_norm
716,8060,857,side,subject_vehicle,C_MaxOnly,high_C_max_norm,C_max_norm,0.2873367404883589,0.2575310100413467,09LPEW2,285.0,506.0,,high_C_max_norm
729,8065,876,side_impactor,subject_vehicle,A_ProfileValid,high_C_max_norm,C_max_norm,0.17649975210708974,0.15611387289958717,,297.0,356.0,340.0,high_C_max_norm
418,8067,504,side,subject_vehicle,C_MaxOnly,high_C_max_norm,C_max_norm,0.29697570649479427,0.2575310100413467,,345.0,599.0,,high_C_max_norm
756,8074,910,side_impactor,subject_vehicle,A_ProfileValid,high_C_max_norm,C_max_norm,0.18096182449181952,0.15611387289958717,,297.0,365.0,399.0,high_C_max_norm
756,8074,910,side_impactor,subject_vehicle,A_ProfileValid,high_C_mean_norm,C_mean_norm,0.12751611303916707,0.10695075495923233,,297.0,365.0,399.0,high_C_mean_norm
764,8076,920,side,subject_vehicle,C_MaxOnly,high_C_max_norm,C_max_norm,0.2989588497768964,0.2575310100413467,,345.0,603.0,,high_C_max_norm
771,8081,930,frontal_barrier,subject_vehicle,A_ProfileValid,high_C_max_norm,C_max_norm,0.1348519362186788,0.13424949728416466,12FDEWX,0.0,592.0,592.0,high_C_max_norm
771,8081,930,frontal_barrier,subject_vehicle,A_ProfileValid,high_C_mean_norm,C_mean_norm,0.12118451025056948,0.11883924757349121,12FDEWX,0.0,592.0,592.0,high_C_mean_norm
946,8213,1132,frontal_barrier,subject_vehicle,A_ProfileValid,high_C_max_norm,C_max_norm,0.14735658042744657,0.13424949728416466,12FDEW6,0.0,655.0,632.0,high_C_max_norm
946,8213,1132,frontal_barrier,subject_vehicle,A_ProfileValid,high_C_mean_norm,C_mean_norm,0.12971878515185603,0.11883924757349121,12FDEW6,0.0,655.0,632.0,high_C_mean_norm
1105,8313,1303,frontal_barrier,subject_vehicle,A_ProfileValid,high_C_mean_norm,C_mean_norm,0.12069868995633187,0.11883924757349121,12FDEW3,0.0,585.0,585.0,high_C_mean_norm
1106,8315,1305,side_impactor,subject_vehicle,A_ProfileValid,high_C_max_norm,C_max_norm,0.18,0.15611387289958717,03LPAW2,297.0,360.0,332.0,high_C_max_norm
1160,8403,1371,side,subject_vehicle,A_ProfileValid,high_C_mean_norm,C_mean_norm,0.14410876132930514,0.12762569666304482,09LPAN3,285.0,412.0,500.0,high_C_mean_norm
1182,8406,1397,side,subject_vehicle,A_ProfileValid,high_C_mean_norm,C_mean_norm,0.14365079365079367,0.12762569666304482,09LPAN3,285.0,335.0,417.0,high_C_mean_norm
1188,8408,1406,side,subject_vehicle,A_ProfileValid,high_C_mean_norm,C_mean_norm,0.17028688524590163,0.12762569666304482,09LPAN3,285.0,446.0,531.0,high_C_mean_norm
1191,8410,1410,side,subject_vehicle,A_ProfileValid,high_C_max_norm,C_max_norm,0.2671500278862242,0.2575310100413467,09LPEW2,285.0,479.0,380.0,high_C_max_norm
1197,8441,1419,side_impactor,subject_vehicle,A_ProfileValid,high_C_max_norm,C_max_norm,0.18004459308807136,0.15611387289958717,10LPAW3,297.0,323.0,297.0,high_C_max_norm
1201,8444,1425,side,subject_vehicle,C_MaxOnly,high_C_max_norm,C_max_norm,0.2708215297450425,0.2575310100413467,,345.0,478.0,,high_C_max_norm
1207,8447,1433,side_impactor,subject_vehicle,A_ProfileValid,high_C_mean_norm,C_mean_norm,0.1072136563876652,0.10695075495923233,03LPAW2,297.0,233.0,270.0,high_C_mean_norm
1208,8448,1434,side,subject_vehicle,A_ProfileValid,high_C_mean_norm,C_mean_norm,0.15027533039647575,0.12762569666304482,09LPAN3,285.0,373.0,423.0,high_C_mean_norm
1209,8450,1435,side,subject_vehicle,C_MaxOnly,high_C_max_norm,C_max_norm,0.26062322946175637,0.2575310100413467,,345.0,460.0,,high_C_max_norm
1213,8452,1443,side_impactor,subject_vehicle,A_ProfileValid,high_C_max_norm,C_max_norm,0.1775,0.15611387289958717,03LPAW2,297.0,355.0,301.0,high_C_max_norm
1213,8452,1443,side_impactor,subject_vehicle,A_ProfileValid,high_C_mean_norm,C_mean_norm,0.10959999999999999,0.10695075495923233,03LPAW2,297.0,355.0,301.0,high_C_mean_norm
1214,8453,1444,side,subject_vehicle,A_ProfileValid,high_C_max_norm,C_max_norm,0.2589887640449438,0.2575310100413467,09LPEW2,285.0,461.0,289.0,high_C_max_norm
1215,8454,1445,side,subject_vehicle,A_ProfileValid,high_C_mean_norm,C_mean_norm,0.20475,0.12762569666304482,09LPAN3,285.0,435.0,611.0,high_C_mean_norm
1225,8461,1459,side,subject_vehicle,A_ProfileValid,high_C_mean_norm,C_mean_norm,0.13713633770678837,0.12762569666304482,09LPAN3,285.0,344.0,414.0,high_C_mean_norm
1236,8469,1475,side,subject_vehicle,A_ProfileValid,high_C_mean_norm,C_mean_norm,0.1812563840653728,0.12762569666304482,09LPAN3,285.0,460.0,565.0,high_C_mean_norm
1239,8472,1479,side_impactor,subject_vehicle,A_ProfileValid,high_C_max_norm,C_max_norm,0.16930693069306932,0.15611387289958717,03LPAW2,297.0,342.0,169.0,high_C_max_norm
1240,8479,1480,side,subject_vehicle,A_ProfileValid,high_C_mean_norm,C_mean_norm,0.2003960396039604,0.12762569666304482,09LPAN3,285.0,473.0,656.0,high_C_mean_norm
1272,8515,1527,frontal_barrier,subject_vehicle,A_ProfileValid,high_C_max_norm,C_max_norm,0.13961840628507294,0.13424949728416466,12FDEWX,0.0,622.0,622.0,high_C_max_norm
1274,8524,1529,side,subject_vehicle,A_ProfileValid,high_C_mean_norm,C_mean_norm,0.15958244111349038,0.12762569666304482,09LPAN3,285.0,417.0,466.0,high_C_mean_norm
1285,8526,1546,frontal_barrier,subject_vehicle,A_ProfileValid,high_C_mean_norm,C_mean_norm,0.12115549828178694,0.11883924757349121,12FDEW6,0.0,613.0,589.0,high_C_mean_norm
1289,8534,1551,side,subject_vehicle,A_ProfileValid,high_C_mean_norm,C_mean_norm,0.1460970464135021,0.12762569666304482,09LPAN3,285.0,394.0,446.0,high_C_mean_norm
1218,8552,1449,rear,subject_vehicle,A_ProfileValid,high_C_max_norm,C_max_norm,0.19356955380577429,0.14429682986554052,06BDEW3,180.0,295.0,295.0,high_C_max_norm
1218,8552,1449,rear,subject_vehicle,A_ProfileValid,high_C_mean_norm,C_mean_norm,0.15446194225721782,0.11618570213639492,06BDEW3,180.0,295.0,295.0,high_C_mean_norm
1327,8558,1594,side,subject_vehicle,A_ProfileValid,high_C_mean_norm,C_mean_norm,0.14321175278622086,0.12762569666304482,09LPAN3,285.0,379.0,466.0,high_C_mean_norm
1330,8568,1598,side,subject_vehicle,A_ProfileValid,high_C_mean_norm,C_mean_norm,0.1375207526286663,0.12762569666304482,09LPAN3,285.0,327.0,405.0,high_C_mean_norm
1335,8590,1604,frontal_barrier,subject_vehicle,A_ProfileValid,high_C_mean_norm,C_mean_norm,0.12029871011541073,0.11883924757349121,12FDEW3,0.0,549.0,549.0,high_C_mean_norm
1376,8648,1647,side,subject_vehicle,A_ProfileValid,high_C_max_norm,C_max_norm,0.2708902239213545,0.2575310100413467,09LPEW2,285.0,496.0,336.0,high_C_max_norm
1416,8665,1689,side,subject_vehicle,A_ProfileValid,high_C_mean_norm,C_mean_norm,0.13611422172452406,0.12762569666304482,09LPAN3,285.0,427.0,433.0,high_C_mean_norm
1417,8666,1691,side_impactor,subject_vehicle,A_ProfileValid,high_C_mean_norm,C_mean_norm,0.11842105263157894,0.10695075495923233,03LPAW2,297.0,269.0,265.0,high_C_mean_norm
1420,8748,1694,frontal_barrier,subject_vehicle,A_ProfileValid,high_C_max_norm,C_max_norm,0.1630198763988642,0.13424949728416466,12FDEW6,0.0,976.0,675.0,high_C_max_norm
1435,8780,1712,side,subject_vehicle,A_ProfileValid,high_C_max_norm,C_max_norm,0.26578249336870025,0.2575310100413467,09LPEW2,285.0,501.0,354.0,high_C_max_norm
1507,8985,1805,side,subject_vehicle,A_ProfileValid,high_C_mean_norm,C_mean_norm,0.13327991452991453,0.12762569666304482,09LPAN3,285.0,349.0,409.0,high_C_mean_norm
1516,8991,1820,side_impactor,subject_vehicle,A_ProfileValid,high_C_max_norm,C_max_norm,0.17412935323383086,0.15611387289958717,10LPAW3,297.0,315.0,315.0,high_C_max_norm
1516,8991,1820,side_impactor,subject_vehicle,A_ProfileValid,high_C_mean_norm,C_mean_norm,0.11232725262576009,0.10695075495923233,10LPAW3,297.0,315.0,315.0,high_C_mean_norm
1523,8992,1828,side_impactor,subject_vehicle,A_ProfileValid,high_C_max_norm,C_max_norm,0.16925638179800223,0.15611387289958717,10LPAW3,297.0,305.0,305.0,high_C_max_norm
1523,8992,1828,side_impactor,subject_vehicle,A_ProfileValid,high_C_mean_norm,C_mean_norm,0.1251387347391787,0.10695075495923233,10LPAW3,297.0,305.0,305.0,high_C_mean_norm
1529,8994,1835,side,subject_vehicle,A_ProfileValid,high_C_max_norm,C_max_norm,0.2868260144524736,0.2575310100413467,09LPEW2,285.0,516.0,376.0,high_C_max_norm
1534,8996,1840,side,subject_vehicle,A_ProfileValid,high_C_max_norm,C_max_norm,0.2634200332042059,0.2575310100413467,09LPEW2,285.0,476.0,355.0,high_C_max_norm
1582,9032,1898,side_impactor,subject_vehicle,A_ProfileValid,high_C_mean_norm,C_mean_norm,0.11907654921020656,0.10695075495923233,03LPAW2,297.0,250.0,246.0,high_C_mean_norm
1601,9053,1921,side,subject_vehicle,A_ProfileValid,high_C_mean_norm,C_mean_norm,0.13694068678459936,0.12762569666304482,09LPAN3,285.0,456.0,420.0,high_C_mean_norm
1602,9054,1923,side_impactor,subject_vehicle,A_ProfileValid,high_C_mean_norm,C_mean_norm,0.11394380853277836,0.10695075495923233,03LPAW2,297.0,274.0,267.0,high_C_mean_norm
1705,9294,2047,side_impactor,subject_vehicle,A_ProfileValid,high_C_mean_norm,C_mean_norm,0.11029094827586207,0.10695075495923233,10LPEW2,297.0,265.0,268.0,high_C_mean_norm
1775,9469,2132,side,subject_vehicle,A_ProfileValid,high_C_max_norm,C_max_norm,0.29777777777777775,0.2575310100413467,10LPAN3,285.0,603.0,477.0,high_C_max_norm
1775,9469,2132,side,subject_vehicle,A_ProfileValid,high_C_mean_norm,C_mean_norm,0.13056790123456788,0.12762569666304482,10LPAN3,285.0,603.0,477.0,high_C_mean_norm
1768,9471,2123,side_impactor,subject_vehicle,A_ProfileValid,high_C_mean_norm,C_mean_norm,0.5095628415300546,0.10695075495923233,10LPEW2,297.0,186.0,2075.0,high_C_mean_norm
1780,9473,2138,side,subject_vehicle,A_ProfileValid,high_C_max_norm,C_max_norm,0.3361220472440945,0.2575310100413467,10LPAN3,285.0,683.0,571.0,high_C_max_norm
1780,9473,2138,side,subject_vehicle,A_ProfileValid,high_C_mean_norm,C_mean_norm,0.14015748031496064,0.12762569666304482,10LPAN3,285.0,683.0,571.0,high_C_mean_norm
1830,9504,2202,side_impactor,subject_vehicle,A_ProfileValid,high_C_max_norm,C_max_norm,0.23535620052770448,0.15611387289958717,10LPEW2,297.0,446.0,446.0,high_C_max_norm
1830,9504,2202,side_impactor,subject_vehicle,A_ProfileValid,high_C_mean_norm,C_mean_norm,0.1920844327176781,0.10695075495923233,10LPEW2,297.0,446.0,446.0,high_C_mean_norm
1844,9510,2219,side_impactor,subject_vehicle,A_ProfileValid,high_C_max_norm,C_max_norm,0.15959952885747938,0.15611387289958717,10LPAW3,297.0,271.0,251.0,high_C_max_norm
1874,9515,2250,side,subject_vehicle,A_ProfileValid,high_C_max_norm,C_max_norm,0.2668639053254438,0.2575310100413467,09LPEW2,285.0,451.0,436.0,high_C_max_norm
2007,9595,2404,side_impactor,subject_vehicle,A_ProfileValid,high_C_max_norm,C_max_norm,0.17965023847376788,0.15611387289958717,09LPEW2,270.0,339.0,303.0,high_C_max_norm
2029,9787,2435,side_impactor,subject_vehicle,A_ProfileValid,high_C_max_norm,C_max_norm,0.20053908355795147,0.15611387289958717,,297.0,372.0,232.0,high_C_max_norm
2179,9969,2618,frontal_barrier,subject_vehicle,A_ProfileValid,high_C_max_norm,C_max_norm,0.1430666108085463,0.13424949728416466,12FDEW2,0.0,683.0,580.0,high_C_max_norm
2236,9984,2682,frontal_barrier,subject_vehicle,A_ProfileValid,high_C_max_norm,C_max_norm,0.15870967741935485,0.13424949728416466,12FDEW2,0.0,738.0,686.0,high_C_max_norm
2236,9984,2682,frontal_barrier,subject_vehicle,A_ProfileValid,high_C_mean_norm,C_mean_norm,0.1269032258064516,0.11883924757349121,12FDEW2,0.0,738.0,686.0,high_C_mean_norm
2245,9990,2693,side_impactor,subject_vehicle,A_ProfileValid,high_C_max_norm,C_max_norm,0.16693591814754982,0.15611387289958717,09LPEW3,297.0,310.0,329.0,high_C_max_norm
2245,9990,2693,side_impactor,subject_vehicle,A_ProfileValid,high_C_mean_norm,C_mean_norm,0.11443187937533657,0.10695075495923233,09LPEW3,297.0,310.0,329.0,high_C_mean_norm
2261,10001,2713,frontal_barrier,subject_vehicle,A_ProfileValid,high_C_max_norm,C_max_norm,0.1361003861003861,0.13424949728416466,12FDEW2,0.0,705.0,692.0,high_C_max_norm
2261,10001,2713,frontal_barrier,subject_vehicle,A_ProfileValid,high_C_mean_norm,C_mean_norm,0.12575289575289578,0.11883924757349121,12FDEW2,0.0,705.0,692.0,high_C_mean_norm
2609,10312,3102,frontal_barrier,subject_vehicle,A_ProfileValid,high_C_max_norm,C_max_norm,0.15415094339622643,0.13424949728416466,12FDEW3,0.0,817.0,817.0,high_C_max_norm
2609,10312,3102,frontal_barrier,subject_vehicle,A_ProfileValid,high_C_mean_norm,C_mean_norm,0.14298113207547172,0.11883924757349121,12FDEW3,0.0,817.0,817.0,high_C_mean_norm
2621,10319,3117,side_impactor,subject_vehicle,A_ProfileValid,high_C_mean_norm,C_mean_norm,0.10839779005524862,0.10695075495923233,10LPEW2,297.0,269.0,269.0,high_C_mean_norm
2629,10343,3128,frontal_barrier,subject_vehicle,A_ProfileValid,high_C_max_norm,C_max_norm,0.138318863456985,0.13424949728416466,12FDEW2,0.0,701.0,612.0,high_C_max_norm
2727,10553,3237,side_impactor,subject_vehicle,A_ProfileValid,high_C_mean_norm,C_mean_norm,0.10902743142144639,0.10695075495923233,10LPEW2,297.0,247.0,247.0,high_C_mean_norm
2730,10558,3240,side,subject_vehicle,A_ProfileValid,high_C_max_norm,C_max_norm,0.26166832174776566,0.2575310100413467,10LPAS4,285.0,527.0,112.0,high_C_max_norm
2733,10559,3244,side_impactor,subject_vehicle,A_ProfileValid,high_C_max_norm,C_max_norm,0.16832174776564052,0.15611387289958717,10LPAS3,297.0,339.0,311.0,high_C_max_norm
2741,10566,3254,side_impactor,subject_vehicle,A_ProfileValid,high_C_max_norm,C_max_norm,0.16534988713318285,0.15611387289958717,10LPAS3,297.0,293.0,259.0,high_C_max_norm
2752,10568,3265,side,subject_vehicle,A_ProfileValid,high_C_mean_norm,C_mean_norm,0.13143603133159268,0.12762569666304482,09LPAN3,285.0,401.0,401.0,high_C_mean_norm
2746,10569,3259,side,subject_vehicle,A_ProfileValid,high_C_max_norm,C_max_norm,0.268690275435638,0.2575310100413467,10LPAS4,285.0,478.0,322.0,high_C_max_norm
2795,10638,3312,frontal_barrier,subject_vehicle,A_ProfileValid,high_C_max_norm,C_max_norm,0.13591609589041095,0.13424949728416466,12FDEW2,0.0,635.0,635.0,high_C_max_norm
2795,10638,3312,frontal_barrier,subject_vehicle,A_ProfileValid,high_C_mean_norm,C_mean_norm,0.13129280821917808,0.11883924757349121,12FDEW2,0.0,635.0,635.0,high_C_mean_norm
2826,10674,3354,side_impactor,subject_vehicle,A_ProfileValid,high_C_mean_norm,C_mean_norm,0.10945169712793733,0.10695075495923233,10LPEW2,297.0,272.0,272.0,high_C_mean_norm
2839,10690,3370,frontal_barrier,subject_vehicle,A_ProfileValid,high_C_mean_norm,C_mean_norm,0.12275449101796407,0.11883924757349121,12FDEW2,0.0,652.0,651.0,high_C_mean_norm
2876,10736,3417,side_impactor,subject_vehicle,A_ProfileValid,high_C_mean_norm,C_mean_norm,0.12092376182526433,0.10695075495923233,10LPEW2,297.0,248.0,248.0,high_C_mean_norm
2886,10771,3431,side_impactor,subject_vehicle,A_ProfileValid,high_C_mean_norm,C_mean_norm,0.11788185204896222,0.10695075495923233,10LPEW2,297.0,273.0,273.0,high_C_mean_norm
2980,10964,3551,side_impactor,subject_vehicle,A_ProfileValid,high_C_mean_norm,C_mean_norm,0.10925228617536312,0.10695075495923233,10LPEW2,297.0,277.0,273.0,high_C_mean_norm
3118,11130,3714,side_impactor,subject_vehicle,A_ProfileValid,high_C_max_norm,C_max_norm,0.18181818181818182,0.15611387289958717,10LPEW2,297.0,364.0,234.0,high_C_max_norm
3160,11266,3761,side,subject_vehicle,A_ProfileValid,high_C_max_norm,C_max_norm,0.2721393034825871,0.2575310100413467,10LPAN3,285.0,547.0,546.0,high_C_max_norm
3267,11386,3892,side_impactor,subject_vehicle,A_ProfileValid,high_C_mean_norm,C_mean_norm,0.10752808988764045,0.10695075495923233,10LPEW2,297.0,251.0,251.0,high_C_mean_norm
3278,11396,3906,frontal_barrier,subject_vehicle,A_ProfileValid,high_C_max_norm,C_max_norm,0.14892198266281395,0.13424949728416466,12FDEW2,0.0,670.0,670.0,high_C_max_norm
3278,11396,3906,frontal_barrier,subject_vehicle,A_ProfileValid,high_C_mean_norm,C_mean_norm,0.1386308068459658,0.11883924757349121,12FDEW2,0.0,670.0,670.0,high_C_mean_norm
3297,11573,3933,side_impactor,subject_vehicle,A_ProfileValid,high_C_max_norm,C_max_norm,0.1751740139211137,0.15611387289958717,10LPEW2,297.0,302.0,285.0,high_C_max_norm
3297,11573,3933,side_impactor,subject_vehicle,A_ProfileValid,high_C_mean_norm,C_mean_norm,0.1348027842227378,0.10695075495923233,10LPEW2,297.0,302.0,285.0,high_C_mean_norm
3323,11591,3966,frontal_barrier,subject_vehicle,A_ProfileValid,high_C_max_norm,C_max_norm,0.13440387153541575,0.13424949728416466,12FDEW3,0.0,611.0,611.0,high_C_max_norm
3347,11660,3994,frontal_barrier,subject_vehicle,A_ProfileValid,high_C_max_norm,C_max_norm,0.1410172451429819,0.13424949728416466,12FDEW3,0.0,646.0,646.0,high_C_max_norm
3347,11660,3994,frontal_barrier,subject_vehicle,A_ProfileValid,high_C_mean_norm,C_mean_norm,0.1298624754420432,0.11883924757349121,12FDEW3,0.0,646.0,646.0,high_C_mean_norm
3362,11664,4010,frontal_barrier,subject_vehicle,A_ProfileValid,high_C_max_norm,C_max_norm,0.13725896744764668,0.13424949728416466,12FDEW4,0.0,662.0,662.0,high_C_max_norm
3362,11664,4010,frontal_barrier,subject_vehicle,A_ProfileValid,high_C_mean_norm,C_mean_norm,0.13093510263321584,0.11883924757349121,12FDEW4,0.0,662.0,662.0,high_C_mean_norm
3381,14051,4031,frontal_barrier,subject_vehicle,A_ProfileValid,high_C_max_norm,C_max_norm,0.14867337602927722,0.13424949728416466,12FDEW4,0.0,650.0,484.0,high_C_max_norm
3399,14060,4054,side_impactor,subject_vehicle,A_ProfileValid,high_C_max_norm,C_max_norm,0.17694805194805194,0.15611387289958717,10LPEW2,297.0,327.0,323.0,high_C_max_norm
3399,14060,4054,side_impactor,subject_vehicle,A_ProfileValid,high_C_mean_norm,C_mean_norm,0.13398268398268398,0.10695075495923233,10LPEW2,297.0,327.0,323.0,high_C_mean_norm
3386,14072,4039,side_impactor,subject_vehicle,A_ProfileValid,high_C_mean_norm,C_mean_norm,0.11289274106175515,0.10695075495923233,10LPEW2,297.0,283.0,258.0,high_C_mean_norm
3423,14075,4080,frontal_barrier,subject_vehicle,A_ProfileValid,high_C_max_norm,C_max_norm,0.13777191825972313,0.13424949728416466,12FDEW3,0.0,627.0,372.0,high_C_max_norm
3449,14214,4112,frontal_barrier,subject_vehicle,A_ProfileValid,high_C_mean_norm,C_mean_norm,0.12267416702726093,0.11883924757349121,12FDEW1,0.0,476.0,610.0,high_C_mean_norm
3483,14257,4157,frontal_barrier,subject_vehicle,A_ProfileValid,high_C_max_norm,C_max_norm,0.13752808988764045,0.13424949728416466,12FDEW3,0.0,612.0,379.0,high_C_max_norm
3472,14259,4143,side_impactor,subject_vehicle,A_ProfileValid,high_C_max_norm,C_max_norm,0.162,0.15611387289958717,09LPEW2,270.0,324.0,324.0,high_C_max_norm
3520,14294,4207,frontal_barrier,subject_vehicle,A_ProfileValid,high_C_max_norm,C_max_norm,0.159679037111334,0.13424949728416466,12FDEW3,0.0,796.0,796.0,high_C_max_norm
3520,14294,4207,frontal_barrier,subject_vehicle,A_ProfileValid,high_C_mean_norm,C_mean_norm,0.14296890672016047,0.11883924757349121,12FDEW3,0.0,796.0,796.0,high_C_mean_norm
3530,14316,4219,frontal_barrier,subject_vehicle,A_ProfileValid,high_C_max_norm,C_max_norm,0.14072735486785634,0.13424949728416466,12FDEW4,0.0,623.0,603.0,high_C_max_norm
3530,14316,4219,frontal_barrier,subject_vehicle,A_ProfileValid,high_C_mean_norm,C_mean_norm,0.12812288231307883,0.11883924757349121,12FDEW4,0.0,623.0,603.0,high_C_mean_norm
3548,14362,4246,frontal_barrier,subject_vehicle,A_ProfileValid,high_C_mean_norm,C_mean_norm,0.12098203592814372,0.11883924757349121,12FDEW2,0.0,545.0,540.0,high_C_mean_norm
3551,14381,4250,frontal_barrier,subject_vehicle,A_ProfileValid,high_C_mean_norm,C_mean_norm,0.12943323314727354,0.11883924757349121,12FDEW3,0.0,487.0,656.0,high_C_mean_norm
3557,14385,4259,frontal_barrier,subject_vehicle,A_ProfileValid,high_C_max_norm,C_max_norm,0.9330318690783808,0.13424949728416466,12FDEW3,0.0,4333.0,433.0,high_C_max_norm
3584,14396,4294,frontal_barrier,subject_vehicle,A_ProfileValid,high_C_mean_norm,C_mean_norm,0.12148817802503478,0.11883924757349121,12FDEW2,0.0,569.0,558.0,high_C_mean_norm
3572,14425,4279,frontal_barrier,subject_vehicle,A_ProfileValid,high_C_max_norm,C_max_norm,0.14279885760913913,0.13424949728416466,12FDEW4,0.0,700.0,700.0,high_C_max_norm
3572,14425,4279,frontal_barrier,subject_vehicle,A_ProfileValid,high_C_mean_norm,C_mean_norm,0.1291309669522644,0.11883924757349121,12FDEW4,0.0,700.0,700.0,high_C_mean_norm
3586,14439,4296,frontal_barrier,subject_vehicle,A_ProfileValid,high_C_mean_norm,C_mean_norm,0.12288642186165671,0.11883924757349121,12FDEW3,0.0,611.0,611.0,high_C_mean_norm
3803,15305,4574,frontal_barrier,subject_vehicle,A_ProfileValid,high_C_max_norm,C_max_norm,0.13665663944993553,0.13424949728416466,12FDEW3,0.0,636.0,636.0,high_C_max_norm
3803,15305,4574,frontal_barrier,subject_vehicle,A_ProfileValid,high_C_mean_norm,C_mean_norm,0.1321658788139235,0.11883924757349121,12FDEW3,0.0,636.0,636.0,high_C_mean_norm
3820,15323,4597,side,subject_vehicle,A_ProfileValid,high_C_mean_norm,C_mean_norm,0.1390791690061763,0.12762569666304482,09LPAN3,285.0,320.0,320.0,high_C_mean_norm
3836,15341,4620,side,subject_vehicle,A_ProfileValid,high_C_mean_norm,C_mean_norm,0.1284679089026915,0.12762569666304482,09LPAN3,285.0,440.0,420.0,high_C_mean_norm
3764,15453,4521,frontal_barrier,subject_vehicle,B_ProfilePartial,high_C_max_norm,C_max_norm,0.15278884462151393,0.13424949728416466,12FDEW3,,767.0,767.0,high_C_max_norm
3764,15453,4521,frontal_barrier,subject_vehicle,B_ProfilePartial,high_C_mean_norm,C_mean_norm,0.13205179282868526,0.11883924757349121,12FDEW3,,767.0,767.0,high_C_mean_norm
3883,15474,4681,side,subject_vehicle,B_ProfilePartial,high_C_mean_norm,C_mean_norm,0.15711135611907387,0.12762569666304482,09LPAN3,285.0,354.0,350.0,high_C_mean_norm
3462,15483,4129,frontal_barrier,subject_vehicle,B_ProfilePartial,high_C_max_norm,C_max_norm,0.1413734633319203,0.13424949728416466,12FDEW2,0.0,667.0,667.0,high_C_max_norm
3462,15483,4129,frontal_barrier,subject_vehicle,B_ProfilePartial,high_C_mean_norm,C_mean_norm,0.13028825773632893,0.11883924757349121,12FDEW2,0.0,667.0,667.0,high_C_mean_norm
3599,15487,4314,frontal_barrier,subject_vehicle,B_ProfilePartial,high_C_max_norm,C_max_norm,0.13716814159292035,0.13424949728416466,12FDEW2,0.0,620.0,620.0,high_C_max_norm
3599,15487,4314,frontal_barrier,subject_vehicle,B_ProfilePartial,high_C_mean_norm,C_mean_norm,0.12944690265486727,0.11883924757349121,12FDEW2,0.0,620.0,620.0,high_C_mean_norm
3575,15490,4283,frontal_barrier,subject_vehicle,B_ProfilePartial,high_C_mean_norm,C_mean_norm,0.12370762711864407,0.11883924757349121,12FDEW2,0.0,620.0,620.0,high_C_mean_norm
3767,15500,4526,frontal_barrier,subject_vehicle,B_ProfilePartial,high_C_max_norm,C_max_norm,0.1445916114790287,0.13424949728416466,12FDEW3,0.0,655.0,655.0,high_C_max_norm
3767,15500,4526,frontal_barrier,subject_vehicle,B_ProfilePartial,high_C_mean_norm,C_mean_norm,0.13037527593818984,0.11883924757349121,12FDEW3,0.0,655.0,655.0,high_C_mean_norm
3900,15540,4729,side,subject_vehicle,A_ProfileValid,high_C_mean_norm,C_mean_norm,0.15271009448035805,0.12762569666304482,09LPAN3,285.0,399.0,399.0,high_C_mean_norm
