category,flag,test_id,test_no,vehicle_id,impact_family,vehicle_role,quality_tier,is_profile_tier,is_audit_only_tier,VDI,PDOF,CRHDST,C_profile_max_mm,C_mean_mm,reason
pdof_family_mismatch,flag_pdof_family_mismatch,8,7340,11,side,subject_vehicle,B_ProfilePartial,1,0,0,0.0,524.0,502.0,238.6,pdof_family_mismatch
side_imppnt_mismatch,flag_side_imppnt_mismatch,8,7340,11,side,subject_vehicle,B_ProfilePartial,1,0,0,0.0,524.0,502.0,238.6,side_imppnt_mismatch
negative_dpd_present,flag_dpd_negative,20,7353,28,side_impactor,subject_vehicle,A_ProfileValid,1,0,03LPAW2,297.0,231.0,232.0,98.8,negative_dpd_present
damdst_out_of_range,flag_damdst_out_of_range,30,7359,41,frontal_barrier,subject_vehicle,B_ProfilePartial,1,0,12FDEW2,0.0,496.0,504.0,473.4,damdst_out_of_range
side_imppnt_mismatch,flag_side_imppnt_mismatch,35,7363,49,side_impactor,subject_vehicle,A_ProfileValid,1,0,03LPAW2,297.0,318.0,324.0,188.2,side_imppnt_mismatch
negative_dpd_present,flag_dpd_negative,33,7364,45,side_impactor,subject_vehicle,A_ProfileValid,1,0,03LPAW2,297.0,234.0,240.0,153.9,negative_dpd_present
negative_dpd_present,flag_dpd_negative,40,7367,56,side_impactor,subject_vehicle,A_ProfileValid,1,0,03LPAW2,297.0,203.0,198.0,84.9,negative_dpd_present
crhdst_dpd_disagreement,flag_crhdst_lt_dpdmax,128,7419,151,frontal_barrier,subject_vehicle,A_ProfileValid,1,0,12FDEW6,0.0,533.0,618.0,556.5,crhdst_dpd_disagreement
negative_dpd_present,flag_dpd_negative,181,7439,211,side_impactor,subject_vehicle,A_ProfileValid,1,0,03LPAW2,297.0,235.0,244.0,104.6,negative_dpd_present
side_imppnt_mismatch,flag_side_imppnt_mismatch,225,7465,268,side_impactor,subject_vehicle,A_ProfileValid,1,0,10LPAW3,297.0,197.0,174.0,112.3,side_imppnt_mismatch
negative_dpd_present,flag_dpd_negative,226,7470,270,side_impactor,subject_vehicle,A_ProfileValid,1,0,10LPAW3,297.0,236.0,215.0,135.9,negative_dpd_present
crhdst_dpd_disagreement,flag_crhdst_lt_dpdmax,240,7477,286,side,subject_vehicle,B_ProfilePartial,1,0,10LPAN3,0.0,392.0,1422.0,735.6000000000001,crhdst_dpd_disagreement
pdof_family_mismatch,flag_pdof_family_mismatch,240,7477,286,side,subject_vehicle,B_ProfilePartial,1,0,10LPAN3,0.0,392.0,1422.0,735.6000000000001,pdof_family_mismatch
side_imppnt_mismatch,flag_side_imppnt_mismatch,240,7477,286,side,subject_vehicle,B_ProfilePartial,1,0,10LPAN3,0.0,392.0,1422.0,735.6000000000001,side_imppnt_mismatch
negative_dpd_present,flag_dpd_negative,245,7484,293,side_impactor,subject_vehicle,A_ProfileValid,1,0,09LPEW2,297.0,202.0,199.0,107.1,negative_dpd_present
pdof_family_mismatch,flag_pdof_family_mismatch,263,7487,312,side,subject_vehicle,C_MaxOnly,0,0,,345.0,588.0,,,pdof_family_mismatch
lencnt_out_of_range,flag_lencnt_out_of_range,263,7487,312,side,subject_vehicle,C_MaxOnly,0,0,,345.0,588.0,,,lencnt_out_of_range
negative_dpd_present,flag_dpd_negative,268,7496,319,side,subject_vehicle,B_ProfilePartial,1,0,09LPAN3,0.0,392.0,392.0,160.9,negative_dpd_present
pdof_family_mismatch,flag_pdof_family_mismatch,268,7496,319,side,subject_vehicle,B_ProfilePartial,1,0,09LPAN3,0.0,392.0,392.0,160.9,pdof_family_mismatch
negative_dpd_present,flag_dpd_negative,276,7508,330,side_impactor,subject_vehicle,A_ProfileValid,1,0,09LPEW2,297.0,174.0,174.0,109.2,negative_dpd_present
side_imppnt_mismatch,flag_side_imppnt_mismatch,276,7508,330,side_impactor,subject_vehicle,A_ProfileValid,1,0,09LPEW2,297.0,174.0,174.0,109.2,side_imppnt_mismatch
pdof_family_mismatch,flag_pdof_family_mismatch,281,7512,337,side,subject_vehicle,C_MaxOnly,0,0,,345.0,520.0,,,pdof_family_mismatch
lencnt_out_of_range,flag_lencnt_out_of_range,281,7512,337,side,subject_vehicle,C_MaxOnly,0,0,,345.0,520.0,,,lencnt_out_of_range
damdst_out_of_range,flag_damdst_out_of_range,291,7525,349,frontal_barrier,subject_vehicle,B_ProfilePartial,1,0,12FDEW2,0.0,437.0,437.0,413.6000000000001,damdst_out_of_range
negative_dpd_present,flag_dpd_negative,287,7529,345,side,subject_vehicle,B_ProfilePartial,1,0,09LPAN3,0.0,297.0,297.0,118.1,negative_dpd_present
pdof_family_mismatch,flag_pdof_family_mismatch,287,7529,345,side,subject_vehicle,B_ProfilePartial,1,0,09LPAN3,0.0,297.0,297.0,118.1,pdof_family_mismatch
pdof_family_mismatch,flag_pdof_family_mismatch,299,7533,358,side,subject_vehicle,B_ProfilePartial,1,0,09LPAN3,0.0,399.0,399.0,180.6,pdof_family_mismatch
negative_dpd_present,flag_dpd_negative,300,7534,360,side_impactor,subject_vehicle,A_ProfileValid,1,0,10LPAW3,297.0,235.0,216.0,127.0,negative_dpd_present
negative_dpd_present,flag_dpd_negative,305,7537,367,side_impactor,subject_vehicle,A_ProfileValid,1,0,09LPEW2,297.0,251.0,251.0,146.3,negative_dpd_present
side_imppnt_mismatch,flag_side_imppnt_mismatch,305,7537,367,side_impactor,subject_vehicle,A_ProfileValid,1,0,09LPEW2,297.0,251.0,251.0,146.3,side_imppnt_mismatch
pdof_family_mismatch,flag_pdof_family_mismatch,309,7542,372,side,subject_vehicle,B_ProfilePartial,1,0,09LPAN3,0.0,426.0,426.0,184.7,pdof_family_mismatch
pdof_family_mismatch,flag_pdof_family_mismatch,316,7568,381,side,subject_vehicle,C_MaxOnly,0,0,,345.0,381.0,,,pdof_family_mismatch
lencnt_out_of_range,flag_lencnt_out_of_range,316,7568,381,side,subject_vehicle,C_MaxOnly,0,0,,345.0,381.0,,,lencnt_out_of_range
negative_dpd_present,flag_dpd_negative,317,7571,383,side_impactor,subject_vehicle,A_ProfileValid,1,0,09LPEW2,297.0,237.0,237.0,134.8,negative_dpd_present
side_imppnt_mismatch,flag_side_imppnt_mismatch,317,7571,383,side_impactor,subject_vehicle,A_ProfileValid,1,0,09LPEW2,297.0,237.0,237.0,134.8,side_imppnt_mismatch
side_imppnt_mismatch,flag_side_imppnt_mismatch,325,7580,395,side_impactor,subject_vehicle,A_ProfileValid,1,0,09LPEW2,297.0,243.0,243.0,151.8,side_imppnt_mismatch
negative_dpd_present,flag_dpd_negative,332,7583,402,side,subject_vehicle,B_ProfilePartial,1,0,09LPAN3,0.0,368.0,368.0,127.5,negative_dpd_present
pdof_family_mismatch,flag_pdof_family_mismatch,332,7583,402,side,subject_vehicle,B_ProfilePartial,1,0,09LPAN3,0.0,368.0,368.0,127.5,pdof_family_mismatch
side_imppnt_mismatch,flag_side_imppnt_mismatch,333,7584,403,side,subject_vehicle,C_MaxOnly,0,0,09LPAN3,285.0,447.0,,,side_imppnt_mismatch
negative_dpd_present,flag_dpd_negative,336,7586,407,side_impactor,subject_vehicle,A_ProfileValid,1,0,10LPAW3,297.0,205.0,195.0,117.1,negative_dpd_present
negative_dpd_present,flag_dpd_negative,349,7602,423,side_impactor,subject_vehicle,A_ProfileValid,1,0,10LPAW3,297.0,239.0,236.0,147.2,negative_dpd_present
side_imppnt_mismatch,flag_side_imppnt_mismatch,5,7607,7,side_impactor,subject_vehicle,A_ProfileValid,1,0,09LPEW2,297.0,222.0,222.0,138.3,side_imppnt_mismatch
side_imppnt_mismatch,flag_side_imppnt_mismatch,360,7616,438,side_impactor,subject_vehicle,C_MaxOnly,0,0,09LPEW2,270.0,164.0,,,side_imppnt_mismatch
lencnt_out_of_range,flag_lencnt_out_of_range,360,7616,438,side_impactor,subject_vehicle,C_MaxOnly,0,0,09LPEW2,270.0,164.0,,,lencnt_out_of_range
pdof_family_mismatch,flag_pdof_family_mismatch,366,7621,444,side,subject_vehicle,C_MaxOnly,0,0,,345.0,507.0,,,pdof_family_mismatch
side_imppnt_mismatch,flag_side_imppnt_mismatch,366,7621,444,side,subject_vehicle,C_MaxOnly,0,0,,345.0,507.0,,,side_imppnt_mismatch
lencnt_out_of_range,flag_lencnt_out_of_range,366,7621,444,side,subject_vehicle,C_MaxOnly,0,0,,345.0,507.0,,,lencnt_out_of_range
negative_dpd_present,flag_dpd_negative,390,7639,471,side,subject_vehicle,B_ProfilePartial,1,0,09LPAW3,0.0,448.0,7.0,-142.6,negative_dpd_present
cmean_negative,flag_cmean_negative,390,7639,471,side,subject_vehicle,B_ProfilePartial,1,0,09LPAW3,0.0,448.0,7.0,-142.6,cmean_negative
pdof_family_mismatch,flag_pdof_family_mismatch,390,7639,471,side,subject_vehicle,B_ProfilePartial,1,0,09LPAW3,0.0,448.0,7.0,-142.6,pdof_family_mismatch
side_imppnt_mismatch,flag_side_imppnt_mismatch,390,7639,471,side,subject_vehicle,B_ProfilePartial,1,0,09LPAW3,0.0,448.0,7.0,-142.6,side_imppnt_mismatch
pdof_family_mismatch,flag_pdof_family_mismatch,416,7719,502,side,subject_vehicle,C_MaxOnly,0,0,,345.0,460.0,,,pdof_family_mismatch
side_imppnt_mismatch,flag_side_imppnt_mismatch,416,7719,502,side,subject_vehicle,C_MaxOnly,0,0,,345.0,460.0,,,side_imppnt_mismatch
lencnt_out_of_range,flag_lencnt_out_of_range,416,7719,502,side,subject_vehicle,C_MaxOnly,0,0,,345.0,460.0,,,lencnt_out_of_range
negative_dpd_present,flag_dpd_negative,436,7738,526,side_impactor,subject_vehicle,A_ProfileValid,1,0,10LPAW3,297.0,296.0,294.0,145.6,negative_dpd_present
side_imppnt_mismatch,flag_side_imppnt_mismatch,450,7749,544,side_impactor,subject_vehicle,C_MaxOnly,0,0,09LPEW2,270.0,164.0,,,side_imppnt_mismatch
lencnt_out_of_range,flag_lencnt_out_of_range,450,7749,544,side_impactor,subject_vehicle,C_MaxOnly,0,0,09LPEW2,270.0,164.0,,,lencnt_out_of_range
side_imppnt_mismatch,flag_side_imppnt_mismatch,520,7858,628,side_impactor,subject_vehicle,A_ProfileValid,1,0,10LPAW3,297.0,229.0,188.0,109.1,side_imppnt_mismatch
side_imppnt_mismatch,flag_side_imppnt_mismatch,537,7870,646,side,subject_vehicle,C_MaxOnly,0,0,09LPAN3,285.0,316.0,,,side_imppnt_mismatch
negative_dpd_present,flag_dpd_negative,553,7874,664,side_impactor,subject_vehicle,A_ProfileValid,1,0,10LPAW3,297.0,257.0,244.0,117.1,negative_dpd_present
negative_dpd_present,flag_dpd_negative,532,7893,641,frontal_barrier,subject_vehicle,A_ProfileValid,1,0,01FDEW2,0.0,208.0,208.0,67.09999999999998,negative_dpd_present
negative_dpd_present,flag_dpd_negative,60,7917,77,frontal_barrier,subject_vehicle,A_ProfileValid,1,0,12FDEW6,0.0,622.0,341.0,223.7,negative_dpd_present
side_imppnt_mismatch,flag_side_imppnt_mismatch,585,7943,700,side,subject_vehicle,C_MaxOnly,0,0,09LPAN3,285.0,447.0,,,side_imppnt_mismatch
negative_dpd_present,flag_dpd_negative,636,7980,761,side,subject_vehicle,B_ProfilePartial,1,0,10LPAN3,0.0,348.0,320.0,99.6,negative_dpd_present
pdof_family_mismatch,flag_pdof_family_mismatch,636,7980,761,side,subject_vehicle,B_ProfilePartial,1,0,10LPAN3,0.0,348.0,320.0,99.6,pdof_family_mismatch
negative_dpd_present,flag_dpd_negative,642,7986,770,side_impactor,subject_vehicle,A_ProfileValid,1,0,09LPEW2,297.0,179.0,159.0,70.3,negative_dpd_present
crhdst_dpd_disagreement,flag_crhdst_lt_dpdmax,630,7993,753,frontal_barrier,subject_vehicle,A_ProfileValid,1,0,11FDEW3,0.0,312.0,609.0,202.4,crhdst_dpd_disagreement
negative_dpd_present,flag_dpd_negative,630,7993,753,frontal_barrier,subject_vehicle,A_ProfileValid,1,0,11FDEW3,0.0,312.0,609.0,202.4,negative_dpd_present
side_imppnt_mismatch,flag_side_imppnt_mismatch,651,7994,781,side_impactor,subject_vehicle,C_MaxOnly,0,0,09LPEW2,270.0,188.0,,,side_imppnt_mismatch
damdst_out_of_range,flag_damdst_out_of_range,650,7995,779,frontal_barrier,subject_vehicle,B_ProfilePartial,1,0,12FDEW3,0.0,403.0,340.0,276.2,damdst_out_of_range
negative_dpd_present,flag_dpd_negative,659,7999,790,side,subject_vehicle,B_ProfilePartial,1,0,10LPAN3,0.0,362.0,341.0,108.7,negative_dpd_present
pdof_family_mismatch,flag_pdof_family_mismatch,659,7999,790,side,subject_vehicle,B_ProfilePartial,1,0,10LPAN3,0.0,362.0,341.0,108.7,pdof_family_mismatch
side_imppnt_mismatch,flag_side_imppnt_mismatch,659,7999,790,side,subject_vehicle,B_ProfilePartial,1,0,10LPAN3,0.0,362.0,341.0,108.7,side_imppnt_mismatch
negative_dpd_present,flag_dpd_negative,668,8002,800,side_impactor,subject_vehicle,A_ProfileValid,1,0,09LPEW2,297.0,205.0,200.0,112.7,negative_dpd_present
side_imppnt_mismatch,flag_side_imppnt_mismatch,672,8025,805,side_impactor,subject_vehicle,C_MaxOnly,0,0,09LPEW2,270.0,179.0,,,side_imppnt_mismatch
lencnt_out_of_range,flag_lencnt_out_of_range,676,8028,809,side,subject_vehicle,C_MaxOnly,0,0,10LPAW3,285.0,373.0,,,lencnt_out_of_range
negative_dpd_present,flag_dpd_negative,684,8033,819,side_impactor,subject_vehicle,A_ProfileValid,1,0,10LPAW3,297.0,215.0,215.0,122.2,negative_dpd_present
negative_dpd_present,flag_dpd_negative,699,8040,835,side,subject_vehicle,B_ProfilePartial,1,0,09LPAN4,0.0,406.0,377.0,133.1,negative_dpd_present
pdof_family_mismatch,flag_pdof_family_mismatch,699,8040,835,side,subject_vehicle,B_ProfilePartial,1,0,09LPAN4,0.0,406.0,377.0,133.1,pdof_family_mismatch
negative_dpd_present,flag_dpd_negative,701,8041,839,side_impactor,subject_vehicle,A_ProfileValid,1,0,12LPEW2,297.0,196.0,196.0,101.5,negative_dpd_present
negative_dpd_present,flag_dpd_negative,708,8050,846,side,subject_vehicle,B_ProfilePartial,1,0,9LPAW3,0.0,438.0,421.0,159.3,negative_dpd_present
pdof_family_mismatch,flag_pdof_family_mismatch,708,8050,846,side,subject_vehicle,B_ProfilePartial,1,0,9LPAW3,0.0,438.0,421.0,159.3,pdof_family_mismatch
side_imppnt_mismatch,flag_side_imppnt_mismatch,708,8050,846,side,subject_vehicle,B_ProfilePartial,1,0,9LPAW3,0.0,438.0,421.0,159.3,side_imppnt_mismatch
negative_dpd_present,flag_dpd_negative,713,8051,853,side_impactor,subject_vehicle,A_ProfileValid,1,0,09LPEW2,297.0,206.0,206.0,59.3,negative_dpd_present
side_imppnt_mismatch,flag_side_imppnt_mismatch,717,8054,859,side_impactor,subject_vehicle,A_ProfileValid,1,0,10LPAW3,297.0,267.0,267.0,208.1,side_imppnt_mismatch
side_imppnt_mismatch,flag_side_imppnt_mismatch,722,8059,866,side_impactor,subject_vehicle,C_MaxOnly,0,0,09LPEW2,270.0,195.0,,,side_imppnt_mismatch
crhdst_dpd_disagreement,flag_crhdst_lt_dpdmax,592,8061,709,frontal_barrier,subject_vehicle,X_Exclude,0,1,,0.0,0.0,,,insufficient_deformation_signal
crhdst_dpd_disagreement,flag_crhdst_lt_dpdmax,661,8062,792,frontal_barrier,subject_vehicle,X_Exclude,0,1,,0.0,0.0,,,insufficient_deformation_signal
negative_dpd_present,flag_dpd_negative,724,8063,870,side_impactor,subject_vehicle,A_ProfileValid,1,0,09LPEW2,297.0,231.0,223.0,97.9,negative_dpd_present
crhdst_dpd_disagreement,flag_crhdst_lt_dpdmax,726,8064,872,frontal_barrier,subject_vehicle,A_ProfileValid,1,0,12FDEWX,0.0,262.0,339.0,247.0,crhdst_dpd_disagreement
pdof_family_mismatch,flag_pdof_family_mismatch,418,8067,504,side,subject_vehicle,C_MaxOnly,0,0,,345.0,599.0,,,pdof_family_mismatch
lencnt_out_of_range,flag_lencnt_out_of_range,418,8067,504,side,subject_vehicle,C_MaxOnly,0,0,,345.0,599.0,,,lencnt_out_of_range
pdof_family_mismatch,flag_pdof_family_mismatch,764,8076,920,side,subject_vehicle,C_MaxOnly,0,0,,345.0,603.0,,,pdof_family_mismatch
lencnt_out_of_range,flag_lencnt_out_of_range,764,8076,920,side,subject_vehicle,C_MaxOnly,0,0,,345.0,603.0,,,lencnt_out_of_range
negative_dpd_present,flag_dpd_negative,835,8118,1008,side,subject_vehicle,B_ProfilePartial,1,0,10LPAN3,0.0,323.0,314.0,86.4,negative_dpd_present
pdof_family_mismatch,flag_pdof_family_mismatch,835,8118,1008,side,subject_vehicle,B_ProfilePartial,1,0,10LPAN3,0.0,323.0,314.0,86.4,pdof_family_mismatch
negative_dpd_present,flag_dpd_negative,851,8126,1025,side_impactor,subject_vehicle,A_ProfileValid,1,0,09LPEW2,297.0,192.0,186.0,88.7,negative_dpd_present
side_imppnt_mismatch,flag_side_imppnt_mismatch,900,8157,1078,side_impactor,subject_vehicle,A_ProfileValid,1,0,10LPAW3,297.0,138.0,110.0,50.4,side_imppnt_mismatch
negative_dpd_present,flag_dpd_negative,924,8197,1105,frontal_barrier,subject_vehicle,A_ProfileValid,1,0,11FDEW3,0.0,527.0,527.0,314.59999999999997,negative_dpd_present
lencnt_out_of_range,flag_lencnt_out_of_range,1038,8290,1230,frontal_barrier,subject_vehicle,B_ProfilePartial,1,0,12FDEW2,0.0,593.0,541.0,474.0,lencnt_out_of_range
side_imppnt_mismatch,flag_side_imppnt_mismatch,1040,8292,1233,side_impactor,subject_vehicle,C_MaxOnly,0,0,09LPEW2,270.0,206.0,,,side_imppnt_mismatch
lencnt_out_of_range,flag_lencnt_out_of_range,1040,8292,1233,side_impactor,subject_vehicle,C_MaxOnly,0,0,09LPEW2,270.0,206.0,,,lencnt_out_of_range
lencnt_out_of_range,flag_lencnt_out_of_range,1108,8317,1308,side_impactor,subject_vehicle,C_MaxOnly,0,0,09LPEW2,270.0,218.0,,,lencnt_out_of_range
crhdst_dpd_disagreement,flag_crhdst_lt_dpdmax,1110,8318,1311,side,subject_vehicle,A_ProfileValid,1,0,09LPAN3,285.0,424.0,531.0,251.8,crhdst_dpd_disagreement
negative_dpd_present,flag_dpd_negative,1110,8318,1311,side,subject_vehicle,A_ProfileValid,1,0,09LPAN3,285.0,424.0,531.0,251.8,negative_dpd_present
lencnt_out_of_range,flag_lencnt_out_of_range,1111,8319,1312,side,subject_vehicle,C_MaxOnly,0,0,10LPAN3,285.0,342.0,,,lencnt_out_of_range
pdof_family_mismatch,flag_pdof_family_mismatch,563,8343,675,side,subject_vehicle,C_MaxOnly,0,0,,0.0,277.0,,,pdof_family_mismatch
side_imppnt_mismatch,flag_side_imppnt_mismatch,563,8343,675,side,subject_vehicle,C_MaxOnly,0,0,,0.0,277.0,,,side_imppnt_mismatch
lencnt_out_of_range,flag_lencnt_out_of_range,563,8343,676,side,subject_vehicle,C_MaxOnly,0,0,09LPAN3,297.0,216.0,,,lencnt_out_of_range
pdof_family_mismatch,flag_pdof_family_mismatch,618,8345,739,side,subject_vehicle,C_MaxOnly,0,0,,0.0,269.0,,,pdof_family_mismatch
lencnt_out_of_range,flag_lencnt_out_of_range,618,8345,740,side,subject_vehicle,C_MaxOnly,0,0,,297.0,203.0,,,lencnt_out_of_range
pdof_family_mismatch,flag_pdof_family_mismatch,631,8346,754,side,subject_vehicle,C_MaxOnly,0,0,,0.0,229.0,,,pdof_family_mismatch
lencnt_out_of_range,flag_lencnt_out_of_range,631,8346,755,side,subject_vehicle,C_MaxOnly,0,0,,297.0,215.0,,,lencnt_out_of_range
pdof_family_mismatch,flag_pdof_family_mismatch,700,8347,836,side,subject_vehicle,C_MaxOnly,0,0,,0.0,193.0,,,pdof_family_mismatch
lencnt_out_of_range,flag_lencnt_out_of_range,700,8347,837,side,subject_vehicle,C_MaxOnly,0,0,,293.0,224.0,,,lencnt_out_of_range
pdof_family_mismatch,flag_pdof_family_mismatch,723,8348,867,side,subject_vehicle,C_MaxOnly,0,0,,0.0,155.0,,,pdof_family_mismatch
lencnt_out_of_range,flag_lencnt_out_of_range,723,8348,868,side,subject_vehicle,C_MaxOnly,0,0,,297.0,261.0,,,lencnt_out_of_range
pdof_family_mismatch,flag_pdof_family_mismatch,766,8349,923,side,subject_vehicle,C_MaxOnly,0,0,,0.0,372.0,,,pdof_family_mismatch
lencnt_out_of_range,flag_lencnt_out_of_range,766,8349,924,side,subject_vehicle,C_MaxOnly,0,0,,297.0,216.0,,,lencnt_out_of_range
pdof_family_mismatch,flag_pdof_family_mismatch,794,8350,960,side,subject_vehicle,C_MaxOnly,0,0,,0.0,371.0,,,pdof_family_mismatch
lencnt_out_of_range,flag_lencnt_out_of_range,794,8350,961,side,subject_vehicle,C_MaxOnly,0,0,,297.0,248.0,,,lencnt_out_of_range
pdof_family_mismatch,flag_pdof_family_mismatch,822,8351,994,side,subject_vehicle,C_MaxOnly,0,0,,0.0,372.0,,,pdof_family_mismatch
lencnt_out_of_range,flag_lencnt_out_of_range,822,8351,995,side,subject_vehicle,C_MaxOnly,0,0,,297.0,254.0,,,lencnt_out_of_range
pdof_family_mismatch,flag_pdof_family_mismatch,899,8352,1075,side,subject_vehicle,C_MaxOnly,0,0,,0.0,372.0,,,pdof_family_mismatch
lencnt_out_of_range,flag_lencnt_out_of_range,899,8352,1076,side,subject_vehicle,C_MaxOnly,0,0,,297.0,199.0,,,lencnt_out_of_range
pdof_family_mismatch,flag_pdof_family_mismatch,918,8353,1098,side,subject_vehicle,C_MaxOnly,0,0,,0.0,372.0,,,pdof_family_mismatch
lencnt_out_of_range,flag_lencnt_out_of_range,918,8353,1099,side,subject_vehicle,C_MaxOnly,0,0,,297.0,207.0,,,lencnt_out_of_range
pdof_family_mismatch,flag_pdof_family_mismatch,927,8354,1108,side,subject_vehicle,C_MaxOnly,0,0,,0.0,372.0,,,pdof_family_mismatch
lencnt_out_of_range,flag_lencnt_out_of_range,927,8354,1109,side,subject_vehicle,C_MaxOnly,0,0,,297.0,223.0,,,lencnt_out_of_range
pdof_family_mismatch,flag_pdof_family_mismatch,943,8355,1126,side,subject_vehicle,C_MaxOnly,0,0,,0.0,372.0,,,pdof_family_mismatch
lencnt_out_of_range,flag_lencnt_out_of_range,943,8355,1127,side,subject_vehicle,C_MaxOnly,0,0,,297.0,199.0,,,lencnt_out_of_range
side_imppnt_mismatch,flag_side_imppnt_mismatch,1149,8357,1356,side_impactor,subject_vehicle,A_ProfileValid,1,0,03LPAW2,297.0,220.0,217.0,143.8,side_imppnt_mismatch
side_imppnt_mismatch,flag_side_imppnt_mismatch,1152,8384,1360,side_impactor,subject_vehicle,A_ProfileValid,1,0,03LPAW2,297.0,183.0,184.0,109.6,side_imppnt_mismatch
crhdst_dpd_disagreement,flag_crhdst_lt_dpdmax,1154,8386,1362,side,subject_vehicle,A_ProfileValid,1,0,09LPAN3,285.0,333.0,384.0,179.5,crhdst_dpd_disagreement
negative_dpd_present,flag_dpd_negative,1154,8386,1362,side,subject_vehicle,A_ProfileValid,1,0,09LPAN3,285.0,333.0,384.0,179.5,negative_dpd_present
crhdst_dpd_disagreement,flag_crhdst_lt_dpdmax,1160,8403,1371,side,subject_vehicle,A_ProfileValid,1,0,09LPAN3,285.0,412.0,500.0,286.2,crhdst_dpd_disagreement
crhdst_dpd_disagreement,flag_crhdst_lt_dpdmax,1182,8406,1397,side,subject_vehicle,A_ProfileValid,1,0,09LPAN3,285.0,335.0,417.0,253.4,crhdst_dpd_disagreement
crhdst_dpd_disagreement,flag_crhdst_lt_dpdmax,1188,8408,1406,side,subject_vehicle,A_ProfileValid,1,0,09LPAN3,285.0,446.0,531.0,332.4,crhdst_dpd_disagreement
side_imppnt_mismatch,flag_side_imppnt_mismatch,1187,8409,1405,side_impactor,subject_vehicle,A_ProfileValid,1,0,03LPAW2,297.0,196.0,193.0,106.7,side_imppnt_mismatch
negative_dpd_present,flag_dpd_negative,1193,8442,1413,side_impactor,subject_vehicle,A_ProfileValid,1,0,03LPAW2,297.0,287.0,287.0,206.9,negative_dpd_present
pdof_family_mismatch,flag_pdof_family_mismatch,1198,8443,1420,side,subject_vehicle,C_MaxOnly,0,0,10LPAN3,0.0,343.0,,,pdof_family_mismatch
lencnt_out_of_range,flag_lencnt_out_of_range,1198,8443,1420,side,subject_vehicle,C_MaxOnly,0,0,10LPAN3,0.0,343.0,,,lencnt_out_of_range
pdof_family_mismatch,flag_pdof_family_mismatch,1201,8444,1425,side,subject_vehicle,C_MaxOnly,0,0,,345.0,478.0,,,pdof_family_mismatch
lencnt_out_of_range,flag_lencnt_out_of_range,1201,8444,1425,side,subject_vehicle,C_MaxOnly,0,0,,345.0,478.0,,,lencnt_out_of_range
pdof_family_mismatch,flag_pdof_family_mismatch,1209,8450,1435,side,subject_vehicle,C_MaxOnly,0,0,,345.0,460.0,,,pdof_family_mismatch
side_imppnt_mismatch,flag_side_imppnt_mismatch,1209,8450,1435,side,subject_vehicle,C_MaxOnly,0,0,,345.0,460.0,,,side_imppnt_mismatch
lencnt_out_of_range,flag_lencnt_out_of_range,1209,8450,1435,side,subject_vehicle,C_MaxOnly,0,0,,345.0,460.0,,,lencnt_out_of_range
negative_dpd_present,flag_dpd_negative,1212,8451,1441,side_impactor,subject_vehicle,A_ProfileValid,1,0,10LPAW3,297.0,249.0,232.0,132.3,negative_dpd_present
crhdst_dpd_disagreement,flag_crhdst_lt_dpdmax,1215,8454,1445,side,subject_vehicle,A_ProfileValid,1,0,09LPAN3,285.0,435.0,611.0,409.5,crhdst_dpd_disagreement
lencnt_out_of_range,flag_lencnt_out_of_range,1216,8456,1446,frontal_barrier,subject_vehicle,B_ProfilePartial,1,0,12FDEW6,0.0,657.0,657.0,510.8,lencnt_out_of_range
side_imppnt_mismatch,flag_side_imppnt_mismatch,1223,8460,1457,side_impactor,subject_vehicle,A_ProfileValid,1,0,03LPAW2,297.0,213.0,202.0,149.1,side_imppnt_mismatch
crhdst_dpd_disagreement,flag_crhdst_lt_dpdmax,1225,8461,1459,side,subject_vehicle,A_ProfileValid,1,0,09LPAN3,285.0,344.0,414.0,240.4,crhdst_dpd_disagreement
pdof_family_mismatch,flag_pdof_family_mismatch,1224,8462,1458,side,subject_vehicle,C_MaxOnly,0,0,,345.0,352.0,,,pdof_family_mismatch
lencnt_out_of_range,flag_lencnt_out_of_range,1224,8462,1458,side,subject_vehicle,C_MaxOnly,0,0,,345.0,352.0,,,lencnt_out_of_range
pdof_family_mismatch,flag_pdof_family_mismatch,1232,8466,1468,side,subject_vehicle,C_MaxOnly,0,0,,345.0,324.0,,,pdof_family_mismatch
lencnt_out_of_range,flag_lencnt_out_of_range,1232,8466,1468,side,subject_vehicle,C_MaxOnly,0,0,,345.0,324.0,,,lencnt_out_of_range
crhdst_dpd_disagreement,flag_crhdst_lt_dpdmax,1236,8469,1475,side,subject_vehicle,A_ProfileValid,1,0,09LPAN3,285.0,460.0,565.0,354.9,crhdst_dpd_disagreement
pdof_family_mismatch,flag_pdof_family_mismatch,1238,8471,1477,side,subject_vehicle,B_ProfilePartial,1,0,10LPAN3,0.0,351.0,256.0,113.7,pdof_family_mismatch
side_imppnt_mismatch,flag_side_imppnt_mismatch,1244,8473,1486,side_impactor,subject_vehicle,A_ProfileValid,1,0,,297.0,232.0,201.0,135.4,side_imppnt_mismatch
crhdst_dpd_disagreement,flag_crhdst_lt_dpdmax,1240,8479,1480,side,subject_vehicle,A_ProfileValid,1,0,09LPAN3,285.0,473.0,656.0,404.8,crhdst_dpd_disagreement
side_imppnt_mismatch,flag_side_imppnt_mismatch,1240,8479,1480,side,subject_vehicle,A_ProfileValid,1,0,09LPAN3,285.0,473.0,656.0,404.8,side_imppnt_mismatch
lencnt_out_of_range,flag_lencnt_out_of_range,1241,8480,1481,frontal_barrier,subject_vehicle,B_ProfilePartial,1,0,12FDEW6,0.0,786.0,741.0,574.4000000000001,lencnt_out_of_range
pdof_family_mismatch,flag_pdof_family_mismatch,1248,8481,1491,side,subject_vehicle,C_MaxOnly,0,0,,345.0,441.0,,,pdof_family_mismatch
lencnt_out_of_range,flag_lencnt_out_of_range,1248,8481,1491,side,subject_vehicle,C_MaxOnly,0,0,,345.0,441.0,,,lencnt_out_of_range
pdof_family_mismatch,flag_pdof_family_mismatch,1254,8489,1499,side,subject_vehicle,B_ProfilePartial,1,0,10LPAN3,0.0,303.0,300.0,98.5,pdof_family_mismatch
side_imppnt_mismatch,flag_side_imppnt_mismatch,1254,8489,1499,side,subject_vehicle,B_ProfilePartial,1,0,10LPAN3,0.0,303.0,300.0,98.5,side_imppnt_mismatch
side_imppnt_mismatch,flag_side_imppnt_mismatch,1255,8490,1501,side_impactor,subject_vehicle,A_ProfileValid,1,0,09LPEW2,270.0,174.0,218.0,126.4,side_imppnt_mismatch
pdof_family_mismatch,flag_pdof_family_mismatch,1259,8492,1507,side,subject_vehicle,B_ProfilePartial,1,0,10LPAN3,0.0,352.0,352.0,99.2,pdof_family_mismatch
side_imppnt_mismatch,flag_side_imppnt_mismatch,1267,8497,1519,side,subject_vehicle,A_ProfileValid,1,0,10LPAN3,285.0,346.0,275.0,96.2,side_imppnt_mismatch
side_imppnt_mismatch,flag_side_imppnt_mismatch,1271,8499,1526,side,subject_vehicle,A_ProfileValid,1,0,10LPAN3,285.0,352.0,352.0,91.6,side_imppnt_mismatch
pdof_family_mismatch,flag_pdof_family_mismatch,1283,8523,1543,side,subject_vehicle,B_ProfilePartial,1,0,,345.0,444.0,393.0,135.4,pdof_family_mismatch
side_imppnt_mismatch,flag_side_imppnt_mismatch,1283,8523,1543,side,subject_vehicle,B_ProfilePartial,1,0,,345.0,444.0,393.0,135.4,side_imppnt_mismatch
lencnt_out_of_range,flag_lencnt_out_of_range,1283,8523,1543,side,subject_vehicle,B_ProfilePartial,1,0,,345.0,444.0,393.0,135.4,lencnt_out_of_range
crhdst_dpd_disagreement,flag_crhdst_lt_dpdmax,1289,8534,1551,side,subject_vehicle,A_ProfileValid,1,0,09LPAN3,285.0,394.0,446.0,277.0,crhdst_dpd_disagreement
side_imppnt_mismatch,flag_side_imppnt_mismatch,1310,8546,1575,side_impactor,subject_vehicle,A_ProfileValid,1,0,09LPEW2,270.0,168.0,152.0,95.2,side_imppnt_mismatch
pdof_family_mismatch,flag_pdof_family_mismatch,1157,8547,1366,rear,subject_vehicle,X_Exclude,0,1,,0.0,0.0,,,all_zero_placeholder
lencnt_out_of_range,flag_lencnt_out_of_range,1157,8547,1366,rear,subject_vehicle,X_Exclude,0,1,,0.0,0.0,,,all_zero_placeholder
pdof_family_mismatch,flag_pdof_family_mismatch,1157,8547,1367,rear,subject_vehicle,X_Exclude,0,1,,0.0,0.0,,,all_zero_placeholder
lencnt_out_of_range,flag_lencnt_out_of_range,1157,8547,1367,rear,subject_vehicle,X_Exclude,0,1,,0.0,0.0,,,all_zero_placeholder
pdof_family_mismatch,flag_pdof_family_mismatch,1161,8548,1372,rear,subject_vehicle,X_Exclude,0,1,,0.0,0.0,,,rear_low_confidence
negative_dpd_present,flag_dpd_negative,1161,8548,1373,rear,subject_vehicle,A_ProfileValid,1,0,06BDEW2,180.0,120.0,120.0,41.900000000000006,negative_dpd_present
negative_dpd_present,flag_dpd_negative,1171,8549,1385,rear,subject_vehicle,B_ProfilePartial,1,0,12FDEW3,0.0,85.0,85.0,50.3,negative_dpd_present
pdof_family_mismatch,flag_pdof_family_mismatch,1171,8549,1385,rear,subject_vehicle,B_ProfilePartial,1,0,12FDEW3,0.0,85.0,85.0,50.3,pdof_family_mismatch
pdof_family_mismatch,flag_pdof_family_mismatch,1171,8549,1386,rear,subject_vehicle,B_ProfilePartial,1,0,06RDEW3,0.0,425.0,425.0,342.0,pdof_family_mismatch
pdof_family_mismatch,flag_pdof_family_mismatch,1185,8550,1401,rear,subject_vehicle,B_ProfilePartial,1,0,12FDEW2,0.0,55.0,55.0,39.1,pdof_family_mismatch
negative_dpd_present,flag_dpd_negative,1210,8551,1436,rear,subject_vehicle,B_ProfilePartial,1,0,12FDEW2,0.0,41.0,37.0,20.8,negative_dpd_present
pdof_family_mismatch,flag_pdof_family_mismatch,1210,8551,1436,rear,subject_vehicle,B_ProfilePartial,1,0,12FDEW2,0.0,41.0,37.0,20.8,pdof_family_mismatch
negative_dpd_present,flag_dpd_negative,1218,8552,1448,rear,subject_vehicle,B_ProfilePartial,1,0,12FDEW2,0.0,89.0,89.0,46.89999999999999,negative_dpd_present
pdof_family_mismatch,flag_pdof_family_mismatch,1218,8552,1448,rear,subject_vehicle,B_ProfilePartial,1,0,12FDEW2,0.0,89.0,89.0,46.89999999999999,pdof_family_mismatch
negative_dpd_present,flag_dpd_negative,1221,8554,1452,rear,subject_vehicle,B_ProfilePartial,1,0,12FDEW2,0.0,225.0,225.0,119.5,negative_dpd_present
pdof_family_mismatch,flag_pdof_family_mismatch,1221,8554,1452,rear,subject_vehicle,B_ProfilePartial,1,0,12FDEW2,0.0,225.0,225.0,119.5,pdof_family_mismatch
pdof_family_mismatch,flag_pdof_family_mismatch,1234,8555,1471,rear,subject_vehicle,B_ProfilePartial,1,0,12FDEW2,0.0,502.0,502.0,334.4,pdof_family_mismatch
negative_dpd_present,flag_dpd_negative,1318,8556,1583,side,subject_vehicle,A_ProfileValid,1,0,09LPAN3,285.0,290.0,304.0,188.0,negative_dpd_present
crhdst_dpd_disagreement,flag_crhdst_lt_dpdmax,1327,8558,1594,side,subject_vehicle,A_ProfileValid,1,0,09LPAN3,285.0,379.0,466.0,282.7,crhdst_dpd_disagreement
side_imppnt_mismatch,flag_side_imppnt_mismatch,1326,8559,1593,side_impactor,subject_vehicle,A_ProfileValid,1,0,09LPEW2,270.0,162.0,148.0,93.8,side_imppnt_mismatch
crhdst_dpd_disagreement,flag_crhdst_lt_dpdmax,1330,8568,1598,side,subject_vehicle,A_ProfileValid,1,0,09LPAN3,285.0,327.0,405.0,248.5,crhdst_dpd_disagreement
negative_dpd_present,flag_dpd_negative,1360,8640,1629,side,subject_vehicle,A_ProfileValid,1,0,10LPAN3,285.0,454.0,454.0,108.8,negative_dpd_present
side_imppnt_mismatch,flag_side_imppnt_mismatch,1363,8642,1633,side_impactor,subject_vehicle,A_ProfileValid,1,0,09LPEW2,270.0,205.0,201.0,111.6,side_imppnt_mismatch
negative_dpd_present,flag_dpd_negative,1389,8661,1660,side,subject_vehicle,A_ProfileValid,1,0,09LPAN3,285.0,445.0,445.0,235.1,negative_dpd_present
side_imppnt_mismatch,flag_side_imppnt_mismatch,1389,8661,1660,side,subject_vehicle,A_ProfileValid,1,0,09LPAN3,285.0,445.0,445.0,235.1,side_imppnt_mismatch
pdof_family_mismatch,flag_pdof_family_mismatch,644,8667,772,rear,subject_vehicle,X_Exclude,0,1,,0.0,0.0,,,all_zero_placeholder
lencnt_out_of_range,flag_lencnt_out_of_range,644,8667,772,rear,subject_vehicle,X_Exclude,0,1,,0.0,0.0,,,all_zero_placeholder
pdof_family_mismatch,flag_pdof_family_mismatch,595,8668,713,rear,subject_vehicle,X_Exclude,0,1,,0.0,0.0,,,all_zero_placeholder
lencnt_out_of_range,flag_lencnt_out_of_range,595,8668,713,rear,subject_vehicle,X_Exclude,0,1,,0.0,0.0,,,all_zero_placeholder
pdof_family_mismatch,flag_pdof_family_mismatch,620,8669,743,rear,subject_vehicle,X_Exclude,0,1,,0.0,359.0,,,rear_low_confidence
lencnt_out_of_range,flag_lencnt_out_of_range,620,8669,743,rear,subject_vehicle,X_Exclude,0,1,,0.0,359.0,,,rear_low_confidence
pdof_family_mismatch,flag_pdof_family_mismatch,627,8670,750,rear,subject_vehicle,X_Exclude,0,1,,0.0,356.0,,,rear_low_confidence
lencnt_out_of_range,flag_lencnt_out_of_range,627,8670,750,rear,subject_vehicle,X_Exclude,0,1,,0.0,356.0,,,rear_low_confidence
pdof_family_mismatch,flag_pdof_family_mismatch,656,8671,786,rear,subject_vehicle,X_Exclude,0,1,,0.0,269.0,,,rear_low_confidence
lencnt_out_of_range,flag_lencnt_out_of_range,656,8671,786,rear,subject_vehicle,X_Exclude,0,1,,0.0,269.0,,,rear_low_confidence
pdof_family_mismatch,flag_pdof_family_mismatch,621,8672,744,rear,subject_vehicle,X_Exclude,0,1,,0.0,174.0,,,rear_low_confidence
lencnt_out_of_range,flag_lencnt_out_of_range,621,8672,744,rear,subject_vehicle,X_Exclude,0,1,,0.0,174.0,,,rear_low_confidence
pdof_family_mismatch,flag_pdof_family_mismatch,625,8673,748,rear,subject_vehicle,X_Exclude,0,1,,0.0,199.0,,,rear_low_confidence
lencnt_out_of_range,flag_lencnt_out_of_range,625,8673,748,rear,subject_vehicle,X_Exclude,0,1,,0.0,199.0,,,rear_low_confidence
pdof_family_mismatch,flag_pdof_family_mismatch,652,8674,782,rear,subject_vehicle,X_Exclude,0,1,,0.0,0.0,,,all_zero_placeholder
lencnt_out_of_range,flag_lencnt_out_of_range,652,8674,782,rear,subject_vehicle,X_Exclude,0,1,,0.0,0.0,,,all_zero_placeholder
pdof_family_mismatch,flag_pdof_family_mismatch,628,8675,751,rear,subject_vehicle,X_Exclude,0,1,,0.0,207.0,,,rear_low_confidence
lencnt_out_of_range,flag_lencnt_out_of_range,628,8675,751,rear,subject_vehicle,X_Exclude,0,1,,0.0,207.0,,,rear_low_confidence
pdof_family_mismatch,flag_pdof_family_mismatch,561,8676,673,rear,subject_vehicle,X_Exclude,0,1,,0.0,382.0,,,rear_low_confidence
lencnt_out_of_range,flag_lencnt_out_of_range,561,8676,673,rear,subject_vehicle,X_Exclude,0,1,,0.0,382.0,,,rear_low_confidence
pdof_family_mismatch,flag_pdof_family_mismatch,596,8677,714,rear,subject_vehicle,X_Exclude,0,1,,0.0,0.0,,,all_zero_placeholder
lencnt_out_of_range,flag_lencnt_out_of_range,596,8677,714,rear,subject_vehicle,X_Exclude,0,1,,0.0,0.0,,,all_zero_placeholder
pdof_family_mismatch,flag_pdof_family_mismatch,653,8678,783,rear,subject_vehicle,X_Exclude,0,1,,0.0,358.0,,,rear_low_confidence
lencnt_out_of_range,flag_lencnt_out_of_range,653,8678,783,rear,subject_vehicle,X_Exclude,0,1,,0.0,358.0,,,rear_low_confidence
pdof_family_mismatch,flag_pdof_family_mismatch,623,8679,746,rear,subject_vehicle,X_Exclude,0,1,,0.0,227.0,,,rear_low_confidence
lencnt_out_of_range,flag_lencnt_out_of_range,623,8679,746,rear,subject_vehicle,X_Exclude,0,1,,0.0,227.0,,,rear_low_confidence
pdof_family_mismatch,flag_pdof_family_mismatch,594,8680,712,rear,subject_vehicle,X_Exclude,0,1,,0.0,0.0,,,all_zero_placeholder
lencnt_out_of_range,flag_lencnt_out_of_range,594,8680,712,rear,subject_vehicle,X_Exclude,0,1,,0.0,0.0,,,all_zero_placeholder
pdof_family_mismatch,flag_pdof_family_mismatch,624,8681,747,rear,subject_vehicle,X_Exclude,0,1,,0.0,313.0,,,rear_low_confidence
lencnt_out_of_range,flag_lencnt_out_of_range,624,8681,747,rear,subject_vehicle,X_Exclude,0,1,,0.0,313.0,,,rear_low_confidence
pdof_family_mismatch,flag_pdof_family_mismatch,732,8682,879,rear,subject_vehicle,X_Exclude,0,1,,0.0,0.0,,,all_zero_placeholder
lencnt_out_of_range,flag_lencnt_out_of_range,732,8682,879,rear,subject_vehicle,X_Exclude,0,1,,0.0,0.0,,,all_zero_placeholder
negative_dpd_present,flag_dpd_negative,1423,8749,1697,side,subject_vehicle,A_ProfileValid,1,0,09LPAN3,285.0,446.0,443.0,245.2,negative_dpd_present
crhdst_dpd_disagreement,flag_crhdst_lt_dpdmax,1429,8755,1704,frontal_barrier,subject_vehicle,A_ProfileValid,1,0,12FDEWX,0.0,210.0,372.0,320.6,crhdst_dpd_disagreement
pdof_family_mismatch,flag_pdof_family_mismatch,1441,8785,1721,side,subject_vehicle,B_ProfilePartial,1,0,,345.0,418.0,401.0,156.70000000000002,pdof_family_mismatch
lencnt_out_of_range,flag_lencnt_out_of_range,1441,8785,1721,side,subject_vehicle,B_ProfilePartial,1,0,,345.0,418.0,401.0,156.70000000000002,lencnt_out_of_range
negative_dpd_present,flag_dpd_negative,1489,8947,1782,frontal_barrier,subject_vehicle,A_ProfileValid,1,0,11FDEW2,0.0,450.0,450.0,248.00000000000003,negative_dpd_present
negative_dpd_present,flag_dpd_negative,1488,8948,1781,frontal_barrier,subject_vehicle,A_ProfileValid,1,0,11FDEW2,0.0,411.0,411.0,158.99999999999997,negative_dpd_present
crhdst_dpd_disagreement,flag_crhdst_lt_dpdmax,1507,8985,1805,side,subject_vehicle,A_ProfileValid,1,0,09LPAN3,285.0,349.0,409.0,249.5,crhdst_dpd_disagreement
negative_dpd_present,flag_dpd_negative,1513,8989,1815,side_impactor,subject_vehicle,A_ProfileValid,1,0,10LPAW3,297.0,181.0,181.0,93.9,negative_dpd_present
negative_dpd_present,flag_dpd_negative,1516,8991,1820,side_impactor,subject_vehicle,A_ProfileValid,1,0,10LPAW3,297.0,315.0,315.0,203.2,negative_dpd_present
side_imppnt_mismatch,flag_side_imppnt_mismatch,1524,8995,1829,side,subject_vehicle,A_ProfileValid,1,0,09LPAN3,285.0,422.0,386.0,230.50000000000003,side_imppnt_mismatch
negative_dpd_present,flag_dpd_negative,1539,9001,1846,side_impactor,subject_vehicle,A_ProfileValid,1,0,03LPAW2,297.0,249.0,186.0,138.2,negative_dpd_present
negative_dpd_present,flag_dpd_negative,1540,9004,1847,side,subject_vehicle,A_ProfileValid,1,0,09LPAN3,285.0,378.0,359.0,153.7,negative_dpd_present
negative_dpd_present,flag_dpd_negative,1581,9031,1896,side,subject_vehicle,A_ProfileValid,1,0,09LPAN3,285.0,326.0,325.0,175.8,negative_dpd_present
negative_dpd_present,flag_dpd_negative,1583,9034,1899,side,subject_vehicle,B_ProfilePartial,1,0,09LPAN0,0.0,250.0,194.0,57.4,negative_dpd_present
pdof_family_mismatch,flag_pdof_family_mismatch,1583,9034,1899,side,subject_vehicle,B_ProfilePartial,1,0,09LPAN0,0.0,250.0,194.0,57.4,pdof_family_mismatch
negative_dpd_present,flag_dpd_negative,1588,9036,1905,side_impactor,subject_vehicle,A_ProfileValid,1,0,09LPEW3,297.0,165.0,165.0,100.5,negative_dpd_present
negative_dpd_present,flag_dpd_negative,1593,9045,1910,side,subject_vehicle,B_ProfilePartial,1,0,09LPAN3,0.0,340.0,340.0,84.5,negative_dpd_present
pdof_family_mismatch,flag_pdof_family_mismatch,1593,9045,1910,side,subject_vehicle,B_ProfilePartial,1,0,09LPAN3,0.0,340.0,340.0,84.5,pdof_family_mismatch
negative_dpd_present,flag_dpd_negative,1600,9052,1920,side_impactor,subject_vehicle,A_ProfileValid,1,0,09LPEW2,297.0,185.0,185.0,138.1,negative_dpd_present
side_imppnt_mismatch,flag_side_imppnt_mismatch,1613,9060,1936,side_impactor,subject_vehicle,A_ProfileValid,1,0,10LPAW3,297.0,175.0,175.0,89.6,side_imppnt_mismatch
negative_dpd_present,flag_dpd_negative,1618,9063,1942,side_impactor,subject_vehicle,A_ProfileValid,1,0,10LPAW3,297.0,137.0,128.0,86.7,negative_dpd_present
negative_dpd_present,flag_dpd_negative,1622,9066,1947,side,subject_vehicle,A_ProfileValid,1,0,09LPAN3,285.0,353.0,341.0,187.3,negative_dpd_present
negative_dpd_present,flag_dpd_negative,1626,9071,1952,side,subject_vehicle,B_ProfilePartial,1,0,09LPAN3,0.0,340.0,340.0,126.3,negative_dpd_present
pdof_family_mismatch,flag_pdof_family_mismatch,1626,9071,1952,side,subject_vehicle,B_ProfilePartial,1,0,09LPAN3,0.0,340.0,340.0,126.3,pdof_family_mismatch
negative_dpd_present,flag_dpd_negative,1629,9074,1957,side_impactor,subject_vehicle,A_ProfileValid,1,0,09LPEW2,297.0,186.0,186.0,95.9,negative_dpd_present
negative_dpd_present,flag_dpd_negative,1630,9075,1958,side,subject_vehicle,A_ProfileValid,1,0,09LPAN3,285.0,333.0,304.0,159.3,negative_dpd_present
negative_dpd_present,flag_dpd_negative,1635,9082,1963,side,subject_vehicle,B_ProfilePartial,1,0,09LPAN3,0.0,253.0,253.0,84.9,negative_dpd_present
pdof_family_mismatch,flag_pdof_family_mismatch,1635,9082,1963,side,subject_vehicle,B_ProfilePartial,1,0,09LPAN3,0.0,253.0,253.0,84.9,pdof_family_mismatch
negative_dpd_present,flag_dpd_negative,1636,9083,1965,side_impactor,subject_vehicle,A_ProfileValid,1,0,09LPEW2,297.0,184.0,184.0,59.4,negative_dpd_present
negative_dpd_present,flag_dpd_negative,1638,9084,1968,side_impactor,subject_vehicle,A_ProfileValid,1,0,09LPEW2,297.0,178.0,178.0,106.0,negative_dpd_present
negative_dpd_present,flag_dpd_negative,1639,9085,1969,side,subject_vehicle,B_ProfilePartial,1,0,09LPAN3,0.0,348.0,348.0,112.3,negative_dpd_present
pdof_family_mismatch,flag_pdof_family_mismatch,1639,9085,1969,side,subject_vehicle,B_ProfilePartial,1,0,09LPAN3,0.0,348.0,348.0,112.3,pdof_family_mismatch
negative_dpd_present,flag_dpd_negative,1642,9088,1973,side,subject_vehicle,A_ProfileValid,1,0,09LPAN3,285.0,313.0,292.0,126.1,negative_dpd_present
side_imppnt_mismatch,flag_side_imppnt_mismatch,1646,9099,1978,side_impactor,subject_vehicle,A_ProfileValid,1,0,10LPEW2,297.0,284.0,217.0,158.7,side_imppnt_mismatch
negative_dpd_present,flag_dpd_negative,1647,9100,1979,side,subject_vehicle,A_ProfileValid,1,0,09LPAN3,285.0,273.0,243.0,102.3,negative_dpd_present
negative_dpd_present,flag_dpd_negative,1664,9158,1997,side,subject_vehicle,A_ProfileValid,1,0,09LPAN3,285.0,314.0,299.0,139.5,negative_dpd_present
side_imppnt_mismatch,flag_side_imppnt_mismatch,1685,9199,2022,side_impactor,subject_vehicle,A_ProfileValid,1,0,10LPAW3,297.0,136.0,124.0,71.3,side_imppnt_mismatch
side_imppnt_mismatch,flag_side_imppnt_mismatch,1701,9254,2041,side_impactor,subject_vehicle,A_ProfileValid,1,0,10LPEW2,297.0,236.0,240.0,183.3,side_imppnt_mismatch
negative_dpd_present,flag_dpd_negative,1703,9255,2044,side_impactor,subject_vehicle,A_ProfileValid,1,0,10LPEW2,297.0,168.0,145.0,92.1,negative_dpd_present
negative_dpd_present,flag_dpd_negative,1704,9293,2045,side,subject_vehicle,A_ProfileValid,1,0,09LPAN3,285.0,416.0,414.0,232.4,negative_dpd_present
negative_dpd_present,flag_dpd_negative,1734,9324,2080,side_impactor,subject_vehicle,A_ProfileValid,1,0,10LPEW2,297.0,265.0,230.0,181.5,negative_dpd_present
negative_dpd_present,flag_dpd_negative,1735,9325,2081,side,subject_vehicle,A_ProfileValid,1,0,09LPAN3,285.0,384.0,390.0,211.6,negative_dpd_present
negative_dpd_present,flag_dpd_negative,1716,9327,2061,side_impactor,subject_vehicle,A_ProfileValid,1,0,10LPAW3,297.0,144.0,136.0,75.5,negative_dpd_present
side_imppnt_mismatch,flag_side_imppnt_mismatch,1716,9327,2061,side_impactor,subject_vehicle,A_ProfileValid,1,0,10LPAW3,297.0,144.0,136.0,75.5,side_imppnt_mismatch
negative_dpd_present,flag_dpd_negative,1764,9351,2116,side,subject_vehicle,A_ProfileValid,1,0,09LPAN3,285.0,346.0,321.0,166.5,negative_dpd_present
crhdst_dpd_disagreement,flag_crhdst_lt_dpdmax,1768,9471,2123,side_impactor,subject_vehicle,A_ProfileValid,1,0,10LPEW2,297.0,186.0,2075.0,932.5,crhdst_dpd_disagreement
negative_dpd_present,flag_dpd_negative,1768,9471,2123,side_impactor,subject_vehicle,A_ProfileValid,1,0,10LPEW2,297.0,186.0,2075.0,932.5,negative_dpd_present
negative_dpd_present,flag_dpd_negative,1783,9475,2143,side_impactor,subject_vehicle,A_ProfileValid,1,0,09LPEW3,297.0,201.0,201.0,115.5,negative_dpd_present
negative_dpd_present,flag_dpd_negative,1794,9485,2154,side,subject_vehicle,B_ProfilePartial,1,0,LPAN03,0.0,421.0,421.0,138.2,negative_dpd_present
pdof_family_mismatch,flag_pdof_family_mismatch,1794,9485,2154,side,subject_vehicle,B_ProfilePartial,1,0,LPAN03,0.0,421.0,421.0,138.2,pdof_family_mismatch
negative_dpd_present,flag_dpd_negative,1795,9486,2156,side_impactor,subject_vehicle,A_ProfileValid,1,0,09LPEW2,297.0,238.0,238.0,125.2,negative_dpd_present
negative_dpd_present,flag_dpd_negative,1797,9488,2159,side_impactor,subject_vehicle,A_ProfileValid,1,0,10LPAW3,297.0,192.0,191.0,93.6,negative_dpd_present
negative_dpd_present,flag_dpd_negative,1814,9496,2181,side,subject_vehicle,B_ProfilePartial,1,0,09LPAN3,0.0,383.0,383.0,139.1,negative_dpd_present
pdof_family_mismatch,flag_pdof_family_mismatch,1814,9496,2181,side,subject_vehicle,B_ProfilePartial,1,0,09LPAN3,0.0,383.0,383.0,139.1,pdof_family_mismatch
side_imppnt_mismatch,flag_side_imppnt_mismatch,1817,9497,2186,side_impactor,subject_vehicle,A_ProfileValid,1,0,09LYEW2,270.0,260.0,260.0,131.4,side_imppnt_mismatch
negative_dpd_present,flag_dpd_negative,1816,9498,2184,side_impactor,subject_vehicle,A_ProfileValid,1,0,09LPEW3,297.0,230.0,230.0,133.0,negative_dpd_present
negative_dpd_present,flag_dpd_negative,1829,9502,2200,side,subject_vehicle,A_ProfileValid,1,0,09LPAN3,285.0,330.0,330.0,139.3,negative_dpd_present
negative_dpd_present,flag_dpd_negative,1838,9506,2212,side_impactor,subject_vehicle,A_ProfileValid,1,0,09LPEW2,297.0,191.0,191.0,84.8,negative_dpd_present
negative_dpd_present,flag_dpd_negative,1848,9509,2223,side,subject_vehicle,B_ProfilePartial,1,0,09LPAN3,0.0,244.0,244.0,41.3,negative_dpd_present
pdof_family_mismatch,flag_pdof_family_mismatch,1848,9509,2223,side,subject_vehicle,B_ProfilePartial,1,0,09LPAN3,0.0,244.0,244.0,41.3,pdof_family_mismatch
negative_dpd_present,flag_dpd_negative,1869,9513,2245,side_impactor,subject_vehicle,A_ProfileValid,1,0,10LPEW2,297.0,118.0,118.0,41.5,negative_dpd_present
negative_dpd_present,flag_dpd_negative,1870,9514,2246,side,subject_vehicle,A_ProfileValid,1,0,09LPAN3,285.0,338.0,329.0,180.4,negative_dpd_present
negative_dpd_present,flag_dpd_negative,1819,9536,2188,frontal_barrier,subject_vehicle,A_ProfileValid,1,0,12FDEW2,0.0,252.0,252.0,132.3,negative_dpd_present
side_imppnt_mismatch,flag_side_imppnt_mismatch,1910,9551,2289,side,subject_vehicle,A_ProfileValid,1,0,10LPAN3,285.0,348.0,348.0,103.0,side_imppnt_mismatch
negative_dpd_present,flag_dpd_negative,1917,9554,2296,side,subject_vehicle,A_ProfileValid,1,0,09LPAN3,285.0,388.0,388.0,192.2,negative_dpd_present
negative_dpd_present,flag_dpd_negative,1925,9556,2305,side,subject_vehicle,B_ProfilePartial,1,0,09LPAN3,0.0,287.0,287.0,91.6,negative_dpd_present
pdof_family_mismatch,flag_pdof_family_mismatch,1925,9556,2305,side,subject_vehicle,B_ProfilePartial,1,0,09LPAN3,0.0,287.0,287.0,91.6,pdof_family_mismatch
negative_dpd_present,flag_dpd_negative,1940,9559,2322,side,subject_vehicle,A_ProfileValid,1,0,09LPAN3,285.0,303.0,285.0,138.2,negative_dpd_present
negative_dpd_present,flag_dpd_negative,1941,9560,2324,side_impactor,subject_vehicle,A_ProfileValid,1,0,10LPEW2,297.0,194.0,194.0,124.7,negative_dpd_present
side_imppnt_mismatch,flag_side_imppnt_mismatch,1946,9565,2329,side,subject_vehicle,A_ProfileValid,1,0,10LPAN3,285.0,317.0,245.0,81.0,side_imppnt_mismatch
negative_dpd_present,flag_dpd_negative,1980,9588,2373,side_impactor,subject_vehicle,A_ProfileValid,1,0,10LPEW2,297.0,195.0,195.0,131.2,negative_dpd_present
negative_dpd_present,flag_dpd_negative,1989,9590,2383,side,subject_vehicle,B_ProfilePartial,1,0,09LPAN3,0.0,369.0,369.0,122.5,negative_dpd_present
pdof_family_mismatch,flag_pdof_family_mismatch,1989,9590,2383,side,subject_vehicle,B_ProfilePartial,1,0,09LPAN3,0.0,369.0,369.0,122.5,pdof_family_mismatch
negative_dpd_present,flag_dpd_negative,1985,9648,2379,side_impactor,subject_vehicle,A_ProfileValid,1,0,09LPEW2,297.0,239.0,239.0,147.9,negative_dpd_present
negative_dpd_present,flag_dpd_negative,2020,9698,2421,side,subject_vehicle,A_ProfileValid,1,0,09LPAN3,285.0,306.0,307.0,140.0,negative_dpd_present
negative_dpd_present,flag_dpd_negative,2093,9747,2507,side_impactor,subject_vehicle,A_ProfileValid,1,0,10LPEW2,297.0,160.0,160.0,116.7,negative_dpd_present
negative_dpd_present,flag_dpd_negative,2102,9757,2520,frontal_barrier,subject_vehicle,A_ProfileValid,1,0,12FDEWX,0.0,233.0,233.0,145.0,negative_dpd_present
negative_dpd_present,flag_dpd_negative,2115,9779,2538,side,subject_vehicle,A_ProfileValid,1,0,10LPAN3,285.0,320.0,212.0,74.4,negative_dpd_present
side_imppnt_mismatch,flag_side_imppnt_mismatch,2115,9779,2538,side,subject_vehicle,A_ProfileValid,1,0,10LPAN3,285.0,320.0,212.0,74.4,side_imppnt_mismatch
crhdst_dpd_disagreement,flag_crhdst_lt_dpdmax,2054,9783,2462,side,subject_vehicle,A_ProfileValid,1,0,10LPAN3,285.0,274.0,541.0,163.0,crhdst_dpd_disagreement
side_imppnt_mismatch,flag_side_imppnt_mismatch,2054,9783,2462,side,subject_vehicle,A_ProfileValid,1,0,10LPAN3,285.0,274.0,541.0,163.0,side_imppnt_mismatch
side_imppnt_mismatch,flag_side_imppnt_mismatch,2057,9788,2467,side_impactor,subject_vehicle,A_ProfileValid,1,0,,270.0,221.0,203.0,115.4,side_imppnt_mismatch
negative_dpd_present,flag_dpd_negative,2117,9792,2541,side,subject_vehicle,B_ProfilePartial,1,0,09LPAN3,0.0,263.0,263.0,68.5,negative_dpd_present
pdof_family_mismatch,flag_pdof_family_mismatch,2117,9792,2541,side,subject_vehicle,B_ProfilePartial,1,0,09LPAN3,0.0,263.0,263.0,68.5,pdof_family_mismatch
side_imppnt_mismatch,flag_side_imppnt_mismatch,2137,9810,2567,side_impactor,subject_vehicle,A_ProfileValid,1,0,10LPEW2,297.0,155.0,155.0,113.6,side_imppnt_mismatch
negative_dpd_present,flag_dpd_negative,2149,9819,2580,side_impactor,subject_vehicle,A_ProfileValid,1,0,10LPEW2,297.0,144.0,144.0,96.69999999999999,negative_dpd_present
negative_dpd_present,flag_dpd_negative,2153,9940,2586,side_impactor,subject_vehicle,A_ProfileValid,1,0,09LPEW2,270.0,224.0,208.0,118.8,negative_dpd_present
negative_dpd_present,flag_dpd_negative,2151,9941,2582,side,subject_vehicle,A_ProfileValid,1,0,09LPAN3,285.0,327.0,315.0,112.5,negative_dpd_present
side_imppnt_mismatch,flag_side_imppnt_mismatch,2156,9947,2590,side,subject_vehicle,A_ProfileValid,1,0,10LPAN3,285.0,342.0,193.0,56.6,side_imppnt_mismatch
negative_dpd_present,flag_dpd_negative,2164,9962,2599,side_impactor,subject_vehicle,A_ProfileValid,1,0,10LPEW2,297.0,226.0,226.0,140.7,negative_dpd_present
negative_dpd_present,flag_dpd_negative,2180,9971,2619,side,subject_vehicle,A_ProfileValid,1,0,09LPAN3,285.0,324.0,326.0,165.59999999999997,negative_dpd_present
negative_dpd_present,flag_dpd_negative,2188,9974,2630,side,subject_vehicle,B_ProfilePartial,1,0,09LPAN3,0.0,308.0,308.0,68.8,negative_dpd_present
pdof_family_mismatch,flag_pdof_family_mismatch,2188,9974,2630,side,subject_vehicle,B_ProfilePartial,1,0,09LPAN3,0.0,308.0,308.0,68.8,pdof_family_mismatch
negative_dpd_present,flag_dpd_negative,2183,9975,2625,side_impactor,subject_vehicle,A_ProfileValid,1,0,09LPEW2,297.0,193.0,201.0,134.1,negative_dpd_present
negative_dpd_present,flag_dpd_negative,2231,9981,2675,side,subject_vehicle,B_ProfilePartial,1,0,09LPAN3,0.0,265.0,265.0,71.9,negative_dpd_present
pdof_family_mismatch,flag_pdof_family_mismatch,2231,9981,2675,side,subject_vehicle,B_ProfilePartial,1,0,09LPAN3,0.0,265.0,265.0,71.9,pdof_family_mismatch
negative_dpd_present,flag_dpd_negative,2235,9983,2681,side_impactor,subject_vehicle,A_ProfileValid,1,0,09LPEW2,297.0,123.0,86.0,48.8,negative_dpd_present
side_imppnt_mismatch,flag_side_imppnt_mismatch,2237,9985,2683,side,subject_vehicle,A_ProfileValid,1,0,10LPAN3,285.0,330.0,259.0,98.9,side_imppnt_mismatch
negative_dpd_present,flag_dpd_negative,2242,9988,2689,side,subject_vehicle,B_ProfilePartial,1,0,09LPAN3,0.0,342.0,342.0,139.5,negative_dpd_present
pdof_family_mismatch,flag_pdof_family_mismatch,2242,9988,2689,side,subject_vehicle,B_ProfilePartial,1,0,09LPAN3,0.0,342.0,342.0,139.5,pdof_family_mismatch
negative_dpd_present,flag_dpd_negative,2245,9990,2693,side_impactor,subject_vehicle,A_ProfileValid,1,0,09LPEW3,297.0,310.0,329.0,212.5,negative_dpd_present
negative_dpd_present,flag_dpd_negative,2268,10004,2721,side,subject_vehicle,B_ProfilePartial,1,0,09LPAN3,0.0,256.0,256.0,88.0,negative_dpd_present
pdof_family_mismatch,flag_pdof_family_mismatch,2268,10004,2721,side,subject_vehicle,B_ProfilePartial,1,0,09LPAN3,0.0,256.0,256.0,88.0,pdof_family_mismatch
negative_dpd_present,flag_dpd_negative,2277,10032,2731,side_impactor,subject_vehicle,A_ProfileValid,1,0,09LPEW2,297.0,213.0,230.0,157.9,negative_dpd_present
negative_dpd_present,flag_dpd_negative,2276,10033,2729,side,subject_vehicle,B_ProfilePartial,1,0,09LPAN3,0.0,346.0,346.0,85.5,negative_dpd_present
pdof_family_mismatch,flag_pdof_family_mismatch,2276,10033,2729,side,subject_vehicle,B_ProfilePartial,1,0,09LPAN3,0.0,346.0,346.0,85.5,pdof_family_mismatch
negative_dpd_present,flag_dpd_negative,2282,10035,2737,side_impactor,subject_vehicle,A_ProfileValid,1,0,09LPAW3,297.0,233.0,165.0,88.9,negative_dpd_present
negative_dpd_present,flag_dpd_negative,2285,10036,2741,side,subject_vehicle,B_ProfilePartial,1,0,09LPAN3,0.0,414.0,414.0,129.5,negative_dpd_present
pdof_family_mismatch,flag_pdof_family_mismatch,2285,10036,2741,side,subject_vehicle,B_ProfilePartial,1,0,09LPAN3,0.0,414.0,414.0,129.5,pdof_family_mismatch
negative_dpd_present,flag_dpd_negative,2286,10037,2742,side,subject_vehicle,A_ProfileValid,1,0,09LPEW2,285.0,219.0,164.0,65.8,negative_dpd_present
negative_dpd_present,flag_dpd_negative,2283,10038,2739,side_impactor,subject_vehicle,A_ProfileValid,1,0,10LPAW3,297.0,96.0,83.0,44.1,negative_dpd_present
negative_dpd_present,flag_dpd_negative,2290,10047,2747,side,subject_vehicle,B_ProfilePartial,1,0,09LPAN3,0.0,265.0,265.0,18.0,negative_dpd_present
pdof_family_mismatch,flag_pdof_family_mismatch,2290,10047,2747,side,subject_vehicle,B_ProfilePartial,1,0,09LPAN3,0.0,265.0,265.0,18.0,pdof_family_mismatch
negative_dpd_present,flag_dpd_negative,2291,10048,2749,side_impactor,subject_vehicle,A_ProfileValid,1,0,09LPEW3,297.0,190.0,176.0,103.1,negative_dpd_present
side_imppnt_mismatch,flag_side_imppnt_mismatch,2184,10052,2626,side,subject_vehicle,A_ProfileValid,1,0,10LPAN3,285.0,361.0,290.0,106.4,side_imppnt_mismatch
side_imppnt_mismatch,flag_side_imppnt_mismatch,2228,10053,2672,side,subject_vehicle,A_ProfileValid,1,0,10LPAN3,285.0,423.0,344.0,111.7,side_imppnt_mismatch
negative_dpd_present,flag_dpd_negative,2171,10054,2608,side_impactor,subject_vehicle,A_ProfileValid,1,0,,297.0,210.0,186.0,102.4,negative_dpd_present
negative_dpd_present,flag_dpd_negative,2299,10059,2758,side,subject_vehicle,B_ProfilePartial,1,0,09LPAN3,0.0,314.0,314.0,79.8,negative_dpd_present
pdof_family_mismatch,flag_pdof_family_mismatch,2299,10059,2758,side,subject_vehicle,B_ProfilePartial,1,0,09LPAN3,0.0,314.0,314.0,79.8,pdof_family_mismatch
negative_dpd_present,flag_dpd_negative,2362,10073,2826,side,subject_vehicle,B_ProfilePartial,1,0,09LPAN3,0.0,308.0,308.0,93.8,negative_dpd_present
pdof_family_mismatch,flag_pdof_family_mismatch,2362,10073,2826,side,subject_vehicle,B_ProfilePartial,1,0,09LPAN3,0.0,308.0,308.0,93.8,pdof_family_mismatch
negative_dpd_present,flag_dpd_negative,2363,10074,2828,side_impactor,subject_vehicle,A_ProfileValid,1,0,09LPEW2,297.0,123.0,122.0,84.6,negative_dpd_present
negative_dpd_present,flag_dpd_negative,2400,10092,2868,side_impactor,subject_vehicle,A_ProfileValid,1,0,10LPEW2,297.0,218.0,218.0,151.3,negative_dpd_present
negative_dpd_present,flag_dpd_negative,2452,10130,2922,side,subject_vehicle,A_ProfileValid,1,0,09LPAN3,285.0,297.0,293.0,145.0,negative_dpd_present
negative_dpd_present,flag_dpd_negative,2455,10132,2926,side_impactor,subject_vehicle,A_ProfileValid,1,0,10LPEW2,297.0,199.0,199.0,139.9,negative_dpd_present
negative_dpd_present,flag_dpd_negative,2491,10144,2966,side_impactor,subject_vehicle,A_ProfileValid,1,0,10LPEW2,297.0,173.0,173.0,95.7,negative_dpd_present
negative_dpd_present,flag_dpd_negative,2492,10145,2967,side,subject_vehicle,A_ProfileValid,1,0,09LPAN3,285.0,347.0,331.0,184.00000000000003,negative_dpd_present
negative_dpd_present,flag_dpd_negative,2522,10155,3002,side,subject_vehicle,B_ProfilePartial,1,0,09LPAN3,0.0,332.0,350.0,110.8,negative_dpd_present
pdof_family_mismatch,flag_pdof_family_mismatch,2522,10155,3002,side,subject_vehicle,B_ProfilePartial,1,0,09LPAN3,0.0,332.0,350.0,110.8,pdof_family_mismatch
negative_dpd_present,flag_dpd_negative,2523,10158,3003,side,subject_vehicle,A_ProfileValid,1,0,09LPAS3,285.0,294.0,272.0,78.7,negative_dpd_present
negative_dpd_present,flag_dpd_negative,2529,10160,3011,side_impactor,subject_vehicle,A_ProfileValid,1,0,09LPEW2,297.0,249.0,246.0,186.0,negative_dpd_present
negative_dpd_present,flag_dpd_negative,2534,10161,3016,side,subject_vehicle,B_ProfilePartial,1,0,09LPAN3,0.0,289.0,289.0,100.1,negative_dpd_present
pdof_family_mismatch,flag_pdof_family_mismatch,2534,10161,3016,side,subject_vehicle,B_ProfilePartial,1,0,09LPAN3,0.0,289.0,289.0,100.1,pdof_family_mismatch
negative_dpd_present,flag_dpd_negative,2543,10166,3027,side,subject_vehicle,A_ProfileValid,1,0,09LPAN3,285.0,377.0,299.0,144.0,negative_dpd_present
crhdst_dpd_disagreement,flag_crhdst_lt_dpdmax,2552,10169,3037,frontal_barrier,subject_vehicle,A_ProfileValid,1,0,12FDEW1,0.0,242.0,425.0,347.5,crhdst_dpd_disagreement
negative_dpd_present,flag_dpd_negative,2555,10170,3041,side_impactor,subject_vehicle,A_ProfileValid,1,0,10LPAS2,297.0,184.0,178.0,87.9,negative_dpd_present
negative_dpd_present,flag_dpd_negative,2572,10177,3060,side,subject_vehicle,A_ProfileValid,1,0,09LPAN3,285.0,338.0,310.0,158.2,negative_dpd_present
negative_dpd_present,flag_dpd_negative,2578,10181,3068,side_impactor,subject_vehicle,A_ProfileValid,1,0,09LPEW2,297.0,180.0,177.0,116.2,negative_dpd_present
negative_dpd_present,flag_dpd_negative,2580,10182,3070,side,subject_vehicle,B_ProfilePartial,1,0,09LPAN3,0.0,395.0,379.0,104.2,negative_dpd_present
pdof_family_mismatch,flag_pdof_family_mismatch,2580,10182,3070,side,subject_vehicle,B_ProfilePartial,1,0,09LPAN3,0.0,395.0,379.0,104.2,pdof_family_mismatch
negative_dpd_present,flag_dpd_negative,2581,10184,3071,side,subject_vehicle,B_ProfilePartial,1,0,09LPAN3,0.0,323.0,264.0,107.8,negative_dpd_present
pdof_family_mismatch,flag_pdof_family_mismatch,2581,10184,3071,side,subject_vehicle,B_ProfilePartial,1,0,09LPAN3,0.0,323.0,264.0,107.8,pdof_family_mismatch
negative_dpd_present,flag_dpd_negative,2582,10186,3073,side_impactor,subject_vehicle,A_ProfileValid,1,0,09LYEW2,297.0,161.0,158.0,104.9,negative_dpd_present
negative_dpd_present,flag_dpd_negative,2586,10187,3079,side_impactor,subject_vehicle,A_ProfileValid,1,0,09LPEW2,270.0,181.0,132.0,55.0,negative_dpd_present
side_imppnt_mismatch,flag_side_imppnt_mismatch,2585,10190,3077,side_impactor,subject_vehicle,A_ProfileValid,1,0,10LPAS2,297.0,135.0,129.0,78.0,side_imppnt_mismatch
negative_dpd_present,flag_dpd_negative,2620,10318,3115,side,subject_vehicle,A_ProfileValid,1,0,09LPAN3,285.0,252.0,244.0,126.10000000000001,negative_dpd_present
negative_dpd_present,flag_dpd_negative,2625,10324,3122,side,subject_vehicle,B_ProfilePartial,1,0,09LPAN3,0.0,394.0,394.0,128.0,negative_dpd_present
pdof_family_mismatch,flag_pdof_family_mismatch,2625,10324,3122,side,subject_vehicle,B_ProfilePartial,1,0,09LPAN3,0.0,394.0,394.0,128.0,pdof_family_mismatch
negative_dpd_present,flag_dpd_negative,2632,10344,3132,side_impactor,subject_vehicle,A_ProfileValid,1,0,09PLEW2,297.0,76.0,70.0,37.5,negative_dpd_present
negative_dpd_present,flag_dpd_negative,2630,10345,3129,side,subject_vehicle,B_ProfilePartial,1,0,09LPAN3,0.0,321.0,313.0,84.5,negative_dpd_present
pdof_family_mismatch,flag_pdof_family_mismatch,2630,10345,3129,side,subject_vehicle,B_ProfilePartial,1,0,09LPAN3,0.0,321.0,313.0,84.5,pdof_family_mismatch
negative_dpd_present,flag_dpd_negative,2641,10349,3142,frontal_barrier,subject_vehicle,A_ProfileValid,1,0,12FDEW2,0.0,349.0,349.0,237.3,negative_dpd_present
negative_dpd_present,flag_dpd_negative,2665,10352,3167,side,subject_vehicle,B_ProfilePartial,1,0,09LPAN3,0.0,298.0,270.0,81.4,negative_dpd_present
pdof_family_mismatch,flag_pdof_family_mismatch,2665,10352,3167,side,subject_vehicle,B_ProfilePartial,1,0,09LPAN3,0.0,298.0,270.0,81.4,pdof_family_mismatch
negative_dpd_present,flag_dpd_negative,2673,10354,3175,side,subject_vehicle,B_ProfilePartial,1,0,09LPAN3,0.0,293.0,293.0,98.3,negative_dpd_present
pdof_family_mismatch,flag_pdof_family_mismatch,2673,10354,3175,side,subject_vehicle,B_ProfilePartial,1,0,09LPAN3,0.0,293.0,293.0,98.3,pdof_family_mismatch
negative_dpd_present,flag_dpd_negative,2678,10355,3181,side_impactor,subject_vehicle,A_ProfileValid,1,0,09LPEW2,297.0,219.0,219.0,153.0,negative_dpd_present
negative_dpd_present,flag_dpd_negative,2679,10356,3182,side,subject_vehicle,B_ProfilePartial,1,0,09LPAN3,0.0,324.0,324.0,112.4,negative_dpd_present
pdof_family_mismatch,flag_pdof_family_mismatch,2679,10356,3182,side,subject_vehicle,B_ProfilePartial,1,0,09LPAN3,0.0,324.0,324.0,112.4,pdof_family_mismatch
negative_dpd_present,flag_dpd_negative,2683,10357,3187,side_impactor,subject_vehicle,A_ProfileValid,1,0,09LPEW2,297.0,220.0,220.0,156.0,negative_dpd_present
negative_dpd_present,flag_dpd_negative,2705,10364,3211,side_impactor,subject_vehicle,A_ProfileValid,1,0,10LPEW2,297.0,172.0,172.0,136.0,negative_dpd_present
negative_dpd_present,flag_dpd_negative,2706,10365,3212,side,subject_vehicle,A_ProfileValid,1,0,09LPAN3,285.0,284.0,284.0,136.8,negative_dpd_present
negative_dpd_present,flag_dpd_negative,2711,10384,3218,side_impactor,subject_vehicle,A_ProfileValid,1,0,10LPAS2,297.0,176.0,143.0,89.6,negative_dpd_present
negative_dpd_present,flag_dpd_negative,2715,10388,3223,side_impactor,subject_vehicle,A_ProfileValid,1,0,10LPEW2,297.0,176.0,176.0,113.5,negative_dpd_present
negative_dpd_present,flag_dpd_negative,2717,10390,3226,side_impactor,subject_vehicle,A_ProfileValid,1,0,10LPAS2,297.0,219.0,219.0,115.5,negative_dpd_present
lencnt_out_of_range,flag_lencnt_out_of_range,2726,10552,3235,frontal_barrier,subject_vehicle,B_ProfilePartial,1,0,12FDEW2,0.0,722.0,647.0,550.0,lencnt_out_of_range
lencnt_out_of_range,flag_lencnt_out_of_range,2729,10557,3239,frontal_barrier,subject_vehicle,B_ProfilePartial,1,0,12FDEW2,0.0,604.0,599.0,477.7,lencnt_out_of_range
negative_dpd_present,flag_dpd_negative,2730,10558,3240,side,subject_vehicle,A_ProfileValid,1,0,10LPAS4,285.0,527.0,112.0,21.9,negative_dpd_present
negative_dpd_present,flag_dpd_negative,2740,10561,3252,side_impactor,subject_vehicle,A_ProfileValid,1,0,09LPEW2,297.0,151.0,151.0,103.1,negative_dpd_present
negative_dpd_present,flag_dpd_negative,2757,10567,3271,side_impactor,subject_vehicle,A_ProfileValid,1,0,10LPEW2,297.0,205.0,205.0,159.59999999999997,negative_dpd_present
negative_dpd_present,flag_dpd_negative,2794,10637,3311,side,subject_vehicle,A_ProfileValid,1,0,09LPAN3,285.0,360.0,340.0,129.3,negative_dpd_present
side_imppnt_mismatch,flag_side_imppnt_mismatch,2801,10640,3320,side,subject_vehicle,A_ProfileValid,1,0,10LPAN3,285.0,344.0,344.0,109.6,side_imppnt_mismatch
negative_dpd_present,flag_dpd_negative,2797,10644,3315,side,subject_vehicle,A_ProfileValid,1,0,09LPAN3,285.0,338.0,338.0,181.10000000000005,negative_dpd_present
negative_dpd_present,flag_dpd_negative,2806,10649,3327,side,subject_vehicle,B_ProfilePartial,1,0,09LPAN3,0.0,392.0,392.0,124.7,negative_dpd_present
pdof_family_mismatch,flag_pdof_family_mismatch,2806,10649,3327,side,subject_vehicle,B_ProfilePartial,1,0,09LPAN3,0.0,392.0,392.0,124.7,pdof_family_mismatch
negative_dpd_present,flag_dpd_negative,2807,10650,3328,side,subject_vehicle,A_ProfileValid,1,0,09LPAN3,285.0,305.0,305.0,155.6,negative_dpd_present
negative_dpd_present,flag_dpd_negative,2810,10653,3332,side_impactor,subject_vehicle,A_ProfileValid,1,0,09LPEW2,297.0,196.0,196.0,139.7,negative_dpd_present
negative_dpd_present,flag_dpd_negative,2811,10654,3334,side_impactor,subject_vehicle,A_ProfileValid,1,0,10LPEW2,297.0,168.0,168.0,97.8,negative_dpd_present
negative_dpd_present,flag_dpd_negative,2814,10657,3337,side,subject_vehicle,A_ProfileValid,1,0,09LPAN3,285.0,333.0,331.0,172.8,negative_dpd_present
negative_dpd_present,flag_dpd_negative,2815,10658,3339,side_impactor,subject_vehicle,A_ProfileValid,1,0,10LPEW2,297.0,171.0,171.0,112.8,negative_dpd_present
negative_dpd_present,flag_dpd_negative,2820,10662,3345,side,subject_vehicle,B_ProfilePartial,1,0,09LPAN3,0.0,317.0,317.0,99.6,negative_dpd_present
pdof_family_mismatch,flag_pdof_family_mismatch,2820,10662,3345,side,subject_vehicle,B_ProfilePartial,1,0,09LPAN3,0.0,317.0,317.0,99.6,pdof_family_mismatch
negative_dpd_present,flag_dpd_negative,2819,10663,3344,side_impactor,subject_vehicle,A_ProfileValid,1,0,10LPEW2,297.0,164.0,164.0,123.0,negative_dpd_present
side_imppnt_mismatch,flag_side_imppnt_mismatch,2819,10663,3344,side_impactor,subject_vehicle,A_ProfileValid,1,0,10LPEW2,297.0,164.0,164.0,123.0,side_imppnt_mismatch
negative_dpd_present,flag_dpd_negative,2790,10665,3305,side,subject_vehicle,B_ProfilePartial,1,0,,0.0,286.0,286.0,23.4,negative_dpd_present
pdof_family_mismatch,flag_pdof_family_mismatch,2790,10665,3305,side,subject_vehicle,B_ProfilePartial,1,0,,0.0,286.0,286.0,23.4,pdof_family_mismatch
negative_dpd_present,flag_dpd_negative,2791,10666,3307,side_impactor,subject_vehicle,A_ProfileValid,1,0,,297.0,157.0,157.0,92.4,negative_dpd_present
negative_dpd_present,flag_dpd_negative,2822,10670,3349,side_impactor,subject_vehicle,A_ProfileValid,1,0,09LPEW2,297.0,177.0,177.0,102.8,negative_dpd_present
negative_dpd_present,flag_dpd_negative,2832,10683,3361,side_impactor,subject_vehicle,A_ProfileValid,1,0,10LPAS2,297.0,202.0,178.0,77.9,negative_dpd_present
negative_dpd_present,flag_dpd_negative,2833,10684,3362,side,subject_vehicle,A_ProfileValid,1,0,10LPAS3,285.0,324.0,176.0,75.5,negative_dpd_present
negative_dpd_present,flag_dpd_negative,2835,10687,3364,side,subject_vehicle,B_ProfilePartial,1,0,09LPAN3,0.0,296.0,296.0,92.9,negative_dpd_present
pdof_family_mismatch,flag_pdof_family_mismatch,2835,10687,3364,side,subject_vehicle,B_ProfilePartial,1,0,09LPAN3,0.0,296.0,296.0,92.9,pdof_family_mismatch
negative_dpd_present,flag_dpd_negative,2838,10689,3369,side_impactor,subject_vehicle,A_ProfileValid,1,0,09LPEW2,297.0,200.0,200.0,137.2,negative_dpd_present
negative_dpd_present,flag_dpd_negative,2843,10703,3375,side,subject_vehicle,B_ProfilePartial,1,0,09LPAN3,0.0,325.0,325.0,92.8,negative_dpd_present
pdof_family_mismatch,flag_pdof_family_mismatch,2843,10703,3375,side,subject_vehicle,B_ProfilePartial,1,0,09LPAN3,0.0,325.0,325.0,92.8,pdof_family_mismatch
side_imppnt_mismatch,flag_side_imppnt_mismatch,2847,10707,3380,side,subject_vehicle,A_ProfileValid,1,0,09LPAN3,285.0,372.0,375.0,221.1,side_imppnt_mismatch
negative_dpd_present,flag_dpd_negative,2852,10710,3387,side_impactor,subject_vehicle,A_ProfileValid,1,0,10LPAS2,297.0,216.0,209.0,145.2,negative_dpd_present
negative_dpd_present,flag_dpd_negative,2853,10711,3388,side,subject_vehicle,A_ProfileValid,1,0,10LPAS3,285.0,336.0,242.0,98.1,negative_dpd_present
negative_dpd_present,flag_dpd_negative,2849,10715,3383,side,subject_vehicle,B_ProfilePartial,1,0,09LPAN3,0.0,283.0,283.0,132.2,negative_dpd_present
pdof_family_mismatch,flag_pdof_family_mismatch,2849,10715,3383,side,subject_vehicle,B_ProfilePartial,1,0,09LPAN3,0.0,283.0,283.0,132.2,pdof_family_mismatch
negative_dpd_present,flag_dpd_negative,2858,10718,3395,side_impactor,subject_vehicle,A_ProfileValid,1,0,09LPEW2,297.0,191.0,191.0,99.4,negative_dpd_present
negative_dpd_present,flag_dpd_negative,2868,10722,3407,side_impactor,subject_vehicle,A_ProfileValid,1,0,09LPEW2,297.0,180.0,180.0,61.2,negative_dpd_present
side_imppnt_mismatch,flag_side_imppnt_mismatch,2868,10722,3407,side_impactor,subject_vehicle,A_ProfileValid,1,0,09LPEW2,297.0,180.0,180.0,61.2,side_imppnt_mismatch
negative_dpd_present,flag_dpd_negative,2869,10723,3408,side,subject_vehicle,B_ProfilePartial,1,0,09LPAN3,0.0,389.0,389.0,132.2,negative_dpd_present
pdof_family_mismatch,flag_pdof_family_mismatch,2869,10723,3408,side,subject_vehicle,B_ProfilePartial,1,0,09LPAN3,0.0,389.0,389.0,132.2,pdof_family_mismatch
negative_dpd_present,flag_dpd_negative,2881,10764,3424,side_impactor,subject_vehicle,A_ProfileValid,1,0,10LPAS2,297.0,201.0,201.0,125.6,negative_dpd_present
negative_dpd_present,flag_dpd_negative,2882,10765,3425,side,subject_vehicle,A_ProfileValid,1,0,10LPAS3,285.0,288.0,180.0,65.2,negative_dpd_present
negative_dpd_present,flag_dpd_negative,2884,10766,3427,side,subject_vehicle,B_ProfilePartial,1,0,09LPAN3,0.0,309.0,309.0,99.4,negative_dpd_present
pdof_family_mismatch,flag_pdof_family_mismatch,2884,10766,3427,side,subject_vehicle,B_ProfilePartial,1,0,09LPAN3,0.0,309.0,309.0,99.4,pdof_family_mismatch
negative_dpd_present,flag_dpd_negative,2885,10767,3429,side_impactor,subject_vehicle,A_ProfileValid,1,0,10LPAS2,297.0,199.0,188.0,108.6,negative_dpd_present
negative_dpd_present,flag_dpd_negative,2888,10769,3434,side_impactor,subject_vehicle,A_ProfileValid,1,0,09LPEW2,297.0,173.0,173.0,97.2,negative_dpd_present
crhdst_dpd_disagreement,flag_crhdst_lt_dpdmax,2890,10772,3436,side,subject_vehicle,A_ProfileValid,1,0,09LPAN3,285.0,169.0,395.0,227.3,crhdst_dpd_disagreement
negative_dpd_present,flag_dpd_negative,2883,10773,3426,side,subject_vehicle,A_ProfileValid,1,0,10LPAS3,285.0,308.0,203.0,75.9,negative_dpd_present
negative_dpd_present,flag_dpd_negative,2891,10774,3438,side_impactor,subject_vehicle,A_ProfileValid,1,0,10LPAS2,297.0,228.0,216.0,105.9,negative_dpd_present
negative_dpd_present,flag_dpd_negative,2893,10777,3441,side,subject_vehicle,A_ProfileValid,1,0,10LPAS3,285.0,348.0,195.0,27.3,negative_dpd_present
negative_dpd_present,flag_dpd_negative,2895,10779,3443,side,subject_vehicle,A_ProfileValid,1,0,10LPAS3,285.0,335.0,225.0,56.1,negative_dpd_present
negative_dpd_present,flag_dpd_negative,2896,10780,3445,side_impactor,subject_vehicle,A_ProfileValid,1,0,10LPAS2,297.0,155.0,152.0,70.4,negative_dpd_present
negative_dpd_present,flag_dpd_negative,2907,10791,3457,side,subject_vehicle,A_ProfileValid,1,0,09LPAN3,285.0,383.0,370.0,182.7,negative_dpd_present
side_imppnt_mismatch,flag_side_imppnt_mismatch,2907,10791,3457,side,subject_vehicle,A_ProfileValid,1,0,09LPAN3,285.0,383.0,370.0,182.7,side_imppnt_mismatch
side_imppnt_mismatch,flag_side_imppnt_mismatch,2904,10792,3454,side_impactor,subject_vehicle,A_ProfileValid,1,0,10LPEW2,297.0,144.0,144.0,88.8,side_imppnt_mismatch
lencnt_out_of_range,flag_lencnt_out_of_range,2923,10797,3475,frontal_barrier,subject_vehicle,B_ProfilePartial,1,0,12FDEW2,0.0,709.0,635.0,481.8,lencnt_out_of_range
side_imppnt_mismatch,flag_side_imppnt_mismatch,2925,10798,3478,side_impactor,subject_vehicle,A_ProfileValid,1,0,10LPEW2,297.0,177.0,177.0,138.4,side_imppnt_mismatch
negative_dpd_present,flag_dpd_negative,2804,10805,3324,side,subject_vehicle,B_ProfilePartial,1,0,,0.0,140.0,20.0,-54.6,negative_dpd_present
cmean_negative,flag_cmean_negative,2804,10805,3324,side,subject_vehicle,B_ProfilePartial,1,0,,0.0,140.0,20.0,-54.6,cmean_negative
pdof_family_mismatch,flag_pdof_family_mismatch,2804,10805,3324,side,subject_vehicle,B_ProfilePartial,1,0,,0.0,140.0,20.0,-54.6,pdof_family_mismatch
negative_dpd_present,flag_dpd_negative,2934,10821,3490,side,subject_vehicle,A_ProfileValid,1,0,09LPAN3,285.0,320.0,246.0,95.4,negative_dpd_present
side_imppnt_mismatch,flag_side_imppnt_mismatch,2934,10821,3490,side,subject_vehicle,A_ProfileValid,1,0,09LPAN3,285.0,320.0,246.0,95.4,side_imppnt_mismatch
side_imppnt_mismatch,flag_side_imppnt_mismatch,2938,10827,3497,side_impactor,subject_vehicle,A_ProfileValid,1,0,10LPEW2,297.0,171.0,171.0,130.4,side_imppnt_mismatch
negative_dpd_present,flag_dpd_negative,2939,10828,3498,side,subject_vehicle,A_ProfileValid,1,0,09LPAN3,285.0,194.0,192.0,81.9,negative_dpd_present
negative_dpd_present,flag_dpd_negative,2948,10834,3509,side,subject_vehicle,B_ProfilePartial,1,0,09LPAN3,0.0,334.0,334.0,92.6,negative_dpd_present
pdof_family_mismatch,flag_pdof_family_mismatch,2948,10834,3509,side,subject_vehicle,B_ProfilePartial,1,0,09LPAN3,0.0,334.0,334.0,92.6,pdof_family_mismatch
negative_dpd_present,flag_dpd_negative,2949,10835,3511,side_impactor,subject_vehicle,A_ProfileValid,1,0,09LPEW2,297.0,199.0,199.0,112.3,negative_dpd_present
side_imppnt_mismatch,flag_side_imppnt_mismatch,2953,10839,3516,side_impactor,subject_vehicle,A_ProfileValid,1,0,10LPEW2,297.0,249.0,249.0,177.9,side_imppnt_mismatch
negative_dpd_present,flag_dpd_negative,2954,10846,3517,side,subject_vehicle,A_ProfileValid,1,0,10LPAS3,285.0,356.0,235.0,94.5,negative_dpd_present
negative_dpd_present,flag_dpd_negative,2941,10849,3500,side,subject_vehicle,B_ProfilePartial,1,0,,0.0,252.0,252.0,81.1,negative_dpd_present
pdof_family_mismatch,flag_pdof_family_mismatch,2941,10849,3500,side,subject_vehicle,B_ProfilePartial,1,0,,0.0,252.0,252.0,81.1,pdof_family_mismatch
negative_dpd_present,flag_dpd_negative,2947,10850,3508,side,subject_vehicle,B_ProfilePartial,1,0,,0.0,318.0,318.0,97.4,negative_dpd_present
pdof_family_mismatch,flag_pdof_family_mismatch,2947,10850,3508,side,subject_vehicle,B_ProfilePartial,1,0,,0.0,318.0,318.0,97.4,pdof_family_mismatch
negative_dpd_present,flag_dpd_negative,2956,10911,3519,side,subject_vehicle,A_ProfileValid,1,0,10LPAS3,285.0,350.0,223.0,87.9,negative_dpd_present
negative_dpd_present,flag_dpd_negative,2957,10912,3521,side_impactor,subject_vehicle,A_ProfileValid,1,0,10LPAS2,297.0,194.0,194.0,98.6,negative_dpd_present
negative_dpd_present,flag_dpd_negative,2958,10913,3523,side_impactor,subject_vehicle,A_ProfileValid,1,0,10LPAS2,297.0,165.0,156.0,80.4,negative_dpd_present
side_imppnt_mismatch,flag_side_imppnt_mismatch,2958,10913,3523,side_impactor,subject_vehicle,A_ProfileValid,1,0,10LPAS2,297.0,165.0,156.0,80.4,side_imppnt_mismatch
side_imppnt_mismatch,flag_side_imppnt_mismatch,2960,10915,3526,side_impactor,subject_vehicle,A_ProfileValid,1,0,10LPEW2,297.0,207.0,207.0,157.9,side_imppnt_mismatch
negative_dpd_present,flag_dpd_negative,2961,10916,3527,side,subject_vehicle,A_ProfileValid,1,0,09LPAN3,285.0,329.0,329.0,180.2,negative_dpd_present
negative_dpd_present,flag_dpd_negative,2964,10923,3530,side,subject_vehicle,B_ProfilePartial,1,0,09LPAN3,0.0,342.0,342.0,81.7,negative_dpd_present
pdof_family_mismatch,flag_pdof_family_mismatch,2964,10923,3530,side,subject_vehicle,B_ProfilePartial,1,0,09LPAN3,0.0,342.0,342.0,81.7,pdof_family_mismatch
negative_dpd_present,flag_dpd_negative,2971,10926,3540,side_impactor,subject_vehicle,A_ProfileValid,1,0,10LPAS2,297.0,211.0,211.0,122.5,negative_dpd_present
negative_dpd_present,flag_dpd_negative,2972,10927,3541,side,subject_vehicle,A_ProfileValid,1,0,10LPAS3,285.0,250.0,132.0,45.9,negative_dpd_present
negative_dpd_present,flag_dpd_negative,2975,10960,3545,side,subject_vehicle,A_ProfileValid,1,0,09LPAN3,285.0,433.0,421.0,158.4,negative_dpd_present
side_imppnt_mismatch,flag_side_imppnt_mismatch,2980,10964,3551,side_impactor,subject_vehicle,A_ProfileValid,1,0,10LPEW2,297.0,277.0,273.0,203.10000000000002,side_imppnt_mismatch
negative_dpd_present,flag_dpd_negative,2982,10965,3554,side_impactor,subject_vehicle,A_ProfileValid,1,0,09LPEW2,297.0,172.0,172.0,85.3,negative_dpd_present
negative_dpd_present,flag_dpd_negative,2984,10967,3556,side,subject_vehicle,B_ProfilePartial,1,0,09LPAN3,0.0,280.0,280.0,93.9,negative_dpd_present
pdof_family_mismatch,flag_pdof_family_mismatch,2984,10967,3556,side,subject_vehicle,B_ProfilePartial,1,0,09LPAN3,0.0,280.0,280.0,93.9,pdof_family_mismatch
side_imppnt_mismatch,flag_side_imppnt_mismatch,2985,10968,3558,side_impactor,subject_vehicle,A_ProfileValid,1,0,10LPEW2,297.0,217.0,186.0,149.0,side_imppnt_mismatch
negative_dpd_present,flag_dpd_negative,2989,10972,3563,side_impactor,subject_vehicle,A_ProfileValid,1,0,10LPAS2,297.0,151.0,144.0,78.3,negative_dpd_present
negative_dpd_present,flag_dpd_negative,2990,10973,3564,side,subject_vehicle,A_ProfileValid,1,0,10LPAS2,285.0,264.0,219.0,54.2,negative_dpd_present
negative_dpd_present,flag_dpd_negative,2996,10978,3571,side_impactor,subject_vehicle,A_ProfileValid,1,0,10LPAS2,297.0,194.0,168.0,93.7,negative_dpd_present
negative_dpd_present,flag_dpd_negative,2998,10980,3574,side,subject_vehicle,A_ProfileValid,1,0,10LPAS2,285.0,309.0,182.0,75.0,negative_dpd_present
negative_dpd_present,flag_dpd_negative,3001,10981,3578,side_impactor,subject_vehicle,A_ProfileValid,1,0,10LPEW2,297.0,255.0,237.0,159.0,negative_dpd_present
side_imppnt_mismatch,flag_side_imppnt_mismatch,3001,10981,3578,side_impactor,subject_vehicle,A_ProfileValid,1,0,10LPEW2,297.0,255.0,237.0,159.0,side_imppnt_mismatch
negative_dpd_present,flag_dpd_negative,3003,10983,3580,side,subject_vehicle,A_ProfileValid,1,0,09LPAN3,285.0,320.0,286.0,174.6,negative_dpd_present
negative_dpd_present,flag_dpd_negative,3012,10984,3589,side,subject_vehicle,B_ProfilePartial,1,0,09LPAN3,0.0,263.0,263.0,96.2,negative_dpd_present
pdof_family_mismatch,flag_pdof_family_mismatch,3012,10984,3589,side,subject_vehicle,B_ProfilePartial,1,0,09LPAN3,0.0,263.0,263.0,96.2,pdof_family_mismatch
side_imppnt_mismatch,flag_side_imppnt_mismatch,3020,10987,3599,side,subject_vehicle,A_ProfileValid,1,0,10LPAN3,285.0,321.0,268.0,95.0,side_imppnt_mismatch
negative_dpd_present,flag_dpd_negative,3019,10989,3598,side,subject_vehicle,A_ProfileValid,1,0,10LPAS3,285.0,349.0,241.0,81.2,negative_dpd_present
negative_dpd_present,flag_dpd_negative,3014,10991,3592,side,subject_vehicle,A_ProfileValid,1,0,09LPAN3,285.0,358.0,352.0,198.1,negative_dpd_present
side_imppnt_mismatch,flag_side_imppnt_mismatch,3021,10992,3601,side_impactor,subject_vehicle,A_ProfileValid,1,0,10LPEW2,297.0,287.0,234.0,161.1,side_imppnt_mismatch
negative_dpd_present,flag_dpd_negative,3023,10995,3604,side_impactor,subject_vehicle,A_ProfileValid,1,0,10LPAS2,297.0,210.0,187.0,142.4,negative_dpd_present
negative_dpd_present,flag_dpd_negative,3025,10997,3606,side,subject_vehicle,B_ProfilePartial,1,0,09LPAN3,0.0,359.0,359.0,109.7,negative_dpd_present
pdof_family_mismatch,flag_pdof_family_mismatch,3025,10997,3606,side,subject_vehicle,B_ProfilePartial,1,0,09LPAN3,0.0,359.0,359.0,109.7,pdof_family_mismatch
negative_dpd_present,flag_dpd_negative,3028,11045,3610,side,subject_vehicle,B_ProfilePartial,1,0,09LPAN3,0.0,312.0,312.0,97.8,negative_dpd_present
pdof_family_mismatch,flag_pdof_family_mismatch,3028,11045,3610,side,subject_vehicle,B_ProfilePartial,1,0,09LPAN3,0.0,312.0,312.0,97.8,pdof_family_mismatch
side_imppnt_mismatch,flag_side_imppnt_mismatch,3034,11048,3618,side_impactor,subject_vehicle,A_ProfileValid,1,0,10LPEW2,297.0,229.0,200.0,150.6,side_imppnt_mismatch
pdof_family_mismatch,flag_pdof_family_mismatch,3036,11051,3620,side,subject_vehicle,B_ProfilePartial,1,0,09LPAN3,0.0,308.0,308.0,103.1,pdof_family_mismatch
negative_dpd_present,flag_dpd_negative,3041,11052,3626,side_impactor,subject_vehicle,A_ProfileValid,1,0,09LPEW2,297.0,221.0,221.0,110.6,negative_dpd_present
negative_dpd_present,flag_dpd_negative,3043,11054,3628,side,subject_vehicle,B_ProfilePartial,1,0,09LPAN3,0.0,313.0,313.0,84.1,negative_dpd_present
pdof_family_mismatch,flag_pdof_family_mismatch,3043,11054,3628,side,subject_vehicle,B_ProfilePartial,1,0,09LPAN3,0.0,313.0,313.0,84.1,pdof_family_mismatch
negative_dpd_present,flag_dpd_negative,3044,11055,3630,side_impactor,subject_vehicle,A_ProfileValid,1,0,09LPEW2,297.0,218.0,218.0,113.6,negative_dpd_present
negative_dpd_present,flag_dpd_negative,3015,11062,3593,side,subject_vehicle,B_ProfilePartial,1,0,,0.0,418.0,418.0,189.8,negative_dpd_present
pdof_family_mismatch,flag_pdof_family_mismatch,3015,11062,3593,side,subject_vehicle,B_ProfilePartial,1,0,,0.0,418.0,418.0,189.8,pdof_family_mismatch
negative_dpd_present,flag_dpd_negative,3046,11063,3632,side,subject_vehicle,B_ProfilePartial,1,0,09LPAN3,0.0,330.0,330.0,115.8,negative_dpd_present
pdof_family_mismatch,flag_pdof_family_mismatch,3046,11063,3632,side,subject_vehicle,B_ProfilePartial,1,0,09LPAN3,0.0,330.0,330.0,115.8,pdof_family_mismatch
negative_dpd_present,flag_dpd_negative,3050,11065,3637,side_impactor,subject_vehicle,A_ProfileValid,1,0,09LPEW2,297.0,139.0,139.0,73.4,negative_dpd_present
side_imppnt_mismatch,flag_side_imppnt_mismatch,3050,11065,3637,side_impactor,subject_vehicle,A_ProfileValid,1,0,09LPEW2,297.0,139.0,139.0,73.4,side_imppnt_mismatch
negative_dpd_present,flag_dpd_negative,3067,11067,3656,side,subject_vehicle,B_ProfilePartial,1,0,09LPAN3,0.0,338.0,338.0,96.9,negative_dpd_present
pdof_family_mismatch,flag_pdof_family_mismatch,3067,11067,3656,side,subject_vehicle,B_ProfilePartial,1,0,09LPAN3,0.0,338.0,338.0,96.9,pdof_family_mismatch
negative_dpd_present,flag_dpd_negative,3076,11071,3667,side_impactor,subject_vehicle,A_ProfileValid,1,0,09LPEW2,297.0,236.0,236.0,132.3,negative_dpd_present
negative_dpd_present,flag_dpd_negative,3083,11072,3674,side,subject_vehicle,B_ProfilePartial,1,0,10LPAN3,0.0,282.0,282.0,79.6,negative_dpd_present
pdof_family_mismatch,flag_pdof_family_mismatch,3083,11072,3674,side,subject_vehicle,B_ProfilePartial,1,0,10LPAN3,0.0,282.0,282.0,79.6,pdof_family_mismatch
negative_dpd_present,flag_dpd_negative,3093,11076,3686,side,subject_vehicle,B_ProfilePartial,1,0,09LPAN3,0.0,251.0,251.0,99.2,negative_dpd_present
pdof_family_mismatch,flag_pdof_family_mismatch,3093,11076,3686,side,subject_vehicle,B_ProfilePartial,1,0,09LPAN3,0.0,251.0,251.0,99.2,pdof_family_mismatch
side_imppnt_mismatch,flag_side_imppnt_mismatch,3103,11080,3697,side_impactor,subject_vehicle,A_ProfileValid,1,0,10LPEW2,297.0,195.0,159.0,133.0,side_imppnt_mismatch
negative_dpd_present,flag_dpd_negative,3110,11127,3705,side_impactor,subject_vehicle,A_ProfileValid,1,0,10LPEW2,297.0,207.0,207.0,140.2,negative_dpd_present
negative_dpd_present,flag_dpd_negative,3084,11135,3676,side_impactor,subject_vehicle,A_ProfileValid,1,0,,297.0,168.0,168.0,92.0,negative_dpd_present
side_imppnt_mismatch,flag_side_imppnt_mismatch,3084,11135,3676,side_impactor,subject_vehicle,A_ProfileValid,1,0,,297.0,168.0,168.0,92.0,side_imppnt_mismatch
negative_dpd_present,flag_dpd_negative,3138,11153,3737,side_impactor,subject_vehicle,A_ProfileValid,1,0,09LPEW2,297.0,236.0,236.0,132.3,negative_dpd_present
negative_dpd_present,flag_dpd_negative,3140,11154,3739,side,subject_vehicle,B_ProfilePartial,1,0,09LPAN3,0.0,366.0,366.0,110.3,negative_dpd_present
pdof_family_mismatch,flag_pdof_family_mismatch,3140,11154,3739,side,subject_vehicle,B_ProfilePartial,1,0,09LPAN3,0.0,366.0,366.0,110.3,pdof_family_mismatch
negative_dpd_present,flag_dpd_negative,3147,11159,3747,side,subject_vehicle,B_ProfilePartial,1,0,09LPAN3,0.0,431.0,431.0,155.9,negative_dpd_present
pdof_family_mismatch,flag_pdof_family_mismatch,3147,11159,3747,side,subject_vehicle,B_ProfilePartial,1,0,09LPAN3,0.0,431.0,431.0,155.9,pdof_family_mismatch
negative_dpd_present,flag_dpd_negative,3145,11160,3745,side_impactor,subject_vehicle,A_ProfileValid,1,0,09LPEW2,297.0,288.0,288.0,122.7,negative_dpd_present
side_imppnt_mismatch,flag_side_imppnt_mismatch,3145,11160,3745,side_impactor,subject_vehicle,A_ProfileValid,1,0,09LPEW2,297.0,288.0,288.0,122.7,side_imppnt_mismatch
negative_dpd_present,flag_dpd_negative,3148,11161,3748,side,subject_vehicle,A_ProfileValid,1,0,10LPAS3,285.0,320.0,225.0,92.0,negative_dpd_present
negative_dpd_present,flag_dpd_negative,3150,11162,3751,side_impactor,subject_vehicle,A_ProfileValid,1,0,10LPAS2,297.0,181.0,143.0,90.8,negative_dpd_present
negative_dpd_present,flag_dpd_negative,3186,11290,3797,side,subject_vehicle,A_ProfileValid,1,0,09LPAN3,285.0,316.0,300.0,147.7,negative_dpd_present
negative_dpd_present,flag_dpd_negative,3187,11292,3799,side_impactor,subject_vehicle,A_ProfileValid,1,0,10LPAS2,297.0,195.0,192.0,114.2,negative_dpd_present
negative_dpd_present,flag_dpd_negative,3179,11293,3788,side_impactor,subject_vehicle,A_ProfileValid,1,0,10LPEW2,297.0,214.0,169.0,108.6,negative_dpd_present
negative_dpd_present,flag_dpd_negative,3190,11294,3802,side,subject_vehicle,A_ProfileValid,1,0,10LPAS2,285.0,184.0,84.0,32.4,negative_dpd_present
pdof_family_mismatch,flag_pdof_family_mismatch,3208,11344,3822,side,subject_vehicle,B_ProfilePartial,1,0,09LPAN3,0.0,330.0,330.0,121.9,pdof_family_mismatch
negative_dpd_present,flag_dpd_negative,3212,11353,3827,side,subject_vehicle,A_ProfileValid,1,0,09LPAN3,285.0,305.0,288.0,149.5,negative_dpd_present
negative_dpd_present,flag_dpd_negative,3218,11357,3836,side_impactor,subject_vehicle,A_ProfileValid,1,0,09LPEW2,297.0,184.0,184.0,85.7,negative_dpd_present
negative_dpd_present,flag_dpd_negative,3219,11358,3837,side,subject_vehicle,B_ProfilePartial,1,0,09LPAN3,0.0,284.0,284.0,86.3,negative_dpd_present
pdof_family_mismatch,flag_pdof_family_mismatch,3219,11358,3837,side,subject_vehicle,B_ProfilePartial,1,0,09LPAN3,0.0,284.0,284.0,86.3,pdof_family_mismatch
negative_dpd_present,flag_dpd_negative,3226,11359,3844,side,subject_vehicle,B_ProfilePartial,1,0,09LPAN3,0.0,376.0,376.0,147.5,negative_dpd_present
pdof_family_mismatch,flag_pdof_family_mismatch,3226,11359,3844,side,subject_vehicle,B_ProfilePartial,1,0,09LPAN3,0.0,376.0,376.0,147.5,pdof_family_mismatch
negative_dpd_present,flag_dpd_negative,3230,11360,3849,side_impactor,subject_vehicle,A_ProfileValid,1,0,09LPEW2,297.0,240.0,240.0,170.7,negative_dpd_present
negative_dpd_present,flag_dpd_negative,3242,11375,3861,side,subject_vehicle,A_ProfileValid,1,0,10LPAS3,285.0,294.0,292.0,93.6,negative_dpd_present
negative_dpd_present,flag_dpd_negative,3262,11381,3884,side,subject_vehicle,B_ProfilePartial,1,0,09LPAN3,0.0,300.0,300.0,88.4,negative_dpd_present
pdof_family_mismatch,flag_pdof_family_mismatch,3262,11381,3884,side,subject_vehicle,B_ProfilePartial,1,0,09LPAN3,0.0,300.0,300.0,88.4,pdof_family_mismatch
negative_dpd_present,flag_dpd_negative,3265,11382,3889,side_impactor,subject_vehicle,A_ProfileValid,1,0,09LPEW2,297.0,136.0,136.0,73.1,negative_dpd_present
side_imppnt_mismatch,flag_side_imppnt_mismatch,3265,11382,3889,side_impactor,subject_vehicle,A_ProfileValid,1,0,09LPEW2,297.0,136.0,136.0,73.1,side_imppnt_mismatch
negative_dpd_present,flag_dpd_negative,3266,11384,3890,side,subject_vehicle,A_ProfileValid,1,0,10LPAS3,285.0,300.0,278.0,85.7,negative_dpd_present
negative_dpd_present,flag_dpd_negative,3268,11387,3893,side,subject_vehicle,B_ProfilePartial,1,0,09LPAN3,0.0,354.0,354.0,119.9,negative_dpd_present
pdof_family_mismatch,flag_pdof_family_mismatch,3268,11387,3893,side,subject_vehicle,B_ProfilePartial,1,0,09LPAN3,0.0,354.0,354.0,119.9,pdof_family_mismatch
negative_dpd_present,flag_dpd_negative,3275,11393,3903,side_impactor,subject_vehicle,A_ProfileValid,1,0,10LPEW2,297.0,197.0,185.0,123.4,negative_dpd_present
lencnt_out_of_range,flag_lencnt_out_of_range,3280,11399,3909,frontal_barrier,subject_vehicle,B_ProfilePartial,1,0,12FDEW4,0.0,755.0,753.0,646.1999999999999,lencnt_out_of_range
negative_dpd_present,flag_dpd_negative,3282,11486,3912,side_impactor,subject_vehicle,A_ProfileValid,1,0,10LPEW2,297.0,216.0,203.0,148.5,negative_dpd_present
negative_dpd_present,flag_dpd_negative,3284,11487,3914,side,subject_vehicle,B_ProfilePartial,1,0,09LPAN3,0.0,366.0,366.0,120.1,negative_dpd_present
pdof_family_mismatch,flag_pdof_family_mismatch,3284,11487,3914,side,subject_vehicle,B_ProfilePartial,1,0,09LPAN3,0.0,366.0,366.0,120.1,pdof_family_mismatch
negative_dpd_present,flag_dpd_negative,3283,11489,3913,side,subject_vehicle,A_ProfileValid,1,0,09LPAN3,285.0,297.0,297.0,142.29999999999998,negative_dpd_present
negative_dpd_present,flag_dpd_negative,3289,11494,3921,side,subject_vehicle,A_ProfileValid,1,0,09LPAN3,285.0,334.0,327.0,156.0,negative_dpd_present
negative_dpd_present,flag_dpd_negative,3291,11498,3923,side,subject_vehicle,A_ProfileValid,1,0,10LPAS3,285.0,326.0,326.0,142.3,negative_dpd_present
negative_dpd_present,flag_dpd_negative,3293,11570,3927,side_impactor,subject_vehicle,A_ProfileValid,1,0,10LPAS2,297.0,194.0,194.0,105.0,negative_dpd_present
negative_dpd_present,flag_dpd_negative,3306,11577,3944,side,subject_vehicle,A_ProfileValid,1,0,09LPAN3,285.0,288.0,283.0,150.50000000000003,negative_dpd_present
negative_dpd_present,flag_dpd_negative,3310,11581,3949,side_impactor,subject_vehicle,A_ProfileValid,1,0,10LPEW2,297.0,192.0,187.0,148.9,negative_dpd_present
negative_dpd_present,flag_dpd_negative,3316,11585,3956,side_impactor,subject_vehicle,A_ProfileValid,1,0,10LPEW2,297.0,163.0,145.0,113.6,negative_dpd_present
negative_dpd_present,flag_dpd_negative,3318,11586,3959,side,subject_vehicle,A_ProfileValid,1,0,09LPAN3,285.0,297.0,294.0,134.6,negative_dpd_present
negative_dpd_present,flag_dpd_negative,3319,11587,3961,side_impactor,subject_vehicle,A_ProfileValid,1,0,09LPEW2,297.0,195.0,195.0,117.7,negative_dpd_present
negative_dpd_present,flag_dpd_negative,3320,11588,3962,side,subject_vehicle,B_ProfilePartial,1,0,09LPAN3,0.0,348.0,348.0,183.9,negative_dpd_present
pdof_family_mismatch,flag_pdof_family_mismatch,3320,11588,3962,side,subject_vehicle,B_ProfilePartial,1,0,09LPAN3,0.0,348.0,348.0,183.9,pdof_family_mismatch
negative_dpd_present,flag_dpd_negative,3324,11592,3967,side,subject_vehicle,A_ProfileValid,1,0,09LPAN3,285.0,356.0,307.0,115.7,negative_dpd_present
negative_dpd_present,flag_dpd_negative,3325,11593,3968,side,subject_vehicle,A_ProfileValid,1,0,09LPAN3,285.0,327.0,247.0,135.1,negative_dpd_present
negative_dpd_present,flag_dpd_negative,3329,11595,3973,side,subject_vehicle,A_ProfileValid,1,0,09LPAN3,285.0,424.0,353.0,171.9,negative_dpd_present
negative_dpd_present,flag_dpd_negative,3339,11622,3986,side_impactor,subject_vehicle,A_ProfileValid,1,0,09LPEW2,297.0,176.0,176.0,70.9,negative_dpd_present
negative_dpd_present,flag_dpd_negative,3333,11626,3978,side,subject_vehicle,B_ProfilePartial,1,0,,0.0,119.0,119.0,31.0,negative_dpd_present
pdof_family_mismatch,flag_pdof_family_mismatch,3333,11626,3978,side,subject_vehicle,B_ProfilePartial,1,0,,0.0,119.0,119.0,31.0,pdof_family_mismatch
negative_dpd_present,flag_dpd_negative,3341,11627,3988,side,subject_vehicle,A_ProfileValid,1,0,10LPAS2,285.0,160.0,128.0,46.4,negative_dpd_present
negative_dpd_present,flag_dpd_negative,3348,11661,3996,side_impactor,subject_vehicle,A_ProfileValid,1,0,10LPEW2,297.0,271.0,157.0,108.0,negative_dpd_present
crhdst_dpd_disagreement,flag_crhdst_lt_dpdmax,3350,11663,3998,frontal_barrier,subject_vehicle,A_ProfileValid,1,0,12FDEW3,0.0,520.0,628.0,593.7,crhdst_dpd_disagreement
negative_dpd_present,flag_dpd_negative,3376,11667,4025,side,subject_vehicle,A_ProfileValid,1,0,09LPAN3,285.0,340.0,332.0,173.9,negative_dpd_present
negative_dpd_present,flag_dpd_negative,2520,11824,3000,side_impactor,subject_vehicle,A_ProfileValid,1,0,10LPEW2,297.0,197.0,197.0,148.0,negative_dpd_present
negative_dpd_present,flag_dpd_negative,2521,11825,3001,side,subject_vehicle,A_ProfileValid,1,0,09LPAN3,285.0,367.0,353.0,195.39999999999998,negative_dpd_present
lencnt_out_of_range,flag_lencnt_out_of_range,2317,11827,2778,frontal_barrier,subject_vehicle,D_DeltaOnly,0,0,0,0.0,0.0,,,lencnt_out_of_range
damdst_out_of_range,flag_damdst_out_of_range,3379,14048,4029,frontal_barrier,subject_vehicle,B_ProfilePartial,1,0,12FDEW2,0.0,602.0,385.0,353.0,damdst_out_of_range
negative_dpd_present,flag_dpd_negative,3378,14049,4028,side_impactor,subject_vehicle,A_ProfileValid,1,0,10LPEW2,297.0,144.0,122.0,86.5,negative_dpd_present
negative_dpd_present,flag_dpd_negative,3380,14050,4030,side,subject_vehicle,A_ProfileValid,1,0,09LPAN3,285.0,295.0,293.0,156.0,negative_dpd_present
negative_dpd_present,flag_dpd_negative,3383,14052,4034,side,subject_vehicle,A_ProfileValid,1,0,09LPAN3,285.0,289.0,283.0,133.5,negative_dpd_present
negative_dpd_present,flag_dpd_negative,3385,14055,4037,side_impactor,subject_vehicle,A_ProfileValid,1,0,09LPEW2,297.0,201.0,201.0,117.1,negative_dpd_present
negative_dpd_present,flag_dpd_negative,3389,14057,4042,side,subject_vehicle,B_ProfilePartial,1,0,09LPAN3,0.0,149.0,149.0,50.8,negative_dpd_present
pdof_family_mismatch,flag_pdof_family_mismatch,3389,14057,4042,side,subject_vehicle,B_ProfilePartial,1,0,09LPAN3,0.0,149.0,149.0,50.8,pdof_family_mismatch
negative_dpd_present,flag_dpd_negative,3402,14061,4057,side,subject_vehicle,A_ProfileValid,1,0,09LPAN3,285.0,349.0,349.0,186.2,negative_dpd_present
negative_dpd_present,flag_dpd_negative,3424,14076,4081,side,subject_vehicle,B_ProfilePartial,1,0,09LPAN3,0.0,184.0,184.0,41.6,negative_dpd_present
pdof_family_mismatch,flag_pdof_family_mismatch,3424,14076,4081,side,subject_vehicle,B_ProfilePartial,1,0,09LPAN3,0.0,184.0,184.0,41.6,pdof_family_mismatch
negative_dpd_present,flag_dpd_negative,3425,14078,4083,side_impactor,subject_vehicle,A_ProfileValid,1,0,09LPEW2,297.0,160.0,160.0,94.5,negative_dpd_present
negative_dpd_present,flag_dpd_negative,3426,14079,4085,side_impactor,subject_vehicle,A_ProfileValid,1,0,10LPAS2,297.0,139.0,139.0,82.7,negative_dpd_present
negative_dpd_present,flag_dpd_negative,3431,14083,4090,side,subject_vehicle,A_ProfileValid,1,0,10LPAS3,285.0,298.0,155.0,61.8,negative_dpd_present
negative_dpd_present,flag_dpd_negative,3434,14088,4093,side,subject_vehicle,B_ProfilePartial,1,0,09LPAN3,0.0,338.0,338.0,106.9,negative_dpd_present
pdof_family_mismatch,flag_pdof_family_mismatch,3434,14088,4093,side,subject_vehicle,B_ProfilePartial,1,0,09LPAN3,0.0,338.0,338.0,106.9,pdof_family_mismatch
negative_dpd_present,flag_dpd_negative,3435,14089,4095,side_impactor,subject_vehicle,A_ProfileValid,1,0,09LPEW2,297.0,187.0,187.0,125.4,negative_dpd_present
negative_dpd_present,flag_dpd_negative,3438,14092,4099,side,subject_vehicle,B_ProfilePartial,1,0,09LPAN3,0.0,197.0,197.0,63.1,negative_dpd_present
pdof_family_mismatch,flag_pdof_family_mismatch,3438,14092,4099,side,subject_vehicle,B_ProfilePartial,1,0,09LPAN3,0.0,197.0,197.0,63.1,pdof_family_mismatch
negative_dpd_present,flag_dpd_negative,3442,14097,4104,side_impactor,subject_vehicle,A_ProfileValid,1,0,10LPAS2,297.0,262.0,250.0,153.8,negative_dpd_present
negative_dpd_present,flag_dpd_negative,3443,14098,4105,side,subject_vehicle,A_ProfileValid,1,0,10LPAS3,285.0,250.0,250.0,67.5,negative_dpd_present
negative_dpd_present,flag_dpd_negative,3446,14128,4109,side,subject_vehicle,B_ProfilePartial,1,0,09LPAN3,0.0,312.0,312.0,83.8,negative_dpd_present
pdof_family_mismatch,flag_pdof_family_mismatch,3446,14128,4109,side,subject_vehicle,B_ProfilePartial,1,0,09LPAN3,0.0,312.0,312.0,83.8,pdof_family_mismatch
negative_dpd_present,flag_dpd_negative,3445,14212,4108,side_impactor,subject_vehicle,A_ProfileValid,1,0,09LPEW2,297.0,170.0,170.0,88.7,negative_dpd_present
crhdst_dpd_disagreement,flag_crhdst_lt_dpdmax,3449,14214,4112,frontal_barrier,subject_vehicle,A_ProfileValid,1,0,12FDEW1,0.0,476.0,610.0,567.0,crhdst_dpd_disagreement
negative_dpd_present,flag_dpd_negative,3451,14215,4115,side,subject_vehicle,B_ProfilePartial,1,0,09LPAN3,0.0,184.0,184.0,36.4,negative_dpd_present
pdof_family_mismatch,flag_pdof_family_mismatch,3451,14215,4115,side,subject_vehicle,B_ProfilePartial,1,0,09LPAN3,0.0,184.0,184.0,36.4,pdof_family_mismatch
negative_dpd_present,flag_dpd_negative,3452,14216,4117,side_impactor,subject_vehicle,A_ProfileValid,1,0,09LPEW2,297.0,214.0,214.0,111.5,negative_dpd_present
negative_dpd_present,flag_dpd_negative,3454,14217,4119,side,subject_vehicle,B_ProfilePartial,1,0,09LPAN3,0.0,249.0,249.0,72.2,negative_dpd_present
pdof_family_mismatch,flag_pdof_family_mismatch,3454,14217,4119,side,subject_vehicle,B_ProfilePartial,1,0,09LPAN3,0.0,249.0,249.0,72.2,pdof_family_mismatch
crhdst_dpd_disagreement,flag_crhdst_lt_dpdmax,3460,14242,4127,frontal_barrier,subject_vehicle,A_ProfileValid,1,0,12FDEW2,0.0,533.0,608.0,522.8000000000001,crhdst_dpd_disagreement
negative_dpd_present,flag_dpd_negative,3464,14247,4131,side,subject_vehicle,A_ProfileValid,1,0,09LPAN3,285.0,343.0,342.0,157.5,negative_dpd_present
side_imppnt_mismatch,flag_side_imppnt_mismatch,3464,14247,4131,side,subject_vehicle,A_ProfileValid,1,0,09LPAN3,285.0,343.0,342.0,157.5,side_imppnt_mismatch
negative_dpd_present,flag_dpd_negative,3473,14250,4144,side,subject_vehicle,B_ProfilePartial,1,0,09LPAN3,0.0,153.0,153.0,33.9,negative_dpd_present
pdof_family_mismatch,flag_pdof_family_mismatch,3473,14250,4144,side,subject_vehicle,B_ProfilePartial,1,0,09LPAN3,0.0,153.0,153.0,33.9,pdof_family_mismatch
negative_dpd_present,flag_dpd_negative,3475,14251,4147,side_impactor,subject_vehicle,A_ProfileValid,1,0,09LPEW2,297.0,166.0,166.0,108.1,negative_dpd_present
negative_dpd_present,flag_dpd_negative,3477,14253,4150,side_impactor,subject_vehicle,A_ProfileValid,1,0,10LPAS2,297.0,180.0,167.0,90.0,negative_dpd_present
side_imppnt_mismatch,flag_side_imppnt_mismatch,3477,14253,4150,side_impactor,subject_vehicle,A_ProfileValid,1,0,10LPAS2,297.0,180.0,167.0,90.0,side_imppnt_mismatch
negative_dpd_present,flag_dpd_negative,3479,14254,4152,side,subject_vehicle,A_ProfileValid,1,0,10LPAS3,285.0,257.0,185.0,-58.4,negative_dpd_present
cmean_negative,flag_cmean_negative,3479,14254,4152,side,subject_vehicle,A_ProfileValid,1,0,10LPAS3,285.0,257.0,185.0,-58.4,cmean_negative
crhdst_dpd_disagreement,flag_crhdst_lt_dpdmax,3485,14258,4159,frontal_barrier,subject_vehicle,A_ProfileValid,1,0,12FDEW3,0.0,470.0,527.0,408.70000000000005,crhdst_dpd_disagreement
negative_dpd_present,flag_dpd_negative,3487,14260,4162,side,subject_vehicle,A_ProfileValid,1,0,09LPAN3,285.0,293.0,284.0,144.7,negative_dpd_present
negative_dpd_present,flag_dpd_negative,3486,14261,4161,side_impactor,subject_vehicle,A_ProfileValid,1,0,10LPEW2,297.0,176.0,151.0,117.0,negative_dpd_present
negative_dpd_present,flag_dpd_negative,3497,14265,4176,side,subject_vehicle,B_ProfilePartial,1,0,09LPAN3,0.0,214.0,214.0,64.7,negative_dpd_present
pdof_family_mismatch,flag_pdof_family_mismatch,3497,14265,4176,side,subject_vehicle,B_ProfilePartial,1,0,09LPAN3,0.0,214.0,214.0,64.7,pdof_family_mismatch
negative_dpd_present,flag_dpd_negative,3492,14267,4169,side,subject_vehicle,A_ProfileValid,1,0,10LPAS3,285.0,364.0,230.0,91.5,negative_dpd_present
negative_dpd_present,flag_dpd_negative,3491,14268,4168,side_impactor,subject_vehicle,A_ProfileValid,1,0,10LPAS2,297.0,222.0,207.0,122.1,negative_dpd_present
negative_dpd_present,flag_dpd_negative,3507,14274,4190,side_impactor,subject_vehicle,A_ProfileValid,1,0,09LPEW2,297.0,165.0,165.0,112.3,negative_dpd_present
negative_dpd_present,flag_dpd_negative,3511,14276,4195,side,subject_vehicle,B_ProfilePartial,1,0,09LPAN3,0.0,358.0,319.0,128.4,negative_dpd_present
pdof_family_mismatch,flag_pdof_family_mismatch,3511,14276,4195,side,subject_vehicle,B_ProfilePartial,1,0,09LPAN3,0.0,358.0,319.0,128.4,pdof_family_mismatch
negative_dpd_present,flag_dpd_negative,3510,14277,4194,side,subject_vehicle,A_ProfileValid,1,0,10LPAS3,285.0,364.0,207.0,69.5,negative_dpd_present
negative_dpd_present,flag_dpd_negative,3517,14278,4203,side,subject_vehicle,B_ProfilePartial,1,0,09LPAN3,0.0,334.0,334.0,98.6,negative_dpd_present
pdof_family_mismatch,flag_pdof_family_mismatch,3517,14278,4203,side,subject_vehicle,B_ProfilePartial,1,0,09LPAN3,0.0,334.0,334.0,98.6,pdof_family_mismatch
negative_dpd_present,flag_dpd_negative,3515,14279,4201,side_impactor,subject_vehicle,A_ProfileValid,1,0,09LPEW2,297.0,200.0,200.0,100.2,negative_dpd_present
negative_dpd_present,flag_dpd_negative,3512,14284,4197,side_impactor,subject_vehicle,A_ProfileValid,1,0,10LPAS3,297.0,229.0,229.0,119.2,negative_dpd_present
side_imppnt_mismatch,flag_side_imppnt_mismatch,3512,14284,4197,side_impactor,subject_vehicle,A_ProfileValid,1,0,10LPAS3,297.0,229.0,229.0,119.2,side_imppnt_mismatch
negative_dpd_present,flag_dpd_negative,3524,14285,4212,side,subject_vehicle,B_ProfilePartial,1,0,09LPAN3,0.0,281.0,281.0,89.1,negative_dpd_present
pdof_family_mismatch,flag_pdof_family_mismatch,3524,14285,4212,side,subject_vehicle,B_ProfilePartial,1,0,09LPAN3,0.0,281.0,281.0,89.1,pdof_family_mismatch
negative_dpd_present,flag_dpd_negative,3525,14286,4214,side_impactor,subject_vehicle,A_ProfileValid,1,0,09LPEW2,297.0,231.0,231.0,111.2,negative_dpd_present
negative_dpd_present,flag_dpd_negative,3526,14288,4215,side,subject_vehicle,A_ProfileValid,1,0,10LPAS3,285.0,379.0,224.0,55.7,negative_dpd_present
crhdst_dpd_disagreement,flag_crhdst_lt_dpdmax,3503,14290,4184,frontal_barrier,subject_vehicle,A_ProfileValid,1,0,12FDEW3,0.0,568.0,634.0,577.1999999999999,crhdst_dpd_disagreement
negative_dpd_present,flag_dpd_negative,3499,14291,4179,side,subject_vehicle,A_ProfileValid,1,0,09LPAN3,285.0,293.0,263.0,99.6,negative_dpd_present
negative_dpd_present,flag_dpd_negative,3504,14293,4185,side,subject_vehicle,A_ProfileValid,1,0,09LPAN3,285.0,325.0,305.0,111.6,negative_dpd_present
negative_dpd_present,flag_dpd_negative,3522,14297,4210,side_impactor,subject_vehicle,A_ProfileValid,1,0,10LPAS2,297.0,223.0,211.0,129.6,negative_dpd_present
negative_dpd_present,flag_dpd_negative,3544,14320,4241,side,subject_vehicle,A_ProfileValid,1,0,09LPAN3,285.0,347.0,326.0,163.7,negative_dpd_present
side_imppnt_mismatch,flag_side_imppnt_mismatch,3544,14320,4241,side,subject_vehicle,A_ProfileValid,1,0,09LPAN3,285.0,347.0,326.0,163.7,side_imppnt_mismatch
negative_dpd_present,flag_dpd_negative,3534,14364,4225,side,subject_vehicle,A_ProfileValid,1,0,09LPAN3,285.0,320.0,320.0,155.1,negative_dpd_present
negative_dpd_present,flag_dpd_negative,3558,14380,4260,side,subject_vehicle,A_ProfileValid,1,0,09LPAN3,270.0,188.0,188.0,49.7,negative_dpd_present
crhdst_dpd_disagreement,flag_crhdst_lt_dpdmax,3551,14381,4250,frontal_barrier,subject_vehicle,A_ProfileValid,1,0,12FDEW3,0.0,487.0,656.0,602.9000000000001,crhdst_dpd_disagreement
negative_dpd_present,flag_dpd_negative,3560,14382,4263,side,subject_vehicle,A_ProfileValid,1,0,10LPAS3,285.0,347.0,325.0,104.7,negative_dpd_present
negative_dpd_present,flag_dpd_negative,3561,14383,4265,side_impactor,subject_vehicle,A_ProfileValid,1,0,10LPAS2,297.0,158.0,134.0,62.4,negative_dpd_present
negative_dpd_present,flag_dpd_negative,3542,14388,4238,side_impactor,subject_vehicle,A_ProfileValid,1,0,10LPEW2,297.0,186.0,166.0,109.8,negative_dpd_present
negative_dpd_present,flag_dpd_negative,3594,14428,4308,side_impactor,subject_vehicle,A_ProfileValid,1,0,09LPEW2,297.0,159.0,159.0,77.1,negative_dpd_present
negative_dpd_present,flag_dpd_negative,3595,14429,4309,side,subject_vehicle,B_ProfilePartial,1,0,09LPAN3,0.0,225.0,225.0,86.1,negative_dpd_present
pdof_family_mismatch,flag_pdof_family_mismatch,3595,14429,4309,side,subject_vehicle,B_ProfilePartial,1,0,09LPAN3,0.0,225.0,225.0,86.1,pdof_family_mismatch
negative_dpd_present,flag_dpd_negative,3605,14432,4322,side,subject_vehicle,A_ProfileValid,1,0,10LPAS3,285.0,336.0,336.0,84.8,negative_dpd_present
negative_dpd_present,flag_dpd_negative,3604,14434,4321,side,subject_vehicle,B_ProfilePartial,1,0,09LPAN3,0.0,290.0,290.0,106.8,negative_dpd_present
pdof_family_mismatch,flag_pdof_family_mismatch,3604,14434,4321,side,subject_vehicle,B_ProfilePartial,1,0,09LPAN3,0.0,290.0,290.0,106.8,pdof_family_mismatch
negative_dpd_present,flag_dpd_negative,3603,14435,4320,side_impactor,subject_vehicle,A_ProfileValid,1,0,09LPEW2,297.0,191.0,191.0,103.9,negative_dpd_present
negative_dpd_present,flag_dpd_negative,3555,14436,4257,side_impactor,subject_vehicle,A_ProfileValid,1,0,09LPEW2,297.0,139.0,139.0,102.1,negative_dpd_present
negative_dpd_present,flag_dpd_negative,3556,14437,4258,side,subject_vehicle,B_ProfilePartial,1,0,09LPAN3,0.0,326.0,326.0,103.0,negative_dpd_present
pdof_family_mismatch,flag_pdof_family_mismatch,3556,14437,4258,side,subject_vehicle,B_ProfilePartial,1,0,09LPAN3,0.0,326.0,326.0,103.0,pdof_family_mismatch
negative_dpd_present,flag_dpd_negative,3619,14440,4340,side_impactor,subject_vehicle,A_ProfileValid,1,0,10LPAS2,297.0,154.0,144.0,93.9,negative_dpd_present
negative_dpd_present,flag_dpd_negative,3577,14450,4285,side,subject_vehicle,B_ProfilePartial,1,0,09LPAN3,0.0,284.0,284.0,83.9,negative_dpd_present
pdof_family_mismatch,flag_pdof_family_mismatch,3577,14450,4285,side,subject_vehicle,B_ProfilePartial,1,0,09LPAN3,0.0,284.0,284.0,83.9,pdof_family_mismatch
negative_dpd_present,flag_dpd_negative,3578,14451,4287,side_impactor,subject_vehicle,A_ProfileValid,1,0,09LPEW2,297.0,171.0,171.0,85.9,negative_dpd_present
negative_dpd_present,flag_dpd_negative,3581,14459,4291,side_impactor,subject_vehicle,A_ProfileValid,1,0,09LPEW2,297.0,191.0,191.0,112.9,negative_dpd_present
negative_dpd_present,flag_dpd_negative,3582,14460,4292,side,subject_vehicle,B_ProfilePartial,1,0,,0.0,290.0,290.0,93.9,negative_dpd_present
pdof_family_mismatch,flag_pdof_family_mismatch,3582,14460,4292,side,subject_vehicle,B_ProfilePartial,1,0,,0.0,290.0,290.0,93.9,pdof_family_mismatch
negative_dpd_present,flag_dpd_negative,3608,14463,4327,side_impactor,subject_vehicle,A_ProfileValid,1,0,10LPAS2,297.0,212.0,195.0,130.2,negative_dpd_present
negative_dpd_present,flag_dpd_negative,3573,14464,4281,side_impactor,subject_vehicle,A_ProfileValid,1,0,10LPEW2,297.0,211.0,180.0,121.3,negative_dpd_present
negative_dpd_present,flag_dpd_negative,3644,14467,4371,side_impactor,subject_vehicle,A_ProfileValid,1,0,10LPAS2,297.0,116.0,94.0,54.3,negative_dpd_present
negative_dpd_present,flag_dpd_negative,3642,14468,4368,side,subject_vehicle,A_ProfileValid,1,0,10LPAS3,285.0,322.0,320.0,105.8,negative_dpd_present
negative_dpd_present,flag_dpd_negative,3616,14469,4336,side,subject_vehicle,A_ProfileValid,1,0,09LPAN3,285.0,367.0,354.0,182.0,negative_dpd_present
side_imppnt_mismatch,flag_side_imppnt_mismatch,3616,14469,4336,side,subject_vehicle,A_ProfileValid,1,0,09LPAN3,285.0,367.0,354.0,182.0,side_imppnt_mismatch
negative_dpd_present,flag_dpd_negative,3667,14482,4399,side_impactor,subject_vehicle,A_ProfileValid,1,0,10LPEW2,297.0,222.0,221.0,156.2,negative_dpd_present
negative_dpd_present,flag_dpd_negative,3707,14494,4446,side,subject_vehicle,A_ProfileValid,1,0,09LPAN3,285.0,374.0,349.0,125.3,negative_dpd_present
negative_dpd_present,flag_dpd_negative,3721,14501,4463,side_impactor,subject_vehicle,A_ProfileValid,1,0,09LPEW2,297.0,204.0,204.0,112.6,negative_dpd_present
side_imppnt_mismatch,flag_side_imppnt_mismatch,3721,14501,4463,side_impactor,subject_vehicle,A_ProfileValid,1,0,09LPEW2,297.0,204.0,204.0,112.6,side_imppnt_mismatch
negative_dpd_present,flag_dpd_negative,3722,14505,4464,side,subject_vehicle,B_ProfilePartial,1,0,10LPAN3,0.0,183.0,183.0,39.9,negative_dpd_present
pdof_family_mismatch,flag_pdof_family_mismatch,3722,14505,4464,side,subject_vehicle,B_ProfilePartial,1,0,10LPAN3,0.0,183.0,183.0,39.9,pdof_family_mismatch
negative_dpd_present,flag_dpd_negative,3727,14507,4471,side,subject_vehicle,B_ProfilePartial,1,0,10LPAN3,0.0,286.0,286.0,100.3,negative_dpd_present
pdof_family_mismatch,flag_pdof_family_mismatch,3727,14507,4471,side,subject_vehicle,B_ProfilePartial,1,0,10LPAN3,0.0,286.0,286.0,100.3,pdof_family_mismatch
negative_dpd_present,flag_dpd_negative,3625,14973,4347,side,subject_vehicle,A_ProfileValid,1,0,09LPAN3,285.0,362.0,360.0,186.4,negative_dpd_present
side_imppnt_mismatch,flag_side_imppnt_mismatch,3650,14988,4378,side_impactor,subject_vehicle,A_ProfileValid,1,0,09LPEW2,297.0,188.0,188.0,94.2,side_imppnt_mismatch
negative_dpd_present,flag_dpd_negative,3651,14989,4379,side,subject_vehicle,B_ProfilePartial,1,0,09LPAN3,0.0,331.0,331.0,110.1,negative_dpd_present
pdof_family_mismatch,flag_pdof_family_mismatch,3651,14989,4379,side,subject_vehicle,B_ProfilePartial,1,0,09LPAN3,0.0,331.0,331.0,110.1,pdof_family_mismatch
negative_dpd_present,flag_dpd_negative,3660,14997,4390,side,subject_vehicle,B_ProfilePartial,1,0,09LPAN3,0.0,204.0,204.0,58.6,negative_dpd_present
pdof_family_mismatch,flag_pdof_family_mismatch,3660,14997,4390,side,subject_vehicle,B_ProfilePartial,1,0,09LPAN3,0.0,204.0,204.0,58.6,pdof_family_mismatch
negative_dpd_present,flag_dpd_negative,3597,15002,4312,side_impactor,subject_vehicle,A_ProfileValid,1,0,10LPEW2,297.0,157.0,155.0,113.3,negative_dpd_present
negative_dpd_present,flag_dpd_negative,3598,15003,4313,side,subject_vehicle,A_ProfileValid,1,0,09LPAN3,285.0,259.0,236.0,84.5,negative_dpd_present
negative_dpd_present,flag_dpd_negative,3601,15006,4317,side_impactor,subject_vehicle,A_ProfileValid,1,0,10LPEW2,297.0,181.0,181.0,123.3,negative_dpd_present
negative_dpd_present,flag_dpd_negative,3680,15008,4414,side,subject_vehicle,B_ProfilePartial,1,0,09LPAN3,0.0,303.0,303.0,122.1,negative_dpd_present
pdof_family_mismatch,flag_pdof_family_mismatch,3680,15008,4414,side,subject_vehicle,B_ProfilePartial,1,0,09LPAN3,0.0,303.0,303.0,122.1,pdof_family_mismatch
negative_dpd_present,flag_dpd_negative,3635,15022,4360,side_impactor,subject_vehicle,A_ProfileValid,1,0,10LPEW2,297.0,232.0,229.0,164.3,negative_dpd_present
negative_dpd_present,flag_dpd_negative,3696,15025,4432,side,subject_vehicle,B_ProfilePartial,1,0,09LPAN3,0.0,210.0,210.0,56.6,negative_dpd_present
pdof_family_mismatch,flag_pdof_family_mismatch,3696,15025,4432,side,subject_vehicle,B_ProfilePartial,1,0,09LPAN3,0.0,210.0,210.0,56.6,pdof_family_mismatch
negative_dpd_present,flag_dpd_negative,3643,15028,4369,side,subject_vehicle,A_ProfileValid,1,0,09LPAN3,285.0,248.0,248.0,125.9,negative_dpd_present
negative_dpd_present,flag_dpd_negative,3704,15030,4441,side,subject_vehicle,B_ProfilePartial,1,0,09LPAN3,0.0,326.0,326.0,100.9,negative_dpd_present
pdof_family_mismatch,flag_pdof_family_mismatch,3704,15030,4441,side,subject_vehicle,B_ProfilePartial,1,0,09LPAN3,0.0,326.0,326.0,100.9,pdof_family_mismatch
negative_dpd_present,flag_dpd_negative,3706,15031,4445,side_impactor,subject_vehicle,A_ProfileValid,1,0,10LPEW2,297.0,204.0,193.0,120.1,negative_dpd_present
side_imppnt_mismatch,flag_side_imppnt_mismatch,3705,15033,4443,side_impactor,subject_vehicle,A_ProfileValid,1,0,09LPEW2,297.0,189.0,189.0,91.4,side_imppnt_mismatch
negative_dpd_present,flag_dpd_negative,3732,15049,4477,side,subject_vehicle,A_ProfileValid,1,0,10LPAS3,285.0,320.0,190.0,75.3,negative_dpd_present
side_imppnt_mismatch,flag_side_imppnt_mismatch,3733,15063,4479,side_impactor,subject_vehicle,A_ProfileValid,1,0,10LPAS2,297.0,209.0,199.0,139.5,side_imppnt_mismatch
negative_dpd_present,flag_dpd_negative,3742,15066,4491,side_impactor,subject_vehicle,A_ProfileValid,1,0,10LPAS2,297.0,195.0,195.0,99.3,negative_dpd_present
side_imppnt_mismatch,flag_side_imppnt_mismatch,3742,15066,4491,side_impactor,subject_vehicle,A_ProfileValid,1,0,10LPAS2,297.0,195.0,195.0,99.3,side_imppnt_mismatch
negative_dpd_present,flag_dpd_negative,3743,15067,4492,side,subject_vehicle,A_ProfileValid,1,0,10LPAS3,285.0,349.0,202.0,67.4,negative_dpd_present
negative_dpd_present,flag_dpd_negative,3747,15071,4497,side,subject_vehicle,A_ProfileValid,1,0,10LPAS2,285.0,195.0,71.0,24.0,negative_dpd_present
negative_dpd_present,flag_dpd_negative,3749,15072,4499,side,subject_vehicle,B_ProfilePartial,1,0,10LPAN3,0.0,402.0,402.0,148.8,negative_dpd_present
pdof_family_mismatch,flag_pdof_family_mismatch,3749,15072,4499,side,subject_vehicle,B_ProfilePartial,1,0,10LPAN3,0.0,402.0,402.0,148.8,pdof_family_mismatch
negative_dpd_present,flag_dpd_negative,3751,15076,4503,side_impactor,subject_vehicle,A_ProfileValid,1,0,10LPEW2,297.0,232.0,229.0,147.6,negative_dpd_present
lencnt_out_of_range,flag_lencnt_out_of_range,3754,15081,4507,frontal_barrier,subject_vehicle,B_ProfilePartial,1,0,12FDEW2,0.0,532.0,532.0,510.4,lencnt_out_of_range
negative_dpd_present,flag_dpd_negative,3755,15084,4509,side_impactor,subject_vehicle,A_ProfileValid,1,0,10LPAS3,297.0,233.0,230.0,135.2,negative_dpd_present
negative_dpd_present,flag_dpd_negative,3753,15090,4506,side_impactor,subject_vehicle,A_ProfileValid,1,0,10LPAS2,297.0,216.0,216.0,101.1,negative_dpd_present
side_imppnt_mismatch,flag_side_imppnt_mismatch,3753,15090,4506,side_impactor,subject_vehicle,A_ProfileValid,1,0,10LPAS2,297.0,216.0,216.0,101.1,side_imppnt_mismatch
negative_dpd_present,flag_dpd_negative,3760,15093,4516,side_impactor,subject_vehicle,A_ProfileValid,1,0,10LPEW2,297.0,194.0,186.0,130.8,negative_dpd_present
negative_dpd_present,flag_dpd_negative,3762,15095,4519,side,subject_vehicle,A_ProfileValid,1,0,09LPAN3,285.0,164.0,153.0,68.7,negative_dpd_present
negative_dpd_present,flag_dpd_negative,3761,15096,4518,side_impactor,subject_vehicle,A_ProfileValid,1,0,10LPAS2,297.0,177.0,171.0,114.7,negative_dpd_present
negative_dpd_present,flag_dpd_negative,3776,15179,4539,side_impactor,subject_vehicle,A_ProfileValid,1,0,09LPEW2,297.0,170.0,170.0,85.0,negative_dpd_present
negative_dpd_present,flag_dpd_negative,3778,15183,4541,side,subject_vehicle,A_ProfileValid,1,0,09LPAN3,285.0,178.0,163.0,29.1,negative_dpd_present
negative_dpd_present,flag_dpd_negative,3779,15200,4542,side,subject_vehicle,A_ProfileValid,1,0,10LPAS3,285.0,387.0,219.0,114.9,negative_dpd_present
negative_dpd_present,flag_dpd_negative,3784,15238,4548,side,subject_vehicle,B_ProfilePartial,1,0,10LPAN3,0.0,379.0,379.0,117.3,negative_dpd_present
pdof_family_mismatch,flag_pdof_family_mismatch,3784,15238,4548,side,subject_vehicle,B_ProfilePartial,1,0,10LPAN3,0.0,379.0,379.0,117.3,pdof_family_mismatch
negative_dpd_present,flag_dpd_negative,3788,15251,4553,side,subject_vehicle,A_ProfileValid,1,0,10LPEW2,297.0,152.0,109.0,65.8,negative_dpd_present
negative_dpd_present,flag_dpd_negative,3782,15252,4546,side,subject_vehicle,B_ProfilePartial,1,0,10LPAN3,0.0,335.0,335.0,96.5,negative_dpd_present
pdof_family_mismatch,flag_pdof_family_mismatch,3782,15252,4546,side,subject_vehicle,B_ProfilePartial,1,0,10LPAN3,0.0,335.0,335.0,96.5,pdof_family_mismatch
negative_dpd_present,flag_dpd_negative,3763,15253,4520,side,subject_vehicle,A_ProfileValid,1,0,10LPAS3,285.0,362.0,362.0,95.0,negative_dpd_present
negative_dpd_present,flag_dpd_negative,3773,15260,4534,side,subject_vehicle,B_ProfilePartial,1,0,10LPAN3,0.0,205.0,208.0,46.8,negative_dpd_present
pdof_family_mismatch,flag_pdof_family_mismatch,3773,15260,4534,side,subject_vehicle,B_ProfilePartial,1,0,10LPAN3,0.0,205.0,208.0,46.8,pdof_family_mismatch
negative_dpd_present,flag_dpd_negative,3789,15263,4555,side_impactor,subject_vehicle,A_ProfileValid,1,0,09LPEW2,297.0,271.0,271.0,139.5,negative_dpd_present
negative_dpd_present,flag_dpd_negative,3794,15264,4563,side_impactor,subject_vehicle,A_ProfileValid,1,0,10LPEW2,297.0,172.0,160.0,109.4,negative_dpd_present
negative_dpd_present,flag_dpd_negative,3802,15300,4573,side,subject_vehicle,B_ProfilePartial,1,0,10LPAN3,0.0,431.0,431.0,143.1,negative_dpd_present
pdof_family_mismatch,flag_pdof_family_mismatch,3802,15300,4573,side,subject_vehicle,B_ProfilePartial,1,0,10LPAN3,0.0,431.0,431.0,143.1,pdof_family_mismatch
negative_dpd_present,flag_dpd_negative,3801,15301,4572,side_impactor,subject_vehicle,A_ProfileValid,1,0,09LPEW2,297.0,130.0,130.0,72.0,negative_dpd_present
negative_dpd_present,flag_dpd_negative,3799,15303,4569,side_impactor,subject_vehicle,A_ProfileValid,1,0,10LPAS2,297.0,161.0,148.0,104.1,negative_dpd_present
side_imppnt_mismatch,flag_side_imppnt_mismatch,3799,15303,4569,side_impactor,subject_vehicle,A_ProfileValid,1,0,10LPAS2,297.0,161.0,148.0,104.1,side_imppnt_mismatch
pdof_family_mismatch,flag_pdof_family_mismatch,3806,15304,4578,side,subject_vehicle,B_ProfilePartial,1,0,10LPAN3,0.0,379.0,379.0,148.2,pdof_family_mismatch
negative_dpd_present,flag_dpd_negative,3804,15306,4576,side_impactor,subject_vehicle,A_ProfileValid,1,0,09LPEW2,297.0,182.0,182.0,84.8,negative_dpd_present
negative_dpd_present,flag_dpd_negative,3805,15307,4577,side,subject_vehicle,A_ProfileValid,1,0,10LPAS3,285.0,352.0,352.0,93.9,negative_dpd_present
negative_dpd_present,flag_dpd_negative,3808,15308,4582,side_impactor,subject_vehicle,A_ProfileValid,1,0,10LPEW2,297.0,159.0,154.0,103.1,negative_dpd_present
negative_dpd_present,flag_dpd_negative,3809,15309,4583,side,subject_vehicle,A_ProfileValid,1,0,09LPAN3,285.0,287.0,287.0,131.6,negative_dpd_present
negative_dpd_present,flag_dpd_negative,3812,15313,4586,side,subject_vehicle,A_ProfileValid,1,0,10LPAS2,285.0,188.0,114.0,44.4,negative_dpd_present
negative_dpd_present,flag_dpd_negative,3815,15314,4590,side_impactor,subject_vehicle,A_ProfileValid,1,0,10LPAS2,297.0,93.0,50.0,31.5,negative_dpd_present
negative_dpd_present,flag_dpd_negative,3817,15320,4593,side_impactor,subject_vehicle,A_ProfileValid,1,0,09LPEW2,297.0,155.0,155.0,95.2,negative_dpd_present
negative_dpd_present,flag_dpd_negative,3819,15321,4596,side,subject_vehicle,B_ProfilePartial,1,0,10LPAN3,0.0,264.0,264.0,78.2,negative_dpd_present
pdof_family_mismatch,flag_pdof_family_mismatch,3819,15321,4596,side,subject_vehicle,B_ProfilePartial,1,0,10LPAN3,0.0,264.0,264.0,78.2,pdof_family_mismatch
negative_dpd_present,flag_dpd_negative,3822,15325,4599,side,subject_vehicle,A_ProfileValid,1,0,10LPAS3,285.0,322.0,322.0,79.1,negative_dpd_present
side_imppnt_mismatch,flag_side_imppnt_mismatch,3824,15327,4603,side_impactor,subject_vehicle,A_ProfileValid,1,0,10LPAS2,297.0,199.0,156.0,107.4,side_imppnt_mismatch
side_imppnt_mismatch,flag_side_imppnt_mismatch,3826,15329,4606,side_impactor,subject_vehicle,A_ProfileValid,1,0,10LPAS2,297.0,172.0,165.0,113.7,side_imppnt_mismatch
negative_dpd_present,flag_dpd_negative,3841,15350,4627,side,subject_vehicle,B_ProfilePartial,1,0,09LPAN3,0.0,319.0,319.0,95.6,negative_dpd_present
pdof_family_mismatch,flag_pdof_family_mismatch,3841,15350,4627,side,subject_vehicle,B_ProfilePartial,1,0,09LPAN3,0.0,319.0,319.0,95.6,pdof_family_mismatch
negative_dpd_present,flag_dpd_negative,3842,15351,4629,side_impactor,subject_vehicle,A_ProfileValid,1,0,09LYEW2,297.0,107.0,107.0,69.0,negative_dpd_present
negative_dpd_present,flag_dpd_negative,3533,15361,4224,side,subject_vehicle,B_ProfilePartial,1,0,,0.0,268.0,43.0,-79.9,negative_dpd_present
cmean_negative,flag_cmean_negative,3533,15361,4224,side,subject_vehicle,B_ProfilePartial,1,0,,0.0,268.0,43.0,-79.9,cmean_negative
pdof_family_mismatch,flag_pdof_family_mismatch,3533,15361,4224,side,subject_vehicle,B_ProfilePartial,1,0,,0.0,268.0,43.0,-79.9,pdof_family_mismatch
negative_dpd_present,flag_dpd_negative,3576,15362,4284,side,subject_vehicle,B_ProfilePartial,1,0,,0.0,315.0,20.0,-99.8,negative_dpd_present
cmean_negative,flag_cmean_negative,3576,15362,4284,side,subject_vehicle,B_ProfilePartial,1,0,,0.0,315.0,20.0,-99.8,cmean_negative
pdof_family_mismatch,flag_pdof_family_mismatch,3576,15362,4284,side,subject_vehicle,B_ProfilePartial,1,0,,0.0,315.0,20.0,-99.8,pdof_family_mismatch
negative_dpd_present,flag_dpd_negative,3627,15363,4349,side,subject_vehicle,B_ProfilePartial,1,0,,0.0,160.0,31.0,-34.8,negative_dpd_present
cmean_negative,flag_cmean_negative,3627,15363,4349,side,subject_vehicle,B_ProfilePartial,1,0,,0.0,160.0,31.0,-34.8,cmean_negative
pdof_family_mismatch,flag_pdof_family_mismatch,3627,15363,4349,side,subject_vehicle,B_ProfilePartial,1,0,,0.0,160.0,31.0,-34.8,pdof_family_mismatch
negative_dpd_present,flag_dpd_negative,3620,15365,4341,side,subject_vehicle,B_ProfilePartial,1,0,,0.0,253.0,17.0,-81.4,negative_dpd_present
cmean_negative,flag_cmean_negative,3620,15365,4341,side,subject_vehicle,B_ProfilePartial,1,0,,0.0,253.0,17.0,-81.4,cmean_negative
pdof_family_mismatch,flag_pdof_family_mismatch,3620,15365,4341,side,subject_vehicle,B_ProfilePartial,1,0,,0.0,253.0,17.0,-81.4,pdof_family_mismatch
negative_dpd_present,flag_dpd_negative,3591,15366,4304,side_impactor,subject_vehicle,A_ProfileValid,1,0,,297.0,141.0,141.0,85.3,negative_dpd_present
negative_dpd_present,flag_dpd_negative,3482,15367,4156,side,subject_vehicle,B_ProfilePartial,1,0,,0.0,318.0,33.0,-99.2,negative_dpd_present
cmean_negative,flag_cmean_negative,3482,15367,4156,side,subject_vehicle,B_ProfilePartial,1,0,,0.0,318.0,33.0,-99.2,cmean_negative
pdof_family_mismatch,flag_pdof_family_mismatch,3482,15367,4156,side,subject_vehicle,B_ProfilePartial,1,0,,0.0,318.0,33.0,-99.2,pdof_family_mismatch
negative_dpd_present,flag_dpd_negative,3621,15368,4342,side,subject_vehicle,B_ProfilePartial,1,0,,0.0,226.0,54.0,-93.6,negative_dpd_present
cmean_negative,flag_cmean_negative,3621,15368,4342,side,subject_vehicle,B_ProfilePartial,1,0,,0.0,226.0,54.0,-93.6,cmean_negative
pdof_family_mismatch,flag_pdof_family_mismatch,3621,15368,4342,side,subject_vehicle,B_ProfilePartial,1,0,,0.0,226.0,54.0,-93.6,pdof_family_mismatch
negative_dpd_present,flag_dpd_negative,3563,15369,4267,side,subject_vehicle,B_ProfilePartial,1,0,,0.0,204.0,28.0,-62.5,negative_dpd_present
cmean_negative,flag_cmean_negative,3563,15369,4267,side,subject_vehicle,B_ProfilePartial,1,0,,0.0,204.0,28.0,-62.5,cmean_negative
pdof_family_mismatch,flag_pdof_family_mismatch,3563,15369,4267,side,subject_vehicle,B_ProfilePartial,1,0,,0.0,204.0,28.0,-62.5,pdof_family_mismatch
negative_dpd_present,flag_dpd_negative,3590,15370,4302,side,subject_vehicle,B_ProfilePartial,1,0,,0.0,213.0,18.0,-73.5,negative_dpd_present
cmean_negative,flag_cmean_negative,3590,15370,4302,side,subject_vehicle,B_ProfilePartial,1,0,,0.0,213.0,18.0,-73.5,cmean_negative
pdof_family_mismatch,flag_pdof_family_mismatch,3590,15370,4302,side,subject_vehicle,B_ProfilePartial,1,0,,0.0,213.0,18.0,-73.5,pdof_family_mismatch
negative_dpd_present,flag_dpd_negative,3626,15371,4348,side,subject_vehicle,B_ProfilePartial,1,0,,0.0,196.0,8.0,-68.5,negative_dpd_present
cmean_negative,flag_cmean_negative,3626,15371,4348,side,subject_vehicle,B_ProfilePartial,1,0,,0.0,196.0,8.0,-68.5,cmean_negative
pdof_family_mismatch,flag_pdof_family_mismatch,3626,15371,4348,side,subject_vehicle,B_ProfilePartial,1,0,,0.0,196.0,8.0,-68.5,pdof_family_mismatch
negative_dpd_present,flag_dpd_negative,3535,15373,4227,side_impactor,subject_vehicle,A_ProfileValid,1,0,,297.0,126.0,126.0,76.6,negative_dpd_present
negative_dpd_present,flag_dpd_negative,3536,15374,4228,side,subject_vehicle,B_ProfilePartial,1,0,,0.0,166.0,28.0,-46.7,negative_dpd_present
cmean_negative,flag_cmean_negative,3536,15374,4228,side,subject_vehicle,B_ProfilePartial,1,0,,0.0,166.0,28.0,-46.7,cmean_negative
pdof_family_mismatch,flag_pdof_family_mismatch,3536,15374,4228,side,subject_vehicle,B_ProfilePartial,1,0,,0.0,166.0,28.0,-46.7,pdof_family_mismatch
negative_dpd_present,flag_dpd_negative,3634,15378,4358,side,subject_vehicle,B_ProfilePartial,1,0,,0.0,276.0,276.0,90.8,negative_dpd_present
pdof_family_mismatch,flag_pdof_family_mismatch,3634,15378,4358,side,subject_vehicle,B_ProfilePartial,1,0,,0.0,276.0,276.0,90.8,pdof_family_mismatch
negative_dpd_present,flag_dpd_negative,3765,15380,4523,side_impactor,subject_vehicle,A_ProfileValid,1,0,,297.0,163.0,163.0,95.7,negative_dpd_present
negative_dpd_present,flag_dpd_negative,3734,15381,4480,side,subject_vehicle,B_ProfilePartial,1,0,,0.0,282.0,282.0,85.1,negative_dpd_present
pdof_family_mismatch,flag_pdof_family_mismatch,3734,15381,4480,side,subject_vehicle,B_ProfilePartial,1,0,,0.0,282.0,282.0,85.1,pdof_family_mismatch
negative_dpd_present,flag_dpd_negative,3712,15382,4452,side,subject_vehicle,B_ProfilePartial,1,0,,0.0,330.0,330.0,115.2,negative_dpd_present
pdof_family_mismatch,flag_pdof_family_mismatch,3712,15382,4452,side,subject_vehicle,B_ProfilePartial,1,0,,0.0,330.0,330.0,115.2,pdof_family_mismatch
negative_dpd_present,flag_dpd_negative,3710,15383,4450,side,subject_vehicle,B_ProfilePartial,1,0,,0.0,327.0,327.0,109.1,negative_dpd_present
pdof_family_mismatch,flag_pdof_family_mismatch,3710,15383,4450,side,subject_vehicle,B_ProfilePartial,1,0,,0.0,327.0,327.0,109.1,pdof_family_mismatch
negative_dpd_present,flag_dpd_negative,3697,15385,4433,side,subject_vehicle,B_ProfilePartial,1,0,,0.0,270.0,270.0,91.2,negative_dpd_present
pdof_family_mismatch,flag_pdof_family_mismatch,3697,15385,4433,side,subject_vehicle,B_ProfilePartial,1,0,,0.0,270.0,270.0,91.2,pdof_family_mismatch
negative_dpd_present,flag_dpd_negative,3793,15386,4561,side,subject_vehicle,B_ProfilePartial,1,0,????,0.0,188.0,188.0,52.6,negative_dpd_present
pdof_family_mismatch,flag_pdof_family_mismatch,3793,15386,4561,side,subject_vehicle,B_ProfilePartial,1,0,????,0.0,188.0,188.0,52.6,pdof_family_mismatch
negative_dpd_present,flag_dpd_negative,3711,15387,4451,side,subject_vehicle,B_ProfilePartial,1,0,,0.0,273.0,273.0,105.3,negative_dpd_present
pdof_family_mismatch,flag_pdof_family_mismatch,3711,15387,4451,side,subject_vehicle,B_ProfilePartial,1,0,,0.0,273.0,273.0,105.3,pdof_family_mismatch
negative_dpd_present,flag_dpd_negative,3772,15388,4533,side_impactor,subject_vehicle,A_ProfileValid,1,0,,297.0,152.0,163.0,103.0,negative_dpd_present
negative_dpd_present,flag_dpd_negative,3684,15390,4418,side,subject_vehicle,B_ProfilePartial,1,0,,0.0,228.0,228.0,78.6,negative_dpd_present
pdof_family_mismatch,flag_pdof_family_mismatch,3684,15390,4418,side,subject_vehicle,B_ProfilePartial,1,0,,0.0,228.0,228.0,78.6,pdof_family_mismatch
negative_dpd_present,flag_dpd_negative,3737,15391,4484,side,subject_vehicle,B_ProfilePartial,1,0,,0.0,178.0,178.0,49.7,negative_dpd_present
pdof_family_mismatch,flag_pdof_family_mismatch,3737,15391,4484,side,subject_vehicle,B_ProfilePartial,1,0,,0.0,178.0,178.0,49.7,pdof_family_mismatch
negative_dpd_present,flag_dpd_negative,3709,15392,4449,side,subject_vehicle,B_ProfilePartial,1,0,,0.0,290.0,290.0,102.5,negative_dpd_present
pdof_family_mismatch,flag_pdof_family_mismatch,3709,15392,4449,side,subject_vehicle,B_ProfilePartial,1,0,,0.0,290.0,290.0,102.5,pdof_family_mismatch
negative_dpd_present,flag_dpd_negative,3731,15393,4476,side_impactor,subject_vehicle,A_ProfileValid,1,0,,297.0,155.0,155.0,81.0,negative_dpd_present
negative_dpd_present,flag_dpd_negative,3693,15394,4429,side,subject_vehicle,B_ProfilePartial,1,0,,0.0,269.0,269.0,79.9,negative_dpd_present
pdof_family_mismatch,flag_pdof_family_mismatch,3693,15394,4429,side,subject_vehicle,B_ProfilePartial,1,0,,0.0,269.0,269.0,79.9,pdof_family_mismatch
negative_dpd_present,flag_dpd_negative,3639,15395,4364,side,subject_vehicle,B_ProfilePartial,1,0,,0.0,230.0,230.0,71.2,negative_dpd_present
pdof_family_mismatch,flag_pdof_family_mismatch,3639,15395,4364,side,subject_vehicle,B_ProfilePartial,1,0,,0.0,230.0,230.0,71.2,pdof_family_mismatch
negative_dpd_present,flag_dpd_negative,3636,15396,4361,side,subject_vehicle,B_ProfilePartial,1,0,,0.0,243.0,243.0,69.5,negative_dpd_present
pdof_family_mismatch,flag_pdof_family_mismatch,3636,15396,4361,side,subject_vehicle,B_ProfilePartial,1,0,,0.0,243.0,243.0,69.5,pdof_family_mismatch
negative_dpd_present,flag_dpd_negative,3792,15397,4560,side_impactor,subject_vehicle,A_ProfileValid,1,0,,297.0,165.0,165.0,104.6,negative_dpd_present
negative_dpd_present,flag_dpd_negative,3791,15398,4558,side_impactor,subject_vehicle,A_ProfileValid,1,0,,297.0,174.0,174.0,96.8,negative_dpd_present
negative_dpd_present,flag_dpd_negative,3691,15399,4426,side,subject_vehicle,B_ProfilePartial,1,0,,0.0,302.0,302.0,98.4,negative_dpd_present
pdof_family_mismatch,flag_pdof_family_mismatch,3691,15399,4426,side,subject_vehicle,B_ProfilePartial,1,0,,0.0,302.0,302.0,98.4,pdof_family_mismatch
negative_dpd_present,flag_dpd_negative,3831,15400,4613,side_impactor,subject_vehicle,A_ProfileValid,1,0,,297.0,140.0,140.0,94.9,negative_dpd_present
negative_dpd_present,flag_dpd_negative,3698,15401,4434,side,subject_vehicle,B_ProfilePartial,1,0,,0.0,200.0,200.0,80.2,negative_dpd_present
pdof_family_mismatch,flag_pdof_family_mismatch,3698,15401,4434,side,subject_vehicle,B_ProfilePartial,1,0,,0.0,200.0,200.0,80.2,pdof_family_mismatch
negative_dpd_present,flag_dpd_negative,3827,15402,4607,side,subject_vehicle,B_ProfilePartial,1,0,,0.0,196.0,196.0,70.1,negative_dpd_present
pdof_family_mismatch,flag_pdof_family_mismatch,3827,15402,4607,side,subject_vehicle,B_ProfilePartial,1,0,,0.0,196.0,196.0,70.1,pdof_family_mismatch
negative_dpd_present,flag_dpd_negative,3807,15403,4580,side_impactor,subject_vehicle,A_ProfileValid,1,0,,297.0,126.0,126.0,85.1,negative_dpd_present
negative_dpd_present,flag_dpd_negative,3846,15404,4633,side,subject_vehicle,B_ProfilePartial,1,0,10LPAN3,0.0,264.0,264.0,63.3,negative_dpd_present
pdof_family_mismatch,flag_pdof_family_mismatch,3846,15404,4633,side,subject_vehicle,B_ProfilePartial,1,0,10LPAN3,0.0,264.0,264.0,63.3,pdof_family_mismatch
negative_dpd_present,flag_dpd_negative,3847,15405,4635,side_impactor,subject_vehicle,A_ProfileValid,1,0,09LPEW2,297.0,199.0,199.0,110.0,negative_dpd_present
negative_dpd_present,flag_dpd_negative,3854,15416,4644,side_impactor,subject_vehicle,A_ProfileValid,1,0,10LPAS2,297.0,267.0,141.0,57.8,negative_dpd_present
negative_dpd_present,flag_dpd_negative,3855,15422,4645,side,subject_vehicle,A_ProfileValid,1,0,10LPAS3,285.0,178.0,70.0,16.9,negative_dpd_present
lencnt_out_of_range,flag_lencnt_out_of_range,3764,15453,4521,frontal_barrier,subject_vehicle,B_ProfilePartial,1,0,12FDEW3,,767.0,767.0,662.9,lencnt_out_of_range
negative_dpd_present,flag_dpd_negative,3867,15455,4661,side_impactor,subject_vehicle,A_ProfileValid,1,0,10LPAS2,297.0,130.0,130.0,42.7,negative_dpd_present
side_imppnt_mismatch,flag_side_imppnt_mismatch,3867,15455,4661,side_impactor,subject_vehicle,A_ProfileValid,1,0,10LPAS2,297.0,130.0,130.0,42.7,side_imppnt_mismatch
negative_dpd_present,flag_dpd_negative,3868,15458,4662,side,subject_vehicle,A_ProfileValid,1,0,10LPAS3,285.0,334.0,309.0,85.5,negative_dpd_present
negative_dpd_present,flag_dpd_negative,3877,15467,4673,side,subject_vehicle,B_ProfilePartial,1,0,10LPAN3,0.0,402.0,402.0,126.6,negative_dpd_present
pdof_family_mismatch,flag_pdof_family_mismatch,3877,15467,4673,side,subject_vehicle,B_ProfilePartial,1,0,10LPAN3,0.0,402.0,402.0,126.6,pdof_family_mismatch
negative_dpd_present,flag_dpd_negative,3878,15470,4675,side_impactor,subject_vehicle,A_ProfileValid,1,0,09LPEW2,297.0,139.0,139.0,81.9,negative_dpd_present
side_imppnt_mismatch,flag_side_imppnt_mismatch,3878,15470,4675,side_impactor,subject_vehicle,A_ProfileValid,1,0,09LPEW2,297.0,139.0,139.0,81.9,side_imppnt_mismatch
negative_dpd_present,flag_dpd_negative,3880,15472,4677,side,subject_vehicle,B_ProfilePartial,1,0,10LPAN3,0.0,304.0,304.0,96.9,negative_dpd_present
pdof_family_mismatch,flag_pdof_family_mismatch,3880,15472,4677,side,subject_vehicle,B_ProfilePartial,1,0,10LPAN3,0.0,304.0,304.0,96.9,pdof_family_mismatch
lencnt_out_of_range,flag_lencnt_out_of_range,3883,15474,4681,side,subject_vehicle,B_ProfilePartial,1,0,09LPAN3,285.0,354.0,350.0,285.0,lencnt_out_of_range
negative_dpd_present,flag_dpd_negative,3873,15477,4668,side_impactor,subject_vehicle,A_ProfileValid,1,0,09LPEW2,297.0,136.0,136.0,89.7,negative_dpd_present
negative_dpd_present,flag_dpd_negative,3886,15478,4686,side,subject_vehicle,B_ProfilePartial,1,0,10LPAN3,0.0,212.0,212.0,70.4,negative_dpd_present
pdof_family_mismatch,flag_pdof_family_mismatch,3886,15478,4686,side,subject_vehicle,B_ProfilePartial,1,0,10LPAN3,0.0,212.0,212.0,70.4,pdof_family_mismatch
negative_dpd_present,flag_dpd_negative,3885,15479,4685,side_impactor,subject_vehicle,A_ProfileValid,1,0,09LPEW2,297.0,200.0,200.0,113.4,negative_dpd_present
lencnt_out_of_range,flag_lencnt_out_of_range,3462,15483,4129,frontal_barrier,subject_vehicle,B_ProfilePartial,1,0,12FDEW2,0.0,667.0,667.0,614.6999999999999,lencnt_out_of_range
lencnt_out_of_range,flag_lencnt_out_of_range,3447,15484,4110,frontal_barrier,subject_vehicle,B_ProfilePartial,1,0,12FDEW3,,525.0,525.0,506.7,lencnt_out_of_range
lencnt_out_of_range,flag_lencnt_out_of_range,3493,15485,4170,frontal_barrier,subject_vehicle,B_ProfilePartial,1,0,12FDEW2,,528.0,528.0,495.0,lencnt_out_of_range
lencnt_out_of_range,flag_lencnt_out_of_range,3500,15486,4180,frontal_barrier,subject_vehicle,B_ProfilePartial,1,0,12FDEW1,0.0,284.0,284.0,229.8,lencnt_out_of_range
lencnt_out_of_range,flag_lencnt_out_of_range,3599,15487,4314,frontal_barrier,subject_vehicle,B_ProfilePartial,1,0,12FDEW2,0.0,620.0,620.0,585.1,lencnt_out_of_range
lencnt_out_of_range,flag_lencnt_out_of_range,3645,15488,4372,frontal_barrier,subject_vehicle,B_ProfilePartial,1,0,12FDEW3,0.0,379.0,379.0,351.2,lencnt_out_of_range
lencnt_out_of_range,flag_lencnt_out_of_range,3669,15489,4401,frontal_barrier,subject_vehicle,B_ProfilePartial,1,0,12FDEW2,0.0,400.0,400.0,375.5,lencnt_out_of_range
lencnt_out_of_range,flag_lencnt_out_of_range,3575,15490,4283,frontal_barrier,subject_vehicle,B_ProfilePartial,1,0,12FDEW2,0.0,620.0,620.0,583.9,lencnt_out_of_range
lencnt_out_of_range,flag_lencnt_out_of_range,3633,15491,4357,frontal_barrier,subject_vehicle,B_ProfilePartial,1,0,12FDEW2,,554.0,554.0,525.8,lencnt_out_of_range
lencnt_out_of_range,flag_lencnt_out_of_range,3659,15492,4389,frontal_barrier,subject_vehicle,B_ProfilePartial,1,0,12FDEW3,0.0,269.0,269.0,224.9,lencnt_out_of_range
lencnt_out_of_range,flag_lencnt_out_of_range,3654,15493,4383,frontal_barrier,subject_vehicle,B_ProfilePartial,1,0,12FDEW3,0.0,344.0,344.0,333.4,lencnt_out_of_range
lencnt_out_of_range,flag_lencnt_out_of_range,3629,15494,4352,frontal_barrier,subject_vehicle,B_ProfilePartial,1,0,12FDEW3,,448.0,448.0,414.99999999999994,lencnt_out_of_range
lencnt_out_of_range,flag_lencnt_out_of_range,3865,15496,4658,frontal_barrier,subject_vehicle,B_ProfilePartial,1,0,12FDEW2,,512.0,512.0,475.1,lencnt_out_of_range
lencnt_out_of_range,flag_lencnt_out_of_range,3862,15497,4654,frontal_barrier,subject_vehicle,B_ProfilePartial,1,0,12FDEW1,0.0,429.0,429.0,365.2,lencnt_out_of_range
lencnt_out_of_range,flag_lencnt_out_of_range,3853,15498,4642,frontal_barrier,subject_vehicle,B_ProfilePartial,1,0,12FDEW2,0.0,200.0,200.0,175.9,lencnt_out_of_range
lencnt_out_of_range,flag_lencnt_out_of_range,3715,15499,4455,frontal_barrier,subject_vehicle,B_ProfilePartial,1,0,12FDEW2,0.0,133.0,133.0,100.5,lencnt_out_of_range
lencnt_out_of_range,flag_lencnt_out_of_range,3767,15500,4526,frontal_barrier,subject_vehicle,B_ProfilePartial,1,0,12FDEW3,0.0,655.0,655.0,590.6,lencnt_out_of_range
lencnt_out_of_range,flag_lencnt_out_of_range,3785,15501,4549,frontal_barrier,subject_vehicle,B_ProfilePartial,1,0,12FDEW2,,515.0,515.0,448.6,lencnt_out_of_range
lencnt_out_of_range,flag_lencnt_out_of_range,3869,15502,4663,frontal_barrier,subject_vehicle,B_ProfilePartial,1,0,12FDEW2,0.0,384.0,384.0,367.5,lencnt_out_of_range
lencnt_out_of_range,flag_lencnt_out_of_range,3795,15503,4564,frontal_barrier,subject_vehicle,B_ProfilePartial,1,0,12FDEW3,0.0,520.0,520.0,483.9,lencnt_out_of_range
lencnt_out_of_range,flag_lencnt_out_of_range,3813,15504,4587,frontal_barrier,subject_vehicle,B_ProfilePartial,1,0,12FDEW3,0.0,408.0,408.0,359.4,lencnt_out_of_range
lencnt_out_of_range,flag_lencnt_out_of_range,3871,15505,4665,frontal_barrier,subject_vehicle,B_ProfilePartial,1,0,12FDEW2,0.0,363.0,365.0,348.90000000000003,lencnt_out_of_range
negative_dpd_present,flag_dpd_negative,3892,15517,4718,side,subject_vehicle,B_ProfilePartial,1,0,10LPAN2,0.0,184.0,184.0,44.4,negative_dpd_present
pdof_family_mismatch,flag_pdof_family_mismatch,3892,15517,4718,side,subject_vehicle,B_ProfilePartial,1,0,10LPAN2,0.0,184.0,184.0,44.4,pdof_family_mismatch
negative_dpd_present,flag_dpd_negative,3893,15518,4720,side_impactor,subject_vehicle,A_ProfileValid,1,0,09LPEW2,297.0,108.0,108.0,62.7,negative_dpd_present
side_imppnt_mismatch,flag_side_imppnt_mismatch,3893,15518,4720,side_impactor,subject_vehicle,A_ProfileValid,1,0,09LPEW2,297.0,108.0,108.0,62.7,side_imppnt_mismatch
negative_dpd_present,flag_dpd_negative,3896,15531,4723,side,subject_vehicle,A_ProfileValid,1,0,10LPAS2,285.0,189.0,158.0,51.3,negative_dpd_present
