test_id,test_no,vehicle_id,source_vehicle_no,impact_family,vehicle_role,quality_tier,flag_all_zero_placeholder,flag_not_subject_vehicle,flag_dpd_all_zero,flag_crhdst_missing_or_zero,flag_vdi_unusable,flag_lencnt_missing,flag_damdst_missing,flag_lencnt_out_of_range,flag_damdst_out_of_range,flag_crhdst_lt_dpdmax,flag_pdof_family_mismatch,flag_side_imppnt_mismatch,flag_axbx_all_missing,flag_axbx_no_delta,flag_rear_low_confidence,flag_dpd_negative,flag_negative_dpd_present,flag_cmean_negative,flag_not_target_family,exclusion_reason
4,7204,4,1,side_impactor,impactor_vehicle,X_Exclude,1,1,1,1,1,0,0,1,0,0,1,0,0,1,0,0,0,0,0,not_subject_vehicle
6,7259,8,1,side_impactor,impactor_vehicle,X_Exclude,1,1,1,1,1,0,0,0,0,0,1,1,0,1,0,0,0,0,0,not_subject_vehicle
9,7341,12,1,side_impactor,impactor_vehicle,X_Exclude,1,1,1,1,1,0,0,0,0,0,1,0,0,1,0,0,0,0,0,not_subject_vehicle
11,7343,15,1,side_impactor,impactor_vehicle,X_Exclude,1,1,1,1,1,0,0,1,0,0,1,0,0,1,0,0,0,0,0,not_subject_vehicle
16,7346,22,1,side_impactor,impactor_vehicle,X_Exclude,1,1,1,1,1,0,0,1,0,0,1,0,0,1,0,0,0,0,0,not_subject_vehicle
23,7352,31,1,side_impactor,impactor_vehicle,X_Exclude,1,1,1,1,1,0,0,1,0,0,1,1,0,1,0,0,0,0,0,not_subject_vehicle
20,7353,27,1,side_impactor,impactor_vehicle,X_Exclude,1,1,1,1,1,0,0,1,0,0,1,0,0,1,0,0,0,0,0,not_subject_vehicle
25,7355,34,1,side_impactor,impactor_vehicle,X_Exclude,1,1,1,1,1,0,0,1,0,0,1,0,0,1,0,0,0,0,0,not_subject_vehicle
26,7356,36,1,side_impactor,impactor_vehicle,X_Exclude,1,1,1,1,1,0,0,1,0,0,1,0,0,1,0,0,0,0,0,not_subject_vehicle
35,7363,48,1,side_impactor,impactor_vehicle,X_Exclude,1,1,1,1,1,0,0,1,0,0,1,0,0,1,0,0,0,0,0,not_subject_vehicle
33,7364,44,1,side_impactor,impactor_vehicle,X_Exclude,1,1,1,1,1,0,0,1,0,0,1,0,0,1,0,0,0,0,0,not_subject_vehicle
40,7367,55,1,side_impactor,impactor_vehicle,X_Exclude,1,1,1,1,1,0,0,1,0,0,1,0,0,1,0,0,0,0,0,not_subject_vehicle
42,7371,58,1,research_other,subject_vehicle,A_ProfileValid,0,0,0,0,0,0,0,0,0,0,0,0,0,1,0,1,1,0,1,audit_only_family
42,7371,59,2,research_other,subject_vehicle,A_ProfileValid,0,0,0,0,0,0,0,0,0,0,0,0,0,0,0,1,1,0,1,audit_only_family
89,7392,106,1,side_impactor,impactor_vehicle,X_Exclude,1,1,1,1,1,0,0,1,0,0,1,0,0,1,0,0,0,0,0,not_subject_vehicle
77,7395,94,1,static_airbag,subject_vehicle,X_Exclude,1,0,1,1,1,0,0,1,0,0,0,0,0,1,0,0,0,0,1,audit_only_family
65,7396,82,1,static_airbag,subject_vehicle,X_Exclude,1,0,1,1,1,0,0,1,0,0,0,0,0,1,0,0,0,0,1,audit_only_family
70,7397,87,1,static_airbag,subject_vehicle,X_Exclude,1,0,1,1,1,0,0,1,0,0,0,0,0,1,0,0,0,0,1,audit_only_family
64,7398,81,1,static_airbag,subject_vehicle,X_Exclude,1,0,1,1,1,0,0,1,0,0,0,0,0,1,0,0,0,0,1,audit_only_family
62,7399,79,1,static_airbag,subject_vehicle,X_Exclude,1,0,1,1,1,0,0,1,0,0,0,0,0,1,0,0,0,0,1,audit_only_family
94,7401,112,1,static_airbag,subject_vehicle,X_Exclude,1,0,1,1,1,0,0,1,0,0,0,0,0,1,0,0,0,0,1,audit_only_family
90,7402,108,1,static_airbag,subject_vehicle,X_Exclude,1,0,1,1,1,0,0,1,0,0,0,0,0,1,0,0,0,0,1,audit_only_family
100,7403,118,1,static_airbag,subject_vehicle,X_Exclude,1,0,1,1,1,0,0,1,0,0,0,0,0,1,0,0,0,0,1,audit_only_family
101,7404,119,1,static_airbag,subject_vehicle,X_Exclude,1,0,1,1,1,0,0,1,0,0,0,0,0,1,0,0,0,0,1,audit_only_family
103,7405,121,1,static_airbag,subject_vehicle,X_Exclude,1,0,1,1,1,0,0,1,0,0,0,0,0,1,0,0,0,0,1,audit_only_family
104,7406,122,1,static_airbag,subject_vehicle,X_Exclude,1,0,1,1,1,0,0,1,0,0,0,0,0,1,0,0,0,0,1,audit_only_family
107,7407,125,1,static_airbag,subject_vehicle,X_Exclude,1,0,1,1,1,0,0,1,0,0,0,0,0,1,0,0,0,0,1,audit_only_family
108,7408,126,1,static_airbag,subject_vehicle,X_Exclude,1,0,1,1,1,0,0,1,0,0,0,0,0,1,0,0,0,0,1,audit_only_family
106,7409,124,1,static_airbag,subject_vehicle,X_Exclude,1,0,1,1,1,0,0,1,0,0,0,0,0,1,0,0,0,0,1,audit_only_family
118,7410,138,1,static_airbag,subject_vehicle,X_Exclude,1,0,1,1,1,0,0,1,0,0,0,0,0,1,0,0,0,0,1,audit_only_family
122,7412,144,1,side_impactor,impactor_vehicle,X_Exclude,1,1,1,1,1,0,0,1,0,0,1,0,0,1,0,0,0,0,0,not_subject_vehicle
125,7415,148,1,static_airbag,subject_vehicle,X_Exclude,1,0,1,1,1,0,0,1,0,0,0,0,0,1,0,0,0,0,1,audit_only_family
121,7416,142,1,side_impactor,impactor_vehicle,X_Exclude,1,1,1,1,1,0,0,1,0,0,1,0,0,1,0,0,0,0,0,not_subject_vehicle
127,7420,150,1,static_airbag,subject_vehicle,X_Exclude,1,0,1,1,1,0,0,1,0,0,0,0,0,1,0,0,0,0,1,audit_only_family
145,7421,170,1,static_airbag,subject_vehicle,X_Exclude,1,0,1,1,1,0,0,1,0,0,0,0,0,1,0,0,0,0,1,audit_only_family
157,7422,183,1,static_airbag,subject_vehicle,X_Exclude,1,0,1,1,1,0,0,1,0,0,0,0,0,1,0,0,0,0,1,audit_only_family
154,7423,180,1,static_airbag,subject_vehicle,X_Exclude,1,0,1,1,1,0,0,1,0,0,0,0,0,1,0,0,0,0,1,audit_only_family
155,7425,181,1,static_airbag,subject_vehicle,X_Exclude,1,0,1,1,1,0,0,1,0,0,0,0,0,1,0,0,0,0,1,audit_only_family
156,7436,182,1,static_airbag,subject_vehicle,X_Exclude,1,0,1,1,1,0,0,1,0,0,0,0,0,1,0,0,0,0,1,audit_only_family
169,7437,198,1,static_airbag,subject_vehicle,X_Exclude,1,0,1,1,1,0,0,1,0,0,0,0,0,1,0,0,0,0,1,audit_only_family
181,7439,210,1,side_impactor,impactor_vehicle,X_Exclude,1,1,1,1,1,0,0,1,0,0,1,0,0,1,0,0,0,0,0,not_subject_vehicle
124,7442,147,1,rollover,subject_vehicle,X_Exclude,1,0,1,1,1,0,0,1,0,0,0,0,0,1,0,0,0,0,1,audit_only_family
208,7448,243,1,side_impactor,impactor_vehicle,X_Exclude,1,1,1,1,1,0,0,1,0,0,1,0,0,1,0,0,0,0,0,not_subject_vehicle
200,7449,233,1,static_airbag,subject_vehicle,X_Exclude,1,0,1,1,1,0,0,1,0,0,0,0,0,1,0,0,0,0,1,audit_only_family
201,7450,234,1,static_airbag,subject_vehicle,X_Exclude,1,0,1,1,1,0,0,1,0,0,0,0,0,1,0,0,0,0,1,audit_only_family
199,7451,232,1,static_airbag,subject_vehicle,X_Exclude,1,0,1,1,1,0,0,1,0,0,0,0,0,1,0,0,0,0,1,audit_only_family
198,7452,231,1,static_airbag,subject_vehicle,X_Exclude,1,0,1,1,1,0,0,1,0,0,0,0,0,1,0,0,0,0,1,audit_only_family
202,7453,235,1,static_airbag,subject_vehicle,X_Exclude,1,0,1,1,1,0,0,1,0,0,0,0,0,1,0,0,0,0,1,audit_only_family
217,7461,257,1,side_impactor,impactor_vehicle,X_Exclude,1,1,1,1,1,0,0,1,0,0,1,0,0,1,0,0,0,0,0,not_subject_vehicle
225,7465,267,1,side_impactor,impactor_vehicle,X_Exclude,1,1,1,1,1,0,0,1,0,0,1,0,0,1,0,0,0,0,0,not_subject_vehicle
211,7467,248,1,research_other,subject_vehicle,X_Exclude,1,0,1,1,1,0,0,0,0,0,0,0,0,1,0,0,0,0,1,audit_only_family
211,7467,249,2,research_other,subject_vehicle,A_ProfileValid,0,0,0,0,0,0,0,0,0,0,0,0,0,0,0,1,1,0,1,audit_only_family
223,7469,264,1,side_impactor,impactor_vehicle,X_Exclude,1,1,1,1,1,0,0,1,0,0,1,0,0,1,0,0,0,0,0,not_subject_vehicle
226,7470,269,1,side_impactor,impactor_vehicle,X_Exclude,1,1,1,1,1,0,0,1,0,0,1,0,0,1,0,0,0,0,0,not_subject_vehicle
228,7473,272,1,side_impactor,impactor_vehicle,X_Exclude,1,1,1,1,1,0,0,1,0,0,1,0,0,1,0,0,0,0,0,not_subject_vehicle
237,7479,282,1,side_impactor,impactor_vehicle,X_Exclude,1,1,1,1,1,0,0,1,0,0,1,0,0,1,0,0,0,0,0,not_subject_vehicle
244,7483,290,1,side_impactor,impactor_vehicle,X_Exclude,1,1,1,1,1,0,0,1,0,0,1,0,0,1,0,0,0,0,0,not_subject_vehicle
245,7484,292,1,side_impactor,impactor_vehicle,X_Exclude,1,1,1,1,1,0,0,0,0,0,1,0,0,1,0,0,0,0,0,not_subject_vehicle
247,7486,295,1,side_impactor,impactor_vehicle,X_Exclude,1,1,1,1,1,0,0,0,0,0,1,0,0,1,0,0,0,0,0,not_subject_vehicle
266,7492,316,1,side_impactor,impactor_vehicle,X_Exclude,1,1,1,1,1,0,0,1,0,0,1,0,0,1,0,0,0,0,0,not_subject_vehicle
264,7493,313,1,side_impactor,impactor_vehicle,X_Exclude,1,1,1,1,1,0,0,1,0,0,1,0,0,1,0,0,0,0,0,not_subject_vehicle
271,7498,323,1,side_impactor,impactor_vehicle,X_Exclude,1,1,1,1,1,0,0,1,0,0,1,0,0,1,0,0,0,0,0,not_subject_vehicle
204,7499,237,1,rollover,subject_vehicle,X_Exclude,1,0,1,1,1,0,0,1,0,0,0,0,0,1,0,0,0,0,1,audit_only_family
173,7500,202,1,rollover,subject_vehicle,X_Exclude,1,0,1,1,1,0,0,1,0,0,0,0,0,1,0,0,0,0,1,audit_only_family
179,7501,208,1,rollover,subject_vehicle,X_Exclude,1,0,1,1,1,0,0,1,0,0,0,0,0,1,0,0,0,0,1,audit_only_family
270,7503,321,1,side_impactor,impactor_vehicle,X_Exclude,1,1,1,1,1,0,0,1,0,0,1,0,0,1,0,0,0,0,0,not_subject_vehicle
278,7507,333,1,side_impactor,impactor_vehicle,X_Exclude,1,1,1,1,1,0,0,1,0,0,1,0,0,1,0,0,0,0,0,not_subject_vehicle
276,7508,329,1,side_impactor,impactor_vehicle,X_Exclude,1,1,1,1,1,0,0,0,0,0,1,1,0,1,0,0,0,0,0,not_subject_vehicle
277,7510,331,1,side_impactor,impactor_vehicle,X_Exclude,1,1,1,1,1,0,0,1,0,0,1,0,0,1,0,0,0,0,0,not_subject_vehicle
218,7513,259,1,rollover,subject_vehicle,X_Exclude,1,0,1,1,1,0,0,1,0,0,0,0,0,1,0,0,0,0,1,audit_only_family
238,7514,284,1,rollover,subject_vehicle,X_Exclude,1,0,1,1,1,0,0,1,0,0,0,0,0,1,0,0,0,0,1,audit_only_family
260,7515,309,1,rollover,subject_vehicle,X_Exclude,1,0,1,1,1,0,0,1,0,0,0,0,0,1,0,0,0,0,1,audit_only_family
283,7517,339,1,side_impactor,impactor_vehicle,X_Exclude,1,1,1,1,1,0,0,1,0,0,1,0,0,1,0,0,0,0,0,not_subject_vehicle
285,7519,342,1,side_impactor,impactor_vehicle,X_Exclude,1,1,1,1,1,0,0,1,0,0,1,0,0,1,0,0,0,0,0,not_subject_vehicle
295,7528,353,1,side_impactor,impactor_vehicle,X_Exclude,0,1,0,1,1,0,0,0,0,0,1,0,0,1,0,1,1,1,0,not_subject_vehicle
292,7530,350,1,static_airbag,subject_vehicle,X_Exclude,1,0,1,1,1,0,0,1,0,0,0,0,0,1,0,0,0,0,1,audit_only_family
300,7534,359,1,side_impactor,impactor_vehicle,X_Exclude,1,1,1,1,1,0,0,1,0,0,1,0,0,1,0,0,0,0,0,not_subject_vehicle
301,7535,361,1,side_impactor,impactor_vehicle,X_Exclude,1,1,1,1,1,0,0,1,0,0,1,0,0,1,0,0,0,0,0,not_subject_vehicle
305,7537,366,1,side_impactor,impactor_vehicle,X_Exclude,1,1,1,1,1,0,0,0,0,0,1,1,0,1,0,0,0,0,0,not_subject_vehicle
310,7539,373,1,side_impactor,impactor_vehicle,X_Exclude,1,1,1,1,1,0,0,1,0,0,1,0,0,1,0,0,0,0,0,not_subject_vehicle
308,7541,370,1,side_impactor,impactor_vehicle,X_Exclude,0,1,0,0,1,0,0,0,0,0,1,0,0,1,0,1,1,1,0,not_subject_vehicle
129,7543,152,1,sled_without_body,subject_vehicle,X_Exclude,1,0,1,1,1,0,0,0,0,0,0,0,0,1,0,0,0,0,1,audit_only_family
130,7544,153,1,sled_without_body,subject_vehicle,X_Exclude,1,0,1,1,1,0,0,0,0,0,0,0,0,1,0,0,0,0,1,audit_only_family
131,7545,154,1,sled_without_body,subject_vehicle,X_Exclude,1,0,1,1,1,0,0,0,0,0,0,0,0,1,0,0,0,0,1,audit_only_family
132,7546,155,1,sled_without_body,subject_vehicle,X_Exclude,1,0,1,1,1,0,0,0,0,0,0,0,0,1,0,0,0,0,1,audit_only_family
133,7547,156,1,sled_without_body,subject_vehicle,X_Exclude,1,0,1,1,1,0,0,0,0,0,0,0,0,1,0,0,0,0,1,audit_only_family
135,7548,159,1,sled_without_body,subject_vehicle,X_Exclude,1,0,1,1,1,0,0,0,0,0,0,0,0,1,0,0,0,0,1,audit_only_family
136,7549,160,1,sled_without_body,subject_vehicle,X_Exclude,1,0,1,1,1,0,0,0,0,0,0,0,0,1,0,0,0,0,1,audit_only_family
138,7550,162,1,sled_without_body,subject_vehicle,X_Exclude,1,0,1,1,1,0,0,0,0,0,0,0,0,1,0,0,0,0,1,audit_only_family
139,7551,163,1,sled_without_body,subject_vehicle,X_Exclude,1,0,1,1,1,0,0,0,0,0,0,0,0,1,0,0,0,0,1,audit_only_family
141,7552,166,1,sled_without_body,subject_vehicle,X_Exclude,1,0,1,1,1,0,0,0,0,0,0,0,0,1,0,0,0,0,1,audit_only_family
142,7553,167,1,sled_without_body,subject_vehicle,X_Exclude,1,0,1,1,1,0,0,0,0,0,0,0,0,1,0,0,0,0,1,audit_only_family
143,7554,168,1,sled_without_body,subject_vehicle,X_Exclude,1,0,1,1,1,0,0,0,0,0,0,0,0,1,0,0,0,0,1,audit_only_family
144,7555,169,1,sled_without_body,subject_vehicle,X_Exclude,1,0,1,1,1,0,0,0,0,0,0,0,0,1,0,0,0,0,1,audit_only_family
170,7556,199,1,sled_without_body,subject_vehicle,X_Exclude,1,0,1,1,1,0,0,0,0,0,0,0,0,1,0,0,0,0,1,audit_only_family
171,7557,200,1,sled_without_body,subject_vehicle,X_Exclude,1,0,1,1,1,0,0,0,0,0,0,0,0,1,0,0,0,0,1,audit_only_family
174,7558,203,1,sled_without_body,subject_vehicle,X_Exclude,1,0,1,1,1,0,0,0,0,0,0,0,0,1,0,0,0,0,1,audit_only_family
175,7559,204,1,sled_without_body,subject_vehicle,X_Exclude,1,0,1,1,1,0,0,0,0,0,0,0,0,1,0,0,0,0,1,audit_only_family
176,7560,205,1,sled_without_body,subject_vehicle,X_Exclude,1,0,1,1,1,0,0,0,0,0,0,0,0,1,0,0,0,0,1,audit_only_family
177,7561,206,1,sled_without_body,subject_vehicle,X_Exclude,1,0,1,1,1,0,0,0,0,0,0,0,0,1,0,0,0,0,1,audit_only_family
180,7562,209,1,sled_without_body,subject_vehicle,X_Exclude,1,0,1,1,1,0,0,0,0,0,0,0,0,1,0,0,0,0,1,audit_only_family
311,7563,375,1,side_impactor,impactor_vehicle,X_Exclude,1,1,1,1,1,0,0,1,0,0,1,0,0,1,0,0,0,0,0,not_subject_vehicle
317,7571,382,1,side_impactor,impactor_vehicle,X_Exclude,1,1,1,1,1,0,0,0,0,0,1,1,0,1,0,0,0,0,0,not_subject_vehicle
319,7572,385,1,side_impactor,impactor_vehicle,X_Exclude,1,1,1,1,1,0,0,1,0,0,1,0,0,1,0,0,0,0,0,not_subject_vehicle
322,7576,389,1,side_impactor,impactor_vehicle,X_Exclude,1,1,1,1,1,0,0,1,0,0,1,0,0,1,0,0,0,0,0,not_subject_vehicle
324,7578,392,1,side_impactor,impactor_vehicle,X_Exclude,1,1,1,1,1,0,0,1,0,0,1,0,0,1,0,0,0,0,0,not_subject_vehicle
325,7580,394,1,side_impactor,impactor_vehicle,X_Exclude,1,1,1,1,1,0,0,0,0,0,1,1,0,1,0,0,0,0,0,not_subject_vehicle
336,7586,406,1,side_impactor,impactor_vehicle,X_Exclude,1,1,1,1,1,0,0,1,0,0,1,1,0,1,0,0,0,0,0,not_subject_vehicle
339,7589,410,1,side_impactor,impactor_vehicle,X_Exclude,1,1,1,1,1,0,0,1,0,0,1,1,0,1,0,0,0,0,0,not_subject_vehicle
343,7593,415,1,side_impactor,impactor_vehicle,X_Exclude,1,1,1,1,1,0,0,1,0,0,1,0,0,1,0,0,0,0,0,not_subject_vehicle
329,7597,399,1,static_airbag,subject_vehicle,X_Exclude,1,0,1,1,1,0,0,1,0,0,0,0,0,1,0,0,0,0,1,audit_only_family
330,7598,400,1,static_airbag,subject_vehicle,X_Exclude,1,0,1,1,1,0,0,1,0,0,0,0,0,1,0,0,0,0,1,audit_only_family
326,7599,396,1,static_airbag,subject_vehicle,X_Exclude,1,0,1,1,1,0,0,1,0,0,0,0,0,1,0,0,0,0,1,audit_only_family
349,7602,422,1,side_impactor,impactor_vehicle,X_Exclude,1,1,1,1,1,0,0,1,0,0,1,0,0,1,0,0,0,0,0,not_subject_vehicle
351,7604,425,1,side_impactor,impactor_vehicle,X_Exclude,1,1,1,1,1,0,0,1,0,0,1,0,0,1,0,0,0,0,0,not_subject_vehicle
5,7607,6,1,side_impactor,impactor_vehicle,X_Exclude,1,1,1,1,1,0,0,0,0,0,1,0,0,1,0,0,0,0,0,not_subject_vehicle
357,7608,432,1,side_impactor,impactor_vehicle,X_Exclude,1,1,1,1,1,0,0,1,0,0,1,0,0,1,0,0,0,0,0,not_subject_vehicle
358,7613,434,1,side_impactor,impactor_vehicle,X_Exclude,1,1,1,1,1,0,0,1,0,0,1,0,0,1,0,0,0,0,0,not_subject_vehicle
360,7616,437,1,side_impactor,impactor_vehicle,X_Exclude,1,1,1,1,1,0,0,0,0,0,1,1,0,1,0,0,0,0,0,not_subject_vehicle
375,7629,453,1,side_impactor,impactor_vehicle,X_Exclude,1,1,1,1,1,0,0,1,0,0,1,0,0,1,0,0,0,0,0,not_subject_vehicle
344,7631,417,1,static_airbag,subject_vehicle,X_Exclude,1,0,1,1,1,0,0,1,0,0,0,0,0,1,0,0,0,0,1,audit_only_family
347,7632,420,1,static_airbag,subject_vehicle,X_Exclude,1,0,1,1,1,0,0,1,0,0,0,0,0,1,0,0,0,0,1,audit_only_family
335,7633,405,1,static_airbag,subject_vehicle,X_Exclude,1,0,1,1,1,0,0,1,0,0,0,0,0,1,0,0,0,0,1,audit_only_family
381,7636,460,1,side_impactor,impactor_vehicle,X_Exclude,1,1,1,1,1,0,0,1,0,0,1,0,0,1,0,0,0,0,0,not_subject_vehicle
385,7637,465,1,side_impactor,impactor_vehicle,X_Exclude,1,1,1,1,1,0,0,1,0,0,1,0,0,1,0,0,0,0,0,not_subject_vehicle
391,7640,472,1,side_impactor,impactor_vehicle,X_Exclude,1,1,1,1,1,0,0,1,0,0,1,0,0,1,0,0,0,0,0,not_subject_vehicle
387,7642,468,1,static_airbag,subject_vehicle,X_Exclude,1,0,1,1,1,0,0,1,0,0,0,0,0,1,0,0,0,0,1,audit_only_family
388,7643,469,1,static_airbag,subject_vehicle,X_Exclude,1,0,1,1,1,0,0,1,0,0,0,0,0,1,0,0,0,0,1,audit_only_family
392,7644,474,1,static_airbag,subject_vehicle,X_Exclude,1,0,1,1,1,0,0,1,0,0,0,0,0,1,0,0,0,0,1,audit_only_family
393,7645,475,1,static_airbag,subject_vehicle,X_Exclude,1,0,1,1,1,0,0,1,0,0,0,0,0,1,0,0,0,0,1,audit_only_family
15,7646,20,1,side_impactor,impactor_vehicle,X_Exclude,1,1,1,1,1,0,0,0,0,0,1,1,0,1,0,0,0,0,0,not_subject_vehicle
395,7648,477,1,side_impactor,impactor_vehicle,X_Exclude,1,1,1,1,1,0,0,1,0,0,1,0,0,1,0,0,0,0,0,not_subject_vehicle
408,7650,491,1,side_impactor,impactor_vehicle,X_Exclude,1,1,1,1,1,0,0,1,0,0,1,1,0,1,0,0,0,0,0,not_subject_vehicle
137,7656,161,1,research_other,subject_vehicle,C_MaxOnly,0,0,1,0,0,0,0,1,0,0,0,0,0,1,0,0,0,0,1,audit_only_family
146,7657,171,1,research_other,subject_vehicle,X_Exclude,0,0,1,1,0,0,0,1,0,0,0,0,0,1,0,0,0,0,1,audit_only_family
172,7658,201,1,research_other,subject_vehicle,X_Exclude,0,0,1,1,0,0,0,1,0,0,0,0,0,1,0,0,0,0,1,audit_only_family
184,7659,215,1,research_other,subject_vehicle,X_Exclude,0,0,1,1,0,0,0,1,0,0,0,0,0,1,0,0,0,0,1,audit_only_family
188,7660,219,1,research_other,subject_vehicle,C_MaxOnly,0,0,1,0,0,0,0,1,0,0,0,0,0,1,0,0,0,0,1,audit_only_family
197,7661,230,1,research_other,subject_vehicle,C_MaxOnly,0,0,1,0,0,0,0,1,0,0,0,0,0,1,0,0,0,0,1,audit_only_family
203,7662,236,1,research_other,subject_vehicle,C_MaxOnly,0,0,1,0,0,0,0,1,0,0,0,0,0,1,0,0,0,0,1,audit_only_family
206,7663,240,1,research_other,subject_vehicle,C_MaxOnly,0,0,1,0,0,0,0,1,0,0,0,0,0,1,0,0,0,0,1,audit_only_family
148,7690,174,1,sled_without_body,subject_vehicle,X_Exclude,1,0,0,1,1,0,1,0,0,0,0,0,1,1,0,0,0,0,1,audit_only_family
149,7691,175,1,sled_without_body,subject_vehicle,X_Exclude,1,0,0,1,1,0,1,0,0,0,0,0,1,1,0,0,0,0,1,audit_only_family
150,7692,176,1,sled_without_body,subject_vehicle,X_Exclude,1,0,0,1,1,0,1,0,0,0,0,0,1,1,0,0,0,0,1,audit_only_family
151,7693,177,1,sled_without_body,subject_vehicle,X_Exclude,1,0,0,1,1,0,1,0,0,0,0,0,1,1,0,0,0,0,1,audit_only_family
152,7694,178,1,sled_without_body,subject_vehicle,X_Exclude,1,0,0,1,1,0,1,0,0,0,0,0,1,1,0,0,0,0,1,audit_only_family
153,7695,179,1,sled_without_body,subject_vehicle,X_Exclude,1,0,0,1,1,0,1,0,0,0,0,0,1,1,0,0,0,0,1,audit_only_family
159,7696,186,1,sled_without_body,subject_vehicle,X_Exclude,1,0,0,1,1,0,1,0,0,0,0,0,1,1,0,0,0,0,1,audit_only_family
160,7697,187,1,sled_without_body,subject_vehicle,X_Exclude,1,0,0,1,1,0,1,0,0,0,0,0,1,1,0,0,0,0,1,audit_only_family
162,7698,190,1,sled_without_body,subject_vehicle,X_Exclude,1,0,0,1,1,0,1,0,0,0,0,0,1,1,0,0,0,0,1,audit_only_family
163,7699,191,1,sled_without_body,subject_vehicle,X_Exclude,1,0,0,1,1,0,1,0,0,0,0,0,1,1,0,0,0,0,1,audit_only_family
164,7700,192,1,sled_without_body,subject_vehicle,X_Exclude,1,0,0,1,1,0,1,0,0,0,0,0,1,1,0,0,0,0,1,audit_only_family
165,7701,193,1,sled_without_body,subject_vehicle,X_Exclude,1,0,0,1,1,0,1,0,0,0,0,0,1,1,0,0,0,0,1,audit_only_family
166,7702,194,1,sled_without_body,subject_vehicle,X_Exclude,1,0,0,1,1,0,1,0,0,0,0,0,1,1,0,0,0,0,1,audit_only_family
167,7703,195,1,sled_without_body,subject_vehicle,X_Exclude,1,0,0,1,1,0,1,0,0,0,0,0,1,1,0,0,0,0,1,audit_only_family
185,7704,216,1,sled_without_body,subject_vehicle,X_Exclude,1,0,0,1,1,0,1,0,0,0,0,0,1,1,0,0,0,0,1,audit_only_family
186,7705,217,1,sled_without_body,subject_vehicle,X_Exclude,1,0,0,1,1,0,1,0,0,0,0,0,1,1,0,0,0,0,1,audit_only_family
187,7706,218,1,sled_without_body,subject_vehicle,X_Exclude,1,0,0,1,1,0,1,0,0,0,0,0,1,1,0,0,0,0,1,audit_only_family
189,7707,220,1,sled_without_body,subject_vehicle,X_Exclude,1,0,0,1,1,0,1,0,0,0,0,0,1,1,0,0,0,0,1,audit_only_family
190,7708,221,1,sled_without_body,subject_vehicle,X_Exclude,1,0,0,1,1,0,1,0,0,0,0,0,1,1,0,0,0,0,1,audit_only_family
191,7709,222,1,sled_without_body,subject_vehicle,X_Exclude,1,0,0,1,1,0,1,0,0,0,0,0,1,1,0,0,0,0,1,audit_only_family
193,7710,225,1,sled_without_body,subject_vehicle,X_Exclude,1,0,0,1,1,0,1,0,0,0,0,0,1,1,0,0,0,0,1,audit_only_family
194,7711,226,1,sled_without_body,subject_vehicle,X_Exclude,1,0,0,1,1,0,1,0,0,0,0,0,1,1,0,0,0,0,1,audit_only_family
195,7712,227,1,sled_without_body,subject_vehicle,X_Exclude,1,0,0,1,1,0,1,0,0,0,0,0,1,1,0,0,0,0,1,audit_only_family
410,7713,494,1,side_impactor,impactor_vehicle,X_Exclude,1,1,1,1,1,0,0,1,0,0,1,0,0,1,0,0,0,0,0,not_subject_vehicle
411,7714,496,1,side_impactor,impactor_vehicle,X_Exclude,1,1,1,1,1,0,0,1,0,0,1,0,0,1,0,0,0,0,0,not_subject_vehicle
413,7716,499,1,static_airbag,subject_vehicle,X_Exclude,1,0,1,1,1,0,0,1,0,0,0,0,0,1,0,0,0,0,1,audit_only_family
420,7721,506,1,static_airbag,subject_vehicle,X_Exclude,1,0,1,1,1,0,0,1,0,0,0,0,0,1,0,0,0,0,1,audit_only_family
404,7722,487,1,static_airbag,subject_vehicle,X_Exclude,1,0,1,1,1,0,0,1,0,0,0,0,0,1,0,0,0,0,1,audit_only_family
405,7723,488,1,static_airbag,subject_vehicle,X_Exclude,1,0,1,1,1,0,0,1,0,0,0,0,0,1,0,0,0,0,1,audit_only_family
406,7724,489,1,static_airbag,subject_vehicle,X_Exclude,1,0,1,1,1,0,0,1,0,0,0,0,0,1,0,0,0,0,1,audit_only_family
407,7725,490,1,static_airbag,subject_vehicle,X_Exclude,1,0,1,1,1,0,0,1,0,0,0,0,0,1,0,0,0,0,1,audit_only_family
370,7727,448,1,static_airbag,subject_vehicle,X_Exclude,1,0,1,1,1,0,0,1,0,0,0,0,0,1,0,0,0,0,1,audit_only_family
417,7728,503,1,static_airbag,subject_vehicle,X_Exclude,1,0,1,1,1,0,0,1,0,0,0,0,0,1,0,0,0,0,1,audit_only_family
424,7731,510,1,side_impactor,impactor_vehicle,X_Exclude,1,1,1,1,1,0,0,1,0,0,1,0,0,1,0,0,0,0,0,not_subject_vehicle
429,7733,516,1,side_impactor,impactor_vehicle,X_Exclude,1,1,1,1,1,0,0,1,0,0,1,0,0,1,0,0,0,0,0,not_subject_vehicle
435,7737,523,1,side_impactor,impactor_vehicle,X_Exclude,1,1,1,1,1,0,0,1,0,0,1,0,0,1,0,0,0,0,0,not_subject_vehicle
436,7738,525,1,side_impactor,impactor_vehicle,X_Exclude,1,1,1,1,1,0,0,1,0,0,1,0,0,1,0,0,0,0,0,not_subject_vehicle
437,7739,527,1,side_impactor,impactor_vehicle,X_Exclude,1,1,1,1,1,0,0,1,0,0,1,0,0,1,0,0,0,0,0,not_subject_vehicle
409,7741,493,1,static_airbag,subject_vehicle,X_Exclude,1,0,1,1,1,0,0,1,0,0,0,0,0,1,0,0,0,0,1,audit_only_family
443,7743,534,1,side_impactor,impactor_vehicle,X_Exclude,1,1,1,1,1,0,0,1,0,0,1,0,0,1,0,0,0,0,0,not_subject_vehicle
444,7745,536,1,side_impactor,impactor_vehicle,X_Exclude,1,1,1,1,1,0,0,1,0,0,1,1,0,1,0,0,0,0,0,not_subject_vehicle
450,7749,543,1,side_impactor,impactor_vehicle,X_Exclude,1,1,1,1,1,0,0,0,0,0,1,1,0,1,0,0,0,0,0,not_subject_vehicle
455,7750,549,1,side_impactor,impactor_vehicle,X_Exclude,1,1,1,1,1,0,0,1,0,0,1,0,0,1,0,0,0,0,0,not_subject_vehicle
457,7752,552,1,side_impactor,impactor_vehicle,X_Exclude,1,1,1,1,1,0,0,1,0,0,1,0,0,1,0,0,0,0,0,not_subject_vehicle
461,7753,558,1,side_impactor,impactor_vehicle,X_Exclude,1,1,1,1,1,0,0,1,0,0,1,0,0,1,0,0,0,0,0,not_subject_vehicle
465,7757,563,1,static_airbag,subject_vehicle,X_Exclude,1,0,1,1,1,0,0,1,0,0,0,0,0,1,0,0,0,0,1,audit_only_family
466,7758,564,1,static_airbag,subject_vehicle,X_Exclude,1,0,1,1,1,0,0,1,0,0,0,0,0,1,0,0,0,0,1,audit_only_family
433,7767,521,1,static_airbag,subject_vehicle,X_Exclude,1,0,1,1,1,0,0,1,0,0,0,0,0,1,0,0,0,0,1,audit_only_family
467,7768,565,1,side_impactor,impactor_vehicle,X_Exclude,1,1,1,1,1,0,0,1,0,0,1,0,0,1,0,0,0,0,0,not_subject_vehicle
471,7769,570,1,static_airbag,subject_vehicle,X_Exclude,1,0,1,1,1,0,0,1,0,0,0,0,0,1,0,0,0,0,1,audit_only_family
473,7770,572,1,static_airbag,subject_vehicle,X_Exclude,1,0,1,1,1,0,0,1,0,0,0,0,0,1,0,0,0,0,1,audit_only_family
468,7771,567,1,static_airbag,subject_vehicle,X_Exclude,1,0,1,1,1,0,0,1,0,0,0,0,0,1,0,0,0,0,1,audit_only_family
480,7774,579,1,static_airbag,subject_vehicle,X_Exclude,1,0,1,1,1,0,0,1,0,0,0,0,0,1,0,0,0,0,1,audit_only_family
378,7776,457,1,low_risk_deployment,subject_vehicle,X_Exclude,1,0,1,1,1,0,0,0,0,0,0,0,0,1,0,0,0,0,1,audit_only_family
379,7777,458,1,low_risk_deployment,subject_vehicle,X_Exclude,1,0,1,1,1,0,0,0,0,0,0,0,0,1,0,0,0,0,1,audit_only_family
382,7778,462,1,low_risk_deployment,subject_vehicle,X_Exclude,1,0,1,1,1,0,0,0,0,0,0,0,0,1,0,0,0,0,1,audit_only_family
380,7779,459,1,low_risk_deployment,subject_vehicle,X_Exclude,1,0,1,1,1,0,0,0,0,0,0,0,0,1,0,0,0,0,1,audit_only_family
383,7780,463,1,low_risk_deployment,subject_vehicle,X_Exclude,1,0,1,1,1,0,0,0,0,0,0,0,0,1,0,0,0,0,1,audit_only_family
384,7781,464,1,low_risk_deployment,subject_vehicle,X_Exclude,1,0,1,1,1,0,0,0,0,0,0,0,0,1,0,0,0,0,1,audit_only_family
396,7782,479,1,low_risk_deployment,subject_vehicle,X_Exclude,1,0,1,1,1,0,0,0,0,0,0,0,0,1,0,0,0,0,1,audit_only_family
397,7783,480,1,low_risk_deployment,subject_vehicle,X_Exclude,1,0,1,1,1,0,0,0,0,0,0,0,0,1,0,0,0,0,1,audit_only_family
399,7784,482,1,low_risk_deployment,subject_vehicle,X_Exclude,1,0,1,1,1,0,0,0,0,0,0,0,0,1,0,0,0,0,1,audit_only_family
400,7785,483,1,low_risk_deployment,subject_vehicle,X_Exclude,1,0,1,1,1,0,0,0,0,0,0,0,0,1,0,0,0,0,1,audit_only_family
401,7786,484,1,low_risk_deployment,subject_vehicle,X_Exclude,1,0,1,1,1,0,0,0,0,0,0,0,0,1,0,0,0,0,1,audit_only_family
402,7787,485,1,low_risk_deployment,subject_vehicle,X_Exclude,1,0,1,1,1,0,0,0,0,0,0,0,0,1,0,0,0,0,1,audit_only_family
425,7788,512,1,low_risk_deployment,subject_vehicle,X_Exclude,1,0,1,1,1,0,0,0,0,0,0,0,0,1,0,0,0,0,1,audit_only_family
426,7789,513,1,low_risk_deployment,subject_vehicle,X_Exclude,1,0,1,1,1,0,0,0,0,0,0,0,0,1,0,0,0,0,1,audit_only_family
421,7790,507,1,low_risk_deployment,subject_vehicle,X_Exclude,1,0,1,1,1,0,0,0,0,0,0,0,0,1,0,0,0,0,1,audit_only_family
422,7791,508,1,low_risk_deployment,subject_vehicle,X_Exclude,1,0,1,1,1,0,0,0,0,0,0,0,0,1,0,0,0,0,1,audit_only_family
442,7794,533,1,low_risk_deployment,subject_vehicle,X_Exclude,1,0,1,1,1,0,0,0,0,0,0,0,0,1,0,0,0,0,1,audit_only_family
445,7795,538,1,low_risk_deployment,subject_vehicle,X_Exclude,1,0,1,1,1,0,0,0,0,0,0,0,0,1,0,0,0,0,1,audit_only_family
448,7796,541,1,low_risk_deployment,subject_vehicle,X_Exclude,1,0,1,1,1,0,0,0,0,0,0,0,0,1,0,0,0,0,1,audit_only_family
449,7797,542,1,low_risk_deployment,subject_vehicle,X_Exclude,1,0,1,1,1,0,0,0,0,0,0,0,0,1,0,0,0,0,1,audit_only_family
451,7798,545,1,low_risk_deployment,subject_vehicle,X_Exclude,1,0,1,1,1,0,0,0,0,0,0,0,0,1,0,0,0,0,1,audit_only_family
452,7799,546,1,low_risk_deployment,subject_vehicle,X_Exclude,1,0,1,1,1,0,0,0,0,0,0,0,0,1,0,0,0,0,1,audit_only_family
453,7800,547,1,low_risk_deployment,subject_vehicle,X_Exclude,1,0,1,1,1,0,0,0,0,0,0,0,0,1,0,0,0,0,1,audit_only_family
477,7801,576,1,low_risk_deployment,subject_vehicle,X_Exclude,1,0,1,1,1,0,0,0,0,0,0,0,0,1,0,0,0,0,1,audit_only_family
474,7802,573,1,low_risk_deployment,subject_vehicle,X_Exclude,1,0,1,1,1,0,0,0,0,0,0,0,0,1,0,0,0,0,1,audit_only_family
475,7803,574,1,low_risk_deployment,subject_vehicle,X_Exclude,1,0,1,1,1,0,0,0,0,0,0,0,0,1,0,0,0,0,1,audit_only_family
476,7804,575,1,low_risk_deployment,subject_vehicle,X_Exclude,1,0,1,1,1,0,0,0,0,0,0,0,0,1,0,0,0,0,1,audit_only_family
483,7807,582,1,low_risk_deployment,subject_vehicle,X_Exclude,1,0,1,1,1,0,0,0,0,0,0,0,0,1,0,0,0,0,1,audit_only_family
481,7808,580,1,low_risk_deployment,subject_vehicle,X_Exclude,1,0,1,1,1,0,0,0,0,0,0,0,0,1,0,0,0,0,1,audit_only_family
482,7809,581,1,low_risk_deployment,subject_vehicle,X_Exclude,1,0,1,1,1,0,0,0,0,0,0,0,0,1,0,0,0,0,1,audit_only_family
484,7810,583,1,low_risk_deployment,subject_vehicle,X_Exclude,1,0,1,1,1,0,0,0,0,0,0,0,0,1,0,0,0,0,1,audit_only_family
487,7811,587,1,static_airbag,subject_vehicle,X_Exclude,1,0,1,1,1,0,0,1,0,0,0,0,0,1,0,0,0,0,1,audit_only_family
454,7846,548,1,sled_without_body,subject_vehicle,X_Exclude,1,0,0,1,1,0,1,0,0,0,0,0,1,1,0,0,0,0,1,audit_only_family
469,7847,568,1,sled_without_body,subject_vehicle,X_Exclude,1,0,0,1,1,0,1,0,0,0,0,0,1,1,0,0,0,0,1,audit_only_family
470,7848,569,1,sled_without_body,subject_vehicle,X_Exclude,1,0,0,1,1,0,1,0,0,0,0,0,1,1,0,0,0,0,1,audit_only_family
472,7849,571,1,sled_without_body,subject_vehicle,X_Exclude,1,0,0,1,1,0,1,0,0,0,0,0,1,1,0,0,0,0,1,audit_only_family
479,7850,578,1,sled_without_body,subject_vehicle,X_Exclude,1,0,0,1,1,0,1,0,0,0,0,0,1,1,0,0,0,0,1,audit_only_family
499,7851,602,1,research_other,subject_vehicle,X_Exclude,1,0,1,1,1,0,0,0,0,0,0,0,0,1,0,0,0,0,1,audit_only_family
499,7851,603,2,research_other,subject_vehicle,A_ProfileValid,0,0,0,0,0,0,0,0,0,0,0,0,0,0,0,1,1,0,1,audit_only_family
501,7852,605,1,research_other,subject_vehicle,X_Exclude,1,0,1,1,1,0,0,0,0,0,0,0,0,1,0,0,0,0,1,audit_only_family
501,7852,606,2,research_other,subject_vehicle,A_ProfileValid,0,0,0,0,0,0,0,0,0,0,0,0,0,0,0,1,1,0,1,audit_only_family
488,7853,588,1,static_airbag,subject_vehicle,X_Exclude,1,0,1,1,1,0,0,1,0,0,0,0,0,1,0,0,0,0,1,audit_only_family
512,7855,618,1,side_impactor,impactor_vehicle,X_Exclude,1,1,1,1,1,0,0,1,0,0,1,0,0,1,0,0,0,0,0,not_subject_vehicle
520,7858,627,1,side_impactor,impactor_vehicle,X_Exclude,1,1,1,1,1,0,0,1,0,0,1,0,0,1,0,0,0,0,0,not_subject_vehicle
515,7865,622,1,low_risk_deployment,subject_vehicle,X_Exclude,1,0,1,1,1,0,0,0,0,0,0,0,0,1,0,0,0,0,1,audit_only_family
540,7868,649,1,side_impactor,impactor_vehicle,X_Exclude,1,1,1,1,1,0,0,1,0,0,1,0,0,1,0,0,0,0,0,not_subject_vehicle
553,7874,663,1,side_impactor,impactor_vehicle,X_Exclude,1,1,1,1,1,0,0,1,0,0,1,0,0,1,0,0,0,0,0,not_subject_vehicle
556,7877,667,1,side_impactor,impactor_vehicle,X_Exclude,1,1,1,1,1,0,0,1,0,0,1,0,0,1,0,0,0,0,0,not_subject_vehicle
535,7881,644,1,low_risk_deployment,subject_vehicle,X_Exclude,1,0,1,1,1,0,0,0,0,0,0,0,0,1,0,0,0,0,1,audit_only_family
538,7882,647,1,low_risk_deployment,subject_vehicle,X_Exclude,1,0,1,1,1,0,0,0,0,0,0,0,0,1,0,0,0,0,1,audit_only_family
539,7883,648,1,low_risk_deployment,subject_vehicle,X_Exclude,1,0,1,1,1,0,0,0,0,0,0,0,0,1,0,0,0,0,1,audit_only_family
536,7884,645,1,low_risk_deployment,subject_vehicle,X_Exclude,1,0,1,1,1,0,0,0,0,0,0,0,0,1,0,0,0,0,1,audit_only_family
516,7885,623,1,low_risk_deployment,subject_vehicle,X_Exclude,1,0,1,1,1,0,0,0,0,0,0,0,0,1,0,0,0,0,1,audit_only_family
517,7886,624,1,low_risk_deployment,subject_vehicle,X_Exclude,1,0,1,1,1,0,0,0,0,0,0,0,0,1,0,0,0,0,1,audit_only_family
518,7887,625,1,low_risk_deployment,subject_vehicle,X_Exclude,1,0,1,1,1,0,0,0,0,0,0,0,0,1,0,0,0,0,1,audit_only_family
502,7888,607,1,low_risk_deployment,subject_vehicle,X_Exclude,1,0,1,1,1,0,0,0,0,0,0,0,0,1,0,0,0,0,1,audit_only_family
506,7889,611,1,low_risk_deployment,subject_vehicle,X_Exclude,1,0,1,1,1,0,0,0,0,0,0,0,0,1,0,0,0,0,1,audit_only_family
503,7890,608,1,low_risk_deployment,subject_vehicle,X_Exclude,1,0,1,1,1,0,0,0,0,0,0,0,0,1,0,0,0,0,1,audit_only_family
504,7891,609,1,low_risk_deployment,subject_vehicle,X_Exclude,1,0,1,1,1,0,0,0,0,0,0,0,0,1,0,0,0,0,1,audit_only_family
505,7892,610,1,low_risk_deployment,subject_vehicle,X_Exclude,1,0,1,1,1,0,0,0,0,0,0,0,0,1,0,0,0,0,1,audit_only_family
490,7899,591,1,low_risk_deployment,subject_vehicle,X_Exclude,1,0,1,1,1,0,0,0,0,0,0,0,0,1,0,0,0,0,1,audit_only_family
493,7900,594,1,low_risk_deployment,subject_vehicle,X_Exclude,1,0,1,1,1,0,0,0,0,0,0,0,0,1,0,0,0,0,1,audit_only_family
494,7901,595,1,low_risk_deployment,subject_vehicle,X_Exclude,1,0,1,1,1,0,0,0,0,0,0,0,0,1,0,0,0,0,1,audit_only_family
495,7902,596,1,low_risk_deployment,subject_vehicle,X_Exclude,1,0,1,1,1,0,0,0,0,0,0,0,0,1,0,0,0,0,1,audit_only_family
491,7903,592,1,low_risk_deployment,subject_vehicle,X_Exclude,1,0,1,1,1,0,0,0,0,0,0,0,0,1,0,0,0,0,1,audit_only_family
492,7904,593,1,low_risk_deployment,subject_vehicle,X_Exclude,1,0,1,1,1,0,0,0,0,0,0,0,0,1,0,0,0,0,1,audit_only_family
116,7906,136,1,low_risk_deployment,subject_vehicle,X_Exclude,1,0,1,1,1,0,0,0,0,0,0,0,0,1,0,0,0,0,1,audit_only_family
112,7907,132,1,low_risk_deployment,subject_vehicle,X_Exclude,1,0,1,1,1,0,0,0,0,0,0,0,0,1,0,0,0,0,1,audit_only_family
113,7908,133,1,low_risk_deployment,subject_vehicle,X_Exclude,1,0,1,1,1,0,0,0,0,0,0,0,0,1,0,0,0,0,1,audit_only_family
117,7909,137,1,low_risk_deployment,subject_vehicle,X_Exclude,1,0,1,1,1,0,0,0,0,0,0,0,0,1,0,0,0,0,1,audit_only_family
114,7910,134,1,low_risk_deployment,subject_vehicle,X_Exclude,1,0,1,1,1,0,0,0,0,0,0,0,0,1,0,0,0,0,1,audit_only_family
115,7911,135,1,low_risk_deployment,subject_vehicle,X_Exclude,1,0,1,1,1,0,0,0,0,0,0,0,0,1,0,0,0,0,1,audit_only_family
56,7912,73,1,low_risk_deployment,subject_vehicle,X_Exclude,1,0,1,1,1,0,0,0,0,0,0,0,0,1,0,0,0,0,1,audit_only_family
57,7913,74,1,low_risk_deployment,subject_vehicle,X_Exclude,1,0,1,1,1,0,0,0,0,0,0,0,0,1,0,0,0,0,1,audit_only_family
58,7914,75,1,low_risk_deployment,subject_vehicle,X_Exclude,1,0,1,1,1,0,0,0,0,0,0,0,0,1,0,0,0,0,1,audit_only_family
59,7915,76,1,low_risk_deployment,subject_vehicle,X_Exclude,1,0,1,1,1,0,0,0,0,0,0,0,0,1,0,0,0,0,1,audit_only_family
49,7918,66,1,low_risk_deployment,subject_vehicle,X_Exclude,1,0,1,1,1,0,0,0,0,0,0,0,0,1,0,0,0,0,1,audit_only_family
50,7919,67,1,low_risk_deployment,subject_vehicle,X_Exclude,1,0,1,1,1,0,0,0,0,0,0,0,0,1,0,0,0,0,1,audit_only_family
51,7920,68,1,low_risk_deployment,subject_vehicle,X_Exclude,1,0,1,1,1,0,0,0,0,0,0,0,0,1,0,0,0,0,1,audit_only_family
52,7921,69,1,low_risk_deployment,subject_vehicle,X_Exclude,1,0,1,1,1,0,0,0,0,0,0,0,0,1,0,0,0,0,1,audit_only_family
53,7922,70,1,low_risk_deployment,subject_vehicle,X_Exclude,1,0,1,1,1,0,0,0,0,0,0,0,0,1,0,0,0,0,1,audit_only_family
54,7923,71,1,low_risk_deployment,subject_vehicle,X_Exclude,1,0,1,1,1,0,0,0,0,0,0,0,0,1,0,0,0,0,1,audit_only_family
46,7924,63,1,low_risk_deployment,subject_vehicle,X_Exclude,1,0,1,1,1,0,0,0,0,0,0,0,0,1,0,0,0,0,1,audit_only_family
43,7925,60,1,low_risk_deployment,subject_vehicle,X_Exclude,1,0,1,1,1,0,0,0,0,0,0,0,0,1,0,0,0,0,1,audit_only_family
47,7926,64,1,low_risk_deployment,subject_vehicle,X_Exclude,1,0,1,1,1,0,0,0,0,0,0,0,0,1,0,0,0,0,1,audit_only_family
48,7927,65,1,low_risk_deployment,subject_vehicle,X_Exclude,1,0,1,1,1,0,0,0,0,0,0,0,0,1,0,0,0,0,1,audit_only_family
44,7928,61,1,low_risk_deployment,subject_vehicle,X_Exclude,1,0,1,1,1,0,0,0,0,0,0,0,0,1,0,0,0,0,1,audit_only_family
45,7929,62,1,low_risk_deployment,subject_vehicle,X_Exclude,1,0,1,1,1,0,0,0,0,0,0,0,0,1,0,0,0,0,1,audit_only_family
573,7933,686,1,side_impactor,impactor_vehicle,X_Exclude,1,1,1,1,1,0,0,1,0,0,1,0,0,1,0,0,0,0,0,not_subject_vehicle
582,7936,696,1,side_impactor,impactor_vehicle,X_Exclude,1,1,1,1,1,0,0,1,0,0,1,0,0,1,0,0,0,0,0,not_subject_vehicle
496,7939,598,2,rear,impactor_vehicle,X_Exclude,1,1,1,1,1,0,0,0,0,0,1,0,0,1,1,0,0,0,0,not_subject_vehicle
497,7940,599,1,side_impactor,subject_vehicle,X_Exclude,0,0,1,1,0,0,0,0,0,0,0,0,0,1,0,0,0,0,0,insufficient_deformation_signal
497,7940,600,2,side_impactor,impactor_vehicle,X_Exclude,1,1,1,1,1,0,0,0,0,0,1,0,0,1,0,0,0,0,0,not_subject_vehicle
586,7944,701,1,side_impactor,impactor_vehicle,X_Exclude,1,1,1,1,1,0,0,1,0,0,1,1,0,1,0,0,0,0,0,not_subject_vehicle
588,7945,704,1,side_impactor,impactor_vehicle,X_Exclude,1,1,1,1,1,0,0,1,0,0,1,0,0,1,0,0,0,0,0,not_subject_vehicle
612,7954,731,1,side_impactor,impactor_vehicle,X_Exclude,1,1,1,1,1,0,0,1,0,0,1,0,0,1,0,0,0,0,0,not_subject_vehicle
599,7956,717,1,low_risk_deployment,subject_vehicle,X_Exclude,1,0,1,1,1,0,0,0,0,0,0,0,0,1,0,0,0,0,1,audit_only_family
597,7957,715,1,low_risk_deployment,subject_vehicle,X_Exclude,1,0,1,1,1,0,0,0,0,0,0,0,0,1,0,0,0,0,1,audit_only_family
598,7958,716,1,low_risk_deployment,subject_vehicle,X_Exclude,1,0,1,1,1,0,0,0,0,0,0,0,0,1,0,0,0,0,1,audit_only_family
600,7959,718,1,low_risk_deployment,subject_vehicle,X_Exclude,1,0,1,1,1,0,0,0,0,0,0,0,0,1,0,0,0,0,1,audit_only_family
603,7960,721,1,low_risk_deployment,subject_vehicle,X_Exclude,1,0,1,1,1,0,0,0,0,0,0,0,0,1,0,0,0,0,1,audit_only_family
601,7961,719,1,low_risk_deployment,subject_vehicle,X_Exclude,1,0,1,1,1,0,0,0,0,0,0,0,0,1,0,0,0,0,1,audit_only_family
602,7962,720,1,low_risk_deployment,subject_vehicle,X_Exclude,1,0,1,1,1,0,0,0,0,0,0,0,0,1,0,0,0,0,1,audit_only_family
604,7963,722,1,low_risk_deployment,subject_vehicle,X_Exclude,1,0,1,1,1,0,0,0,0,0,0,0,0,1,0,0,0,0,1,audit_only_family
605,7964,723,1,low_risk_deployment,subject_vehicle,X_Exclude,1,0,1,1,1,0,0,0,0,0,0,0,0,1,0,0,0,0,1,audit_only_family
611,7967,729,1,side_impactor,impactor_vehicle,X_Exclude,1,1,1,1,1,0,0,1,0,0,1,0,0,1,0,0,0,0,0,not_subject_vehicle
616,7968,736,1,side_impactor,impactor_vehicle,X_Exclude,1,1,1,1,1,0,0,1,0,0,1,0,0,1,0,0,0,0,0,not_subject_vehicle
619,7970,741,1,side_impactor,impactor_vehicle,X_Exclude,1,1,1,1,1,0,0,1,0,0,1,0,0,1,0,0,0,0,0,not_subject_vehicle
637,7981,762,1,side_impactor,impactor_vehicle,X_Exclude,1,1,1,1,1,0,0,1,0,0,1,0,0,1,0,0,0,0,0,not_subject_vehicle
634,7984,758,1,side_impactor,impactor_vehicle,X_Exclude,1,1,1,1,1,0,0,1,0,0,1,0,0,1,0,0,0,0,0,not_subject_vehicle
640,7985,766,1,side_impactor,impactor_vehicle,X_Exclude,1,1,1,1,1,0,0,0,0,0,1,0,0,1,0,0,0,0,0,not_subject_vehicle
642,7986,769,1,side_impactor,impactor_vehicle,X_Exclude,1,1,1,1,1,0,0,0,0,0,1,1,0,1,0,0,0,0,0,not_subject_vehicle
646,7990,774,1,side_impactor,impactor_vehicle,X_Exclude,1,1,1,1,1,0,0,1,0,0,1,0,0,1,0,0,0,0,0,not_subject_vehicle
651,7994,780,1,side_impactor,impactor_vehicle,X_Exclude,0,1,1,0,1,0,0,0,0,0,1,0,0,1,0,0,0,0,0,not_subject_vehicle
658,7998,788,1,side_impactor,impactor_vehicle,X_Exclude,1,1,1,1,1,0,0,1,0,0,1,0,0,1,0,0,0,0,0,not_subject_vehicle
668,8002,799,1,side_impactor,impactor_vehicle,X_Exclude,1,1,1,1,1,0,0,0,0,0,1,1,0,1,0,0,0,0,0,not_subject_vehicle
248,8003,297,1,sled_without_body,subject_vehicle,X_Exclude,1,0,1,1,1,0,0,0,0,0,0,0,0,1,0,0,0,0,1,audit_only_family
249,8004,298,1,sled_without_body,subject_vehicle,X_Exclude,1,0,1,1,1,0,0,0,0,0,0,0,0,1,0,0,0,0,1,audit_only_family
250,8005,299,1,sled_without_body,subject_vehicle,X_Exclude,1,0,1,1,1,0,0,0,0,0,0,0,0,1,0,0,0,0,1,audit_only_family
251,8006,300,1,sled_without_body,subject_vehicle,X_Exclude,1,0,1,1,1,0,0,0,0,0,0,0,0,1,0,0,0,0,1,audit_only_family
252,8007,301,1,sled_without_body,subject_vehicle,X_Exclude,1,0,1,1,1,0,0,0,0,0,0,0,0,1,0,0,0,0,1,audit_only_family
253,8008,302,1,sled_without_body,subject_vehicle,X_Exclude,1,0,1,1,1,0,0,0,0,0,0,0,0,1,0,0,0,0,1,audit_only_family
230,8009,275,1,sled_without_body,subject_vehicle,X_Exclude,1,0,1,1,1,0,0,0,0,0,0,0,0,1,0,0,0,0,1,audit_only_family
231,8010,276,1,sled_without_body,subject_vehicle,X_Exclude,1,0,0,1,1,0,1,0,0,0,0,0,1,1,0,0,0,0,1,audit_only_family
232,8011,277,1,sled_without_body,subject_vehicle,X_Exclude,1,0,0,1,1,0,1,0,0,0,0,0,1,1,0,0,0,0,1,audit_only_family
233,8012,278,1,sled_without_body,subject_vehicle,X_Exclude,1,0,1,1,1,0,0,0,0,0,0,0,0,1,0,0,0,0,1,audit_only_family
234,8013,279,1,sled_without_body,subject_vehicle,X_Exclude,1,0,1,1,1,0,0,0,0,0,0,0,0,1,0,0,0,0,1,audit_only_family
235,8014,280,1,sled_without_body,subject_vehicle,X_Exclude,1,0,1,1,1,0,0,0,0,0,0,0,0,1,0,0,0,0,1,audit_only_family
254,8015,303,1,sled_without_body,subject_vehicle,X_Exclude,1,0,1,1,1,0,0,0,0,0,0,0,0,1,0,0,0,0,1,audit_only_family
255,8016,304,1,sled_without_body,subject_vehicle,X_Exclude,1,0,1,1,1,0,0,0,0,0,0,0,0,1,0,0,0,0,1,audit_only_family
256,8017,305,1,sled_without_body,subject_vehicle,X_Exclude,1,0,1,1,1,0,0,0,0,0,0,0,0,1,0,0,0,0,1,audit_only_family
257,8018,306,1,sled_without_body,subject_vehicle,X_Exclude,1,0,1,1,1,0,0,0,0,0,0,0,0,1,0,0,0,0,1,audit_only_family
258,8019,307,1,sled_without_body,subject_vehicle,X_Exclude,1,0,1,1,1,0,0,0,0,0,0,0,0,1,0,0,0,0,1,audit_only_family
259,8020,308,1,sled_without_body,subject_vehicle,X_Exclude,1,0,1,1,1,0,0,0,0,0,0,0,0,1,0,0,0,0,1,audit_only_family
672,8025,804,1,side_impactor,impactor_vehicle,X_Exclude,0,1,1,0,1,0,0,0,0,0,1,0,0,1,0,0,0,0,0,not_subject_vehicle
678,8031,811,1,side_impactor,impactor_vehicle,X_Exclude,1,1,1,1,1,0,0,1,0,0,1,0,0,1,0,0,0,0,0,not_subject_vehicle
684,8033,818,1,side_impactor,impactor_vehicle,X_Exclude,1,1,1,1,1,0,0,1,0,0,1,0,0,1,0,0,0,0,0,not_subject_vehicle
696,8039,831,1,side_impactor,impactor_vehicle,X_Exclude,1,1,1,1,1,0,0,1,0,0,1,0,0,1,0,0,0,0,0,not_subject_vehicle
701,8041,838,1,side_impactor,impactor_vehicle,X_Exclude,1,1,1,1,1,0,0,0,0,0,1,1,0,1,0,0,0,0,0,not_subject_vehicle
458,8044,554,1,side_impactor,impactor_vehicle,X_Exclude,1,1,1,1,1,0,0,1,0,0,1,0,0,1,0,0,0,0,0,not_subject_vehicle
709,8047,847,1,side_impactor,impactor_vehicle,X_Exclude,1,1,1,1,1,0,0,1,0,0,1,0,0,1,0,0,0,0,0,not_subject_vehicle
713,8051,852,1,side_impactor,impactor_vehicle,X_Exclude,1,1,1,1,1,0,0,0,0,0,1,0,0,1,0,0,0,0,0,not_subject_vehicle
715,8053,855,1,side_impactor,impactor_vehicle,X_Exclude,1,1,1,1,1,0,0,1,0,0,1,0,0,1,0,0,0,0,0,not_subject_vehicle
717,8054,858,1,side_impactor,impactor_vehicle,X_Exclude,1,1,1,1,1,0,0,1,0,0,1,0,0,1,0,0,0,0,0,not_subject_vehicle
719,8058,861,1,side_impactor,impactor_vehicle,X_Exclude,1,1,1,1,1,0,0,1,0,0,1,0,0,1,0,0,0,0,0,not_subject_vehicle
722,8059,865,1,side_impactor,impactor_vehicle,X_Exclude,0,1,1,0,1,0,0,0,0,0,1,1,0,1,0,0,0,0,0,not_subject_vehicle
592,8061,709,1,frontal_barrier,subject_vehicle,X_Exclude,0,0,0,1,1,0,0,0,0,1,0,0,0,1,0,0,0,0,0,insufficient_deformation_signal
661,8062,792,1,frontal_barrier,subject_vehicle,X_Exclude,0,0,0,1,1,0,0,0,0,1,0,0,0,1,0,0,0,0,0,insufficient_deformation_signal
724,8063,869,1,side_impactor,impactor_vehicle,X_Exclude,1,1,1,1,1,0,0,0,0,0,1,1,0,1,0,0,0,0,0,not_subject_vehicle
729,8065,875,1,side_impactor,impactor_vehicle,X_Exclude,1,1,1,1,1,0,0,1,0,0,1,0,0,1,0,0,0,0,0,not_subject_vehicle
738,8069,886,1,side_impactor,impactor_vehicle,X_Exclude,1,1,1,1,1,0,0,1,0,0,1,0,0,1,0,0,0,0,0,not_subject_vehicle
744,8072,894,1,side_impactor,impactor_vehicle,X_Exclude,1,1,1,1,1,0,0,1,0,0,1,0,0,1,0,0,0,0,0,not_subject_vehicle
756,8074,909,1,side_impactor,impactor_vehicle,X_Exclude,1,1,1,1,1,0,0,1,0,0,1,0,0,1,0,0,0,0,0,not_subject_vehicle
759,8078,913,1,side_impactor,impactor_vehicle,X_Exclude,1,1,1,1,1,0,0,1,0,0,1,0,0,1,0,0,0,0,0,not_subject_vehicle
765,8079,921,1,side_impactor,impactor_vehicle,X_Exclude,1,1,1,1,1,0,0,1,0,0,1,0,0,1,0,0,0,0,0,not_subject_vehicle
772,8082,931,1,side_impactor,impactor_vehicle,X_Exclude,1,1,1,1,1,0,0,1,0,0,1,0,0,1,0,0,0,0,0,not_subject_vehicle
777,8092,937,1,side_impactor,impactor_vehicle,X_Exclude,1,1,1,1,1,0,0,1,0,0,1,0,0,1,0,0,0,0,0,not_subject_vehicle
792,8101,956,1,side_impactor,impactor_vehicle,X_Exclude,1,1,1,1,1,0,0,1,0,0,1,0,0,1,0,0,0,0,0,not_subject_vehicle
793,8102,958,1,side_impactor,impactor_vehicle,X_Exclude,1,1,1,1,1,0,0,1,0,0,1,0,0,1,0,0,0,0,0,not_subject_vehicle
799,8105,966,1,side_impactor,impactor_vehicle,X_Exclude,0,1,1,0,1,0,0,0,0,0,1,0,0,1,0,0,0,0,0,not_subject_vehicle
804,8108,973,1,side_impactor,impactor_vehicle,X_Exclude,1,1,1,1,1,0,0,1,0,0,1,0,0,1,0,0,0,0,0,not_subject_vehicle
780,8111,942,1,static_airbag,subject_vehicle,X_Exclude,1,0,1,1,1,0,0,1,0,0,0,0,0,1,0,0,0,0,1,audit_only_family
782,8112,944,1,static_airbag,subject_vehicle,X_Exclude,1,0,1,1,1,0,0,1,0,0,0,0,0,1,0,0,0,0,1,audit_only_family
783,8113,945,1,static_airbag,subject_vehicle,X_Exclude,1,0,1,1,1,0,0,1,0,0,0,0,0,1,0,0,0,0,1,audit_only_family
784,8114,946,1,static_airbag,subject_vehicle,X_Exclude,1,0,1,1,1,0,0,1,0,0,0,0,0,1,0,0,0,0,1,audit_only_family
785,8115,947,1,static_airbag,subject_vehicle,X_Exclude,1,0,1,1,1,0,0,1,0,0,0,0,0,1,0,0,0,0,1,audit_only_family
787,8116,950,1,static_airbag,subject_vehicle,X_Exclude,1,0,1,1,1,0,0,1,0,0,0,0,0,1,0,0,0,0,1,audit_only_family
827,8117,1000,1,static_airbag,subject_vehicle,X_Exclude,1,0,1,1,1,0,0,1,0,0,0,0,0,1,0,0,0,0,1,audit_only_family
937,8119,1120,1,static_airbag,subject_vehicle,X_Exclude,1,0,1,1,1,0,0,1,0,0,0,0,0,1,0,0,0,0,1,audit_only_family
936,8120,1119,1,static_airbag,subject_vehicle,X_Exclude,1,0,1,1,1,0,0,1,0,0,0,0,0,1,0,0,0,0,1,audit_only_family
816,8121,988,1,static_airbag,subject_vehicle,X_Exclude,1,0,1,1,1,0,0,1,0,0,0,0,0,1,0,0,0,0,1,audit_only_family
817,8122,989,1,static_airbag,subject_vehicle,X_Exclude,1,0,1,1,1,0,0,1,0,0,0,0,0,1,0,0,0,0,1,audit_only_family
818,8123,990,1,static_airbag,subject_vehicle,X_Exclude,1,0,1,1,1,0,0,1,0,0,0,0,0,1,0,0,0,0,1,audit_only_family
821,8124,993,1,static_airbag,subject_vehicle,X_Exclude,1,0,1,1,1,0,0,1,0,0,0,0,0,1,0,0,0,0,1,audit_only_family
851,8126,1024,1,side_impactor,impactor_vehicle,X_Exclude,1,1,1,1,1,0,0,0,0,0,1,1,0,1,0,0,0,0,0,not_subject_vehicle
864,8143,1038,1,static_airbag,subject_vehicle,X_Exclude,1,0,1,1,1,0,0,1,0,0,0,0,0,1,0,0,0,0,1,audit_only_family
867,8145,1041,1,static_airbag,subject_vehicle,X_Exclude,1,0,1,1,1,0,0,1,0,0,0,0,0,1,0,0,0,0,1,audit_only_family
870,8146,1044,1,static_airbag,subject_vehicle,X_Exclude,1,0,1,1,1,0,0,1,0,0,0,0,0,1,0,0,0,0,1,audit_only_family
881,8149,1055,1,side_impactor,impactor_vehicle,X_Exclude,1,1,1,1,1,0,0,1,0,0,1,0,0,1,0,0,0,0,0,not_subject_vehicle
884,8150,1059,1,side_impactor,impactor_vehicle,X_Exclude,1,1,1,1,1,0,0,1,0,0,1,0,0,1,0,0,0,0,0,not_subject_vehicle
863,8154,1037,1,static_airbag,subject_vehicle,A_ProfileValid,0,0,0,0,1,0,0,0,0,0,0,0,0,0,0,0,0,0,1,audit_only_family
900,8157,1077,1,side_impactor,impactor_vehicle,X_Exclude,1,1,1,1,1,0,0,1,0,0,1,0,0,1,0,0,0,0,0,not_subject_vehicle
865,8160,1039,1,low_risk_deployment,subject_vehicle,X_Exclude,1,0,1,1,1,0,0,0,0,0,0,0,0,1,0,0,0,0,1,audit_only_family
866,8161,1040,1,low_risk_deployment,subject_vehicle,X_Exclude,1,0,1,1,1,0,0,0,0,0,0,0,0,1,0,0,0,0,1,audit_only_family
871,8162,1045,1,low_risk_deployment,subject_vehicle,X_Exclude,1,0,1,1,1,0,0,0,0,0,0,0,0,1,0,0,0,0,1,audit_only_family
872,8163,1046,1,low_risk_deployment,subject_vehicle,X_Exclude,1,0,1,1,1,0,0,0,0,0,0,0,0,1,0,0,0,0,1,audit_only_family
873,8164,1047,1,low_risk_deployment,subject_vehicle,X_Exclude,1,0,1,1,1,0,0,0,0,0,0,0,0,1,0,0,0,0,1,audit_only_family
874,8165,1048,1,low_risk_deployment,subject_vehicle,X_Exclude,1,0,1,1,1,0,0,0,0,0,0,0,0,1,0,0,0,0,1,audit_only_family
876,8166,1050,1,low_risk_deployment,subject_vehicle,X_Exclude,1,0,1,1,1,0,0,0,0,0,0,0,0,1,0,0,0,0,1,audit_only_family
877,8167,1051,1,low_risk_deployment,subject_vehicle,X_Exclude,1,0,1,1,1,0,0,0,0,0,0,0,0,1,0,0,0,0,1,audit_only_family
878,8168,1052,1,low_risk_deployment,subject_vehicle,X_Exclude,1,0,1,1,1,0,0,0,0,0,0,0,0,1,0,0,0,0,1,audit_only_family
879,8169,1053,1,low_risk_deployment,subject_vehicle,X_Exclude,1,0,1,1,1,0,0,0,0,0,0,0,0,1,0,0,0,0,1,audit_only_family
880,8170,1054,1,low_risk_deployment,subject_vehicle,X_Exclude,1,0,1,1,1,0,0,0,0,0,0,0,0,1,0,0,0,0,1,audit_only_family
882,8171,1057,1,low_risk_deployment,subject_vehicle,X_Exclude,1,0,1,1,1,0,0,0,0,0,0,0,0,1,0,0,0,0,1,audit_only_family
883,8172,1058,1,low_risk_deployment,subject_vehicle,X_Exclude,1,0,1,1,1,0,0,0,0,0,0,0,0,1,0,0,0,0,1,audit_only_family
887,8173,1063,1,low_risk_deployment,subject_vehicle,X_Exclude,1,0,1,1,1,0,0,0,0,0,0,0,0,1,0,0,0,0,1,audit_only_family
890,8174,1066,1,low_risk_deployment,subject_vehicle,X_Exclude,1,0,1,1,1,0,0,0,0,0,0,0,0,1,0,0,0,0,1,audit_only_family
891,8175,1067,1,low_risk_deployment,subject_vehicle,X_Exclude,1,0,1,1,1,0,0,0,0,0,0,0,0,1,0,0,0,0,1,audit_only_family
892,8176,1068,1,low_risk_deployment,subject_vehicle,X_Exclude,1,0,1,1,1,0,0,0,0,0,0,0,0,1,0,0,0,0,1,audit_only_family
894,8177,1070,1,low_risk_deployment,subject_vehicle,X_Exclude,1,0,1,1,1,0,0,0,0,0,0,0,0,1,0,0,0,0,1,audit_only_family
895,8178,1071,1,low_risk_deployment,subject_vehicle,X_Exclude,1,0,1,1,1,0,0,0,0,0,0,0,0,1,0,0,0,0,1,audit_only_family
896,8179,1072,1,low_risk_deployment,subject_vehicle,X_Exclude,1,0,1,1,1,0,0,0,0,0,0,0,0,1,0,0,0,0,1,audit_only_family
868,8181,1042,1,static_airbag,subject_vehicle,X_Exclude,1,0,1,1,1,0,0,1,0,0,0,0,0,1,0,0,0,0,1,audit_only_family
869,8182,1043,1,static_airbag,subject_vehicle,X_Exclude,1,0,1,1,1,0,0,1,0,0,0,0,0,1,0,0,0,0,1,audit_only_family
893,8183,1069,1,static_airbag,subject_vehicle,X_Exclude,1,0,1,1,1,0,0,1,0,0,0,0,0,1,0,0,0,0,1,audit_only_family
909,8184,1087,1,side_impactor,impactor_vehicle,X_Exclude,1,1,1,1,1,0,0,1,0,0,1,0,0,1,0,0,0,0,0,not_subject_vehicle
910,8185,1089,1,side_impactor,impactor_vehicle,X_Exclude,0,1,1,0,1,0,0,0,0,0,1,0,0,1,0,0,0,0,0,not_subject_vehicle
921,8192,1102,1,static_airbag,subject_vehicle,X_Exclude,1,0,1,1,1,0,0,1,0,0,0,0,0,1,0,0,0,0,1,audit_only_family
926,8194,1107,1,static_airbag,subject_vehicle,X_Exclude,1,0,1,1,1,0,0,1,0,0,0,0,0,1,0,0,0,0,1,audit_only_family
903,8198,1081,1,low_risk_deployment,subject_vehicle,X_Exclude,1,0,1,1,1,0,0,0,0,0,0,0,0,1,0,0,0,0,1,audit_only_family
904,8199,1082,1,low_risk_deployment,subject_vehicle,X_Exclude,1,0,1,1,1,0,0,0,0,0,0,0,0,1,0,0,0,0,1,audit_only_family
905,8200,1083,1,low_risk_deployment,subject_vehicle,X_Exclude,1,0,1,1,1,0,0,0,0,0,0,0,0,1,0,0,0,0,1,audit_only_family
906,8201,1084,1,low_risk_deployment,subject_vehicle,X_Exclude,1,0,1,1,1,0,0,0,0,0,0,0,0,1,0,0,0,0,1,audit_only_family
907,8202,1085,1,low_risk_deployment,subject_vehicle,X_Exclude,1,0,1,1,1,0,0,0,0,0,0,0,0,1,0,0,0,0,1,audit_only_family
911,8203,1091,1,low_risk_deployment,subject_vehicle,X_Exclude,1,0,1,1,1,0,0,0,0,0,0,0,0,1,0,0,0,0,1,audit_only_family
929,8205,1111,1,side_impactor,impactor_vehicle,X_Exclude,1,1,1,1,1,0,0,1,0,0,1,0,0,1,0,0,0,0,0,not_subject_vehicle
916,8206,1096,1,static_airbag,subject_vehicle,X_Exclude,1,0,1,1,1,0,0,1,0,0,0,0,0,1,0,0,0,0,1,audit_only_family
917,8207,1097,1,static_airbag,subject_vehicle,X_Exclude,1,0,1,1,1,0,0,1,0,0,0,0,0,1,0,0,0,0,1,audit_only_family
947,8214,1133,1,side_impactor,impactor_vehicle,X_Exclude,1,1,1,1,1,0,0,1,0,0,1,0,0,1,0,0,0,0,0,not_subject_vehicle
949,8216,1136,1,side_impactor,impactor_vehicle,X_Exclude,1,1,1,1,1,0,0,1,0,0,1,0,0,1,0,0,0,0,0,not_subject_vehicle
956,8219,1145,1,side_impactor,impactor_vehicle,X_Exclude,1,1,1,1,1,0,0,1,0,0,1,0,0,1,0,0,0,0,0,not_subject_vehicle
938,8220,1121,1,static_airbag,subject_vehicle,X_Exclude,1,0,1,1,1,0,0,1,0,0,0,0,0,1,0,0,0,0,1,audit_only_family
940,8221,1123,1,static_airbag,subject_vehicle,X_Exclude,1,0,1,1,1,0,0,1,0,0,0,0,0,1,0,0,0,0,1,audit_only_family
800,8222,968,1,static_airbag,subject_vehicle,X_Exclude,1,0,1,1,1,0,0,1,0,0,0,0,0,1,0,0,0,0,1,audit_only_family
939,8223,1122,1,static_airbag,subject_vehicle,X_Exclude,1,0,1,1,1,0,0,1,0,0,0,0,0,1,0,0,0,0,1,audit_only_family
951,8226,1140,1,static_airbag,subject_vehicle,X_Exclude,1,0,1,1,1,0,0,1,0,0,0,0,0,1,0,0,0,0,1,audit_only_family
968,8227,1159,1,static_airbag,subject_vehicle,X_Exclude,1,0,1,1,1,0,0,1,0,0,0,0,0,1,0,0,0,0,1,audit_only_family
970,8228,1162,1,static_airbag,subject_vehicle,X_Exclude,1,0,1,1,1,0,0,1,0,0,0,0,0,1,0,0,0,0,1,audit_only_family
971,8229,1163,1,static_airbag,subject_vehicle,X_Exclude,1,0,1,1,1,0,0,1,0,0,0,0,0,1,0,0,0,0,1,audit_only_family
974,8232,1166,1,static_airbag,subject_vehicle,X_Exclude,1,0,1,1,1,0,0,1,0,0,0,0,0,1,0,0,0,0,1,audit_only_family
975,8249,1167,1,low_risk_deployment,subject_vehicle,X_Exclude,1,0,1,1,1,0,0,0,0,0,0,0,0,1,0,0,0,0,1,audit_only_family
976,8250,1168,1,low_risk_deployment,subject_vehicle,X_Exclude,1,0,1,1,1,0,0,0,0,0,0,0,0,1,0,0,0,0,1,audit_only_family
558,8252,670,1,sled_without_body,subject_vehicle,X_Exclude,1,0,1,1,1,0,0,0,0,0,0,0,0,1,0,0,0,0,1,audit_only_family
559,8253,671,1,sled_without_body,subject_vehicle,X_Exclude,1,0,1,1,1,0,0,0,0,0,0,0,0,1,0,0,0,0,1,audit_only_family
560,8254,672,1,sled_without_body,subject_vehicle,X_Exclude,1,0,1,1,1,0,0,0,0,0,0,0,0,1,0,0,0,0,1,audit_only_family
562,8255,674,1,sled_without_body,subject_vehicle,X_Exclude,1,0,1,1,1,0,0,0,0,0,0,0,0,1,0,0,0,0,1,audit_only_family
564,8256,677,1,sled_without_body,subject_vehicle,X_Exclude,1,0,1,1,1,0,0,0,0,0,0,0,0,1,0,0,0,0,1,audit_only_family
565,8257,678,1,sled_without_body,subject_vehicle,X_Exclude,1,0,1,1,1,0,0,0,0,0,0,0,0,1,0,0,0,0,1,audit_only_family
566,8258,679,1,sled_without_body,subject_vehicle,X_Exclude,1,0,1,1,1,0,0,0,0,0,0,0,0,1,0,0,0,0,1,audit_only_family
567,8259,680,1,sled_without_body,subject_vehicle,X_Exclude,1,0,1,1,1,0,0,0,0,0,0,0,0,1,0,0,0,0,1,audit_only_family
578,8260,692,1,sled_without_body,subject_vehicle,X_Exclude,1,0,1,1,1,0,0,0,0,0,0,0,0,1,0,0,0,0,1,audit_only_family
568,8261,681,1,sled_without_body,subject_vehicle,X_Exclude,1,0,1,1,1,0,0,0,0,0,0,0,0,1,0,0,0,0,1,audit_only_family
569,8262,682,1,sled_without_body,subject_vehicle,X_Exclude,1,0,1,1,1,0,0,0,0,0,0,0,0,1,0,0,0,0,1,audit_only_family
571,8263,684,1,sled_without_body,subject_vehicle,X_Exclude,1,0,1,1,1,0,0,0,0,0,0,0,0,1,0,0,0,0,1,audit_only_family
575,8264,689,1,sled_without_body,subject_vehicle,X_Exclude,1,0,1,1,1,0,0,0,0,0,0,0,0,1,0,0,0,0,1,audit_only_family
576,8265,690,1,sled_without_body,subject_vehicle,X_Exclude,1,0,1,1,1,0,0,0,0,0,0,0,0,1,0,0,0,0,1,audit_only_family
579,8266,693,1,sled_without_body,subject_vehicle,X_Exclude,1,0,1,1,1,0,0,0,0,0,0,0,0,1,0,0,0,0,1,audit_only_family
662,8267,793,1,sled_without_body,subject_vehicle,X_Exclude,1,0,1,1,1,0,0,0,0,0,0,0,0,1,0,0,0,0,1,audit_only_family
663,8268,794,1,sled_without_body,subject_vehicle,X_Exclude,1,0,1,1,1,0,0,0,0,0,0,0,0,1,0,0,0,0,1,audit_only_family
665,8269,796,1,sled_without_body,subject_vehicle,X_Exclude,1,0,1,1,1,0,0,0,0,0,0,0,0,1,0,0,0,0,1,audit_only_family
666,8270,797,1,sled_without_body,subject_vehicle,X_Exclude,1,0,1,1,1,0,0,0,0,0,0,0,0,1,0,0,0,0,1,audit_only_family
667,8271,798,1,sled_without_body,subject_vehicle,X_Exclude,1,0,1,1,1,0,0,0,0,0,0,0,0,1,0,0,0,0,1,audit_only_family
671,8272,803,1,sled_without_body,subject_vehicle,X_Exclude,1,0,1,1,1,0,0,0,0,0,0,0,0,1,0,0,0,0,1,audit_only_family
675,8273,808,1,sled_without_body,subject_vehicle,X_Exclude,1,0,1,1,1,0,0,0,0,0,0,0,0,1,0,0,0,0,1,audit_only_family
679,8274,813,1,sled_without_body,subject_vehicle,X_Exclude,1,0,1,1,1,0,0,0,0,0,0,0,0,1,0,0,0,0,1,audit_only_family
680,8275,814,1,sled_without_body,subject_vehicle,X_Exclude,1,0,1,1,1,0,0,0,0,0,0,0,0,1,0,0,0,0,1,audit_only_family
683,8276,817,1,sled_without_body,subject_vehicle,X_Exclude,1,0,1,1,1,0,0,0,0,0,0,0,0,1,0,0,0,0,1,audit_only_family
686,8277,821,1,sled_without_body,subject_vehicle,X_Exclude,1,0,1,1,1,0,0,0,0,0,0,0,0,1,0,0,0,0,1,audit_only_family
687,8278,822,1,sled_without_body,subject_vehicle,X_Exclude,1,0,1,1,1,0,0,0,0,0,0,0,0,1,0,0,0,0,1,audit_only_family
690,8279,825,1,sled_without_body,subject_vehicle,X_Exclude,1,0,1,1,1,0,0,0,0,0,0,0,0,1,0,0,0,0,1,audit_only_family
691,8280,826,1,sled_without_body,subject_vehicle,X_Exclude,1,0,1,1,1,0,0,0,0,0,0,0,0,1,0,0,0,0,1,audit_only_family
692,8281,827,1,sled_without_body,subject_vehicle,X_Exclude,1,0,1,1,1,0,0,0,0,0,0,0,0,1,0,0,0,0,1,audit_only_family
697,8282,833,1,sled_without_body,subject_vehicle,X_Exclude,1,0,1,1,1,0,0,0,0,0,0,0,0,1,0,0,0,0,1,audit_only_family
698,8283,834,1,sled_without_body,subject_vehicle,X_Exclude,1,0,1,1,1,0,0,0,0,0,0,0,0,1,0,0,0,0,1,audit_only_family
702,8284,840,1,sled_without_body,subject_vehicle,X_Exclude,1,0,1,1,1,0,0,0,0,0,0,0,0,1,0,0,0,0,1,audit_only_family
703,8285,841,1,sled_without_body,subject_vehicle,X_Exclude,1,0,1,1,1,0,0,0,0,0,0,0,0,1,0,0,0,0,1,audit_only_family
704,8286,842,1,sled_without_body,subject_vehicle,X_Exclude,1,0,1,1,1,0,0,0,0,0,0,0,0,1,0,0,0,0,1,audit_only_family
705,8287,843,1,sled_without_body,subject_vehicle,X_Exclude,1,0,1,1,1,0,0,0,0,0,0,0,0,1,0,0,0,0,1,audit_only_family
694,8288,829,1,sled_without_body,subject_vehicle,X_Exclude,1,0,1,1,1,0,0,0,0,0,0,0,0,1,0,0,0,0,1,audit_only_family
1040,8292,1232,1,side_impactor,impactor_vehicle,X_Exclude,0,1,1,0,1,0,0,0,0,0,1,0,0,1,0,0,0,0,0,not_subject_vehicle
1079,8296,1272,1,side_impactor,impactor_vehicle,X_Exclude,1,1,1,1,1,0,0,1,0,0,1,0,0,1,0,0,0,0,0,not_subject_vehicle
1094,8299,1289,1,side_impactor,impactor_vehicle,X_Exclude,1,1,1,1,1,0,0,1,0,0,1,0,0,1,0,0,0,0,0,not_subject_vehicle
806,8300,976,1,sled_without_body,subject_vehicle,X_Exclude,1,0,1,1,1,0,0,0,0,0,0,0,0,1,0,0,0,0,1,audit_only_family
807,8301,977,1,sled_without_body,subject_vehicle,X_Exclude,1,0,1,1,1,0,0,0,0,0,0,0,0,1,0,0,0,0,1,audit_only_family
808,8302,978,1,sled_without_body,subject_vehicle,X_Exclude,1,0,1,1,1,0,0,0,0,0,0,0,0,1,0,0,0,0,1,audit_only_family
809,8303,979,1,sled_without_body,subject_vehicle,X_Exclude,1,0,1,1,1,0,0,0,0,0,0,0,0,1,0,0,0,0,1,audit_only_family
810,8304,980,1,sled_without_body,subject_vehicle,X_Exclude,1,0,1,1,1,0,0,0,0,0,0,0,0,1,0,0,0,0,1,audit_only_family
811,8305,981,1,sled_without_body,subject_vehicle,X_Exclude,1,0,1,1,1,0,0,0,0,0,0,0,0,1,0,0,0,0,1,audit_only_family
819,8306,991,1,sled_without_body,subject_vehicle,X_Exclude,1,0,1,1,1,0,0,0,0,0,0,0,0,1,0,0,0,0,1,audit_only_family
820,8307,992,1,sled_without_body,subject_vehicle,X_Exclude,1,0,1,1,1,0,0,0,0,0,0,0,0,1,0,0,0,0,1,audit_only_family
1100,8310,1296,1,side_impactor,impactor_vehicle,X_Exclude,1,1,1,1,1,0,0,1,0,0,1,0,0,1,0,0,0,0,0,not_subject_vehicle
1103,8312,1300,1,side_impactor,impactor_vehicle,X_Exclude,1,1,1,1,1,0,0,1,0,0,1,0,0,1,0,0,0,0,0,not_subject_vehicle
1106,8315,1304,1,side_impactor,impactor_vehicle,X_Exclude,1,1,1,1,1,0,0,1,0,0,1,0,0,1,0,0,0,0,0,not_subject_vehicle
1108,8317,1307,1,side_impactor,impactor_vehicle,X_Exclude,0,1,1,0,1,0,0,0,0,0,1,0,0,1,0,0,0,0,0,not_subject_vehicle
1127,8323,1331,1,side_impactor,impactor_vehicle,X_Exclude,1,1,1,1,1,0,0,1,0,0,1,0,0,1,0,0,0,0,0,not_subject_vehicle
1128,8324,1333,1,side_impactor,impactor_vehicle,X_Exclude,1,1,1,1,1,0,0,1,0,0,1,0,0,1,0,0,0,0,0,not_subject_vehicle
1060,8326,1253,1,low_risk_deployment,subject_vehicle,X_Exclude,1,0,1,1,1,0,0,0,0,0,0,0,0,1,0,0,0,0,1,audit_only_family
1061,8327,1254,1,low_risk_deployment,subject_vehicle,X_Exclude,1,0,1,1,1,0,0,0,0,0,0,0,0,1,0,0,0,0,1,audit_only_family
1062,8328,1255,1,low_risk_deployment,subject_vehicle,X_Exclude,1,0,1,1,1,0,0,0,0,0,0,0,0,1,0,0,0,0,1,audit_only_family
1063,8329,1256,1,low_risk_deployment,subject_vehicle,X_Exclude,1,0,1,1,1,0,0,0,0,0,0,0,0,1,0,0,0,0,1,audit_only_family
991,8331,1183,1,sled_without_body,subject_vehicle,X_Exclude,1,0,1,1,1,0,0,0,0,0,0,0,0,1,0,0,0,0,1,audit_only_family
997,8332,1189,1,sled_without_body,subject_vehicle,X_Exclude,1,0,1,1,1,0,0,0,0,0,0,0,0,1,0,0,0,0,1,audit_only_family
998,8333,1190,1,sled_without_body,subject_vehicle,X_Exclude,1,0,1,1,1,0,0,0,0,0,0,0,0,1,0,0,0,0,1,audit_only_family
1011,8334,1203,1,sled_without_body,subject_vehicle,X_Exclude,1,0,1,1,1,0,0,0,0,0,0,0,0,1,0,0,0,0,1,audit_only_family
1012,8335,1204,1,sled_without_body,subject_vehicle,X_Exclude,1,0,1,1,1,0,0,0,0,0,0,0,0,1,0,0,0,0,1,audit_only_family
1017,8336,1209,1,sled_without_body,subject_vehicle,X_Exclude,1,0,1,1,1,0,0,0,0,0,0,0,0,1,0,0,0,0,1,audit_only_family
1033,8337,1225,1,sled_without_body,subject_vehicle,X_Exclude,1,0,1,1,1,0,0,0,0,0,0,0,0,1,0,0,0,0,1,audit_only_family
1034,8338,1226,1,sled_without_body,subject_vehicle,X_Exclude,1,0,1,1,1,0,0,0,0,0,0,0,0,1,0,0,0,0,1,audit_only_family
1035,8339,1227,1,sled_without_body,subject_vehicle,X_Exclude,1,0,1,1,1,0,0,0,0,0,0,0,0,1,0,0,0,0,1,audit_only_family
1036,8340,1228,1,sled_without_body,subject_vehicle,X_Exclude,1,0,1,1,1,0,0,0,0,0,0,0,0,1,0,0,0,0,1,audit_only_family
1037,8341,1229,1,sled_without_body,subject_vehicle,X_Exclude,1,0,1,1,1,0,0,0,0,0,0,0,0,1,0,0,0,0,1,audit_only_family
992,8342,1184,1,sled_without_body,subject_vehicle,X_Exclude,1,0,1,1,1,0,0,0,0,0,0,0,0,1,0,0,0,0,1,audit_only_family
593,8344,710,1,research_other,subject_vehicle,C_MaxOnly,0,0,1,0,1,0,0,0,0,0,0,0,0,1,0,0,0,0,1,audit_only_family
593,8344,711,2,research_other,subject_vehicle,C_MaxOnly,0,0,1,0,0,0,0,1,0,0,0,0,0,1,0,0,0,0,1,audit_only_family
1149,8357,1355,1,side_impactor,impactor_vehicle,X_Exclude,1,1,1,1,1,0,0,1,0,0,1,0,0,1,0,0,0,0,0,not_subject_vehicle
1120,8375,1324,1,low_risk_deployment,subject_vehicle,X_Exclude,1,0,1,1,1,0,0,0,0,0,0,0,0,1,0,0,0,0,1,audit_only_family
1121,8376,1325,1,low_risk_deployment,subject_vehicle,X_Exclude,1,0,1,1,1,0,0,0,0,0,0,0,0,1,0,0,0,0,1,audit_only_family
1123,8377,1327,1,low_risk_deployment,subject_vehicle,X_Exclude,1,0,1,1,1,0,0,0,0,0,0,0,0,1,0,0,0,0,1,audit_only_family
1124,8378,1328,1,low_risk_deployment,subject_vehicle,X_Exclude,1,0,1,1,1,0,0,0,0,0,0,0,0,1,0,0,0,0,1,audit_only_family
1152,8384,1359,1,side_impactor,impactor_vehicle,X_Exclude,1,1,1,1,1,0,0,1,0,0,1,0,0,1,0,0,0,0,0,not_subject_vehicle
1134,8390,1340,1,low_risk_deployment,subject_vehicle,X_Exclude,1,0,1,1,1,0,0,0,0,0,0,0,0,1,0,0,0,0,1,audit_only_family
1135,8391,1341,1,low_risk_deployment,subject_vehicle,X_Exclude,1,0,1,1,1,0,0,0,0,0,0,0,0,1,0,0,0,0,1,audit_only_family
1136,8392,1342,1,low_risk_deployment,subject_vehicle,X_Exclude,1,0,1,1,1,0,0,0,0,0,0,0,0,1,0,0,0,0,1,audit_only_family
1138,8393,1344,1,low_risk_deployment,subject_vehicle,X_Exclude,1,0,1,1,1,0,0,0,0,0,0,0,0,1,0,0,0,0,1,audit_only_family
1141,8394,1347,1,low_risk_deployment,subject_vehicle,X_Exclude,1,0,1,1,1,0,0,0,0,0,0,0,0,1,0,0,0,0,1,audit_only_family
1142,8395,1348,1,low_risk_deployment,subject_vehicle,X_Exclude,1,0,1,1,1,0,0,0,0,0,0,0,0,1,0,0,0,0,1,audit_only_family
1143,8396,1349,1,low_risk_deployment,subject_vehicle,X_Exclude,1,0,1,1,1,0,0,0,0,0,0,0,0,1,0,0,0,0,1,audit_only_family
1144,8397,1350,1,low_risk_deployment,subject_vehicle,X_Exclude,1,0,1,1,1,0,0,0,0,0,0,0,0,1,0,0,0,0,1,audit_only_family
1145,8398,1351,1,low_risk_deployment,subject_vehicle,X_Exclude,1,0,1,1,1,0,0,0,0,0,0,0,0,1,0,0,0,0,1,audit_only_family
1146,8399,1352,1,low_risk_deployment,subject_vehicle,X_Exclude,1,0,1,1,1,0,0,0,0,0,0,0,0,1,0,0,0,0,1,audit_only_family
1147,8400,1353,1,low_risk_deployment,subject_vehicle,X_Exclude,1,0,1,1,1,0,0,0,0,0,0,0,0,1,0,0,0,0,1,audit_only_family
1148,8401,1354,1,low_risk_deployment,subject_vehicle,X_Exclude,1,0,1,1,1,0,0,0,0,0,0,0,0,1,0,0,0,0,1,audit_only_family
1159,8402,1369,1,side_impactor,impactor_vehicle,X_Exclude,0,1,0,1,1,0,0,1,0,1,1,0,0,1,0,0,0,0,0,not_subject_vehicle
1162,8404,1374,1,static_airbag,subject_vehicle,X_Exclude,1,0,1,1,1,0,0,1,0,0,0,0,0,1,0,0,0,0,1,audit_only_family
1187,8409,1404,1,side_impactor,impactor_vehicle,X_Exclude,0,1,0,1,1,0,0,1,0,1,1,0,0,1,0,0,0,0,0,not_subject_vehicle
1196,8414,1416,1,side_impactor,impactor_vehicle,X_Exclude,1,1,1,1,1,0,0,1,0,0,1,0,0,1,0,0,0,0,0,not_subject_vehicle
66,8415,83,1,sled_with_body,subject_vehicle,X_Exclude,1,0,0,1,1,0,1,0,0,0,0,0,1,1,0,0,0,0,1,audit_only_family
67,8416,84,1,sled_with_body,subject_vehicle,X_Exclude,1,0,0,1,1,0,1,0,0,0,0,0,1,1,0,0,0,0,1,audit_only_family
68,8417,85,1,sled_with_body,subject_vehicle,X_Exclude,1,0,0,1,1,0,1,0,0,0,0,0,1,1,0,0,0,0,1,audit_only_family
71,8418,88,1,sled_with_body,subject_vehicle,X_Exclude,1,0,0,1,1,0,1,0,0,0,0,0,1,1,0,0,0,0,1,audit_only_family
72,8419,89,1,sled_with_body,subject_vehicle,X_Exclude,1,0,0,1,1,0,1,0,0,0,0,0,1,1,0,0,0,0,1,audit_only_family
73,8420,90,1,sled_with_body,subject_vehicle,X_Exclude,1,0,0,1,1,0,1,0,0,0,0,0,1,1,0,0,0,0,1,audit_only_family
74,8421,91,1,sled_with_body,subject_vehicle,X_Exclude,1,0,0,1,1,0,1,0,0,0,0,0,1,1,0,0,0,0,1,audit_only_family
75,8422,92,1,sled_with_body,subject_vehicle,X_Exclude,1,0,0,1,1,0,1,0,0,0,0,0,1,1,0,0,0,0,1,audit_only_family
76,8423,93,1,sled_with_body,subject_vehicle,X_Exclude,1,0,0,1,1,0,1,0,0,0,0,0,1,1,0,0,0,0,1,audit_only_family
69,8424,86,1,sled_with_body,subject_vehicle,X_Exclude,1,0,0,1,1,0,1,0,0,0,0,0,1,1,0,0,0,0,1,audit_only_family
78,8425,95,1,sled_with_body,subject_vehicle,X_Exclude,1,0,0,1,1,0,1,0,0,0,0,0,1,1,0,0,0,0,1,audit_only_family
79,8426,96,1,sled_with_body,subject_vehicle,X_Exclude,1,0,0,1,1,0,1,0,0,0,0,0,1,1,0,0,0,0,1,audit_only_family
80,8427,97,1,sled_with_body,subject_vehicle,X_Exclude,1,0,0,1,1,0,1,0,0,0,0,0,1,1,0,0,0,0,1,audit_only_family
81,8428,98,1,sled_with_body,subject_vehicle,X_Exclude,1,0,0,1,1,0,1,0,0,0,0,0,1,1,0,0,0,0,1,audit_only_family
83,8429,100,1,sled_with_body,subject_vehicle,X_Exclude,1,0,0,1,1,0,1,0,0,0,0,0,1,1,0,0,0,0,1,audit_only_family
84,8430,101,1,sled_with_body,subject_vehicle,X_Exclude,1,0,0,1,1,0,1,0,0,0,0,0,1,1,0,0,0,0,1,audit_only_family
85,8431,102,1,sled_with_body,subject_vehicle,X_Exclude,1,0,0,1,1,0,1,0,0,0,0,0,1,1,0,0,0,0,1,audit_only_family
86,8432,103,1,sled_with_body,subject_vehicle,X_Exclude,1,0,0,1,1,0,1,0,0,0,0,0,1,1,0,0,0,0,1,audit_only_family
87,8433,104,1,sled_with_body,subject_vehicle,X_Exclude,1,0,0,1,1,0,1,0,0,0,0,0,1,1,0,0,0,0,1,audit_only_family
88,8434,105,1,sled_with_body,subject_vehicle,X_Exclude,1,0,0,1,1,0,1,0,0,0,0,0,1,1,0,0,0,0,1,audit_only_family
91,8435,109,1,sled_with_body,subject_vehicle,X_Exclude,1,0,0,1,1,0,1,0,0,0,0,0,1,1,0,0,0,0,1,audit_only_family
92,8436,110,1,sled_with_body,subject_vehicle,X_Exclude,1,0,0,1,1,0,1,0,0,0,0,0,1,1,0,0,0,0,1,audit_only_family
93,8437,111,1,sled_with_body,subject_vehicle,X_Exclude,1,0,0,1,1,0,1,0,0,0,0,0,1,1,0,0,0,0,1,audit_only_family
96,8438,114,1,sled_with_body,subject_vehicle,X_Exclude,1,0,0,1,1,0,1,0,0,0,0,0,1,1,0,0,0,0,1,audit_only_family
97,8439,115,1,sled_with_body,subject_vehicle,X_Exclude,1,0,0,1,1,0,1,0,0,0,0,0,1,1,0,0,0,0,1,audit_only_family
98,8440,116,1,sled_with_body,subject_vehicle,X_Exclude,1,0,0,1,1,0,1,0,0,0,0,0,1,1,0,0,0,0,1,audit_only_family
1197,8441,1418,1,side_impactor,impactor_vehicle,X_Exclude,1,1,1,1,1,0,0,1,0,0,1,0,0,1,0,0,0,0,0,not_subject_vehicle
1193,8442,1412,1,side_impactor,impactor_vehicle,X_Exclude,0,1,0,1,1,0,0,1,0,1,1,0,0,1,0,0,0,0,0,not_subject_vehicle
1204,8445,1428,1,side_impactor,impactor_vehicle,X_Exclude,0,1,1,0,1,0,0,0,0,0,1,0,0,1,0,0,0,0,0,not_subject_vehicle
1207,8447,1432,1,side_impactor,impactor_vehicle,X_Exclude,0,1,0,1,1,0,0,1,0,1,1,0,0,1,0,0,0,0,0,not_subject_vehicle
1199,8449,1421,1,side_impactor,impactor_vehicle,X_Exclude,1,1,1,1,1,0,0,1,0,0,1,0,0,1,0,0,0,0,0,not_subject_vehicle
1212,8451,1440,1,side_impactor,impactor_vehicle,X_Exclude,1,1,1,1,1,0,0,1,0,0,1,0,0,1,0,0,0,0,0,not_subject_vehicle
1213,8452,1442,1,side_impactor,impactor_vehicle,X_Exclude,0,1,0,1,1,0,0,1,0,1,1,0,0,1,0,0,0,0,0,not_subject_vehicle
1222,8458,1454,1,side_impactor,impactor_vehicle,X_Exclude,1,1,1,1,1,0,0,1,0,0,1,0,0,1,0,0,0,0,0,not_subject_vehicle
1223,8460,1456,1,side_impactor,impactor_vehicle,X_Exclude,0,1,0,1,1,0,0,1,0,1,1,0,0,1,0,0,0,0,0,not_subject_vehicle
1230,8465,1465,1,side_impactor,impactor_vehicle,X_Exclude,1,1,1,1,1,0,0,1,0,0,1,0,0,1,0,0,0,0,0,not_subject_vehicle
1233,8468,1469,1,side_impactor,impactor_vehicle,X_Exclude,0,1,0,1,1,0,0,1,0,1,1,0,0,1,0,0,0,0,0,not_subject_vehicle
1239,8472,1478,1,side_impactor,impactor_vehicle,X_Exclude,0,1,0,1,1,0,0,1,0,0,1,1,0,1,0,0,0,0,0,not_subject_vehicle
1244,8473,1485,1,side_impactor,impactor_vehicle,X_Exclude,1,1,1,1,1,0,0,1,0,0,1,1,0,1,0,0,0,0,0,not_subject_vehicle
1190,8475,1408,1,research_other,subject_vehicle,X_Exclude,1,0,1,1,1,0,0,0,0,0,0,0,0,1,0,0,0,0,1,audit_only_family
1190,8475,1409,2,research_other,subject_vehicle,A_ProfileValid,0,0,0,0,0,0,0,0,0,0,0,0,0,0,0,1,1,0,1,audit_only_family
1165,8476,1377,1,research_other,subject_vehicle,X_Exclude,1,0,1,1,1,0,0,0,0,0,0,0,0,1,0,0,0,0,1,audit_only_family
1165,8476,1378,2,research_other,subject_vehicle,A_ProfileValid,0,0,0,0,0,0,0,0,0,0,0,0,0,0,0,1,1,0,1,audit_only_family
1170,8477,1383,1,research_other,subject_vehicle,X_Exclude,1,0,1,1,1,0,0,0,0,0,0,0,0,1,0,0,0,0,1,audit_only_family
1170,8477,1384,2,research_other,subject_vehicle,A_ProfileValid,0,0,0,0,0,0,0,0,0,0,0,0,0,0,0,1,1,0,1,audit_only_family
1184,8478,1399,1,research_other,subject_vehicle,X_Exclude,1,0,1,1,1,0,0,0,0,0,0,0,0,1,0,0,0,0,1,audit_only_family
1184,8478,1400,2,research_other,subject_vehicle,A_ProfileValid,0,0,0,0,0,0,0,0,0,0,0,0,0,0,0,0,0,0,1,audit_only_family
1245,8485,1487,1,side_impactor,impactor_vehicle,X_Exclude,0,1,0,1,1,0,0,1,0,1,1,0,0,1,0,0,0,0,0,not_subject_vehicle
1253,8488,1497,1,research_other,subject_vehicle,X_Exclude,1,0,1,1,1,0,0,0,0,0,0,0,0,1,0,0,0,0,1,audit_only_family
1253,8488,1498,2,research_other,subject_vehicle,A_ProfileValid,0,0,0,0,0,0,0,0,0,0,0,0,0,0,0,1,1,0,1,audit_only_family
1255,8490,1500,1,side_impactor,impactor_vehicle,X_Exclude,0,1,0,0,1,0,0,0,0,0,1,0,0,1,0,0,0,0,0,not_subject_vehicle
1260,8491,1508,1,side_impactor,impactor_vehicle,X_Exclude,1,1,1,1,1,0,0,1,0,0,1,0,0,1,0,0,0,0,0,not_subject_vehicle
1256,8493,1502,1,static_airbag,subject_vehicle,X_Exclude,1,0,1,1,1,0,0,1,0,0,0,0,0,1,0,0,0,0,1,audit_only_family
1261,8494,1510,1,side_impactor,impactor_vehicle,X_Exclude,0,1,0,0,1,0,0,0,0,0,1,0,0,1,0,0,0,0,0,not_subject_vehicle
1269,8498,1522,1,side_impactor,impactor_vehicle,X_Exclude,0,1,0,0,1,0,0,0,0,0,1,0,0,1,0,0,0,0,0,not_subject_vehicle
957,8500,1147,1,research_other,subject_vehicle,X_Exclude,1,0,1,1,1,0,0,0,0,0,0,0,0,1,0,0,0,0,1,audit_only_family
958,8501,1148,1,research_other,subject_vehicle,X_Exclude,1,0,1,1,1,0,0,0,0,0,0,0,0,1,0,0,0,0,1,audit_only_family
960,8502,1151,1,research_other,subject_vehicle,X_Exclude,1,0,1,1,1,0,0,0,0,0,0,0,0,1,0,0,0,0,1,audit_only_family
961,8503,1152,1,research_other,subject_vehicle,X_Exclude,1,0,1,1,1,0,0,0,0,0,0,0,0,1,0,0,0,0,1,audit_only_family
962,8504,1153,1,research_other,subject_vehicle,X_Exclude,1,0,1,1,1,0,0,0,0,0,0,0,0,1,0,0,0,0,1,audit_only_family
963,8505,1154,1,research_other,subject_vehicle,X_Exclude,1,0,1,1,1,0,0,0,0,0,0,0,0,1,0,0,0,0,1,audit_only_family
944,8510,1128,1,research_other,subject_vehicle,X_Exclude,1,0,1,1,1,0,0,0,0,0,0,0,0,1,0,0,0,0,1,audit_only_family
944,8510,1129,2,research_other,subject_vehicle,A_ProfileValid,0,0,0,0,0,0,0,0,0,0,0,0,0,0,0,1,1,1,1,audit_only_family
950,8511,1138,1,research_other,subject_vehicle,X_Exclude,1,0,1,1,1,0,0,0,0,0,0,0,0,1,0,0,0,0,1,audit_only_family
950,8511,1139,2,research_other,subject_vehicle,A_ProfileValid,0,0,0,0,0,0,0,0,0,0,0,0,0,0,0,1,1,0,1,audit_only_family
1277,8513,1532,1,side_impactor,impactor_vehicle,X_Exclude,0,1,0,0,1,0,0,0,0,0,1,0,0,1,0,0,0,0,0,not_subject_vehicle
1278,8514,1534,1,side_impactor,impactor_vehicle,X_Exclude,1,1,1,1,1,0,0,1,0,0,1,0,0,1,0,0,0,0,0,not_subject_vehicle
813,8516,984,1,static_airbag,subject_vehicle,X_Exclude,1,0,1,1,1,0,0,1,0,0,0,0,0,1,0,0,0,0,1,audit_only_family
814,8517,985,1,static_airbag,subject_vehicle,X_Exclude,1,0,1,1,1,0,0,1,0,0,0,0,0,1,0,0,0,0,1,audit_only_family
829,8518,1002,1,static_airbag,subject_vehicle,X_Exclude,1,0,1,1,1,0,0,1,0,0,0,0,0,1,0,0,0,0,1,audit_only_family
830,8519,1003,1,static_airbag,subject_vehicle,X_Exclude,1,0,1,1,1,0,0,1,0,0,0,0,0,1,0,0,0,0,1,audit_only_family
1282,8522,1541,1,side_impactor,impactor_vehicle,X_Exclude,1,1,1,1,1,0,0,1,0,0,1,0,0,1,0,0,0,0,0,not_subject_vehicle
1279,8525,1536,1,side_impactor,impactor_vehicle,X_Exclude,0,1,0,1,1,0,0,1,0,1,1,0,0,1,0,0,0,0,0,not_subject_vehicle
293,8527,351,1,adas_fcw,subject_vehicle,X_Exclude,1,0,1,1,1,0,0,0,0,0,0,0,0,1,0,0,0,0,1,audit_only_family
1288,8533,1549,1,side_impactor,impactor_vehicle,X_Exclude,0,1,0,1,1,0,0,1,0,1,1,0,0,1,0,0,0,0,0,not_subject_vehicle
1293,8535,1556,1,side_impactor,impactor_vehicle,X_Exclude,0,1,0,0,1,0,0,0,0,0,1,0,0,1,0,0,0,0,0,not_subject_vehicle
1290,8536,1552,1,side_impactor,impactor_vehicle,X_Exclude,1,1,1,1,1,0,0,1,0,0,1,0,0,1,0,0,0,0,0,not_subject_vehicle
1303,8541,1567,1,static_airbag,subject_vehicle,A_ProfileValid,0,0,0,0,1,0,0,0,0,0,0,0,0,0,0,0,0,0,1,audit_only_family
1297,8542,1561,1,static_airbag,subject_vehicle,A_ProfileValid,0,0,0,0,1,0,0,0,0,0,0,0,0,0,0,0,0,0,1,audit_only_family
1310,8546,1574,1,side_impactor,impactor_vehicle,X_Exclude,0,1,0,0,1,0,0,0,0,0,1,1,0,1,0,0,0,0,0,not_subject_vehicle
1157,8547,1366,1,rear,subject_vehicle,X_Exclude,1,0,1,1,1,0,0,1,0,0,1,0,0,1,1,0,0,0,0,all_zero_placeholder
1157,8547,1367,2,rear,subject_vehicle,X_Exclude,1,0,1,1,1,0,0,1,0,0,1,0,0,1,1,0,0,0,0,all_zero_placeholder
1161,8548,1372,1,rear,subject_vehicle,X_Exclude,0,0,1,1,1,0,0,0,0,0,1,0,0,0,1,0,0,0,0,rear_low_confidence
1319,8557,1584,1,side_impactor,impactor_vehicle,X_Exclude,0,1,0,1,1,0,0,1,0,1,1,0,0,1,0,0,0,0,0,not_subject_vehicle
1326,8559,1592,1,side_impactor,impactor_vehicle,X_Exclude,0,1,0,0,1,0,0,0,0,0,1,1,0,1,0,0,0,0,0,not_subject_vehicle
1328,8560,1595,1,side_impactor,impactor_vehicle,X_Exclude,0,1,0,1,1,0,0,1,0,1,1,0,0,1,0,0,0,0,0,not_subject_vehicle
21,8565,29,1,adas_fcw,subject_vehicle,X_Exclude,1,0,1,1,1,0,0,0,0,0,0,0,0,1,0,0,0,0,1,audit_only_family
36,8567,50,1,adas_ldw,subject_vehicle,X_Exclude,1,0,1,1,1,0,0,0,0,0,0,0,0,1,0,0,0,0,1,audit_only_family
1331,8569,1599,1,side_impactor,impactor_vehicle,X_Exclude,0,1,0,1,1,0,0,1,0,1,1,0,0,1,0,0,0,0,0,not_subject_vehicle
1275,8570,1530,1,low_risk_deployment,subject_vehicle,X_Exclude,1,0,1,1,1,0,0,0,0,0,0,0,0,1,0,0,0,0,1,audit_only_family
1276,8571,1531,1,low_risk_deployment,subject_vehicle,X_Exclude,1,0,1,1,1,0,0,0,0,0,0,0,0,1,0,0,0,0,1,audit_only_family
1312,8579,1577,1,low_risk_deployment,subject_vehicle,X_Exclude,1,0,1,1,1,0,0,0,0,0,0,0,0,1,0,0,0,0,1,audit_only_family
1313,8580,1578,1,low_risk_deployment,subject_vehicle,X_Exclude,1,0,1,1,1,0,0,0,0,0,0,0,0,1,0,0,0,0,1,audit_only_family
1314,8581,1579,1,low_risk_deployment,subject_vehicle,X_Exclude,1,0,1,1,1,0,0,0,0,0,0,0,0,1,0,0,0,0,1,audit_only_family
1315,8582,1580,1,low_risk_deployment,subject_vehicle,X_Exclude,1,0,1,1,1,0,0,0,0,0,0,0,0,1,0,0,0,0,1,audit_only_family
1316,8583,1581,1,low_risk_deployment,subject_vehicle,X_Exclude,1,0,1,1,1,0,0,0,0,0,0,0,0,1,0,0,0,0,1,audit_only_family
1321,8584,1587,1,low_risk_deployment,subject_vehicle,X_Exclude,1,0,1,1,1,0,0,0,0,0,0,0,0,1,0,0,0,0,1,audit_only_family
1322,8585,1588,1,low_risk_deployment,subject_vehicle,X_Exclude,1,0,1,1,1,0,0,0,0,0,0,0,0,1,0,0,0,0,1,audit_only_family
1323,8586,1589,1,low_risk_deployment,subject_vehicle,X_Exclude,1,0,1,1,1,0,0,0,0,0,0,0,0,1,0,0,0,0,1,audit_only_family
954,8597,1143,1,research_other,subject_vehicle,X_Exclude,1,0,1,1,1,0,0,0,0,0,0,0,0,1,0,0,0,0,1,audit_only_family
955,8598,1144,1,research_other,subject_vehicle,X_Exclude,1,0,1,1,1,0,0,0,0,0,0,0,0,1,0,0,0,0,1,audit_only_family
964,8599,1155,1,research_other,subject_vehicle,X_Exclude,1,0,1,1,1,0,0,0,0,0,0,0,0,1,0,0,0,0,1,audit_only_family
965,8600,1156,1,research_other,subject_vehicle,X_Exclude,1,0,1,1,1,0,0,0,0,0,0,0,0,1,0,0,0,0,1,audit_only_family
966,8601,1157,1,research_other,subject_vehicle,X_Exclude,1,0,1,1,1,0,0,0,0,0,0,0,0,1,0,0,0,0,1,audit_only_family
967,8602,1158,1,research_other,subject_vehicle,X_Exclude,1,0,1,1,1,0,0,0,0,0,0,0,0,1,0,0,0,0,1,audit_only_family
1338,8606,1607,1,low_risk_deployment,subject_vehicle,X_Exclude,1,0,1,1,1,0,0,0,0,0,0,0,0,1,0,0,0,0,1,audit_only_family
1339,8607,1608,1,low_risk_deployment,subject_vehicle,X_Exclude,1,0,1,1,1,0,0,0,0,0,0,0,0,1,0,0,0,0,1,audit_only_family
1340,8608,1609,1,low_risk_deployment,subject_vehicle,X_Exclude,1,0,1,1,1,0,0,0,0,0,0,0,0,1,0,0,0,0,1,audit_only_family
1341,8609,1610,1,low_risk_deployment,subject_vehicle,X_Exclude,1,0,1,1,1,0,0,0,0,0,0,0,0,1,0,0,0,0,1,audit_only_family
1342,8610,1611,1,low_risk_deployment,subject_vehicle,X_Exclude,1,0,1,1,1,0,0,0,0,0,0,0,0,1,0,0,0,0,1,audit_only_family
1343,8611,1612,1,low_risk_deployment,subject_vehicle,X_Exclude,1,0,1,1,1,0,0,0,0,0,0,0,0,1,0,0,0,0,1,audit_only_family
1344,8615,1613,1,static_airbag,subject_vehicle,C_MaxOnly,0,0,1,0,1,0,0,1,0,0,0,0,0,0,0,0,0,0,1,audit_only_family
1345,8616,1614,1,static_airbag,subject_vehicle,C_MaxOnly,0,0,1,0,1,0,0,1,0,0,0,0,0,0,0,0,0,0,1,audit_only_family
1346,8617,1615,1,static_airbag,subject_vehicle,C_MaxOnly,0,0,1,0,1,0,0,1,0,0,0,0,0,0,0,0,0,0,1,audit_only_family
1347,8618,1616,1,static_airbag,subject_vehicle,X_Exclude,1,0,1,1,1,0,0,1,0,0,0,0,0,1,0,0,0,0,1,audit_only_family
1348,8619,1617,1,static_airbag,subject_vehicle,X_Exclude,1,0,1,1,1,0,0,1,0,0,0,0,0,1,0,0,0,0,1,audit_only_family
542,8620,652,1,adas_fcw,subject_vehicle,X_Exclude,1,0,1,1,1,0,0,0,0,0,0,0,0,1,0,0,0,0,1,audit_only_family
548,8621,658,1,adas_fcw,subject_vehicle,X_Exclude,1,0,1,1,1,0,0,0,0,0,0,0,0,1,0,0,0,0,1,audit_only_family
551,8622,661,1,adas_ldw,subject_vehicle,X_Exclude,1,0,1,1,1,0,0,0,0,0,0,0,0,1,0,0,0,0,1,audit_only_family
533,8623,642,1,adas_fcw,subject_vehicle,X_Exclude,1,0,1,1,1,0,0,0,0,0,0,0,0,1,0,0,0,0,1,audit_only_family
485,8624,584,1,adas_fcw,subject_vehicle,X_Exclude,1,0,1,1,1,0,0,0,0,0,0,0,0,1,0,0,0,0,1,audit_only_family
511,8625,617,1,adas_fcw,subject_vehicle,X_Exclude,1,0,1,1,1,0,0,0,0,0,0,0,0,1,0,0,0,0,1,audit_only_family
513,8626,620,1,adas_ldw,subject_vehicle,X_Exclude,1,0,1,1,1,0,0,0,0,0,0,0,0,1,0,0,0,0,1,audit_only_family
549,8627,659,1,adas_fcw,subject_vehicle,X_Exclude,1,0,1,1,1,0,0,0,0,0,0,0,0,1,0,0,0,0,1,audit_only_family
546,8628,656,1,adas_ldw,subject_vehicle,X_Exclude,1,0,1,1,1,0,0,0,0,0,0,0,0,1,0,0,0,0,1,audit_only_family
498,8629,601,1,adas_fcw,subject_vehicle,X_Exclude,1,0,1,1,1,0,0,0,0,0,0,0,0,1,0,0,0,0,1,audit_only_family
500,8630,604,1,adas_ldw,subject_vehicle,X_Exclude,1,0,1,1,1,0,0,0,0,0,0,0,0,1,0,0,0,0,1,audit_only_family
241,8631,287,1,adas_fcw,subject_vehicle,X_Exclude,1,0,1,1,1,0,0,0,0,0,0,0,0,1,0,0,0,0,1,audit_only_family
523,8632,632,1,adas_fcw,subject_vehicle,X_Exclude,1,0,1,1,1,0,0,0,0,0,0,0,0,1,0,0,0,0,1,audit_only_family
524,8633,633,1,adas_ldw,subject_vehicle,X_Exclude,1,0,1,1,1,0,0,0,0,0,0,0,0,1,0,0,0,0,1,audit_only_family
526,8634,635,1,adas_fcw,subject_vehicle,X_Exclude,1,0,1,1,1,0,0,0,0,0,0,0,0,1,0,0,0,0,1,audit_only_family
528,8635,637,1,adas_ldw,subject_vehicle,X_Exclude,1,0,1,1,1,0,0,0,0,0,0,0,0,1,0,0,0,0,1,audit_only_family
543,8636,653,1,adas_fcw,subject_vehicle,X_Exclude,1,0,1,1,1,0,0,0,0,0,0,0,0,1,0,0,0,0,1,audit_only_family
544,8637,654,1,adas_fcw,subject_vehicle,X_Exclude,1,0,1,1,1,0,0,0,0,0,0,0,0,1,0,0,0,0,1,audit_only_family
531,8638,640,1,adas_fcw,subject_vehicle,X_Exclude,1,0,1,1,1,0,0,0,0,0,0,0,0,1,0,0,0,0,1,audit_only_family
529,8639,638,1,adas_ldw,subject_vehicle,X_Exclude,1,0,1,1,1,0,0,0,0,0,0,0,0,1,0,0,0,0,1,audit_only_family
1363,8642,1632,1,side_impactor,impactor_vehicle,X_Exclude,0,1,0,0,1,0,0,0,0,0,1,0,0,1,0,0,0,0,0,not_subject_vehicle
1357,8643,1626,1,static_airbag,subject_vehicle,X_Exclude,1,0,1,1,1,0,0,1,0,0,0,0,0,1,0,0,0,0,1,audit_only_family
1358,8644,1627,1,static_airbag,subject_vehicle,X_Exclude,1,0,1,1,1,0,0,1,0,0,0,0,0,1,0,0,0,0,1,audit_only_family
1370,8645,1640,1,static_airbag,subject_vehicle,X_Exclude,1,0,1,1,1,0,0,1,0,0,0,0,0,1,0,0,0,0,1,audit_only_family
1371,8646,1641,1,static_airbag,subject_vehicle,X_Exclude,1,0,1,1,1,0,0,1,0,0,0,0,0,1,0,0,0,0,1,audit_only_family
1372,8647,1642,1,side_impactor,impactor_vehicle,X_Exclude,1,1,1,1,1,0,0,1,0,0,1,0,0,1,0,0,0,0,0,not_subject_vehicle
1366,8649,1636,1,static_airbag,subject_vehicle,X_Exclude,1,0,1,1,1,0,0,1,0,0,0,0,0,1,0,0,0,0,1,audit_only_family
1367,8650,1637,1,static_airbag,subject_vehicle,X_Exclude,1,0,1,1,1,0,0,1,0,0,0,0,0,1,0,0,0,0,1,audit_only_family
1349,8652,1618,1,low_risk_deployment,subject_vehicle,X_Exclude,1,0,1,1,1,0,0,0,0,0,0,0,0,1,0,0,0,0,1,audit_only_family
1350,8653,1619,1,low_risk_deployment,subject_vehicle,X_Exclude,1,0,1,1,1,0,0,0,0,0,0,0,0,1,0,0,0,0,1,audit_only_family
1351,8654,1620,1,low_risk_deployment,subject_vehicle,X_Exclude,1,0,1,1,1,0,0,0,0,0,0,0,0,1,0,0,0,0,1,audit_only_family
1352,8655,1621,1,low_risk_deployment,subject_vehicle,X_Exclude,1,0,1,1,1,0,0,0,0,0,0,0,0,1,0,0,0,0,1,audit_only_family
1353,8656,1622,1,low_risk_deployment,subject_vehicle,X_Exclude,1,0,1,1,1,0,0,0,0,0,0,0,0,1,0,0,0,0,1,audit_only_family
1354,8657,1623,1,low_risk_deployment,subject_vehicle,X_Exclude,1,0,1,1,1,0,0,0,0,0,0,0,0,1,0,0,0,0,1,audit_only_family
1390,8662,1661,1,side_impactor,impactor_vehicle,X_Exclude,0,1,0,1,1,0,0,1,0,1,1,1,0,1,0,0,0,0,0,not_subject_vehicle
1407,8664,1679,1,side_impactor,impactor_vehicle,X_Exclude,0,1,0,1,1,0,0,1,0,1,1,0,0,1,0,0,0,0,0,not_subject_vehicle
1417,8666,1690,1,side_impactor,impactor_vehicle,X_Exclude,0,1,0,1,1,0,0,1,0,1,1,0,0,1,0,0,0,0,0,not_subject_vehicle
644,8667,772,1,rear,subject_vehicle,X_Exclude,1,0,1,1,1,0,0,1,0,0,1,0,0,1,1,0,0,0,0,all_zero_placeholder
595,8668,713,1,rear,subject_vehicle,X_Exclude,1,0,1,1,1,0,0,1,0,0,1,0,0,1,1,0,0,0,0,all_zero_placeholder
620,8669,743,1,rear,subject_vehicle,X_Exclude,0,0,1,0,1,0,0,1,0,0,1,0,0,1,1,0,0,0,0,rear_low_confidence
627,8670,750,1,rear,subject_vehicle,X_Exclude,0,0,1,0,1,0,0,1,0,0,1,0,0,1,1,0,0,0,0,rear_low_confidence
656,8671,786,1,rear,subject_vehicle,X_Exclude,0,0,1,0,1,0,0,1,0,0,1,0,0,1,1,0,0,0,0,rear_low_confidence
621,8672,744,1,rear,subject_vehicle,X_Exclude,0,0,1,0,1,0,0,1,0,0,1,0,0,1,1,0,0,0,0,rear_low_confidence
625,8673,748,1,rear,subject_vehicle,X_Exclude,0,0,1,0,1,0,0,1,0,0,1,0,0,1,1,0,0,0,0,rear_low_confidence
652,8674,782,1,rear,subject_vehicle,X_Exclude,1,0,1,1,1,0,0,1,0,0,1,0,0,1,1,0,0,0,0,all_zero_placeholder
628,8675,751,1,rear,subject_vehicle,X_Exclude,0,0,1,0,1,0,0,1,0,0,1,0,0,1,1,0,0,0,0,rear_low_confidence
561,8676,673,1,rear,subject_vehicle,X_Exclude,0,0,1,0,1,0,0,1,0,0,1,0,0,1,1,0,0,0,0,rear_low_confidence
596,8677,714,1,rear,subject_vehicle,X_Exclude,1,0,1,1,1,0,0,1,0,0,1,0,0,1,1,0,0,0,0,all_zero_placeholder
653,8678,783,1,rear,subject_vehicle,X_Exclude,0,0,1,0,1,0,0,1,0,0,1,0,0,1,1,0,0,0,0,rear_low_confidence
623,8679,746,1,rear,subject_vehicle,X_Exclude,0,0,1,0,1,0,0,1,0,0,1,0,0,1,1,0,0,0,0,rear_low_confidence
594,8680,712,1,rear,subject_vehicle,X_Exclude,1,0,1,1,1,0,0,1,0,0,1,0,0,1,1,0,0,0,0,all_zero_placeholder
624,8681,747,1,rear,subject_vehicle,X_Exclude,0,0,1,0,1,0,0,1,0,0,1,0,0,1,1,0,0,0,0,rear_low_confidence
732,8682,879,1,rear,subject_vehicle,X_Exclude,1,0,1,1,1,0,0,1,0,0,1,0,0,1,1,0,0,0,0,all_zero_placeholder
606,8700,724,1,sled_without_body,subject_vehicle,X_Exclude,1,0,1,1,1,0,0,0,0,0,0,0,0,1,0,0,0,0,1,audit_only_family
607,8701,725,1,sled_without_body,subject_vehicle,X_Exclude,1,0,1,1,1,0,0,0,0,0,0,0,0,1,0,0,0,0,1,audit_only_family
608,8702,726,1,sled_without_body,subject_vehicle,X_Exclude,1,0,1,1,1,0,0,0,0,0,0,0,0,1,0,0,0,0,1,audit_only_family
614,8703,734,1,sled_without_body,subject_vehicle,X_Exclude,1,0,1,1,1,0,0,0,0,0,0,0,0,1,0,0,0,0,1,audit_only_family
1129,8723,1335,1,sled_without_body,subject_vehicle,X_Exclude,1,0,1,1,1,0,0,0,0,0,0,0,0,1,0,0,0,0,1,audit_only_family
1131,8724,1337,1,sled_without_body,subject_vehicle,X_Exclude,1,0,1,1,1,0,0,0,0,0,0,0,0,1,0,0,0,0,1,audit_only_family
1132,8725,1338,1,sled_without_body,subject_vehicle,X_Exclude,1,0,1,1,1,0,0,0,0,0,0,0,0,1,0,0,0,0,1,audit_only_family
1133,8726,1339,1,sled_without_body,subject_vehicle,X_Exclude,1,0,1,1,1,0,0,0,0,0,0,0,0,1,0,0,0,0,1,audit_only_family
1424,8750,1698,1,side_impactor,impactor_vehicle,X_Exclude,0,1,0,1,1,0,0,1,0,1,1,0,0,1,0,0,0,0,0,not_subject_vehicle
1427,8753,1702,1,static_airbag,subject_vehicle,X_Exclude,1,0,1,1,1,0,0,1,0,0,0,0,0,1,0,0,0,0,1,audit_only_family
1428,8754,1703,1,static_airbag,subject_vehicle,X_Exclude,1,0,1,1,1,0,0,1,0,0,0,0,0,1,0,0,0,0,1,audit_only_family
1430,8756,1705,1,static_airbag,subject_vehicle,X_Exclude,1,0,1,1,1,0,0,1,0,0,0,0,0,1,0,0,0,0,1,audit_only_family
1425,8759,1700,1,static_airbag,subject_vehicle,X_Exclude,1,0,1,1,1,0,0,1,0,0,0,0,0,1,0,0,0,0,1,audit_only_family
1426,8760,1701,1,static_airbag,subject_vehicle,X_Exclude,1,0,1,1,1,0,0,1,0,0,0,0,0,1,0,0,0,0,1,audit_only_family
1391,8762,1663,1,low_risk_deployment,subject_vehicle,X_Exclude,1,0,1,1,1,0,0,0,0,0,0,0,0,1,0,0,0,0,1,audit_only_family
1392,8763,1664,1,low_risk_deployment,subject_vehicle,X_Exclude,1,0,1,1,1,0,0,0,0,0,0,0,0,1,0,0,0,0,1,audit_only_family
1393,8764,1665,1,low_risk_deployment,subject_vehicle,X_Exclude,1,0,1,1,1,0,0,0,0,0,0,0,0,1,0,0,0,0,1,audit_only_family
1395,8765,1667,1,low_risk_deployment,subject_vehicle,X_Exclude,1,0,1,1,1,0,0,0,0,0,0,0,0,1,0,0,0,0,1,audit_only_family
1396,8766,1668,1,low_risk_deployment,subject_vehicle,X_Exclude,1,0,1,1,1,0,0,0,0,0,0,0,0,1,0,0,0,0,1,audit_only_family
1397,8767,1669,1,low_risk_deployment,subject_vehicle,X_Exclude,1,0,1,1,1,0,0,0,0,0,0,0,0,1,0,0,0,0,1,audit_only_family
1401,8768,1673,1,low_risk_deployment,subject_vehicle,X_Exclude,1,0,1,1,1,0,0,0,0,0,0,0,0,1,0,0,0,0,1,audit_only_family
1402,8769,1674,1,low_risk_deployment,subject_vehicle,X_Exclude,1,0,1,1,1,0,0,0,0,0,0,0,0,1,0,0,0,0,1,audit_only_family
1411,8770,1684,1,low_risk_deployment,subject_vehicle,X_Exclude,1,0,1,1,1,0,0,0,0,0,0,0,0,1,0,0,0,0,1,audit_only_family
1413,8771,1686,1,low_risk_deployment,subject_vehicle,X_Exclude,1,0,1,1,1,0,0,0,0,0,0,0,0,1,0,0,0,0,1,audit_only_family
1414,8772,1687,1,low_risk_deployment,subject_vehicle,X_Exclude,1,0,1,1,1,0,0,0,0,0,0,0,0,1,0,0,0,0,1,audit_only_family
1415,8773,1688,1,low_risk_deployment,subject_vehicle,X_Exclude,1,0,1,1,1,0,0,0,0,0,0,0,0,1,0,0,0,0,1,audit_only_family
1418,8774,1692,1,low_risk_deployment,subject_vehicle,X_Exclude,1,0,1,1,1,0,0,0,0,0,0,0,0,1,0,0,0,0,1,audit_only_family
1419,8775,1693,1,low_risk_deployment,subject_vehicle,X_Exclude,1,0,1,1,1,0,0,0,0,0,0,0,0,1,0,0,0,0,1,audit_only_family
1421,8776,1695,1,low_risk_deployment,subject_vehicle,X_Exclude,1,0,1,1,1,0,0,0,0,0,0,0,0,1,0,0,0,0,1,audit_only_family
1422,8777,1696,1,low_risk_deployment,subject_vehicle,X_Exclude,1,0,1,1,1,0,0,0,0,0,0,0,0,1,0,0,0,0,1,audit_only_family
1434,8779,1710,1,side_impactor,impactor_vehicle,X_Exclude,0,1,0,1,1,0,0,1,0,1,1,0,0,1,0,0,0,0,0,not_subject_vehicle
1437,8782,1714,1,side_impactor,impactor_vehicle,X_Exclude,0,1,0,1,1,0,0,0,0,1,1,0,0,1,0,0,0,0,0,not_subject_vehicle
1439,8784,1717,1,side_impactor,impactor_vehicle,X_Exclude,1,1,1,1,1,0,0,1,0,0,1,0,0,1,0,0,0,0,0,not_subject_vehicle
1450,8786,1730,1,side_impactor,impactor_vehicle,X_Exclude,0,1,0,1,1,0,0,0,0,1,1,0,0,1,0,0,0,0,0,not_subject_vehicle
1440,8787,1719,1,research_other,subject_vehicle,X_Exclude,1,0,1,1,1,0,0,0,0,0,0,0,0,1,0,0,0,0,1,audit_only_family
1440,8787,1720,2,research_other,subject_vehicle,A_ProfileValid,0,0,0,0,0,0,0,0,0,0,0,0,0,0,0,1,1,0,1,audit_only_family
1451,8788,1732,1,research_other,subject_vehicle,X_Exclude,1,0,1,1,1,0,0,0,0,0,0,0,0,1,0,0,0,0,1,audit_only_family
1451,8788,1733,2,research_other,subject_vehicle,A_ProfileValid,0,0,0,0,0,0,0,0,0,0,0,0,0,0,0,0,0,0,1,audit_only_family
1455,8789,1738,1,research_other,subject_vehicle,X_Exclude,1,0,1,1,1,0,0,0,0,0,0,0,0,1,0,0,0,0,1,audit_only_family
1455,8789,1739,2,research_other,subject_vehicle,A_ProfileValid,0,0,0,0,0,0,0,0,0,0,0,0,0,0,0,1,1,0,1,audit_only_family
1459,8790,1743,1,research_other,subject_vehicle,X_Exclude,1,0,1,1,1,0,0,0,0,0,0,0,0,1,0,0,0,0,1,audit_only_family
1459,8790,1744,2,research_other,subject_vehicle,A_ProfileValid,0,0,0,0,0,0,0,0,0,0,0,0,0,0,0,1,1,0,1,audit_only_family
1463,8791,1748,1,research_other,subject_vehicle,X_Exclude,1,0,1,1,1,0,0,0,0,0,0,0,0,1,0,0,0,0,1,audit_only_family
1463,8791,1749,2,research_other,subject_vehicle,A_ProfileValid,0,0,0,0,0,0,0,0,0,0,0,0,0,0,0,1,1,0,1,audit_only_family
725,8830,871,1,sled_without_body,subject_vehicle,X_Exclude,1,0,1,1,1,0,0,0,0,0,0,0,0,1,0,0,0,0,1,audit_only_family
727,8831,873,1,sled_without_body,subject_vehicle,X_Exclude,1,0,1,1,1,0,0,0,0,0,0,0,0,1,0,0,0,0,1,audit_only_family
728,8832,874,1,sled_without_body,subject_vehicle,X_Exclude,1,0,1,1,1,0,0,0,0,0,0,0,0,1,0,0,0,0,1,audit_only_family
731,8833,878,1,sled_without_body,subject_vehicle,X_Exclude,1,0,1,1,1,0,0,0,0,0,0,0,0,1,0,0,0,0,1,audit_only_family
733,8834,880,1,sled_without_body,subject_vehicle,X_Exclude,1,0,1,1,1,0,0,0,0,0,0,0,0,1,0,0,0,0,1,audit_only_family
734,8835,881,1,sled_without_body,subject_vehicle,X_Exclude,1,0,1,1,1,0,0,0,0,0,0,0,0,1,0,0,0,0,1,audit_only_family
739,8836,888,1,sled_without_body,subject_vehicle,X_Exclude,1,0,1,1,1,0,0,0,0,0,0,0,0,1,0,0,0,0,1,audit_only_family
745,8837,896,1,sled_without_body,subject_vehicle,X_Exclude,1,0,1,1,1,0,0,0,0,0,0,0,0,1,0,0,0,0,1,audit_only_family
746,8838,897,1,sled_without_body,subject_vehicle,X_Exclude,1,0,1,1,1,0,0,0,0,0,0,0,0,1,0,0,0,0,1,audit_only_family
753,8839,906,1,sled_without_body,subject_vehicle,X_Exclude,1,0,1,1,1,0,0,0,0,0,0,0,0,1,0,0,0,0,1,audit_only_family
754,8840,907,1,sled_without_body,subject_vehicle,X_Exclude,1,0,1,1,1,0,0,0,0,0,0,0,0,1,0,0,0,0,1,audit_only_family
760,8841,915,1,sled_without_body,subject_vehicle,X_Exclude,1,0,1,1,1,0,0,0,0,0,0,0,0,1,0,0,0,0,1,audit_only_family
767,8842,925,1,sled_without_body,subject_vehicle,X_Exclude,1,0,1,1,1,0,0,0,0,0,0,0,0,1,0,0,0,0,1,audit_only_family
768,8843,926,1,sled_without_body,subject_vehicle,X_Exclude,1,0,1,1,1,0,0,0,0,0,0,0,0,1,0,0,0,0,1,audit_only_family
831,8844,1004,1,sled_without_body,subject_vehicle,X_Exclude,1,0,1,1,1,0,0,0,0,0,0,0,0,1,0,0,0,0,1,audit_only_family
836,8845,1009,1,sled_without_body,subject_vehicle,X_Exclude,1,0,1,1,1,0,0,0,0,0,0,0,0,1,0,0,0,0,1,audit_only_family
852,8846,1026,1,sled_without_body,subject_vehicle,X_Exclude,1,0,1,1,1,0,0,0,0,0,0,0,0,1,0,0,0,0,1,audit_only_family
857,8847,1031,1,sled_without_body,subject_vehicle,X_Exclude,1,0,1,1,1,0,0,0,0,0,0,0,0,1,0,0,0,0,1,audit_only_family
858,8848,1032,1,sled_without_body,subject_vehicle,X_Exclude,1,0,1,1,1,0,0,0,0,0,0,0,0,1,0,0,0,0,1,audit_only_family
930,8849,1113,1,sled_without_body,subject_vehicle,X_Exclude,1,0,1,1,1,0,0,0,0,0,0,0,0,1,0,0,0,0,1,audit_only_family
931,8850,1114,1,sled_without_body,subject_vehicle,X_Exclude,1,0,1,1,1,0,0,0,0,0,0,0,0,1,0,0,0,0,1,audit_only_family
933,8851,1116,1,sled_without_body,subject_vehicle,X_Exclude,1,0,1,1,1,0,0,0,0,0,0,0,0,1,0,0,0,0,1,audit_only_family
934,8852,1117,1,sled_without_body,subject_vehicle,X_Exclude,1,0,1,1,1,0,0,0,0,0,0,0,0,1,0,0,0,0,1,audit_only_family
1080,8853,1274,1,sled_without_body,subject_vehicle,X_Exclude,1,0,1,1,1,0,0,0,0,0,0,0,0,1,0,0,0,0,1,audit_only_family
1089,8854,1283,1,sled_without_body,subject_vehicle,X_Exclude,1,0,1,1,1,0,0,0,0,0,0,0,0,1,0,0,0,0,1,audit_only_family
1092,8855,1286,1,sled_without_body,subject_vehicle,X_Exclude,1,0,1,1,1,0,0,0,0,0,0,0,0,1,0,0,0,0,1,audit_only_family
1096,8856,1292,1,sled_without_body,subject_vehicle,X_Exclude,1,0,1,1,1,0,0,0,0,0,0,0,0,1,0,0,0,0,1,audit_only_family
1097,8857,1293,1,sled_without_body,subject_vehicle,X_Exclude,1,0,1,1,1,0,0,0,0,0,0,0,0,1,0,0,0,0,1,audit_only_family
1098,8858,1294,1,sled_without_body,subject_vehicle,X_Exclude,1,0,1,1,1,0,0,0,0,0,0,0,0,1,0,0,0,0,1,audit_only_family
1163,8859,1375,1,sled_without_body,subject_vehicle,X_Exclude,1,0,1,1,1,0,0,0,0,0,0,0,0,1,0,0,0,0,1,audit_only_family
1164,8860,1376,1,sled_without_body,subject_vehicle,X_Exclude,1,0,1,1,1,0,0,0,0,0,0,0,0,1,0,0,0,0,1,audit_only_family
1166,8861,1379,1,sled_without_body,subject_vehicle,X_Exclude,1,0,1,1,1,0,0,0,0,0,0,0,0,1,0,0,0,0,1,audit_only_family
1167,8862,1380,1,sled_without_body,subject_vehicle,X_Exclude,1,0,1,1,1,0,0,0,0,0,0,0,0,1,0,0,0,0,1,audit_only_family
1168,8863,1381,1,sled_without_body,subject_vehicle,X_Exclude,1,0,1,1,1,0,0,0,0,0,0,0,0,1,0,0,0,0,1,audit_only_family
1169,8864,1382,1,sled_without_body,subject_vehicle,X_Exclude,1,0,1,1,1,0,0,0,0,0,0,0,0,1,0,0,0,0,1,audit_only_family
1172,8865,1387,1,sled_without_body,subject_vehicle,X_Exclude,1,0,1,1,1,0,0,0,0,0,0,0,0,1,0,0,0,0,1,audit_only_family
1173,8866,1388,1,sled_without_body,subject_vehicle,X_Exclude,1,0,1,1,1,0,0,0,0,0,0,0,0,1,0,0,0,0,1,audit_only_family
1175,8867,1390,1,sled_without_body,subject_vehicle,X_Exclude,1,0,1,1,1,0,0,0,0,0,0,0,0,1,0,0,0,0,1,audit_only_family
1176,8868,1391,1,sled_without_body,subject_vehicle,X_Exclude,1,0,1,1,1,0,0,0,0,0,0,0,0,1,0,0,0,0,1,audit_only_family
1177,8869,1392,1,sled_without_body,subject_vehicle,X_Exclude,1,0,1,1,1,0,0,0,0,0,0,0,0,1,0,0,0,0,1,audit_only_family
1178,8870,1393,1,sled_without_body,subject_vehicle,X_Exclude,1,0,1,1,1,0,0,0,0,0,0,0,0,1,0,0,0,0,1,audit_only_family
1179,8871,1394,1,sled_without_body,subject_vehicle,X_Exclude,1,0,1,1,1,0,0,0,0,0,0,0,0,1,0,0,0,0,1,audit_only_family
1180,8872,1395,1,sled_without_body,subject_vehicle,X_Exclude,1,0,1,1,1,0,0,0,0,0,0,0,0,1,0,0,0,0,1,audit_only_family
1181,8873,1396,1,sled_without_body,subject_vehicle,X_Exclude,1,0,1,1,1,0,0,0,0,0,0,0,0,1,0,0,0,0,1,audit_only_family
1186,8874,1403,1,sled_without_body,subject_vehicle,X_Exclude,1,0,1,1,1,0,0,0,0,0,0,0,0,1,0,0,0,0,1,audit_only_family
1464,8875,1750,1,research_other,subject_vehicle,X_Exclude,1,0,1,1,1,0,0,0,0,0,0,0,0,1,0,0,0,0,1,audit_only_family
1464,8875,1751,2,research_other,subject_vehicle,A_ProfileValid,0,0,0,0,0,0,0,0,0,0,0,0,0,0,0,1,1,0,1,audit_only_family
1467,8876,1754,1,side_impactor,impactor_vehicle,X_Exclude,0,1,0,1,1,0,0,1,0,1,1,0,0,1,0,0,0,0,0,not_subject_vehicle
1472,8879,1762,1,side_impactor,impactor_vehicle,X_Exclude,0,1,0,1,1,0,0,1,0,1,1,0,0,1,0,0,0,0,0,not_subject_vehicle
1469,8881,1757,1,research_other,subject_vehicle,X_Exclude,1,0,1,1,1,0,0,0,0,0,0,0,0,1,0,0,0,0,1,audit_only_family
1469,8881,1758,2,research_other,subject_vehicle,A_ProfileValid,0,0,0,0,0,0,0,0,0,0,0,0,0,0,0,1,1,0,1,audit_only_family
1470,8882,1759,1,research_other,subject_vehicle,X_Exclude,1,0,1,1,1,0,0,0,0,0,0,0,0,1,0,0,0,0,1,audit_only_family
1470,8882,1760,2,research_other,subject_vehicle,A_ProfileValid,0,0,0,0,0,0,0,0,0,0,0,0,0,0,0,1,1,0,1,audit_only_family
1431,8883,1706,1,side_impactor,impactor_vehicle,X_Exclude,0,1,0,1,1,0,0,0,0,1,1,0,0,1,0,0,0,0,0,not_subject_vehicle
1442,8884,1722,1,low_risk_deployment,subject_vehicle,X_Exclude,1,0,1,1,1,0,0,0,0,0,0,0,0,1,0,0,0,0,1,audit_only_family
1443,8885,1723,1,low_risk_deployment,subject_vehicle,X_Exclude,1,0,1,1,1,0,0,0,0,0,0,0,0,1,0,0,0,0,1,audit_only_family
1444,8886,1724,1,low_risk_deployment,subject_vehicle,X_Exclude,1,0,1,1,1,0,0,0,0,0,0,0,0,1,0,0,0,0,1,audit_only_family
1445,8887,1725,1,low_risk_deployment,subject_vehicle,X_Exclude,1,0,1,1,1,0,0,0,0,0,0,0,0,1,0,0,0,0,1,audit_only_family
1446,8888,1726,1,low_risk_deployment,subject_vehicle,X_Exclude,1,0,1,1,1,0,0,0,0,0,0,0,0,1,0,0,0,0,1,audit_only_family
1447,8889,1727,1,low_risk_deployment,subject_vehicle,X_Exclude,1,0,1,1,1,0,0,0,0,0,0,0,0,1,0,0,0,0,1,audit_only_family
1456,8892,1740,1,low_risk_deployment,subject_vehicle,X_Exclude,1,0,1,1,1,0,0,0,0,0,0,0,0,1,0,0,0,0,1,audit_only_family
1457,8893,1741,1,low_risk_deployment,subject_vehicle,X_Exclude,1,0,1,1,1,0,0,0,0,0,0,0,0,1,0,0,0,0,1,audit_only_family
1458,8894,1742,1,low_risk_deployment,subject_vehicle,X_Exclude,1,0,1,1,1,0,0,0,0,0,0,0,0,1,0,0,0,0,1,audit_only_family
1460,8895,1745,1,low_risk_deployment,subject_vehicle,X_Exclude,1,0,1,1,1,0,0,0,0,0,0,0,0,1,0,0,0,0,1,audit_only_family
1461,8896,1746,1,low_risk_deployment,subject_vehicle,X_Exclude,1,0,1,1,1,0,0,0,0,0,0,0,0,1,0,0,0,0,1,audit_only_family
1462,8897,1747,1,low_risk_deployment,subject_vehicle,X_Exclude,1,0,1,1,1,0,0,0,0,0,0,0,0,1,0,0,0,0,1,audit_only_family
1478,8902,1769,1,low_risk_deployment,subject_vehicle,X_Exclude,1,0,1,1,1,0,0,0,0,0,0,0,0,1,0,0,0,0,1,audit_only_family
1479,8903,1770,1,low_risk_deployment,subject_vehicle,X_Exclude,1,0,1,1,1,0,0,0,0,0,0,0,0,1,0,0,0,0,1,audit_only_family
1481,8904,1772,1,low_risk_deployment,subject_vehicle,X_Exclude,1,0,1,1,1,0,0,0,0,0,0,0,0,1,0,0,0,0,1,audit_only_family
1482,8905,1773,1,low_risk_deployment,subject_vehicle,X_Exclude,1,0,1,1,1,0,0,0,0,0,0,0,0,1,0,0,0,0,1,audit_only_family
1485,8907,1777,1,side_impactor,impactor_vehicle,X_Exclude,0,1,0,1,1,0,0,1,0,1,1,0,0,1,0,0,0,0,0,not_subject_vehicle
1361,8910,1630,1,sled_without_body,subject_vehicle,X_Exclude,1,0,1,1,1,0,0,0,0,0,0,0,0,1,0,0,0,0,1,audit_only_family
1364,8911,1634,1,sled_without_body,subject_vehicle,X_Exclude,1,0,1,1,1,0,0,0,0,0,0,0,0,1,0,0,0,0,1,audit_only_family
1365,8912,1635,1,sled_without_body,subject_vehicle,X_Exclude,1,0,1,1,1,0,0,0,0,0,0,0,0,1,0,0,0,0,1,audit_only_family
1368,8913,1638,1,sled_without_body,subject_vehicle,X_Exclude,1,0,1,1,1,0,0,0,0,0,0,0,0,1,0,0,0,0,1,audit_only_family
1369,8914,1639,1,sled_without_body,subject_vehicle,X_Exclude,1,0,1,1,1,0,0,0,0,0,0,0,0,1,0,0,0,0,1,audit_only_family
1373,8915,1644,1,sled_without_body,subject_vehicle,X_Exclude,1,0,1,1,1,0,0,0,0,0,0,0,0,1,0,0,0,0,1,audit_only_family
1374,8916,1645,1,sled_without_body,subject_vehicle,X_Exclude,1,0,1,1,1,0,0,0,0,0,0,0,0,1,0,0,0,0,1,audit_only_family
1377,8917,1648,1,sled_without_body,subject_vehicle,X_Exclude,1,0,1,1,1,0,0,0,0,0,0,0,0,1,0,0,0,0,1,audit_only_family
1378,8918,1649,1,sled_without_body,subject_vehicle,X_Exclude,1,0,1,1,1,0,0,0,0,0,0,0,0,1,0,0,0,0,1,audit_only_family
1379,8919,1650,1,sled_without_body,subject_vehicle,X_Exclude,1,0,1,1,1,0,0,0,0,0,0,0,0,1,0,0,0,0,1,audit_only_family
1380,8920,1651,1,sled_without_body,subject_vehicle,X_Exclude,1,0,1,1,1,0,0,0,0,0,0,0,0,1,0,0,0,0,1,audit_only_family
1381,8921,1652,1,sled_without_body,subject_vehicle,X_Exclude,1,0,1,1,1,0,0,0,0,0,0,0,0,1,0,0,0,0,1,audit_only_family
1383,8922,1654,1,sled_without_body,subject_vehicle,X_Exclude,1,0,1,1,1,0,0,0,0,0,0,0,0,1,0,0,0,0,1,audit_only_family
1384,8923,1655,1,sled_without_body,subject_vehicle,X_Exclude,1,0,1,1,1,0,0,0,0,0,0,0,0,1,0,0,0,0,1,audit_only_family
1386,8924,1657,1,sled_without_body,subject_vehicle,X_Exclude,1,0,1,1,1,0,0,0,0,0,0,0,0,1,0,0,0,0,1,audit_only_family
1387,8925,1658,1,sled_without_body,subject_vehicle,X_Exclude,1,0,1,1,1,0,0,0,0,0,0,0,0,1,0,0,0,0,1,audit_only_family
1388,8926,1659,1,sled_without_body,subject_vehicle,X_Exclude,1,0,1,1,1,0,0,0,0,0,0,0,0,1,0,0,0,0,1,audit_only_family
1394,8927,1666,1,sled_without_body,subject_vehicle,X_Exclude,1,0,1,1,1,0,0,0,0,0,0,0,0,1,0,0,0,0,1,audit_only_family
1399,8928,1671,1,sled_without_body,subject_vehicle,X_Exclude,1,0,1,1,1,0,0,0,0,0,0,0,0,1,0,0,0,0,1,audit_only_family
1400,8929,1672,1,sled_without_body,subject_vehicle,X_Exclude,1,0,1,1,1,0,0,0,0,0,0,0,0,1,0,0,0,0,1,audit_only_family
1403,8930,1675,1,sled_without_body,subject_vehicle,X_Exclude,1,0,1,1,1,0,0,0,0,0,0,0,0,1,0,0,0,0,1,audit_only_family
1404,8931,1676,1,sled_without_body,subject_vehicle,X_Exclude,1,0,1,1,1,0,0,0,0,0,0,0,0,1,0,0,0,0,1,audit_only_family
1405,8932,1677,1,sled_without_body,subject_vehicle,X_Exclude,1,0,1,1,1,0,0,0,0,0,0,0,0,1,0,0,0,0,1,audit_only_family
1408,8933,1681,1,sled_without_body,subject_vehicle,X_Exclude,1,0,1,1,1,0,0,0,0,0,0,0,0,1,0,0,0,0,1,audit_only_family
1409,8934,1682,1,sled_without_body,subject_vehicle,X_Exclude,1,0,1,1,1,0,0,0,0,0,0,0,0,1,0,0,0,0,1,audit_only_family
1410,8935,1683,1,sled_without_body,subject_vehicle,X_Exclude,1,0,1,1,1,0,0,0,0,0,0,0,0,1,0,0,0,0,1,audit_only_family
1412,8936,1685,1,sled_without_body,subject_vehicle,X_Exclude,1,0,1,1,1,0,0,0,0,0,0,0,0,1,0,0,0,0,1,audit_only_family
1490,8937,1783,1,side_impactor,impactor_vehicle,X_Exclude,0,1,0,1,1,0,0,1,0,1,1,0,0,1,0,0,0,0,0,not_subject_vehicle
1495,8939,1789,1,side_impactor,impactor_vehicle,X_Exclude,0,1,0,1,1,0,0,1,0,1,1,0,0,1,0,0,0,0,0,not_subject_vehicle
1492,8941,1786,1,low_risk_deployment,subject_vehicle,X_Exclude,1,0,1,1,1,0,0,0,0,0,0,0,0,1,0,0,0,0,1,audit_only_family
1493,8942,1787,1,low_risk_deployment,subject_vehicle,X_Exclude,1,0,1,1,1,0,0,0,0,0,0,0,0,1,0,0,0,0,1,audit_only_family
1494,8943,1788,1,low_risk_deployment,subject_vehicle,X_Exclude,1,0,1,1,1,0,0,0,0,0,0,0,0,1,0,0,0,0,1,audit_only_family
1496,8944,1791,1,low_risk_deployment,subject_vehicle,X_Exclude,1,0,1,1,1,0,0,0,0,0,0,0,0,1,0,0,0,0,1,audit_only_family
1497,8945,1792,1,low_risk_deployment,subject_vehicle,X_Exclude,1,0,1,1,1,0,0,0,0,0,0,0,0,1,0,0,0,0,1,audit_only_family
1499,8946,1794,1,low_risk_deployment,subject_vehicle,X_Exclude,1,0,1,1,1,0,0,0,0,0,0,0,0,1,0,0,0,0,1,audit_only_family
1501,8950,1796,1,side_impactor,impactor_vehicle,X_Exclude,0,1,0,1,1,0,0,0,0,1,1,0,0,1,0,0,0,0,0,not_subject_vehicle
778,8951,939,1,adas_fcw,subject_vehicle,X_Exclude,1,0,1,1,1,0,0,0,0,0,0,0,0,1,0,0,0,0,1,audit_only_family
774,8952,934,1,adas_fcw,subject_vehicle,X_Exclude,1,0,1,1,1,0,0,0,0,0,0,0,0,1,0,0,0,0,1,audit_only_family
761,8953,916,1,adas_fcw,subject_vehicle,X_Exclude,1,0,1,1,1,0,0,0,0,0,0,0,0,1,0,0,0,0,1,audit_only_family
920,8955,1101,1,adas_fcw,subject_vehicle,X_Exclude,1,0,1,1,1,0,0,0,0,0,0,0,0,1,0,0,0,0,1,audit_only_family
919,8956,1100,1,adas_ldw,subject_vehicle,X_Exclude,1,0,1,1,1,0,0,0,0,0,0,0,0,1,0,0,0,0,1,audit_only_family
985,8957,1177,1,adas_fcw,subject_vehicle,X_Exclude,1,0,1,1,1,0,0,0,0,0,0,0,0,1,0,0,0,0,1,audit_only_family
981,8958,1173,1,adas_ldw,subject_vehicle,X_Exclude,1,0,1,1,1,0,0,0,0,0,0,0,0,1,0,0,0,0,1,audit_only_family
580,8959,694,1,adas_fcw,subject_vehicle,X_Exclude,1,0,1,1,1,0,0,0,0,0,0,0,0,1,0,0,0,0,1,audit_only_family
750,8961,902,1,adas_fcw,subject_vehicle,X_Exclude,1,0,1,1,1,0,0,0,0,0,0,0,0,1,0,0,0,0,1,audit_only_family
755,8962,908,1,adas_ldw,subject_vehicle,X_Exclude,1,0,1,1,1,0,0,0,0,0,0,0,0,1,0,0,0,0,1,audit_only_family
740,8963,889,1,adas_fcw,subject_vehicle,X_Exclude,1,0,1,1,1,0,0,0,0,0,0,0,0,1,0,0,0,0,1,audit_only_family
736,8964,884,1,adas_ldw,subject_vehicle,X_Exclude,1,0,1,1,1,0,0,0,0,0,0,0,0,1,0,0,0,0,1,audit_only_family
762,8965,917,1,adas_fcw,subject_vehicle,X_Exclude,1,0,1,1,1,0,0,0,0,0,0,0,0,1,0,0,0,0,1,audit_only_family
654,8966,784,1,adas_fcw,subject_vehicle,X_Exclude,1,0,1,1,1,0,0,0,0,0,0,0,0,1,0,0,0,0,1,audit_only_family
912,8968,1092,1,adas_fcw,subject_vehicle,X_Exclude,1,0,1,1,1,0,0,0,0,0,0,0,0,1,0,0,0,0,1,audit_only_family
908,8969,1086,1,adas_ldw,subject_vehicle,X_Exclude,1,0,1,1,1,0,0,0,0,0,0,0,0,1,0,0,0,0,1,audit_only_family
673,8970,806,1,adas_fcw,subject_vehicle,X_Exclude,1,0,1,1,1,0,0,0,0,0,0,0,0,1,0,0,0,0,1,audit_only_family
795,8971,962,1,adas_fcw,subject_vehicle,X_Exclude,1,0,1,1,1,0,0,0,0,0,0,0,0,1,0,0,0,0,1,audit_only_family
798,8972,965,1,adas_ldw,subject_vehicle,X_Exclude,1,0,1,1,1,0,0,0,0,0,0,0,0,1,0,0,0,0,1,audit_only_family
790,8973,954,1,adas_ldw,subject_vehicle,X_Exclude,1,0,1,1,1,0,0,0,0,0,0,0,0,1,0,0,0,0,1,audit_only_family
972,8974,1164,1,adas_fcw,subject_vehicle,X_Exclude,1,0,1,1,1,0,0,0,0,0,0,0,0,1,0,0,0,0,1,audit_only_family
973,8975,1165,1,adas_ldw,subject_vehicle,X_Exclude,1,0,1,1,1,0,0,0,0,0,0,0,0,1,0,0,0,0,1,audit_only_family
648,8976,777,1,adas_fcw,subject_vehicle,X_Exclude,1,0,1,1,1,0,0,0,0,0,0,0,0,1,0,0,0,0,1,audit_only_family
748,8978,899,1,adas_fcw,subject_vehicle,X_Exclude,1,0,1,1,1,0,0,0,0,0,0,0,0,1,0,0,0,0,1,audit_only_family
747,8979,898,1,adas_ldw,subject_vehicle,X_Exclude,1,0,1,1,1,0,0,0,0,0,0,0,0,1,0,0,0,0,1,audit_only_family
1502,8980,1798,1,side_impactor,impactor_vehicle,X_Exclude,0,1,0,1,1,0,0,1,0,1,1,0,0,1,0,0,0,0,0,not_subject_vehicle
1506,8983,1803,1,side_impactor,impactor_vehicle,X_Exclude,0,1,0,1,1,0,0,1,0,1,1,0,0,1,0,0,0,0,0,not_subject_vehicle
1513,8989,1814,1,side_impactor,impactor_vehicle,X_Exclude,0,1,0,1,1,0,0,0,0,1,1,0,0,1,0,0,0,0,0,not_subject_vehicle
1516,8991,1819,1,side_impactor,impactor_vehicle,X_Exclude,0,1,0,1,1,0,0,0,0,1,1,0,0,1,0,0,0,0,0,not_subject_vehicle
1523,8992,1827,1,side_impactor,impactor_vehicle,X_Exclude,0,1,0,1,1,0,0,0,0,1,1,0,0,1,0,0,0,0,0,not_subject_vehicle
1525,8997,1830,1,side_impactor,impactor_vehicle,X_Exclude,0,1,0,1,1,0,0,1,0,1,1,0,0,1,0,0,0,0,0,not_subject_vehicle
1509,8998,1807,1,research_other,subject_vehicle,X_Exclude,1,0,1,1,1,0,0,0,0,0,0,0,0,1,0,0,0,0,1,audit_only_family
1509,8998,1808,2,research_other,subject_vehicle,A_ProfileValid,0,0,0,0,0,0,0,0,0,0,0,0,0,0,0,1,1,0,1,audit_only_family
1510,8999,1809,1,research_other,subject_vehicle,X_Exclude,1,0,1,1,1,0,0,0,0,0,0,0,0,1,0,0,0,0,1,audit_only_family
1510,8999,1810,2,research_other,subject_vehicle,A_ProfileValid,0,0,0,0,0,0,0,0,0,0,0,0,0,0,0,1,1,0,1,audit_only_family
1539,9001,1845,1,side_impactor,impactor_vehicle,X_Exclude,0,1,0,1,1,0,0,1,0,1,1,0,0,1,0,0,0,0,0,not_subject_vehicle
1549,9006,1857,1,side_impactor,impactor_vehicle,X_Exclude,0,1,0,1,1,0,0,0,0,1,1,0,0,1,0,0,0,0,0,not_subject_vehicle
1551,9008,1860,1,side_impactor,impactor_vehicle,X_Exclude,0,1,0,1,1,0,0,1,0,1,1,0,0,1,0,0,0,0,0,not_subject_vehicle
1562,9013,1872,1,side_impactor,impactor_vehicle,X_Exclude,0,1,0,1,1,0,0,0,0,1,1,0,0,1,0,0,0,0,0,not_subject_vehicle
1566,9015,1878,1,side_impactor,impactor_vehicle,X_Exclude,0,1,0,1,1,0,0,1,0,1,1,0,0,1,0,0,0,0,0,not_subject_vehicle
1518,9017,1822,1,low_risk_deployment,subject_vehicle,X_Exclude,1,0,1,1,1,0,0,0,0,0,0,0,0,1,0,0,0,0,1,audit_only_family
1519,9018,1823,1,low_risk_deployment,subject_vehicle,X_Exclude,1,0,1,1,1,0,0,0,0,0,0,0,0,1,0,0,0,0,1,audit_only_family
1520,9019,1824,1,low_risk_deployment,subject_vehicle,X_Exclude,1,0,1,1,1,0,0,0,0,0,0,0,0,1,0,0,0,0,1,audit_only_family
1526,9020,1832,1,low_risk_deployment,subject_vehicle,X_Exclude,1,0,1,1,1,0,0,0,0,0,0,0,0,1,0,0,0,0,1,audit_only_family
1530,9021,1836,1,low_risk_deployment,subject_vehicle,X_Exclude,1,0,1,1,1,0,0,0,0,0,0,0,0,1,0,0,0,0,1,audit_only_family
1531,9022,1837,1,low_risk_deployment,subject_vehicle,X_Exclude,1,0,1,1,1,0,0,0,0,0,0,0,0,1,0,0,0,0,1,audit_only_family
1555,9023,1865,1,low_risk_deployment,subject_vehicle,X_Exclude,1,0,1,1,1,0,0,0,0,0,0,0,0,1,0,0,0,0,1,audit_only_family
1556,9024,1866,1,low_risk_deployment,subject_vehicle,X_Exclude,1,0,1,1,1,0,0,0,0,0,0,0,0,1,0,0,0,0,1,audit_only_family
1557,9025,1867,1,low_risk_deployment,subject_vehicle,X_Exclude,1,0,1,1,1,0,0,0,0,0,0,0,0,1,0,0,0,0,1,audit_only_family
1558,9026,1868,1,low_risk_deployment,subject_vehicle,X_Exclude,1,0,1,1,1,0,0,0,0,0,0,0,0,1,0,0,0,0,1,audit_only_family
1563,9027,1874,1,low_risk_deployment,subject_vehicle,X_Exclude,1,0,1,1,1,0,0,0,0,0,0,0,0,1,0,0,0,0,1,audit_only_family
1568,9028,1881,1,low_risk_deployment,subject_vehicle,X_Exclude,1,0,1,1,1,0,0,0,0,0,0,0,0,1,0,0,0,0,1,audit_only_family
1582,9032,1897,1,side_impactor,impactor_vehicle,X_Exclude,0,1,0,1,1,0,0,1,0,1,1,0,0,1,0,0,0,0,0,not_subject_vehicle
1588,9036,1904,1,side_impactor,impactor_vehicle,X_Exclude,1,1,1,1,1,0,0,0,0,0,1,0,0,1,0,0,0,0,0,not_subject_vehicle
1584,9037,1900,1,static_airbag,subject_vehicle,X_Exclude,1,0,1,1,1,0,0,1,0,0,0,0,0,1,0,0,0,0,1,audit_only_family
1585,9038,1901,1,static_airbag,subject_vehicle,X_Exclude,1,0,1,1,1,0,0,1,0,0,0,0,0,1,0,0,0,0,1,audit_only_family
1587,9039,1903,1,static_airbag,subject_vehicle,X_Exclude,1,0,1,1,1,0,0,1,0,0,0,0,0,1,0,0,0,0,1,audit_only_family
1590,9040,1907,1,static_airbag,subject_vehicle,X_Exclude,1,0,1,1,1,0,0,1,0,0,0,0,0,1,0,0,0,0,1,audit_only_family
1591,9041,1908,1,static_airbag,subject_vehicle,X_Exclude,1,0,1,1,1,0,0,1,0,0,0,0,0,1,0,0,0,0,1,audit_only_family
1512,9042,1812,1,research_other,subject_vehicle,C_MaxOnly,0,0,1,0,1,0,0,0,0,0,0,0,0,1,0,0,0,0,1,audit_only_family
1512,9042,1813,2,research_other,subject_vehicle,A_ProfileValid,0,0,0,0,0,0,0,0,0,0,0,0,0,0,0,0,0,0,1,audit_only_family
1515,9043,1817,1,research_other,subject_vehicle,X_Exclude,1,0,1,1,1,0,0,0,0,0,0,0,0,1,0,0,0,0,1,audit_only_family
1515,9043,1818,2,research_other,subject_vehicle,A_ProfileValid,0,0,0,0,0,0,0,0,0,0,0,0,0,0,0,1,1,0,1,audit_only_family
1594,9046,1911,1,side_impactor,impactor_vehicle,X_Exclude,0,1,0,1,1,0,0,0,0,1,1,0,0,1,0,0,0,0,0,not_subject_vehicle
1597,9050,1915,1,side_impactor,impactor_vehicle,X_Exclude,0,1,0,1,1,0,0,1,0,1,1,0,0,1,0,0,0,0,0,not_subject_vehicle
1600,9052,1919,1,side_impactor,impactor_vehicle,X_Exclude,1,1,1,1,1,0,0,0,0,0,1,0,0,1,0,0,0,0,0,not_subject_vehicle
1602,9054,1922,1,side_impactor,impactor_vehicle,X_Exclude,0,1,0,1,1,0,0,1,0,1,1,0,0,1,0,0,0,0,0,not_subject_vehicle
1609,9056,1930,1,side_impactor,impactor_vehicle,X_Exclude,0,1,0,1,1,0,0,1,0,1,1,0,0,1,0,0,0,0,0,not_subject_vehicle
1610,9057,1932,1,static_airbag,subject_vehicle,X_Exclude,1,0,1,1,1,0,0,1,0,0,0,0,0,1,0,0,0,0,1,audit_only_family
1611,9058,1933,1,static_airbag,subject_vehicle,X_Exclude,1,0,1,1,1,0,0,1,0,0,0,0,0,1,0,0,0,0,1,audit_only_family
1613,9060,1935,1,side_impactor,impactor_vehicle,X_Exclude,0,1,0,1,1,0,0,0,0,1,1,0,0,1,0,0,0,0,0,not_subject_vehicle
1618,9063,1941,1,side_impactor,impactor_vehicle,X_Exclude,0,1,0,1,1,0,0,0,0,1,1,0,0,1,0,0,0,0,0,not_subject_vehicle
1619,9064,1943,1,side_impactor,impactor_vehicle,X_Exclude,0,1,0,1,1,0,0,1,0,1,1,0,0,1,0,0,0,0,0,not_subject_vehicle
1615,9065,1938,1,frontal,subject_vehicle,A_ProfileValid,0,0,0,0,0,0,0,0,0,0,0,0,0,0,0,0,0,0,1,audit_only_family
1623,9067,1948,1,side_impactor,impactor_vehicle,X_Exclude,0,1,0,1,1,0,0,1,0,1,1,0,0,1,0,0,0,0,0,not_subject_vehicle
1628,9073,1954,1,side_impactor,impactor_vehicle,X_Exclude,0,1,0,1,1,0,0,1,0,1,1,0,0,1,0,0,0,0,0,not_subject_vehicle
1629,9074,1956,1,side_impactor,impactor_vehicle,X_Exclude,1,1,1,1,1,0,0,0,0,0,1,0,0,1,0,0,0,0,0,not_subject_vehicle
1636,9083,1964,1,side_impactor,impactor_vehicle,X_Exclude,1,1,1,1,1,0,0,0,0,0,1,0,0,1,0,0,0,0,0,not_subject_vehicle
1638,9084,1967,1,side_impactor,impactor_vehicle,X_Exclude,1,1,1,1,1,0,0,0,0,0,1,1,0,1,0,0,0,0,0,not_subject_vehicle
1641,9087,1971,1,side_impactor,impactor_vehicle,X_Exclude,0,1,0,1,1,0,0,1,0,1,1,0,0,1,0,0,0,0,0,not_subject_vehicle
1643,9098,1974,1,static_airbag,subject_vehicle,X_Exclude,1,0,1,1,1,0,0,1,0,0,0,0,0,1,0,0,0,0,1,audit_only_family
1646,9099,1977,1,side_impactor,impactor_vehicle,X_Exclude,0,1,0,1,1,0,0,1,0,1,1,1,0,1,0,0,0,0,0,not_subject_vehicle
1569,9101,1882,1,low_risk_deployment,subject_vehicle,X_Exclude,1,0,1,1,1,0,0,0,0,0,0,0,0,1,0,0,0,0,1,audit_only_family
1570,9102,1883,1,low_risk_deployment,subject_vehicle,X_Exclude,1,0,1,1,1,0,0,0,0,0,0,0,0,1,0,0,0,0,1,audit_only_family
1571,9103,1884,1,low_risk_deployment,subject_vehicle,X_Exclude,1,0,1,1,1,0,0,0,0,0,0,0,0,1,0,0,0,0,1,audit_only_family
1541,9104,1848,1,low_risk_deployment,subject_vehicle,X_Exclude,1,0,1,1,1,0,0,0,0,0,0,0,0,1,0,0,0,0,1,audit_only_family
1542,9105,1849,1,low_risk_deployment,subject_vehicle,X_Exclude,1,0,1,1,1,0,0,0,0,0,0,0,0,1,0,0,0,0,1,audit_only_family
1543,9106,1850,1,low_risk_deployment,subject_vehicle,X_Exclude,1,0,1,1,1,0,0,0,0,0,0,0,0,1,0,0,0,0,1,audit_only_family
735,9110,882,1,research_other,subject_vehicle,X_Exclude,1,0,1,1,1,0,0,0,0,0,0,0,0,1,0,0,0,0,1,audit_only_family
735,9110,883,2,research_other,subject_vehicle,A_ProfileValid,0,0,0,0,0,0,0,0,0,0,0,0,0,0,0,0,0,0,1,audit_only_family
1645,9112,1976,1,static_airbag,subject_vehicle,X_Exclude,1,0,1,1,1,0,0,1,0,0,0,0,0,1,0,0,0,0,1,audit_only_family
1637,9113,1966,1,static_airbag,subject_vehicle,X_Exclude,1,0,1,1,1,0,0,1,0,0,0,0,0,1,0,0,0,0,1,audit_only_family
1654,9115,1986,1,side_impactor,impactor_vehicle,X_Exclude,0,1,0,1,1,0,0,0,0,1,1,0,0,1,0,0,0,0,0,not_subject_vehicle
1649,9116,1981,1,static_airbag,subject_vehicle,X_Exclude,1,0,1,1,1,0,0,1,0,0,0,0,0,1,0,0,0,0,1,audit_only_family
1650,9117,1982,1,static_airbag,subject_vehicle,X_Exclude,1,0,1,1,1,0,0,1,0,0,0,0,0,1,0,0,0,0,1,audit_only_family
1651,9118,1983,1,static_airbag,subject_vehicle,X_Exclude,1,0,1,1,1,0,0,1,0,0,0,0,0,1,0,0,0,0,1,audit_only_family
1652,9119,1984,1,static_airbag,subject_vehicle,X_Exclude,1,0,1,1,1,0,0,1,0,0,0,0,0,1,0,0,0,0,1,audit_only_family
741,9121,890,1,research_other,subject_vehicle,X_Exclude,1,0,1,1,1,0,0,0,0,0,0,0,0,1,0,0,0,0,1,audit_only_family
741,9121,891,2,research_other,subject_vehicle,A_ProfileValid,0,0,0,0,0,0,0,0,0,0,0,0,0,0,0,1,1,0,1,audit_only_family
749,9122,900,1,research_other,subject_vehicle,X_Exclude,1,0,1,1,1,0,0,0,0,0,0,0,0,1,0,0,0,0,1,audit_only_family
749,9122,901,2,research_other,subject_vehicle,A_ProfileValid,0,0,0,0,0,0,0,0,0,0,0,0,0,0,0,0,0,0,1,audit_only_family
751,9123,903,1,research_other,subject_vehicle,X_Exclude,1,0,1,1,1,0,0,0,0,0,0,0,0,1,0,0,0,0,1,audit_only_family
751,9123,904,2,research_other,subject_vehicle,A_ProfileValid,0,0,0,0,0,0,0,0,0,0,0,0,0,0,0,0,0,0,1,audit_only_family
763,9124,918,1,research_other,subject_vehicle,X_Exclude,1,0,1,1,1,0,0,0,0,0,0,0,0,1,0,0,0,0,1,audit_only_family
763,9124,919,2,research_other,subject_vehicle,A_ProfileValid,0,0,0,0,0,0,0,0,0,0,0,0,0,0,0,1,1,0,1,audit_only_family
770,9125,928,1,research_other,subject_vehicle,X_Exclude,1,0,0,1,1,0,1,0,0,0,0,0,1,1,0,0,0,0,1,audit_only_family
770,9125,929,2,research_other,subject_vehicle,A_ProfileValid,0,0,0,0,0,0,0,0,0,0,0,0,0,0,0,0,0,0,1,audit_only_family
779,9126,940,1,research_other,subject_vehicle,X_Exclude,1,0,1,1,1,0,0,0,0,0,0,0,0,1,0,0,0,0,1,audit_only_family
779,9126,941,2,research_other,subject_vehicle,A_ProfileValid,0,0,0,0,0,0,0,0,0,0,0,0,0,0,0,1,1,0,1,audit_only_family
786,9127,948,1,research_other,subject_vehicle,X_Exclude,1,0,1,1,1,0,0,0,0,0,0,0,0,1,0,0,0,0,1,audit_only_family
786,9127,949,2,research_other,subject_vehicle,A_ProfileValid,0,0,0,0,0,0,0,0,0,0,0,0,0,0,0,1,1,0,1,audit_only_family
788,9128,951,1,research_other,subject_vehicle,X_Exclude,1,0,1,1,1,0,0,0,0,0,0,0,0,1,0,0,0,0,1,audit_only_family
788,9128,952,2,research_other,subject_vehicle,A_ProfileValid,0,0,0,0,0,0,0,0,0,0,0,0,0,0,0,1,1,0,1,audit_only_family
1093,9129,1287,1,research_other,subject_vehicle,X_Exclude,1,0,1,1,1,0,0,0,0,0,0,0,0,1,0,0,0,0,1,audit_only_family
1093,9129,1288,2,research_other,subject_vehicle,A_ProfileValid,0,0,0,0,0,0,0,0,0,0,0,0,0,1,0,1,1,0,1,audit_only_family
1109,9130,1309,1,research_other,subject_vehicle,X_Exclude,1,0,1,1,1,0,0,0,0,0,0,0,0,1,0,0,0,0,1,audit_only_family
1109,9130,1310,2,research_other,subject_vehicle,X_Exclude,0,0,0,1,1,0,0,0,0,1,0,0,0,1,0,1,1,1,1,audit_only_family
1115,9131,1316,1,research_other,subject_vehicle,X_Exclude,1,0,1,1,1,0,0,0,0,0,0,0,0,1,0,0,0,0,1,audit_only_family
1115,9131,1317,2,research_other,subject_vehicle,X_Exclude,0,0,0,1,1,0,0,0,0,1,0,0,0,1,0,1,1,1,1,audit_only_family
1118,9132,1320,1,research_other,subject_vehicle,X_Exclude,1,0,1,1,1,0,0,0,0,0,0,0,0,1,0,0,0,0,1,audit_only_family
1118,9132,1321,2,research_other,subject_vehicle,X_Exclude,0,0,0,1,1,0,0,0,0,0,0,0,0,1,0,1,1,1,1,audit_only_family
1119,9133,1322,1,research_other,subject_vehicle,X_Exclude,1,0,1,1,1,0,0,0,0,0,0,0,0,1,0,0,0,0,1,audit_only_family
1119,9133,1323,2,research_other,subject_vehicle,X_Exclude,0,0,0,1,1,0,0,0,0,0,0,0,0,1,0,1,1,1,1,audit_only_family
1156,9134,1364,1,research_other,subject_vehicle,X_Exclude,1,0,1,1,1,0,0,0,0,0,0,0,0,1,0,0,0,0,1,audit_only_family
1156,9134,1365,2,research_other,subject_vehicle,D_DeltaOnly,0,0,0,1,1,0,0,0,0,1,0,0,0,0,0,1,1,0,1,audit_only_family
1200,9135,1423,1,research_other,subject_vehicle,X_Exclude,1,0,1,1,1,0,0,0,0,0,0,0,0,1,0,0,0,0,1,audit_only_family
1200,9135,1424,2,research_other,subject_vehicle,A_ProfileValid,0,0,0,0,1,0,0,0,0,0,0,0,0,1,0,1,1,0,1,audit_only_family
1564,9137,1875,1,research_other,subject_vehicle,X_Exclude,1,0,1,1,1,0,0,0,0,0,0,0,0,1,0,0,0,0,1,audit_only_family
1564,9137,1876,2,research_other,subject_vehicle,A_ProfileValid,0,0,0,0,0,0,0,0,0,0,0,0,0,1,0,1,1,0,1,audit_only_family
1544,9138,1851,1,research_other,subject_vehicle,X_Exclude,1,0,1,1,1,0,0,0,0,0,0,0,0,1,0,0,0,0,1,audit_only_family
1544,9138,1852,2,research_other,subject_vehicle,A_ProfileValid,0,0,0,0,1,0,0,0,0,0,0,0,0,1,0,1,1,0,1,audit_only_family
1211,9139,1438,1,research_other,subject_vehicle,X_Exclude,1,0,1,1,1,0,0,0,0,0,0,0,0,1,0,0,0,0,1,audit_only_family
1211,9139,1439,2,research_other,subject_vehicle,A_ProfileValid,0,0,0,0,1,0,0,0,0,0,0,0,0,1,0,1,1,0,1,audit_only_family
1228,9140,1462,1,research_other,subject_vehicle,X_Exclude,1,0,1,1,1,0,0,0,0,0,0,0,0,1,0,0,0,0,1,audit_only_family
1228,9140,1463,2,research_other,subject_vehicle,A_ProfileValid,0,0,0,0,1,0,0,0,0,0,0,0,0,1,0,0,0,0,1,audit_only_family
1235,9141,1473,1,research_other,subject_vehicle,X_Exclude,1,0,1,1,1,0,0,0,0,0,0,0,0,1,0,0,0,0,1,audit_only_family
1235,9141,1474,2,research_other,subject_vehicle,A_ProfileValid,0,0,0,0,1,0,0,0,0,0,0,0,0,1,0,1,1,0,1,audit_only_family
1242,9142,1482,1,research_other,subject_vehicle,X_Exclude,1,0,1,1,1,0,0,0,0,0,0,0,0,1,0,0,0,0,1,audit_only_family
1242,9142,1483,2,research_other,subject_vehicle,A_ProfileValid,0,0,0,0,1,0,0,0,0,0,0,0,0,1,0,0,0,0,1,audit_only_family
1249,9143,1492,1,research_other,subject_vehicle,X_Exclude,1,0,1,1,1,0,0,0,0,0,0,0,0,1,0,0,0,0,1,audit_only_family
1249,9143,1493,2,research_other,subject_vehicle,A_ProfileValid,0,0,0,0,1,0,0,0,0,0,0,0,0,1,0,1,1,0,1,audit_only_family
1257,9144,1503,1,research_other,subject_vehicle,C_MaxOnly,0,0,1,0,1,0,0,0,0,0,0,0,0,1,0,0,0,0,1,audit_only_family
1257,9144,1504,2,research_other,subject_vehicle,A_ProfileValid,0,0,0,0,1,0,0,0,0,0,0,0,0,1,0,1,1,0,1,audit_only_family
1258,9145,1505,1,research_other,subject_vehicle,C_MaxOnly,0,0,1,0,1,0,0,0,0,0,0,0,0,1,0,0,0,0,1,audit_only_family
1258,9145,1506,2,research_other,subject_vehicle,A_ProfileValid,0,0,0,0,1,0,0,0,0,0,0,0,0,1,0,1,1,0,1,audit_only_family
1263,9146,1513,1,research_other,subject_vehicle,X_Exclude,1,0,1,1,1,0,0,0,0,0,0,0,0,1,0,0,0,0,1,audit_only_family
1263,9146,1514,2,research_other,subject_vehicle,D_DeltaOnly,0,0,0,1,1,0,0,0,0,1,0,0,0,0,0,0,0,0,1,audit_only_family
1266,9147,1517,1,research_other,subject_vehicle,X_Exclude,1,0,1,1,1,0,0,0,0,0,0,0,0,1,0,0,0,0,1,audit_only_family
1266,9147,1518,2,research_other,subject_vehicle,X_Exclude,0,0,0,1,1,0,0,0,0,1,0,0,0,1,0,1,1,0,1,audit_only_family
1268,9148,1520,1,research_other,subject_vehicle,X_Exclude,1,0,1,1,1,0,0,0,0,0,0,0,0,1,0,0,0,0,1,audit_only_family
1268,9148,1521,2,research_other,subject_vehicle,D_DeltaOnly,0,0,0,1,1,0,0,0,0,1,0,0,0,0,0,0,0,0,1,audit_only_family
1270,9149,1524,1,research_other,subject_vehicle,X_Exclude,1,0,1,1,1,0,0,0,0,0,0,0,0,1,0,0,0,0,1,audit_only_family
1270,9149,1525,2,research_other,subject_vehicle,X_Exclude,0,0,0,1,1,0,0,0,0,0,0,0,0,1,0,1,1,1,1,audit_only_family
1280,9150,1538,1,research_other,subject_vehicle,X_Exclude,1,0,1,1,1,0,0,0,0,0,0,0,0,1,0,0,0,0,1,audit_only_family
1280,9150,1539,2,research_other,subject_vehicle,X_Exclude,0,0,0,1,1,0,0,0,0,1,0,0,0,1,0,1,1,0,1,audit_only_family
1284,9151,1544,1,research_other,subject_vehicle,X_Exclude,1,0,1,1,1,0,0,0,0,0,0,0,0,1,0,0,0,0,1,audit_only_family
1284,9151,1545,2,research_other,subject_vehicle,A_ProfileValid,0,0,0,0,1,0,0,0,0,0,0,0,0,1,0,0,0,0,1,audit_only_family
1454,9152,1736,1,research_other,subject_vehicle,X_Exclude,1,0,1,1,1,0,0,0,0,0,0,0,0,1,0,0,0,0,1,audit_only_family
1454,9152,1737,2,research_other,subject_vehicle,A_ProfileValid,0,0,0,0,1,0,0,0,0,0,0,0,0,1,0,1,1,0,1,audit_only_family
1484,9153,1775,1,research_other,subject_vehicle,X_Exclude,1,0,1,1,1,0,0,0,0,0,0,0,0,1,0,0,0,0,1,audit_only_family
1484,9153,1776,2,research_other,subject_vehicle,A_ProfileValid,0,0,0,0,1,0,0,0,0,0,0,0,0,1,0,1,1,0,1,audit_only_family
1576,9154,1889,1,research_other,subject_vehicle,X_Exclude,1,0,1,1,1,0,0,0,0,0,0,0,0,1,0,0,0,0,1,audit_only_family
1576,9154,1890,2,research_other,subject_vehicle,X_Exclude,0,0,0,1,1,0,0,0,0,1,0,0,0,1,0,1,1,0,1,audit_only_family
1579,9155,1893,1,research_other,subject_vehicle,X_Exclude,1,0,1,1,1,0,0,0,0,0,0,0,0,1,0,0,0,0,1,audit_only_family
1579,9155,1894,2,research_other,subject_vehicle,A_ProfileValid,0,0,0,0,1,0,0,0,0,1,0,0,0,1,0,1,1,0,1,audit_only_family
1666,9159,1999,1,side_impactor,impactor_vehicle,X_Exclude,0,1,0,1,1,0,0,1,0,1,1,0,0,1,0,0,0,0,0,not_subject_vehicle
1672,9162,2006,1,side_impactor,impactor_vehicle,X_Exclude,0,1,0,1,1,0,0,1,0,1,1,0,0,1,0,0,0,0,0,not_subject_vehicle
1658,9164,1991,1,static_airbag,subject_vehicle,X_Exclude,1,0,1,1,1,0,0,1,0,0,0,0,0,1,0,0,0,0,1,audit_only_family
1660,9165,1993,1,static_airbag,subject_vehicle,X_Exclude,1,0,1,1,1,0,0,1,0,0,0,0,0,1,0,0,0,0,1,audit_only_family
1678,9168,2013,1,side_impactor,impactor_vehicle,X_Exclude,0,1,0,1,1,0,0,1,0,1,1,0,0,1,0,0,0,0,0,not_subject_vehicle
1246,9170,1489,1,adas_fcw,subject_vehicle,X_Exclude,1,0,1,1,1,0,0,0,0,0,0,0,0,1,0,0,0,0,1,audit_only_family
1247,9171,1490,1,adas_ldw,subject_vehicle,X_Exclude,1,0,1,1,1,0,0,0,0,0,0,0,0,1,0,0,0,0,1,audit_only_family
1229,9172,1464,1,adas_fcw,subject_vehicle,X_Exclude,1,0,1,1,1,0,0,0,0,0,0,0,0,1,0,0,0,0,1,audit_only_family
1231,9173,1467,1,adas_ldw,subject_vehicle,X_Exclude,1,0,1,1,1,0,0,0,0,0,0,0,0,1,0,0,0,0,1,audit_only_family
1194,9174,1414,1,adas_fcw,subject_vehicle,X_Exclude,1,0,1,1,1,0,0,0,0,0,0,0,0,1,0,0,0,0,1,audit_only_family
1195,9175,1415,1,adas_ldw,subject_vehicle,X_Exclude,1,0,1,1,1,0,0,0,0,0,0,0,0,1,0,0,0,0,1,audit_only_family
1324,9176,1590,1,adas_fcw,subject_vehicle,X_Exclude,1,0,1,1,1,0,0,0,0,0,0,0,0,1,0,0,0,0,1,audit_only_family
1325,9177,1591,1,adas_ldw,subject_vehicle,X_Exclude,1,0,1,1,1,0,0,0,0,0,0,0,0,1,0,0,0,0,1,audit_only_family
1205,9178,1430,1,adas_fcw,subject_vehicle,X_Exclude,1,0,1,1,1,0,0,0,0,0,0,0,0,1,0,0,0,0,1,audit_only_family
1206,9179,1431,1,adas_ldw,subject_vehicle,X_Exclude,1,0,1,1,1,0,0,0,0,0,0,0,0,1,0,0,0,0,1,audit_only_family
1243,9180,1484,1,adas_fcw,subject_vehicle,X_Exclude,1,0,1,1,1,0,0,0,0,0,0,0,0,1,0,0,0,0,1,audit_only_family
1250,9181,1494,1,adas_fcw,subject_vehicle,X_Exclude,1,0,1,1,1,0,0,0,0,0,0,0,0,1,0,0,0,0,1,audit_only_family
1251,9182,1495,1,adas_ldw,subject_vehicle,X_Exclude,1,0,1,1,1,0,0,0,0,0,0,0,0,1,0,0,0,0,1,audit_only_family
1264,9183,1515,1,adas_fcw,subject_vehicle,X_Exclude,1,0,1,1,1,0,0,0,0,0,0,0,0,1,0,0,0,0,1,audit_only_family
1262,9184,1512,1,adas_ldw,subject_vehicle,X_Exclude,1,0,1,1,1,0,0,0,0,0,0,0,0,1,0,0,0,0,1,audit_only_family
1295,9185,1559,1,adas_ldw,subject_vehicle,X_Exclude,1,0,1,1,1,0,0,0,0,0,0,0,0,1,0,0,0,0,1,audit_only_family
1317,9186,1582,1,adas_ldw,subject_vehicle,X_Exclude,1,0,1,1,1,0,0,0,0,0,0,0,0,1,0,0,0,0,1,audit_only_family
1308,9187,1572,1,adas_fcw,subject_vehicle,X_Exclude,1,0,1,1,1,0,0,0,0,0,0,0,0,1,0,0,0,0,1,audit_only_family
1112,9188,1313,1,adas_ldw,subject_vehicle,X_Exclude,1,0,1,1,1,0,0,0,0,0,0,0,0,1,0,0,0,0,1,audit_only_family
1113,9189,1314,1,adas_fcw,subject_vehicle,X_Exclude,1,0,1,1,1,0,0,0,0,0,0,0,0,1,0,0,0,0,1,audit_only_family
1298,9190,1562,1,adas_fcw,subject_vehicle,X_Exclude,1,0,1,1,1,0,0,0,0,0,0,0,0,1,0,0,0,0,1,audit_only_family
1114,9191,1315,1,adas_ldw,subject_vehicle,X_Exclude,1,0,1,1,1,0,0,0,0,0,0,0,0,1,0,0,0,0,1,audit_only_family
1116,9192,1318,1,adas_fcw,subject_vehicle,X_Exclude,1,0,1,1,1,0,0,0,0,0,0,0,0,1,0,0,0,0,1,audit_only_family
1117,9193,1319,1,adas_ldw,subject_vehicle,X_Exclude,1,0,1,1,1,0,0,0,0,0,0,0,0,1,0,0,0,0,1,audit_only_family
1301,9194,1565,1,adas_fcw,subject_vehicle,X_Exclude,1,0,1,1,1,0,0,0,0,0,0,0,0,1,0,0,0,0,1,audit_only_family
1302,9195,1566,1,adas_ldw,subject_vehicle,X_Exclude,1,0,1,1,1,0,0,0,0,0,0,0,0,1,0,0,0,0,1,audit_only_family
1305,9196,1569,1,adas_fcw,subject_vehicle,X_Exclude,1,0,1,1,1,0,0,0,0,0,0,0,0,1,0,0,0,0,1,audit_only_family
1306,9197,1570,1,adas_fcw,subject_vehicle,X_Exclude,1,0,1,1,1,0,0,0,0,0,0,0,0,1,0,0,0,0,1,audit_only_family
1296,9198,1560,1,adas_ldw,subject_vehicle,X_Exclude,1,0,1,1,1,0,0,0,0,0,0,0,0,1,0,0,0,0,1,audit_only_family
1685,9199,2021,1,side_impactor,impactor_vehicle,X_Exclude,0,1,0,1,1,0,0,0,0,1,1,0,0,1,0,0,0,0,0,not_subject_vehicle
34,9200,46,1,research_other,subject_vehicle,X_Exclude,1,0,1,1,1,0,0,0,0,0,0,0,0,1,0,0,0,0,1,audit_only_family
34,9200,47,2,research_other,subject_vehicle,A_ProfileValid,0,0,0,0,1,0,0,0,0,0,0,0,0,0,0,1,1,0,1,audit_only_family
38,9201,52,1,research_other,subject_vehicle,X_Exclude,1,0,1,1,1,0,0,0,0,0,0,0,0,1,0,0,0,0,1,audit_only_family
38,9201,53,2,research_other,subject_vehicle,A_ProfileValid,0,0,0,0,0,0,0,0,0,0,0,0,0,0,0,1,1,0,1,audit_only_family
110,9202,128,1,research_other,subject_vehicle,X_Exclude,1,0,1,1,1,0,0,0,0,0,0,0,0,1,0,0,0,0,1,audit_only_family
110,9202,129,2,research_other,subject_vehicle,A_ProfileValid,0,0,0,0,0,0,0,0,0,0,0,0,0,0,0,0,0,0,1,audit_only_family
111,9203,130,1,research_other,subject_vehicle,X_Exclude,1,0,1,1,1,0,0,0,0,0,0,0,0,1,0,0,0,0,1,audit_only_family
111,9203,131,2,research_other,subject_vehicle,A_ProfileValid,0,0,0,0,0,0,0,0,0,0,0,0,0,0,0,1,1,0,1,audit_only_family
120,9204,140,1,research_other,subject_vehicle,X_Exclude,1,0,1,1,1,0,0,0,0,0,0,0,0,1,0,0,0,0,1,audit_only_family
120,9204,141,2,research_other,subject_vehicle,A_ProfileValid,0,0,0,0,0,0,0,0,0,0,0,0,0,0,0,1,1,0,1,audit_only_family
134,9205,157,1,research_other,subject_vehicle,X_Exclude,1,0,1,1,1,0,0,0,0,0,0,0,0,1,0,0,0,0,1,audit_only_family
134,9205,158,2,research_other,subject_vehicle,A_ProfileValid,0,0,0,0,0,0,0,0,0,0,0,0,0,0,0,1,1,0,1,audit_only_family
140,9206,164,1,research_other,subject_vehicle,X_Exclude,1,0,1,1,1,0,0,0,0,0,0,0,0,1,0,0,0,0,1,audit_only_family
140,9206,165,2,research_other,subject_vehicle,A_ProfileValid,0,0,0,0,0,0,0,0,0,0,0,0,0,0,0,1,1,0,1,audit_only_family
147,9207,172,1,research_other,subject_vehicle,X_Exclude,1,0,1,1,1,0,0,0,0,0,0,0,0,1,0,0,0,0,1,audit_only_family
147,9207,173,2,research_other,subject_vehicle,A_ProfileValid,0,0,0,0,0,0,0,0,0,0,0,0,0,0,0,1,1,0,1,audit_only_family
216,9208,255,1,research_other,subject_vehicle,X_Exclude,1,0,1,1,1,0,0,0,0,0,0,0,0,1,0,0,0,0,1,audit_only_family
216,9208,256,2,research_other,subject_vehicle,A_ProfileValid,0,0,0,0,0,0,0,0,0,0,0,0,0,0,0,1,1,0,1,audit_only_family
158,9209,184,1,research_other,subject_vehicle,X_Exclude,1,0,1,1,1,0,0,0,0,0,0,0,0,1,0,0,0,0,1,audit_only_family
158,9209,185,2,research_other,subject_vehicle,A_ProfileValid,0,0,0,0,0,0,0,0,0,0,0,0,0,0,0,1,1,0,1,audit_only_family
161,9210,188,1,research_other,subject_vehicle,X_Exclude,1,0,1,1,1,0,0,0,0,0,0,0,0,1,0,0,0,0,1,audit_only_family
161,9210,189,2,research_other,subject_vehicle,A_ProfileValid,0,0,0,0,0,0,0,0,0,0,0,0,0,0,0,1,1,0,1,audit_only_family
168,9211,196,1,research_other,subject_vehicle,X_Exclude,1,0,1,1,1,0,0,0,0,0,0,0,0,1,0,0,0,0,1,audit_only_family
168,9211,197,2,research_other,subject_vehicle,A_ProfileValid,0,0,0,0,0,0,0,0,0,0,0,0,0,0,0,0,0,0,1,audit_only_family
183,9212,213,1,research_other,subject_vehicle,X_Exclude,1,0,1,1,1,0,0,0,0,0,0,0,0,1,0,0,0,0,1,audit_only_family
183,9212,214,2,research_other,subject_vehicle,A_ProfileValid,0,0,0,0,0,0,0,0,0,0,0,0,0,0,0,1,1,0,1,audit_only_family
192,9213,223,1,research_other,subject_vehicle,X_Exclude,1,0,1,1,1,0,0,0,0,0,0,0,0,1,0,0,0,0,1,audit_only_family
192,9213,224,2,research_other,subject_vehicle,A_ProfileValid,0,0,0,0,0,0,0,0,0,0,0,0,0,0,0,1,1,0,1,audit_only_family
196,9214,228,1,research_other,subject_vehicle,X_Exclude,1,0,1,1,1,0,0,0,0,0,0,0,0,1,0,0,0,0,1,audit_only_family
196,9214,229,2,research_other,subject_vehicle,A_ProfileValid,0,0,0,0,0,0,0,0,0,0,0,0,0,0,0,1,1,0,1,audit_only_family
205,9215,238,1,research_other,subject_vehicle,X_Exclude,1,0,1,1,1,0,0,0,0,0,0,0,0,1,0,0,0,0,1,audit_only_family
205,9215,239,2,research_other,subject_vehicle,A_ProfileValid,0,0,0,0,0,0,0,0,0,0,0,0,0,0,0,1,1,1,1,audit_only_family
207,9216,241,1,research_other,subject_vehicle,X_Exclude,1,0,1,1,1,0,0,0,0,0,0,0,0,1,0,0,0,0,1,audit_only_family
207,9216,242,2,research_other,subject_vehicle,A_ProfileValid,0,0,0,0,0,0,0,0,0,0,0,0,0,0,0,1,1,0,1,audit_only_family
209,9217,245,1,research_other,subject_vehicle,X_Exclude,1,0,1,1,1,0,0,0,0,0,0,0,0,1,0,0,0,0,1,audit_only_family
209,9217,246,2,research_other,subject_vehicle,A_ProfileValid,0,0,0,0,0,0,0,0,0,0,0,0,0,0,0,1,1,0,1,audit_only_family
213,9218,251,1,research_other,subject_vehicle,X_Exclude,1,0,1,1,1,0,0,0,0,0,0,0,0,1,0,0,0,0,1,audit_only_family
213,9218,252,2,research_other,subject_vehicle,A_ProfileValid,0,0,0,0,0,0,0,0,0,0,0,0,0,0,0,1,1,0,1,audit_only_family
486,9219,585,1,research_other,subject_vehicle,X_Exclude,1,0,1,1,1,0,0,0,0,0,0,0,0,1,0,0,0,0,1,audit_only_family
486,9219,586,2,research_other,subject_vehicle,A_ProfileValid,0,0,0,0,0,0,0,0,0,0,0,0,0,0,0,1,1,0,1,audit_only_family
489,9220,589,1,research_other,subject_vehicle,X_Exclude,1,0,1,1,1,0,0,0,0,0,0,0,0,1,0,0,0,0,1,audit_only_family
489,9220,590,2,research_other,subject_vehicle,A_ProfileValid,0,0,0,0,0,0,0,0,0,0,0,0,0,0,0,1,1,0,1,audit_only_family
509,9221,614,1,research_other,subject_vehicle,X_Exclude,1,0,1,1,1,0,0,0,0,0,0,0,0,1,0,0,0,0,1,audit_only_family
509,9221,615,2,research_other,subject_vehicle,A_ProfileValid,0,0,0,0,0,0,0,0,0,0,0,0,0,0,0,1,1,0,1,audit_only_family
521,9222,629,1,research_other,subject_vehicle,X_Exclude,1,0,1,1,1,0,0,0,0,0,0,0,0,1,0,0,0,0,1,audit_only_family
521,9222,630,2,research_other,subject_vehicle,A_ProfileValid,0,0,0,0,0,0,0,0,0,0,0,0,0,0,0,1,1,0,1,audit_only_family
803,9223,971,1,research_other,subject_vehicle,X_Exclude,1,0,1,1,1,0,0,0,0,0,0,0,0,1,0,0,0,0,1,audit_only_family
803,9223,972,2,research_other,subject_vehicle,A_ProfileValid,0,0,0,0,0,0,0,0,0,0,0,0,0,1,0,1,1,0,1,audit_only_family
812,9224,982,1,research_other,subject_vehicle,X_Exclude,1,0,1,1,1,0,0,0,0,0,0,0,0,1,0,0,0,0,1,audit_only_family
812,9224,983,2,research_other,subject_vehicle,A_ProfileValid,0,0,0,0,0,0,0,0,0,0,0,0,0,1,0,1,1,0,1,audit_only_family
815,9225,986,1,research_other,subject_vehicle,X_Exclude,1,0,1,1,1,0,0,0,0,0,0,0,0,1,0,0,0,0,1,audit_only_family
815,9225,987,2,research_other,subject_vehicle,A_ProfileValid,0,0,0,0,0,0,0,0,0,0,0,0,0,1,0,1,1,0,1,audit_only_family
945,9226,1130,1,research_other,subject_vehicle,X_Exclude,1,0,1,1,1,0,0,0,0,0,0,0,0,1,0,0,0,0,1,audit_only_family
945,9226,1131,2,research_other,subject_vehicle,A_ProfileValid,0,0,0,0,0,0,0,0,0,0,0,0,0,1,0,1,1,1,1,audit_only_family
959,9228,1149,1,research_other,subject_vehicle,X_Exclude,1,0,1,1,1,0,0,0,0,0,0,0,0,1,0,0,0,0,1,audit_only_family
959,9228,1150,2,research_other,subject_vehicle,A_ProfileValid,0,0,0,0,0,0,0,0,0,0,0,0,0,1,0,1,1,0,1,audit_only_family
969,9229,1160,1,research_other,subject_vehicle,X_Exclude,1,0,1,1,1,0,0,0,0,0,0,0,0,1,0,0,0,0,1,audit_only_family
969,9229,1161,2,research_other,subject_vehicle,A_ProfileValid,0,0,0,0,0,0,0,0,0,0,0,0,0,1,0,1,1,0,1,audit_only_family
1521,9230,1825,1,sled_with_body,subject_vehicle,X_Exclude,1,0,1,1,1,0,0,0,0,0,0,0,0,1,0,0,0,0,1,audit_only_family
1522,9231,1826,1,sled_with_body,subject_vehicle,X_Exclude,1,0,1,1,1,0,0,0,0,0,0,0,0,1,0,0,0,0,1,audit_only_family
1527,9232,1833,1,sled_with_body,subject_vehicle,X_Exclude,1,0,1,1,1,0,0,0,0,0,0,0,0,1,0,0,0,0,1,audit_only_family
1528,9233,1834,1,sled_with_body,subject_vehicle,X_Exclude,1,0,1,1,1,0,0,0,0,0,0,0,0,1,0,0,0,0,1,audit_only_family
1532,9234,1838,1,sled_with_body,subject_vehicle,X_Exclude,1,0,1,1,1,0,0,0,0,0,0,0,0,1,0,0,0,0,1,audit_only_family
1533,9235,1839,1,sled_with_body,subject_vehicle,X_Exclude,1,0,1,1,1,0,0,0,0,0,0,0,0,1,0,0,0,0,1,audit_only_family
1535,9236,1841,1,sled_with_body,subject_vehicle,X_Exclude,1,0,1,1,1,0,0,0,0,0,0,0,0,1,0,0,0,0,1,audit_only_family
1536,9237,1842,1,sled_with_body,subject_vehicle,X_Exclude,1,0,1,1,1,0,0,0,0,0,0,0,0,1,0,0,0,0,1,audit_only_family
1537,9238,1843,1,sled_with_body,subject_vehicle,X_Exclude,1,0,1,1,1,0,0,0,0,0,0,0,0,1,0,0,0,0,1,audit_only_family
1538,9239,1844,1,sled_with_body,subject_vehicle,X_Exclude,1,0,1,1,1,0,0,0,0,0,0,0,0,1,0,0,0,0,1,audit_only_family
1559,9240,1869,1,sled_with_body,subject_vehicle,X_Exclude,1,0,1,1,1,0,0,0,0,0,0,0,0,1,0,0,0,0,1,audit_only_family
1560,9241,1870,1,sled_with_body,subject_vehicle,X_Exclude,1,0,1,1,1,0,0,0,0,0,0,0,0,1,0,0,0,0,1,audit_only_family
1572,9242,1885,1,sled_with_body,subject_vehicle,X_Exclude,1,0,1,1,1,0,0,0,0,0,0,0,0,1,0,0,0,0,1,audit_only_family
1545,9243,1853,1,sled_with_body,subject_vehicle,X_Exclude,1,0,1,1,1,0,0,0,0,0,0,0,0,1,0,0,0,0,1,audit_only_family
1573,9244,1886,1,sled_with_body,subject_vehicle,X_Exclude,1,0,1,1,1,0,0,0,0,0,0,0,0,1,0,0,0,0,1,audit_only_family
1603,9245,1924,1,sled_with_body,subject_vehicle,X_Exclude,1,0,1,1,1,0,0,0,0,0,0,0,0,1,0,0,0,0,1,audit_only_family
1604,9246,1925,1,sled_with_body,subject_vehicle,X_Exclude,1,0,1,1,1,0,0,0,0,0,0,0,0,1,0,0,0,0,1,audit_only_family
1605,9247,1926,1,sled_with_body,subject_vehicle,X_Exclude,1,0,1,1,1,0,0,0,0,0,0,0,0,1,0,0,0,0,1,audit_only_family
1688,9249,2025,1,side_impactor,impactor_vehicle,X_Exclude,0,1,0,1,1,0,0,0,0,1,1,0,0,1,0,0,0,0,0,not_subject_vehicle
1701,9254,2040,1,side_impactor,impactor_vehicle,X_Exclude,0,1,0,1,1,0,0,1,0,1,1,0,0,1,0,0,0,0,0,not_subject_vehicle
1703,9255,2043,1,side_impactor,impactor_vehicle,X_Exclude,0,1,0,1,1,0,0,1,0,1,1,0,0,1,0,0,0,0,0,not_subject_vehicle
1695,9256,2033,1,static_airbag,subject_vehicle,X_Exclude,1,0,1,1,1,0,0,1,0,0,0,0,0,1,0,0,0,0,1,audit_only_family
1696,9257,2034,1,static_airbag,subject_vehicle,X_Exclude,1,0,1,1,1,0,0,1,0,0,0,0,0,1,0,0,0,0,1,audit_only_family
1698,9258,2037,1,static_airbag,subject_vehicle,X_Exclude,1,0,1,1,1,0,0,1,0,0,0,0,0,1,0,0,0,0,1,audit_only_family
1702,9259,2042,1,static_airbag,subject_vehicle,X_Exclude,1,0,1,1,1,0,0,1,0,0,0,0,0,1,0,0,0,0,1,audit_only_family
1691,9288,2029,1,static_airbag,subject_vehicle,X_Exclude,1,0,1,1,1,0,0,1,0,0,0,0,0,1,0,0,0,0,1,audit_only_family
1692,9291,2030,1,static_airbag,subject_vehicle,X_Exclude,1,0,1,1,1,0,0,1,0,0,0,0,0,1,0,0,0,0,1,audit_only_family
1697,9292,2035,1,side_impactor,impactor_vehicle,X_Exclude,0,1,0,1,1,0,0,1,0,1,1,0,0,1,0,0,0,0,0,not_subject_vehicle
1705,9294,2046,1,side_impactor,impactor_vehicle,X_Exclude,0,1,0,1,1,0,0,1,0,1,1,0,0,1,0,0,0,0,0,not_subject_vehicle
1709,9298,2051,1,side_impactor,impactor_vehicle,X_Exclude,0,1,0,1,1,0,0,1,0,1,1,0,0,1,0,0,0,0,0,not_subject_vehicle
1710,9299,2053,1,side_impactor,impactor_vehicle,X_Exclude,0,1,0,1,1,0,0,1,0,1,1,0,0,1,0,0,0,0,0,not_subject_vehicle
1734,9324,2079,1,side_impactor,impactor_vehicle,X_Exclude,0,1,0,1,1,0,0,1,0,1,1,0,0,1,0,0,0,0,0,not_subject_vehicle
1716,9327,2060,1,side_impactor,impactor_vehicle,X_Exclude,0,1,0,1,1,0,0,0,0,1,1,0,0,1,0,0,0,0,0,not_subject_vehicle
1723,9328,2068,1,static_airbag,subject_vehicle,X_Exclude,1,0,1,1,1,0,0,1,0,0,0,0,0,1,0,0,0,0,1,audit_only_family
1731,9329,2076,1,static_airbag,subject_vehicle,X_Exclude,1,0,1,1,1,0,0,1,0,0,0,0,0,1,0,0,0,0,1,audit_only_family
1738,9330,2084,1,static_airbag,subject_vehicle,X_Exclude,1,0,1,1,1,0,0,1,0,0,0,0,0,1,0,0,0,0,1,audit_only_family
1726,9332,2071,1,research_other,subject_vehicle,A_ProfileValid,0,0,0,0,0,0,0,0,0,0,0,0,0,0,0,1,1,1,1,audit_only_family
1729,9333,2074,1,research_other,subject_vehicle,A_ProfileValid,0,0,0,0,0,0,0,0,0,0,0,0,0,0,0,1,1,1,1,audit_only_family
1736,9334,2082,1,research_other,subject_vehicle,A_ProfileValid,0,0,0,0,0,0,0,0,0,0,0,0,0,0,0,0,0,0,1,audit_only_family
1737,9335,2083,1,research_other,subject_vehicle,A_ProfileValid,0,0,0,0,0,0,0,0,0,0,0,0,0,0,0,0,0,0,1,audit_only_family
1739,9336,2085,1,research_other,subject_vehicle,A_ProfileValid,0,0,0,0,0,0,0,0,0,0,0,0,0,0,0,0,0,0,1,audit_only_family
1740,9337,2086,1,research_other,subject_vehicle,A_ProfileValid,0,0,0,0,0,0,0,0,0,0,0,0,0,0,0,0,0,0,1,audit_only_family
1724,9338,2069,1,low_risk_deployment,subject_vehicle,X_Exclude,1,0,1,1,1,0,0,0,0,0,0,0,0,1,0,0,0,0,1,audit_only_family
1725,9339,2070,1,low_risk_deployment,subject_vehicle,X_Exclude,1,0,1,1,1,0,0,0,0,0,0,0,0,1,0,0,0,0,1,audit_only_family
1727,9340,2072,1,low_risk_deployment,subject_vehicle,X_Exclude,1,0,1,1,1,0,0,0,0,0,0,0,0,1,0,0,0,0,1,audit_only_family
1728,9341,2073,1,low_risk_deployment,subject_vehicle,X_Exclude,1,0,1,1,1,0,0,0,0,0,0,0,0,1,0,0,0,0,1,audit_only_family
1732,9342,2077,1,low_risk_deployment,subject_vehicle,X_Exclude,1,0,1,1,1,0,0,0,0,0,0,0,0,1,0,0,0,0,1,audit_only_family
1733,9343,2078,1,low_risk_deployment,subject_vehicle,X_Exclude,1,0,1,1,1,0,0,0,0,0,0,0,0,1,0,0,0,0,1,audit_only_family
1747,9347,2094,1,static_airbag,subject_vehicle,X_Exclude,1,0,1,1,1,0,0,1,0,0,0,0,0,1,0,0,0,0,1,audit_only_family
1749,9348,2096,1,static_airbag,subject_vehicle,X_Exclude,1,0,1,1,1,0,0,1,0,0,0,0,0,1,0,0,0,0,1,audit_only_family
1755,9349,2103,1,static_airbag,subject_vehicle,X_Exclude,1,0,1,1,1,0,0,1,0,0,0,0,0,1,0,0,0,0,1,audit_only_family
1767,9353,2120,1,side_impactor,impactor_vehicle,X_Exclude,0,1,0,1,1,0,0,0,0,1,1,0,0,1,0,0,0,0,0,not_subject_vehicle
1744,9354,2090,1,research_other,subject_vehicle,C_MaxOnly,0,0,1,0,1,0,0,0,0,0,0,0,0,1,0,0,0,0,1,audit_only_family
1744,9354,2091,2,research_other,subject_vehicle,A_ProfileValid,0,0,0,0,0,0,0,0,0,0,0,0,0,0,0,1,1,0,1,audit_only_family
1766,9355,2118,1,side_impactor,impactor_vehicle,X_Exclude,0,1,0,1,1,0,0,1,0,1,1,0,0,1,0,0,0,0,0,not_subject_vehicle
823,9356,996,1,rollover,subject_vehicle,X_Exclude,1,0,1,1,1,0,0,0,0,0,0,0,0,1,0,0,0,0,1,audit_only_family
824,9357,997,1,rollover,subject_vehicle,X_Exclude,1,0,1,1,1,0,0,0,0,0,0,0,0,1,0,0,0,0,1,audit_only_family
825,9358,998,1,rollover,subject_vehicle,X_Exclude,1,0,1,1,1,0,0,0,0,0,0,0,0,1,0,0,0,0,1,audit_only_family
826,9359,999,1,rollover,subject_vehicle,X_Exclude,1,0,1,1,1,0,0,0,0,0,0,0,0,1,0,0,0,0,1,audit_only_family
828,9360,1001,1,rollover,subject_vehicle,X_Exclude,1,0,1,1,1,0,0,0,0,0,0,0,0,1,0,0,0,0,1,audit_only_family
832,9361,1005,1,rollover,subject_vehicle,X_Exclude,1,0,1,1,1,0,0,0,0,0,0,0,0,1,0,0,0,0,1,audit_only_family
833,9362,1006,1,rollover,subject_vehicle,X_Exclude,1,0,1,1,1,0,0,0,0,0,0,0,0,1,0,0,0,0,1,audit_only_family
834,9363,1007,1,rollover,subject_vehicle,X_Exclude,1,0,1,1,1,0,0,0,0,0,0,0,0,1,0,0,0,0,1,audit_only_family
837,9364,1010,1,rollover,subject_vehicle,X_Exclude,1,0,1,1,1,0,0,0,0,0,0,0,0,1,0,0,0,0,1,audit_only_family
838,9365,1011,1,rollover,subject_vehicle,X_Exclude,1,0,1,1,1,0,0,0,0,0,0,0,0,1,0,0,0,0,1,audit_only_family
839,9366,1012,1,rollover,subject_vehicle,X_Exclude,1,0,1,1,1,0,0,0,0,0,0,0,0,1,0,0,0,0,1,audit_only_family
840,9367,1013,1,rollover,subject_vehicle,X_Exclude,1,0,1,1,1,0,0,0,0,0,0,0,0,1,0,0,0,0,1,audit_only_family
841,9368,1014,1,rollover,subject_vehicle,X_Exclude,1,0,1,1,1,0,0,0,0,0,0,0,0,1,0,0,0,0,1,audit_only_family
842,9369,1015,1,rollover,subject_vehicle,X_Exclude,1,0,1,1,1,0,0,0,0,0,0,0,0,1,0,0,0,0,1,audit_only_family
843,9370,1016,1,rollover,subject_vehicle,X_Exclude,1,0,1,1,1,0,0,0,0,0,0,0,0,1,0,0,0,0,1,audit_only_family
844,9371,1017,1,rollover,subject_vehicle,X_Exclude,1,0,1,1,1,0,0,0,0,0,0,0,0,1,0,0,0,0,1,audit_only_family
845,9372,1018,1,rollover,subject_vehicle,X_Exclude,1,0,1,1,1,0,0,0,0,0,0,0,0,1,0,0,0,0,1,audit_only_family
847,9373,1020,1,rollover,subject_vehicle,X_Exclude,1,0,1,1,1,0,0,0,0,0,0,0,0,1,0,0,0,0,1,audit_only_family
848,9374,1021,1,rollover,subject_vehicle,X_Exclude,1,0,1,1,1,0,0,0,0,0,0,0,0,1,0,0,0,0,1,audit_only_family
849,9375,1022,1,rollover,subject_vehicle,X_Exclude,1,0,1,1,1,0,0,0,0,0,0,0,0,1,0,0,0,0,1,audit_only_family
850,9376,1023,1,rollover,subject_vehicle,X_Exclude,1,0,1,1,1,0,0,0,0,0,0,0,0,1,0,0,0,0,1,audit_only_family
853,9377,1027,1,rollover,subject_vehicle,X_Exclude,1,0,1,1,1,0,0,0,0,0,0,0,0,1,0,0,0,0,1,audit_only_family
854,9378,1028,1,rollover,subject_vehicle,X_Exclude,1,0,1,1,1,0,0,0,0,0,0,0,0,1,0,0,0,0,1,audit_only_family
855,9379,1029,1,rollover,subject_vehicle,X_Exclude,1,0,1,1,1,0,0,0,0,0,0,0,0,1,0,0,0,0,1,audit_only_family
856,9380,1030,1,rollover,subject_vehicle,X_Exclude,1,0,1,1,1,0,0,0,0,0,0,0,0,1,0,0,0,0,1,audit_only_family
859,9381,1033,1,rollover,subject_vehicle,X_Exclude,1,0,1,1,1,0,0,0,0,0,0,0,0,1,0,0,0,0,1,audit_only_family
860,9382,1034,1,rollover,subject_vehicle,X_Exclude,1,0,1,1,1,0,0,0,0,0,0,0,0,1,0,0,0,0,1,audit_only_family
861,9383,1035,1,rollover,subject_vehicle,X_Exclude,1,0,1,1,1,0,0,0,0,0,0,0,0,1,0,0,0,0,1,audit_only_family
977,9384,1169,1,rollover,subject_vehicle,X_Exclude,1,0,1,1,1,0,0,0,0,0,0,0,0,1,0,0,0,0,1,audit_only_family
978,9385,1170,1,rollover,subject_vehicle,X_Exclude,1,0,1,1,1,0,0,0,0,0,0,0,0,1,0,0,0,0,1,audit_only_family
979,9386,1171,1,rollover,subject_vehicle,X_Exclude,1,0,1,1,1,0,0,0,0,0,0,0,0,1,0,0,0,0,1,audit_only_family
980,9387,1172,1,rollover,subject_vehicle,X_Exclude,1,0,1,1,1,0,0,0,0,0,0,0,0,1,0,0,0,0,1,audit_only_family
982,9388,1174,1,rollover,subject_vehicle,X_Exclude,1,0,1,1,1,0,0,0,0,0,0,0,0,1,0,0,0,0,1,audit_only_family
983,9389,1175,1,rollover,subject_vehicle,X_Exclude,1,0,1,1,1,0,0,0,0,0,0,0,0,1,0,0,0,0,1,audit_only_family
984,9390,1176,1,rollover,subject_vehicle,X_Exclude,1,0,1,1,1,0,0,0,0,0,0,0,0,1,0,0,0,0,1,audit_only_family
986,9391,1178,1,rollover,subject_vehicle,X_Exclude,1,0,1,1,1,0,0,0,0,0,0,0,0,1,0,0,0,0,1,audit_only_family
987,9392,1179,1,rollover,subject_vehicle,X_Exclude,1,0,1,1,1,0,0,0,0,0,0,0,0,1,0,0,0,0,1,audit_only_family
988,9393,1180,1,rollover,subject_vehicle,X_Exclude,1,0,1,1,1,0,0,0,0,0,0,0,0,1,0,0,0,0,1,audit_only_family
989,9394,1181,1,rollover,subject_vehicle,X_Exclude,1,0,1,1,1,0,0,0,0,0,0,0,0,1,0,0,0,0,1,audit_only_family
993,9395,1185,1,rollover,subject_vehicle,X_Exclude,1,0,1,1,1,0,0,0,0,0,0,0,0,1,0,0,0,0,1,audit_only_family
994,9396,1186,1,rollover,subject_vehicle,X_Exclude,1,0,1,1,1,0,0,0,0,0,0,0,0,1,0,0,0,0,1,audit_only_family
995,9397,1187,1,rollover,subject_vehicle,X_Exclude,1,0,1,1,1,0,0,0,0,0,0,0,0,1,0,0,0,0,1,audit_only_family
996,9398,1188,1,rollover,subject_vehicle,X_Exclude,1,0,1,1,1,0,0,0,0,0,0,0,0,1,0,0,0,0,1,audit_only_family
999,9399,1191,1,rollover,subject_vehicle,X_Exclude,1,0,1,1,1,0,0,0,0,0,0,0,0,1,0,0,0,0,1,audit_only_family
1000,9400,1192,1,rollover,subject_vehicle,X_Exclude,1,0,1,1,1,0,0,0,0,0,0,0,0,1,0,0,0,0,1,audit_only_family
1001,9401,1193,1,rollover,subject_vehicle,X_Exclude,1,0,1,1,1,0,0,0,0,0,0,0,0,1,0,0,0,0,1,audit_only_family
1002,9402,1194,1,rollover,subject_vehicle,X_Exclude,1,0,1,1,1,0,0,0,0,0,0,0,0,1,0,0,0,0,1,audit_only_family
1003,9403,1195,1,rollover,subject_vehicle,X_Exclude,1,0,1,1,1,0,0,0,0,0,0,0,0,1,0,0,0,0,1,audit_only_family
1004,9404,1196,1,rollover,subject_vehicle,X_Exclude,1,0,1,1,1,0,0,0,0,0,0,0,0,1,0,0,0,0,1,audit_only_family
1005,9405,1197,1,rollover,subject_vehicle,X_Exclude,1,0,1,1,1,0,0,0,0,0,0,0,0,1,0,0,0,0,1,audit_only_family
1006,9406,1198,1,rollover,subject_vehicle,X_Exclude,1,0,1,1,1,0,0,0,0,0,0,0,0,1,0,0,0,0,1,audit_only_family
1007,9407,1199,1,rollover,subject_vehicle,X_Exclude,1,0,1,1,1,0,0,0,0,0,0,0,0,1,0,0,0,0,1,audit_only_family
1008,9408,1200,1,rollover,subject_vehicle,X_Exclude,1,0,1,1,1,0,0,0,0,0,0,0,0,1,0,0,0,0,1,audit_only_family
1009,9409,1201,1,rollover,subject_vehicle,X_Exclude,1,0,1,1,1,0,0,0,0,0,0,0,0,1,0,0,0,0,1,audit_only_family
1010,9410,1202,1,rollover,subject_vehicle,X_Exclude,1,0,1,1,1,0,0,0,0,0,0,0,0,1,0,0,0,0,1,audit_only_family
1013,9411,1205,1,rollover,subject_vehicle,X_Exclude,1,0,1,1,1,0,0,0,0,0,0,0,0,1,0,0,0,0,1,audit_only_family
1027,9412,1219,1,rollover,subject_vehicle,X_Exclude,1,0,1,1,1,0,0,0,0,0,0,0,0,1,0,0,0,0,1,audit_only_family
1014,9413,1206,1,rollover,subject_vehicle,X_Exclude,1,0,1,1,1,0,0,0,0,0,0,0,0,1,0,0,0,0,1,audit_only_family
1015,9414,1207,1,rollover,subject_vehicle,X_Exclude,1,0,1,1,1,0,0,0,0,0,0,0,0,1,0,0,0,0,1,audit_only_family
1016,9415,1208,1,rollover,subject_vehicle,X_Exclude,1,0,1,1,1,0,0,0,0,0,0,0,0,1,0,0,0,0,1,audit_only_family
1018,9416,1210,1,rollover,subject_vehicle,X_Exclude,1,0,1,1,1,0,0,0,0,0,0,0,0,1,0,0,0,0,1,audit_only_family
1019,9417,1211,1,rollover,subject_vehicle,X_Exclude,1,0,1,1,1,0,0,0,0,0,0,0,0,1,0,0,0,0,1,audit_only_family
1020,9418,1212,1,rollover,subject_vehicle,X_Exclude,1,0,1,1,1,0,0,0,0,0,0,0,0,1,0,0,0,0,1,audit_only_family
1021,9419,1213,1,rollover,subject_vehicle,X_Exclude,1,0,1,1,1,0,0,0,0,0,0,0,0,1,0,0,0,0,1,audit_only_family
1022,9420,1214,1,rollover,subject_vehicle,X_Exclude,1,0,1,1,1,0,0,0,0,0,0,0,0,1,0,0,0,0,1,audit_only_family
1023,9421,1215,1,rollover,subject_vehicle,X_Exclude,1,0,1,1,1,0,0,0,0,0,0,0,0,1,0,0,0,0,1,audit_only_family
1024,9422,1216,1,rollover,subject_vehicle,X_Exclude,1,0,1,1,1,0,0,0,0,0,0,0,0,1,0,0,0,0,1,audit_only_family
1025,9423,1217,1,rollover,subject_vehicle,X_Exclude,1,0,1,1,1,0,0,0,0,0,0,0,0,1,0,0,0,0,1,audit_only_family
1026,9424,1218,1,rollover,subject_vehicle,X_Exclude,1,0,1,1,1,0,0,0,0,0,0,0,0,1,0,0,0,0,1,audit_only_family
1028,9425,1220,1,rollover,subject_vehicle,X_Exclude,1,0,1,1,1,0,0,0,0,0,0,0,0,1,0,0,0,0,1,audit_only_family
1029,9426,1221,1,rollover,subject_vehicle,X_Exclude,1,0,1,1,1,0,0,0,0,0,0,0,0,1,0,0,0,0,1,audit_only_family
1030,9427,1222,1,rollover,subject_vehicle,X_Exclude,1,0,1,1,1,0,0,0,0,0,0,0,0,1,0,0,0,0,1,audit_only_family
1031,9428,1223,1,rollover,subject_vehicle,X_Exclude,1,0,1,1,1,0,0,0,0,0,0,0,0,1,0,0,0,0,1,audit_only_family
1032,9429,1224,1,rollover,subject_vehicle,X_Exclude,1,0,1,1,1,0,0,0,0,0,0,0,0,1,0,0,0,0,1,audit_only_family
1041,9430,1234,1,rollover,subject_vehicle,X_Exclude,1,0,1,1,1,0,0,0,0,0,0,0,0,1,0,0,0,0,1,audit_only_family
1042,9431,1235,1,rollover,subject_vehicle,X_Exclude,1,0,1,1,1,0,0,0,0,0,0,0,0,1,0,0,0,0,1,audit_only_family
1043,9432,1236,1,rollover,subject_vehicle,X_Exclude,1,0,1,1,1,0,0,0,0,0,0,0,0,1,0,0,0,0,1,audit_only_family
1044,9433,1237,1,rollover,subject_vehicle,X_Exclude,1,0,1,1,1,0,0,0,0,0,0,0,0,1,0,0,0,0,1,audit_only_family
1045,9434,1238,1,rollover,subject_vehicle,X_Exclude,1,0,1,1,1,0,0,0,0,0,0,0,0,1,0,0,0,0,1,audit_only_family
1046,9435,1239,1,rollover,subject_vehicle,X_Exclude,1,0,1,1,1,0,0,0,0,0,0,0,0,1,0,0,0,0,1,audit_only_family
1047,9436,1240,1,rollover,subject_vehicle,X_Exclude,1,0,1,1,1,0,0,0,0,0,0,0,0,1,0,0,0,0,1,audit_only_family
1049,9437,1242,1,rollover,subject_vehicle,X_Exclude,1,0,1,1,1,0,0,0,0,0,0,0,0,1,0,0,0,0,1,audit_only_family
1050,9438,1243,1,rollover,subject_vehicle,X_Exclude,1,0,1,1,1,0,0,0,0,0,0,0,0,1,0,0,0,0,1,audit_only_family
1051,9439,1244,1,rollover,subject_vehicle,X_Exclude,1,0,1,1,1,0,0,0,0,0,0,0,0,1,0,0,0,0,1,audit_only_family
1052,9440,1245,1,rollover,subject_vehicle,X_Exclude,1,0,1,1,1,0,0,0,0,0,0,0,0,1,0,0,0,0,1,audit_only_family
1053,9441,1246,1,rollover,subject_vehicle,X_Exclude,1,0,1,1,1,0,0,0,0,0,0,0,0,1,0,0,0,0,1,audit_only_family
1054,9442,1247,1,rollover,subject_vehicle,X_Exclude,1,0,1,1,1,0,0,0,0,0,0,0,0,1,0,0,0,0,1,audit_only_family
1055,9443,1248,1,rollover,subject_vehicle,X_Exclude,1,0,1,1,1,0,0,0,0,0,0,0,0,1,0,0,0,0,1,audit_only_family
1056,9444,1249,1,rollover,subject_vehicle,X_Exclude,1,0,1,1,1,0,0,0,0,0,0,0,0,1,0,0,0,0,1,audit_only_family
1057,9445,1250,1,rollover,subject_vehicle,X_Exclude,1,0,1,1,1,0,0,0,0,0,0,0,0,1,0,0,0,0,1,audit_only_family
1058,9446,1251,1,rollover,subject_vehicle,X_Exclude,1,0,1,1,1,0,0,0,0,0,0,0,0,1,0,0,0,0,1,audit_only_family
1064,9447,1257,1,rollover,subject_vehicle,X_Exclude,1,0,1,1,1,0,0,0,0,0,0,0,0,1,0,0,0,0,1,audit_only_family
1059,9448,1252,1,rollover,subject_vehicle,X_Exclude,1,0,1,1,1,0,0,0,0,0,0,0,0,1,0,0,0,0,1,audit_only_family
1065,9449,1258,1,rollover,subject_vehicle,X_Exclude,1,0,1,1,1,0,0,0,0,0,0,0,0,1,0,0,0,0,1,audit_only_family
1066,9450,1259,1,rollover,subject_vehicle,X_Exclude,1,0,1,1,1,0,0,0,0,0,0,0,0,1,0,0,0,0,1,audit_only_family
1067,9451,1260,1,rollover,subject_vehicle,X_Exclude,1,0,1,1,1,0,0,0,0,0,0,0,0,1,0,0,0,0,1,audit_only_family
1068,9452,1261,1,rollover,subject_vehicle,X_Exclude,1,0,1,1,1,0,0,0,0,0,0,0,0,1,0,0,0,0,1,audit_only_family
1069,9453,1262,1,rollover,subject_vehicle,X_Exclude,1,0,1,1,1,0,0,0,0,0,0,0,0,1,0,0,0,0,1,audit_only_family
1070,9454,1263,1,rollover,subject_vehicle,X_Exclude,1,0,1,1,1,0,0,0,0,0,0,0,0,1,0,0,0,0,1,audit_only_family
1071,9455,1264,1,rollover,subject_vehicle,X_Exclude,1,0,1,1,1,0,0,0,0,0,0,0,0,1,0,0,0,0,1,audit_only_family
1072,9456,1265,1,rollover,subject_vehicle,X_Exclude,1,0,1,1,1,0,0,0,0,0,0,0,0,1,0,0,0,0,1,audit_only_family
1073,9457,1266,1,rollover,subject_vehicle,X_Exclude,1,0,1,1,1,0,0,0,0,0,0,0,0,1,0,0,0,0,1,audit_only_family
1076,9458,1269,1,rollover,subject_vehicle,X_Exclude,1,0,1,1,1,0,0,0,0,0,0,0,0,1,0,0,0,0,1,audit_only_family
1077,9459,1270,1,rollover,subject_vehicle,X_Exclude,1,0,1,1,1,0,0,0,0,0,0,0,0,1,0,0,0,0,1,audit_only_family
1078,9460,1271,1,rollover,subject_vehicle,X_Exclude,1,0,1,1,1,0,0,0,0,0,0,0,0,1,0,0,0,0,1,audit_only_family
1081,9461,1275,1,rollover,subject_vehicle,X_Exclude,1,0,1,1,1,0,0,0,0,0,0,0,0,1,0,0,0,0,1,audit_only_family
1082,9462,1276,1,rollover,subject_vehicle,X_Exclude,1,0,1,1,1,0,0,0,0,0,0,0,0,1,0,0,0,0,1,audit_only_family
1083,9463,1277,1,rollover,subject_vehicle,X_Exclude,1,0,1,1,1,0,0,0,0,0,0,0,0,1,0,0,0,0,1,audit_only_family
1084,9464,1278,1,rollover,subject_vehicle,X_Exclude,1,0,1,1,1,0,0,0,0,0,0,0,0,1,0,0,0,0,1,audit_only_family
1085,9465,1279,1,rollover,subject_vehicle,X_Exclude,1,0,1,1,1,0,0,0,0,0,0,0,0,1,0,0,0,0,1,audit_only_family
1086,9466,1280,1,rollover,subject_vehicle,X_Exclude,1,0,1,1,1,0,0,0,0,0,0,0,0,1,0,0,0,0,1,audit_only_family
1087,9467,1281,1,rollover,subject_vehicle,X_Exclude,1,0,1,1,1,0,0,0,0,0,0,0,0,1,0,0,0,0,1,audit_only_family
1088,9468,1282,1,rollover,subject_vehicle,X_Exclude,1,0,1,1,1,0,0,0,0,0,0,0,0,1,0,0,0,0,1,audit_only_family
1768,9471,2122,1,side_impactor,impactor_vehicle,X_Exclude,0,1,0,1,1,0,0,1,0,1,1,0,0,1,0,0,0,0,0,not_subject_vehicle
1781,9474,2139,1,side_impactor,impactor_vehicle,X_Exclude,0,1,0,0,1,0,0,0,0,0,1,0,0,1,0,0,0,0,0,not_subject_vehicle
1783,9475,2142,1,side_impactor,impactor_vehicle,X_Exclude,1,1,1,1,1,0,0,0,0,0,1,0,0,1,0,0,0,0,0,not_subject_vehicle
1770,9476,2125,1,research_other,subject_vehicle,X_Exclude,1,0,1,1,1,0,0,0,0,0,0,0,0,1,0,0,0,0,1,audit_only_family
1770,9476,2126,2,research_other,subject_vehicle,A_ProfileValid,0,0,0,0,0,0,0,0,0,0,0,0,0,0,0,1,1,0,1,audit_only_family
1761,9477,2111,1,research_other,subject_vehicle,X_Exclude,1,0,1,1,1,0,0,0,0,0,0,0,0,1,0,0,0,0,1,audit_only_family
1761,9477,2112,2,research_other,subject_vehicle,A_ProfileValid,0,0,0,0,0,0,0,0,0,0,0,0,0,0,0,1,1,0,1,audit_only_family
1750,9478,2097,1,research_other,subject_vehicle,X_Exclude,1,0,1,1,1,0,0,0,0,0,0,0,0,1,0,0,0,0,1,audit_only_family
1750,9478,2098,2,research_other,subject_vehicle,A_ProfileValid,0,0,0,0,0,0,0,0,0,0,0,0,0,0,0,1,1,0,1,audit_only_family
1774,9479,2130,1,research_other,subject_vehicle,X_Exclude,1,0,1,1,1,0,0,0,0,0,0,0,0,1,0,0,0,0,1,audit_only_family
1774,9479,2131,2,research_other,subject_vehicle,A_ProfileValid,0,0,0,0,0,0,0,0,0,0,0,0,0,0,0,1,1,0,1,audit_only_family
1756,9480,2104,1,research_other,subject_vehicle,X_Exclude,1,0,1,1,1,0,0,0,0,0,0,0,0,1,0,0,0,0,1,audit_only_family
1756,9480,2105,2,research_other,subject_vehicle,A_ProfileValid,0,0,0,0,0,0,0,0,0,0,0,0,0,0,0,1,1,0,1,audit_only_family
1776,9481,2133,1,research_other,subject_vehicle,X_Exclude,1,0,1,1,1,0,0,0,0,0,0,0,0,1,0,0,0,0,1,audit_only_family
1776,9481,2134,2,research_other,subject_vehicle,A_ProfileValid,0,0,0,0,0,0,0,0,0,0,0,0,0,0,0,1,1,0,1,audit_only_family
1762,9482,2113,1,research_other,subject_vehicle,X_Exclude,1,0,1,1,1,0,0,0,0,0,0,0,0,1,0,0,0,0,1,audit_only_family
1762,9482,2114,2,research_other,subject_vehicle,A_ProfileValid,0,0,0,0,0,0,0,0,0,0,0,0,0,0,0,1,1,0,1,audit_only_family
1760,9483,2109,1,research_other,subject_vehicle,X_Exclude,1,0,1,1,1,0,0,0,0,0,0,0,0,1,0,0,0,0,1,audit_only_family
1760,9483,2110,2,research_other,subject_vehicle,A_ProfileValid,0,0,0,0,0,0,0,0,0,0,0,0,0,0,0,1,1,1,1,audit_only_family
1795,9486,2155,1,side_impactor,impactor_vehicle,X_Exclude,1,1,1,1,1,0,0,0,0,0,1,0,0,1,0,0,0,0,0,not_subject_vehicle
1797,9488,2158,1,side_impactor,impactor_vehicle,X_Exclude,0,1,0,1,1,0,0,0,0,1,1,0,0,1,0,0,0,0,0,not_subject_vehicle
1808,9491,2172,1,side_impactor,impactor_vehicle,X_Exclude,0,1,0,1,1,0,0,0,0,1,1,0,0,1,0,0,0,0,0,not_subject_vehicle
1817,9497,2185,1,side_impactor,impactor_vehicle,X_Exclude,0,1,0,0,1,0,0,0,0,0,1,0,0,1,0,0,0,0,0,not_subject_vehicle
1816,9498,2183,1,side_impactor,impactor_vehicle,X_Exclude,1,1,1,1,1,0,0,0,0,0,1,0,0,1,0,0,0,0,0,not_subject_vehicle
1799,9499,2161,1,research_other,subject_vehicle,X_Exclude,1,0,1,1,1,0,0,0,0,0,0,0,0,1,0,0,0,0,1,audit_only_family
1799,9499,2162,2,research_other,subject_vehicle,A_ProfileValid,0,0,0,0,0,0,0,0,0,0,0,0,0,0,0,0,0,0,1,audit_only_family
1800,9500,2163,1,research_other,subject_vehicle,X_Exclude,1,0,1,1,1,0,0,0,0,0,0,0,0,1,0,0,0,0,1,audit_only_family
1800,9500,2164,2,research_other,subject_vehicle,A_ProfileValid,0,0,0,0,0,0,0,0,0,0,0,0,0,0,0,1,1,0,1,audit_only_family
1810,9501,2175,1,research_other,subject_vehicle,X_Exclude,1,0,1,1,1,0,0,0,0,0,0,0,0,1,0,0,0,0,1,audit_only_family
1810,9501,2176,2,research_other,subject_vehicle,A_ProfileValid,0,0,0,0,0,0,0,0,0,0,0,0,0,0,0,0,0,0,1,audit_only_family
1830,9504,2201,1,side_impactor,impactor_vehicle,X_Exclude,0,1,0,1,1,0,0,1,0,1,1,0,0,1,0,0,0,0,0,not_subject_vehicle
1835,9505,2207,1,static_airbag,subject_vehicle,X_Exclude,1,0,1,1,1,0,0,0,0,0,0,0,0,1,0,0,0,0,1,audit_only_family
1838,9506,2211,1,side_impactor,impactor_vehicle,X_Exclude,1,1,1,1,1,0,0,0,0,0,1,0,0,1,0,0,0,0,0,not_subject_vehicle
1844,9510,2218,1,side_impactor,impactor_vehicle,X_Exclude,0,1,0,1,1,0,0,0,0,1,1,0,0,1,0,0,0,0,0,not_subject_vehicle
1869,9513,2244,1,side_impactor,impactor_vehicle,X_Exclude,0,1,0,1,1,0,0,1,0,1,1,0,0,1,0,0,0,0,0,not_subject_vehicle
1777,9516,2135,1,low_risk_deployment,subject_vehicle,X_Exclude,1,0,1,1,1,0,0,0,0,0,0,0,0,1,0,0,0,0,1,audit_only_family
1778,9517,2136,1,low_risk_deployment,subject_vehicle,X_Exclude,1,0,1,1,1,0,0,0,0,0,0,0,0,1,0,0,0,0,1,audit_only_family
1779,9518,2137,1,low_risk_deployment,subject_vehicle,X_Exclude,1,0,1,1,1,0,0,0,0,0,0,0,0,1,0,0,0,0,1,audit_only_family
1771,9519,2127,1,low_risk_deployment,subject_vehicle,X_Exclude,1,0,1,1,1,0,0,0,0,0,0,0,0,1,0,0,0,0,1,audit_only_family
1772,9520,2128,1,low_risk_deployment,subject_vehicle,X_Exclude,1,0,1,1,1,0,0,0,0,0,0,0,0,1,0,0,0,0,1,audit_only_family
1773,9521,2129,1,low_risk_deployment,subject_vehicle,X_Exclude,1,0,1,1,1,0,0,0,0,0,0,0,0,1,0,0,0,0,1,audit_only_family
1784,9522,2144,1,low_risk_deployment,subject_vehicle,X_Exclude,1,0,1,1,1,0,0,0,0,0,0,0,0,1,0,0,0,0,1,audit_only_family
1785,9523,2145,1,low_risk_deployment,subject_vehicle,X_Exclude,1,0,1,1,1,0,0,0,0,0,0,0,0,1,0,0,0,0,1,audit_only_family
1786,9524,2146,1,low_risk_deployment,subject_vehicle,X_Exclude,1,0,1,1,1,0,0,0,0,0,0,0,0,1,0,0,0,0,1,audit_only_family
1787,9525,2147,1,low_risk_deployment,subject_vehicle,X_Exclude,1,0,1,1,1,0,0,0,0,0,0,0,0,1,0,0,0,0,1,audit_only_family
1788,9526,2148,1,low_risk_deployment,subject_vehicle,X_Exclude,1,0,1,1,1,0,0,0,0,0,0,0,0,1,0,0,0,0,1,audit_only_family
1789,9527,2149,1,low_risk_deployment,subject_vehicle,X_Exclude,1,0,1,1,1,0,0,0,0,0,0,0,0,1,0,0,0,0,1,audit_only_family
1790,9528,2150,1,low_risk_deployment,subject_vehicle,X_Exclude,1,0,1,1,1,0,0,0,0,0,0,0,0,1,0,0,0,0,1,audit_only_family
1791,9529,2151,1,low_risk_deployment,subject_vehicle,X_Exclude,1,0,1,1,1,0,0,0,0,0,0,0,0,1,0,0,0,0,1,audit_only_family
1802,9530,2166,1,low_risk_deployment,subject_vehicle,X_Exclude,1,0,1,1,1,0,0,0,0,0,0,0,0,1,0,0,0,0,1,audit_only_family
1803,9531,2167,1,low_risk_deployment,subject_vehicle,X_Exclude,1,0,1,1,1,0,0,0,0,0,0,0,0,1,0,0,0,0,1,audit_only_family
1804,9532,2168,1,low_risk_deployment,subject_vehicle,X_Exclude,1,0,1,1,1,0,0,0,0,0,0,0,0,1,0,0,0,0,1,audit_only_family
1805,9533,2169,1,low_risk_deployment,subject_vehicle,X_Exclude,1,0,1,1,1,0,0,0,0,0,0,0,0,1,0,0,0,0,1,audit_only_family
1859,9539,2234,1,low_risk_deployment,subject_vehicle,X_Exclude,1,0,1,1,1,0,0,0,0,0,0,0,0,1,0,0,0,0,1,audit_only_family
1860,9540,2235,1,low_risk_deployment,subject_vehicle,X_Exclude,1,0,1,1,1,0,0,0,0,0,0,0,0,1,0,0,0,0,1,audit_only_family
1861,9541,2236,1,low_risk_deployment,subject_vehicle,X_Exclude,1,0,1,1,1,0,0,0,0,0,0,0,0,1,0,0,0,0,1,audit_only_family
1864,9542,2239,1,low_risk_deployment,subject_vehicle,X_Exclude,1,0,1,1,1,0,0,0,0,0,0,0,0,1,0,0,0,0,1,audit_only_family
1865,9543,2240,1,low_risk_deployment,subject_vehicle,X_Exclude,1,0,1,1,1,0,0,0,0,0,0,0,0,1,0,0,0,0,1,audit_only_family
1866,9544,2241,1,low_risk_deployment,subject_vehicle,X_Exclude,1,0,1,1,1,0,0,0,0,0,0,0,0,1,0,0,0,0,1,audit_only_family
1894,9545,2270,1,side_impactor,impactor_vehicle,X_Exclude,0,1,0,0,1,0,0,0,0,0,1,1,0,1,0,0,0,0,0,not_subject_vehicle
1899,9547,2276,1,side_impactor,impactor_vehicle,X_Exclude,0,1,0,1,1,0,0,0,0,1,1,0,0,1,0,0,0,0,0,not_subject_vehicle
1907,9550,2285,1,side_impactor,impactor_vehicle,X_Exclude,0,1,0,0,1,0,0,0,0,0,1,0,0,1,0,0,0,0,0,not_subject_vehicle
1918,9555,2297,1,side_impactor,impactor_vehicle,X_Exclude,0,1,0,1,1,0,0,1,0,1,1,0,0,1,0,0,0,0,0,not_subject_vehicle
1939,9558,2320,1,side_impactor,impactor_vehicle,X_Exclude,0,1,0,0,1,0,0,0,0,0,1,0,0,1,0,0,0,0,0,not_subject_vehicle
1941,9560,2323,1,side_impactor,impactor_vehicle,X_Exclude,0,1,0,1,1,0,0,1,0,1,1,0,0,1,0,0,0,0,0,not_subject_vehicle
1935,9562,2315,1,side_impactor,impactor_vehicle,X_Exclude,1,1,1,1,1,0,0,1,0,0,1,0,0,1,0,0,0,0,0,not_subject_vehicle
1878,9566,2254,1,research_other,subject_vehicle,A_ProfileValid,0,0,0,0,0,0,0,0,0,0,0,0,0,0,0,0,0,0,1,audit_only_family
1887,9567,2263,1,research_other,subject_vehicle,A_ProfileValid,0,0,0,0,0,0,0,0,0,0,0,0,0,0,0,0,0,0,1,audit_only_family
1898,9568,2275,1,research_other,subject_vehicle,A_ProfileValid,0,0,0,0,0,0,0,0,0,0,0,0,0,0,0,0,0,0,1,audit_only_family
1903,9569,2281,1,research_other,subject_vehicle,A_ProfileValid,0,0,0,0,0,0,0,0,0,0,0,0,0,0,0,0,0,0,1,audit_only_family
1911,9570,2290,1,research_other,subject_vehicle,A_ProfileValid,0,0,0,0,0,0,0,0,0,0,0,0,0,0,0,0,0,0,1,audit_only_family
1919,9571,2299,1,research_other,subject_vehicle,A_ProfileValid,0,0,0,0,0,0,0,0,0,0,0,0,0,0,0,0,0,0,1,audit_only_family
1947,9572,2330,1,research_other,subject_vehicle,X_Exclude,1,0,1,1,1,0,0,0,0,0,0,0,0,1,0,0,0,0,1,audit_only_family
1947,9572,2331,2,research_other,subject_vehicle,A_ProfileValid,0,0,0,0,0,0,0,0,0,0,0,0,0,0,0,1,1,0,1,audit_only_family
1951,9573,2335,1,research_other,subject_vehicle,X_Exclude,1,0,1,1,1,0,0,0,0,0,0,0,0,1,0,0,0,0,1,audit_only_family
1951,9573,2336,2,research_other,subject_vehicle,A_ProfileValid,0,0,0,0,0,0,0,0,0,0,0,0,0,0,0,1,1,0,1,audit_only_family
1954,9574,2339,1,research_other,subject_vehicle,X_Exclude,1,0,1,1,1,0,0,0,0,0,0,0,0,1,0,0,0,0,1,audit_only_family
1954,9574,2340,2,research_other,subject_vehicle,A_ProfileValid,0,0,0,0,0,0,0,0,0,0,0,0,0,0,0,1,1,0,1,audit_only_family
1969,9582,2359,1,side_impactor,impactor_vehicle,X_Exclude,0,1,0,1,1,0,0,1,0,1,1,0,0,1,0,0,0,0,0,not_subject_vehicle
1961,9585,2348,1,research_other,subject_vehicle,X_Exclude,1,0,1,1,1,0,0,0,0,0,0,0,0,1,0,0,0,0,1,audit_only_family
1961,9585,2349,2,research_other,subject_vehicle,A_ProfileValid,0,0,0,0,0,0,0,0,0,0,0,0,0,0,0,1,1,0,1,audit_only_family
1958,9586,2344,1,research_other,subject_vehicle,X_Exclude,1,0,1,1,1,0,0,0,0,0,0,0,0,1,0,0,0,0,1,audit_only_family
1958,9586,2345,2,research_other,subject_vehicle,A_ProfileValid,0,0,0,0,0,0,0,0,0,0,0,0,0,0,0,1,1,0,1,audit_only_family
1964,9587,2352,1,research_other,subject_vehicle,X_Exclude,1,0,1,1,1,0,0,0,0,0,0,0,0,1,0,0,0,0,1,audit_only_family
1964,9587,2353,2,research_other,subject_vehicle,A_ProfileValid,0,0,0,0,0,0,0,0,0,0,0,0,0,0,0,1,1,0,1,audit_only_family
1980,9588,2372,1,side_impactor,impactor_vehicle,X_Exclude,0,1,0,1,1,0,0,1,0,1,1,0,0,1,0,0,0,0,0,not_subject_vehicle
2007,9595,2403,1,side_impactor,impactor_vehicle,X_Exclude,0,1,0,0,1,0,0,0,0,0,1,0,0,1,0,0,0,0,0,not_subject_vehicle
1546,9597,1854,1,sled_without_body,subject_vehicle,X_Exclude,1,0,1,1,1,0,0,0,0,0,0,0,0,1,0,0,0,0,1,audit_only_family
1574,9598,1887,1,sled_without_body,subject_vehicle,X_Exclude,1,0,1,1,1,0,0,0,0,0,0,0,0,1,0,0,0,0,1,audit_only_family
1577,9599,1891,1,sled_without_body,subject_vehicle,X_Exclude,1,0,1,1,1,0,0,0,0,0,0,0,0,1,0,0,0,0,1,audit_only_family
1578,9600,1892,1,sled_without_body,subject_vehicle,X_Exclude,1,0,1,1,1,0,0,0,0,0,0,0,0,1,0,0,0,0,1,audit_only_family
1712,9601,2056,1,sled_without_body,subject_vehicle,X_Exclude,1,0,1,1,1,0,0,0,0,0,0,0,0,1,0,0,0,0,1,audit_only_family
1713,9602,2057,1,sled_without_body,subject_vehicle,X_Exclude,1,0,1,1,1,0,0,0,0,0,0,0,0,1,0,0,0,0,1,audit_only_family
1714,9603,2058,1,sled_without_body,subject_vehicle,X_Exclude,1,0,1,1,1,0,0,0,0,0,0,0,0,1,0,0,0,0,1,audit_only_family
1715,9604,2059,1,sled_without_body,subject_vehicle,X_Exclude,1,0,1,1,1,0,0,0,0,0,0,0,0,1,0,0,0,0,1,audit_only_family
1717,9605,2062,1,sled_without_body,subject_vehicle,X_Exclude,1,0,1,1,1,0,0,0,0,0,0,0,0,1,0,0,0,0,1,audit_only_family
1718,9606,2063,1,sled_without_body,subject_vehicle,X_Exclude,1,0,1,1,1,0,0,0,0,0,0,0,0,1,0,0,0,0,1,audit_only_family
1719,9607,2064,1,sled_without_body,subject_vehicle,X_Exclude,1,0,1,1,1,0,0,0,0,0,0,0,0,1,0,0,0,0,1,audit_only_family
1720,9608,2065,1,sled_without_body,subject_vehicle,X_Exclude,1,0,1,1,1,0,0,0,0,0,0,0,0,1,0,0,0,0,1,audit_only_family
1721,9609,2066,1,sled_without_body,subject_vehicle,X_Exclude,1,0,1,1,1,0,0,0,0,0,0,0,0,1,0,0,0,0,1,audit_only_family
1722,9610,2067,1,sled_without_body,subject_vehicle,X_Exclude,1,0,1,1,1,0,0,0,0,0,0,0,0,1,0,0,0,0,1,audit_only_family
1742,9611,2088,1,sled_without_body,subject_vehicle,X_Exclude,1,0,1,1,1,0,0,0,0,0,0,0,0,1,0,0,0,0,1,audit_only_family
1743,9612,2089,1,sled_without_body,subject_vehicle,X_Exclude,1,0,1,1,1,0,0,0,0,0,0,0,0,1,0,0,0,0,1,audit_only_family
1745,9613,2092,1,sled_without_body,subject_vehicle,X_Exclude,1,0,1,1,1,0,0,0,0,0,0,0,0,1,0,0,0,0,1,audit_only_family
1748,9614,2095,1,sled_without_body,subject_vehicle,X_Exclude,1,0,1,1,1,0,0,0,0,0,0,0,0,1,0,0,0,0,1,audit_only_family
1751,9615,2099,1,sled_without_body,subject_vehicle,X_Exclude,1,0,1,1,1,0,0,0,0,0,0,0,0,1,0,0,0,0,1,audit_only_family
1752,9616,2100,1,sled_without_body,subject_vehicle,X_Exclude,1,0,1,1,1,0,0,0,0,0,0,0,0,1,0,0,0,0,1,audit_only_family
1753,9617,2101,1,sled_without_body,subject_vehicle,X_Exclude,1,0,1,1,1,0,0,0,0,0,0,0,0,1,0,0,0,0,1,audit_only_family
1757,9618,2106,1,sled_without_body,subject_vehicle,X_Exclude,1,0,1,1,1,0,0,0,0,0,0,0,0,1,0,0,0,0,1,audit_only_family
1758,9619,2107,1,sled_without_body,subject_vehicle,X_Exclude,1,0,1,1,1,0,0,0,0,0,0,0,0,1,0,0,0,0,1,audit_only_family
1759,9620,2108,1,sled_without_body,subject_vehicle,X_Exclude,1,0,1,1,1,0,0,0,0,0,0,0,0,1,0,0,0,0,1,audit_only_family
1659,9621,1992,1,sled_without_body,subject_vehicle,X_Exclude,1,0,1,1,1,0,0,0,0,0,0,0,0,1,0,0,0,0,1,audit_only_family
1661,9622,1994,1,sled_without_body,subject_vehicle,X_Exclude,1,0,1,1,1,0,0,0,0,0,0,0,0,1,0,0,0,0,1,audit_only_family
1663,9623,1996,1,sled_without_body,subject_vehicle,X_Exclude,1,0,1,1,1,0,0,0,0,0,0,0,0,1,0,0,0,0,1,audit_only_family
1665,9624,1998,1,sled_without_body,subject_vehicle,X_Exclude,1,0,1,1,1,0,0,0,0,0,0,0,0,1,0,0,0,0,1,audit_only_family
1667,9625,2001,1,sled_without_body,subject_vehicle,X_Exclude,1,0,1,1,1,0,0,0,0,0,0,0,0,1,0,0,0,0,1,audit_only_family
1668,9626,2002,1,sled_without_body,subject_vehicle,X_Exclude,1,0,1,1,1,0,0,0,0,0,0,0,0,1,0,0,0,0,1,audit_only_family
1669,9627,2003,1,sled_without_body,subject_vehicle,X_Exclude,1,0,1,1,1,0,0,0,0,0,0,0,0,1,0,0,0,0,1,audit_only_family
1670,9628,2004,1,sled_without_body,subject_vehicle,X_Exclude,1,0,1,1,1,0,0,0,0,0,0,0,0,1,0,0,0,0,1,audit_only_family
1674,9629,2009,1,sled_without_body,subject_vehicle,X_Exclude,1,0,1,1,1,0,0,0,0,0,0,0,0,1,0,0,0,0,1,audit_only_family
1676,9630,2011,1,sled_without_body,subject_vehicle,X_Exclude,1,0,1,1,1,0,0,0,0,0,0,0,0,1,0,0,0,0,1,audit_only_family
1680,9631,2016,1,sled_without_body,subject_vehicle,X_Exclude,1,0,1,1,1,0,0,0,0,0,0,0,0,1,0,0,0,0,1,audit_only_family
1683,9632,2019,1,sled_without_body,subject_vehicle,X_Exclude,1,0,1,1,1,0,0,0,0,0,0,0,0,1,0,0,0,0,1,audit_only_family
1679,9633,2015,1,sled_without_body,subject_vehicle,X_Exclude,1,0,1,1,1,0,0,0,0,0,0,0,0,1,0,0,0,0,1,audit_only_family
1681,9634,2017,1,sled_without_body,subject_vehicle,X_Exclude,1,0,1,1,1,0,0,0,0,0,0,0,0,1,0,0,0,0,1,audit_only_family
1690,9635,2028,1,sled_without_body,subject_vehicle,X_Exclude,1,0,1,1,1,0,0,0,0,0,0,0,0,1,0,0,0,0,1,audit_only_family
1837,9636,2210,1,sled_without_body,subject_vehicle,X_Exclude,1,0,1,1,1,0,0,0,0,0,0,0,0,1,0,0,0,0,1,audit_only_family
1841,9637,2215,1,sled_without_body,subject_vehicle,X_Exclude,1,0,1,1,1,0,0,0,0,0,0,0,0,1,0,0,0,0,1,audit_only_family
1842,9638,2216,1,sled_without_body,subject_vehicle,X_Exclude,1,0,1,1,1,0,0,0,0,0,0,0,0,1,0,0,0,0,1,audit_only_family
1850,9639,2225,1,sled_without_body,subject_vehicle,X_Exclude,1,0,1,1,1,0,0,0,0,0,0,0,0,1,0,0,0,0,1,audit_only_family
1854,9640,2229,1,sled_without_body,subject_vehicle,X_Exclude,1,0,1,1,1,0,0,0,0,0,0,0,0,1,0,0,0,0,1,audit_only_family
1856,9641,2231,1,sled_without_body,subject_vehicle,X_Exclude,1,0,1,1,1,0,0,0,0,0,0,0,0,1,0,0,0,0,1,audit_only_family
1857,9642,2232,1,sled_without_body,subject_vehicle,X_Exclude,1,0,1,1,1,0,0,0,0,0,0,0,0,1,0,0,0,0,1,audit_only_family
1985,9648,2378,1,side_impactor,impactor_vehicle,X_Exclude,1,1,1,1,1,0,0,0,0,0,1,0,0,1,0,0,0,0,0,not_subject_vehicle
1333,9650,1602,1,rollover,subject_vehicle,X_Exclude,1,0,1,1,1,0,0,0,0,0,0,0,0,1,0,0,0,0,1,audit_only_family
1355,9651,1624,1,rollover,subject_vehicle,X_Exclude,1,0,1,1,1,0,0,0,0,0,0,0,0,1,0,0,0,0,1,audit_only_family
1375,9652,1646,1,rollover,subject_vehicle,X_Exclude,1,0,1,1,1,0,0,0,0,0,0,0,0,1,0,0,0,0,1,audit_only_family
1448,9653,1728,1,rollover,subject_vehicle,X_Exclude,1,0,1,1,1,0,0,0,0,0,0,0,0,1,0,0,0,0,1,audit_only_family
1449,9654,1729,1,rollover,subject_vehicle,X_Exclude,1,0,1,1,1,0,0,0,0,0,0,0,0,1,0,0,0,0,1,audit_only_family
1465,9655,1752,1,rollover,subject_vehicle,X_Exclude,1,0,1,1,1,0,0,0,0,0,0,0,0,1,0,0,0,0,1,audit_only_family
1473,9656,1764,1,rollover,subject_vehicle,X_Exclude,1,0,1,1,1,0,0,0,0,0,0,0,0,1,0,0,0,0,1,audit_only_family
1483,9657,1774,1,rollover,subject_vehicle,X_Exclude,1,0,1,1,1,0,0,0,0,0,0,0,0,1,0,0,0,0,1,audit_only_family
1682,9658,2018,1,rollover,subject_vehicle,X_Exclude,1,0,1,1,1,0,0,0,0,0,0,0,0,1,0,0,0,0,1,audit_only_family
1693,9659,2031,1,rollover,subject_vehicle,X_Exclude,1,0,1,1,1,0,0,0,0,0,0,0,0,1,0,0,0,0,1,audit_only_family
1694,9663,2032,1,rollover,subject_vehicle,X_Exclude,1,0,1,1,1,0,0,0,0,0,0,0,0,1,0,0,0,0,1,audit_only_family
1824,9665,2195,1,low_risk_deployment,subject_vehicle,X_Exclude,1,0,1,1,1,0,0,0,0,0,0,0,0,1,0,0,0,0,1,audit_only_family
1825,9666,2196,1,low_risk_deployment,subject_vehicle,X_Exclude,1,0,1,1,1,0,0,0,0,0,0,0,0,1,0,0,0,0,1,audit_only_family
1826,9667,2197,1,low_risk_deployment,subject_vehicle,X_Exclude,1,0,1,1,1,0,0,0,0,0,0,0,0,1,0,0,0,0,1,audit_only_family
1827,9668,2198,1,low_risk_deployment,subject_vehicle,X_Exclude,1,0,1,1,1,0,0,0,0,0,0,0,0,1,0,0,0,0,1,audit_only_family
1831,9669,2203,1,low_risk_deployment,subject_vehicle,X_Exclude,1,0,1,1,1,0,0,0,0,0,0,0,0,1,0,0,0,0,1,audit_only_family
1832,9670,2204,1,low_risk_deployment,subject_vehicle,X_Exclude,1,0,1,1,1,0,0,0,0,0,0,0,0,1,0,0,0,0,1,audit_only_family
1879,9672,2255,1,low_risk_deployment,subject_vehicle,X_Exclude,1,0,1,1,1,0,0,0,0,0,0,0,0,1,0,0,0,0,1,audit_only_family
1880,9673,2256,1,low_risk_deployment,subject_vehicle,X_Exclude,1,0,1,1,1,0,0,0,0,0,0,0,0,1,0,0,0,0,1,audit_only_family
1881,9674,2257,1,low_risk_deployment,subject_vehicle,X_Exclude,1,0,1,1,1,0,0,0,0,0,0,0,0,1,0,0,0,0,1,audit_only_family
1883,9675,2259,1,low_risk_deployment,subject_vehicle,X_Exclude,1,0,1,1,1,0,0,0,0,0,0,0,0,1,0,0,0,0,1,audit_only_family
1884,9676,2260,1,low_risk_deployment,subject_vehicle,X_Exclude,1,0,1,1,1,0,0,0,0,0,0,0,0,1,0,0,0,0,1,audit_only_family
1885,9677,2261,1,low_risk_deployment,subject_vehicle,X_Exclude,1,0,1,1,1,0,0,0,0,0,0,0,0,1,0,0,0,0,1,audit_only_family
1888,9679,2264,1,low_risk_deployment,subject_vehicle,X_Exclude,1,0,1,1,1,0,0,0,0,0,0,0,0,1,0,0,0,0,1,audit_only_family
1889,9680,2265,1,low_risk_deployment,subject_vehicle,X_Exclude,1,0,1,1,1,0,0,0,0,0,0,0,0,1,0,0,0,0,1,audit_only_family
1890,9681,2266,1,low_risk_deployment,subject_vehicle,X_Exclude,1,0,1,1,1,0,0,0,0,0,0,0,0,1,0,0,0,0,1,audit_only_family
1891,9682,2267,1,low_risk_deployment,subject_vehicle,X_Exclude,1,0,1,1,1,0,0,0,0,0,0,0,0,1,0,0,0,0,1,audit_only_family
1892,9683,2268,1,low_risk_deployment,subject_vehicle,X_Exclude,1,0,1,1,1,0,0,0,0,0,0,0,0,1,0,0,0,0,1,audit_only_family
1895,9684,2272,1,low_risk_deployment,subject_vehicle,X_Exclude,1,0,1,1,1,0,0,0,0,0,0,0,0,1,0,0,0,0,1,audit_only_family
1921,9685,2301,1,low_risk_deployment,subject_vehicle,X_Exclude,1,0,1,1,1,0,0,0,0,0,0,0,0,1,0,0,0,0,1,audit_only_family
1922,9687,2302,1,low_risk_deployment,subject_vehicle,X_Exclude,1,0,1,1,1,0,0,0,0,0,0,0,0,1,0,0,0,0,1,audit_only_family
1923,9688,2303,1,low_risk_deployment,subject_vehicle,X_Exclude,1,0,1,1,1,0,0,0,0,0,0,0,0,1,0,0,0,0,1,audit_only_family
1927,9689,2307,1,low_risk_deployment,subject_vehicle,X_Exclude,1,0,1,1,1,0,0,0,0,0,0,0,0,1,0,0,0,0,1,audit_only_family
1928,9690,2308,1,low_risk_deployment,subject_vehicle,X_Exclude,1,0,1,1,1,0,0,0,0,0,0,0,0,1,0,0,0,0,1,audit_only_family
1929,9691,2309,1,low_risk_deployment,subject_vehicle,X_Exclude,1,0,1,1,1,0,0,0,0,0,0,0,0,1,0,0,0,0,1,audit_only_family
2019,9697,2419,1,side_impactor,impactor_vehicle,X_Exclude,0,1,0,1,1,0,0,1,0,1,1,0,0,1,0,0,0,0,0,not_subject_vehicle
2013,9699,2411,1,research_other,subject_vehicle,X_Exclude,1,0,1,1,1,0,0,0,0,0,0,0,0,1,0,0,0,0,1,audit_only_family
2013,9699,2412,2,research_other,subject_vehicle,A_ProfileValid,0,0,0,0,0,0,0,0,0,0,0,0,0,0,0,0,0,0,1,audit_only_family
2016,9725,2415,1,research_other,subject_vehicle,X_Exclude,1,0,1,1,1,0,0,0,0,0,0,0,0,1,0,0,0,0,1,audit_only_family
2016,9725,2416,2,research_other,subject_vehicle,A_ProfileValid,0,0,0,0,0,0,0,0,0,0,0,0,0,0,0,1,1,0,1,audit_only_family
2023,9726,2425,1,research_other,subject_vehicle,X_Exclude,1,0,1,1,1,0,0,0,0,0,0,0,0,1,0,0,0,0,1,audit_only_family
2023,9726,2426,2,research_other,subject_vehicle,A_ProfileValid,0,0,0,0,0,0,0,0,0,0,0,0,0,0,0,1,1,1,1,audit_only_family
1966,9727,2355,1,research_other,subject_vehicle,X_Exclude,1,0,1,1,1,0,0,0,0,0,0,0,0,1,0,0,0,0,1,audit_only_family
1966,9727,2356,2,research_other,subject_vehicle,A_ProfileValid,0,0,0,0,0,0,0,0,0,0,0,0,0,0,0,1,1,0,1,audit_only_family
2058,9728,2468,1,static_airbag,subject_vehicle,X_Exclude,1,0,1,1,1,0,0,1,0,0,0,0,0,1,0,0,0,0,1,audit_only_family
2059,9729,2469,1,static_airbag,subject_vehicle,X_Exclude,1,0,1,1,1,0,0,1,0,0,0,0,0,1,0,0,0,0,1,audit_only_family
2063,9731,2473,1,static_airbag,subject_vehicle,X_Exclude,1,0,1,1,1,0,0,1,0,0,0,0,0,1,0,0,0,0,1,audit_only_family
2065,9732,2475,1,static_airbag,subject_vehicle,X_Exclude,1,0,1,1,1,0,0,1,0,0,0,0,0,1,0,0,0,0,1,audit_only_family
2066,9733,2476,1,static_airbag,subject_vehicle,X_Exclude,1,0,1,1,1,0,0,1,0,0,0,0,0,1,0,0,0,0,1,audit_only_family
2067,9734,2477,1,static_airbag,subject_vehicle,X_Exclude,1,0,1,1,1,0,0,1,0,0,0,0,0,1,0,0,0,0,1,audit_only_family
2068,9735,2478,1,static_airbag,subject_vehicle,X_Exclude,1,0,1,1,1,0,0,1,0,0,0,0,0,1,0,0,0,0,1,audit_only_family
2069,9736,2479,1,static_airbag,subject_vehicle,X_Exclude,1,0,1,1,1,0,0,1,0,0,0,0,0,1,0,0,0,0,1,audit_only_family
2080,9738,2491,1,static_airbag,subject_vehicle,X_Exclude,1,0,1,1,1,0,0,1,0,0,0,0,0,1,0,0,0,0,1,audit_only_family
1820,9739,2189,1,research_other,subject_vehicle,X_Exclude,1,0,1,1,1,0,0,0,0,0,0,0,0,1,0,0,0,0,1,audit_only_family
1820,9739,2190,2,research_other,subject_vehicle,A_ProfileValid,0,0,0,0,0,0,0,0,0,0,0,0,0,0,0,1,1,0,1,audit_only_family
1972,9740,2363,1,research_other,subject_vehicle,X_Exclude,1,0,1,1,1,0,0,0,0,0,0,0,0,1,0,0,0,0,1,audit_only_family
1972,9740,2364,2,research_other,subject_vehicle,A_ProfileValid,0,0,0,0,1,0,0,0,0,0,0,0,0,0,0,1,1,0,1,audit_only_family
1821,9741,2191,1,research_other,subject_vehicle,X_Exclude,1,0,1,1,1,0,0,0,0,0,0,0,0,1,0,0,0,0,1,audit_only_family
1821,9741,2192,2,research_other,subject_vehicle,A_ProfileValid,0,0,0,0,0,0,0,0,0,0,0,0,0,0,0,1,1,0,1,audit_only_family
1836,9742,2208,1,research_other,subject_vehicle,X_Exclude,1,0,1,1,1,0,0,1,0,0,0,0,0,1,0,0,0,0,1,audit_only_family
1836,9742,2209,2,research_other,subject_vehicle,A_ProfileValid,0,0,0,0,1,0,0,0,0,0,0,0,0,0,0,0,0,0,1,audit_only_family
1996,9743,2390,1,research_other,subject_vehicle,X_Exclude,1,0,1,1,1,0,0,0,0,0,0,0,0,1,0,0,0,0,1,audit_only_family
1996,9743,2391,2,research_other,subject_vehicle,A_ProfileValid,0,0,0,0,0,0,0,0,0,0,0,0,0,0,0,1,1,0,1,audit_only_family
1813,9744,2179,1,research_other,subject_vehicle,X_Exclude,1,0,1,1,1,0,0,0,0,0,0,0,0,1,0,0,0,0,1,audit_only_family
1813,9744,2180,2,research_other,subject_vehicle,A_ProfileValid,0,0,0,0,0,0,0,0,0,0,0,0,0,0,0,0,0,0,1,audit_only_family
2093,9747,2506,1,side_impactor,impactor_vehicle,X_Exclude,0,1,0,1,1,0,0,1,0,1,1,0,0,1,0,0,0,0,0,not_subject_vehicle
2070,9748,2480,1,static_airbag,subject_vehicle,X_Exclude,1,0,1,1,1,0,0,1,0,0,0,0,0,1,0,0,0,0,1,audit_only_family
2074,9749,2485,1,static_airbag,subject_vehicle,X_Exclude,1,0,1,1,1,0,0,1,0,0,0,0,0,1,0,0,0,0,1,audit_only_family
2075,9750,2486,1,static_airbag,subject_vehicle,X_Exclude,1,0,1,1,1,0,0,1,0,0,0,0,0,1,0,0,0,0,1,audit_only_family
2081,9751,2492,1,static_airbag,subject_vehicle,X_Exclude,1,0,1,1,1,0,0,1,0,0,0,0,0,1,0,0,0,0,1,audit_only_family
2082,9752,2493,1,static_airbag,subject_vehicle,X_Exclude,1,0,1,1,1,0,0,1,0,0,0,0,0,1,0,0,0,0,1,audit_only_family
2083,9753,2494,1,static_airbag,subject_vehicle,X_Exclude,1,0,1,1,1,0,0,1,0,0,0,0,0,1,0,0,0,0,1,audit_only_family
2076,9754,2487,1,static_airbag,subject_vehicle,X_Exclude,1,0,1,1,1,0,0,1,0,0,0,0,0,1,0,0,0,0,1,audit_only_family
2084,9755,2495,1,static_airbag,subject_vehicle,X_Exclude,1,0,1,1,1,0,0,1,0,0,0,0,0,1,0,0,0,0,1,audit_only_family
2101,9756,2518,1,side_impactor,impactor_vehicle,X_Exclude,0,1,0,1,1,0,0,0,0,1,1,0,0,1,0,0,0,0,0,not_subject_vehicle
2096,9758,2512,1,static_airbag,subject_vehicle,X_Exclude,1,0,1,1,1,0,0,1,0,0,0,0,0,1,0,0,0,0,1,audit_only_family
2097,9759,2513,1,static_airbag,subject_vehicle,X_Exclude,1,0,1,1,1,0,0,1,0,0,0,0,0,1,0,0,0,0,1,audit_only_family
2103,9760,2521,1,static_airbag,subject_vehicle,X_Exclude,1,0,1,1,1,0,0,1,0,0,0,0,0,1,0,0,0,0,1,audit_only_family
2114,9777,2536,1,side_impactor,impactor_vehicle,X_Exclude,0,1,0,1,1,0,0,1,0,1,1,0,0,1,0,0,0,0,0,not_subject_vehicle
2006,9781,2402,1,research_other,subject_vehicle,A_ProfileValid,0,0,0,0,0,0,0,0,0,0,0,0,1,1,0,0,0,0,1,audit_only_family
2021,9786,2422,1,side_impactor,impactor_vehicle,X_Exclude,0,1,0,0,1,0,0,0,0,0,1,0,1,1,0,0,0,0,0,not_subject_vehicle
2029,9787,2434,1,side_impactor,impactor_vehicle,X_Exclude,0,1,0,0,1,0,0,0,0,0,1,0,1,1,0,0,0,0,0,not_subject_vehicle
2057,9788,2466,1,side_impactor,impactor_vehicle,X_Exclude,0,1,0,0,1,0,0,0,0,0,1,1,1,1,0,0,0,0,0,not_subject_vehicle
2098,9789,2514,1,side_impactor,impactor_vehicle,X_Exclude,0,1,0,0,1,0,0,0,0,0,1,0,1,1,0,0,0,0,0,not_subject_vehicle
2105,9790,2524,1,side_impactor,impactor_vehicle,X_Exclude,0,1,0,0,1,0,0,0,0,0,1,0,1,1,0,0,0,0,0,not_subject_vehicle
2108,9791,2528,1,side_impactor,impactor_vehicle,X_Exclude,0,1,0,0,1,0,0,0,0,0,1,0,1,1,0,0,0,0,0,not_subject_vehicle
2120,9794,2545,1,side_impactor,impactor_vehicle,X_Exclude,1,1,1,1,1,0,0,0,0,0,1,0,0,1,0,0,0,0,0,not_subject_vehicle
2031,9795,2437,1,research_other,subject_vehicle,X_Exclude,1,0,1,1,1,0,0,0,0,0,0,0,0,1,0,0,0,0,1,audit_only_family
2031,9795,2438,2,research_other,impactor_vehicle,X_Exclude,1,1,1,1,1,0,0,0,0,0,0,0,0,1,0,0,0,0,1,audit_only_family
2071,9796,2481,1,research_other,subject_vehicle,X_Exclude,1,0,1,1,1,0,0,0,0,0,0,0,0,1,0,0,0,0,1,audit_only_family
2071,9796,2482,2,research_other,impactor_vehicle,X_Exclude,1,1,1,1,1,0,0,0,0,0,0,0,0,1,0,0,0,0,1,audit_only_family
2085,9797,2496,1,research_other,subject_vehicle,C_MaxOnly,0,0,1,0,1,0,0,0,0,0,0,0,0,1,0,0,0,0,1,audit_only_family
2085,9797,2497,2,research_other,impactor_vehicle,X_Exclude,1,1,1,1,1,0,0,0,0,0,0,0,0,1,0,0,0,0,1,audit_only_family
2089,9798,2501,1,research_other,subject_vehicle,C_MaxOnly,0,0,1,0,1,0,0,0,0,0,0,0,0,1,0,0,0,0,1,audit_only_family
2089,9798,2502,2,research_other,impactor_vehicle,X_Exclude,1,1,1,1,1,0,0,0,0,0,0,0,0,1,0,0,0,0,1,audit_only_family
2094,9799,2508,1,research_other,subject_vehicle,C_MaxOnly,0,0,1,0,1,0,0,0,0,0,0,0,0,1,0,0,0,0,1,audit_only_family
2094,9799,2509,2,research_other,impactor_vehicle,X_Exclude,1,1,1,1,1,0,0,0,0,0,0,0,0,1,0,0,0,0,1,audit_only_family
2095,9800,2510,1,research_other,subject_vehicle,C_MaxOnly,0,0,1,0,1,0,0,0,0,0,0,0,0,1,0,0,0,0,1,audit_only_family
2095,9800,2511,2,research_other,impactor_vehicle,X_Exclude,1,1,1,1,1,0,0,0,0,0,0,0,0,1,0,0,0,0,1,audit_only_family
2118,9802,2542,1,frontal,impactor_vehicle,X_Exclude,0,1,1,0,1,0,0,1,0,0,0,0,0,1,0,0,0,0,1,audit_only_family
2118,9802,2543,2,frontal,subject_vehicle,A_ProfileValid,0,0,0,0,0,0,0,0,0,0,0,0,0,0,0,1,1,1,1,audit_only_family
2104,9804,2522,1,research_other,subject_vehicle,X_Exclude,1,0,1,1,1,0,0,0,0,0,0,0,0,1,0,0,0,0,1,audit_only_family
2104,9804,2523,2,research_other,subject_vehicle,A_ProfileValid,0,0,0,0,0,0,0,0,0,0,0,0,0,0,0,1,1,0,1,audit_only_family
2116,9805,2539,1,research_other,subject_vehicle,X_Exclude,1,0,1,1,1,0,0,0,0,0,0,0,0,1,0,0,0,0,1,audit_only_family
2116,9805,2540,2,research_other,subject_vehicle,A_ProfileValid,0,0,0,0,0,0,0,0,0,0,0,0,0,0,0,1,1,0,1,audit_only_family
2121,9806,2547,1,frontal,impactor_vehicle,X_Exclude,1,1,1,1,1,0,0,1,0,0,0,0,0,1,0,0,0,0,1,audit_only_family
2121,9806,2548,2,frontal,subject_vehicle,A_ProfileValid,0,0,0,0,0,0,0,0,0,0,0,0,0,1,0,1,1,0,1,audit_only_family
2122,9807,2549,1,frontal,impactor_vehicle,X_Exclude,1,1,1,1,1,0,0,1,0,0,0,0,0,1,0,0,0,0,1,audit_only_family
2122,9807,2550,2,frontal,subject_vehicle,X_Exclude,0,0,0,1,0,0,0,0,0,1,0,0,0,1,0,1,1,0,1,audit_only_family
2137,9810,2566,1,side_impactor,impactor_vehicle,X_Exclude,0,1,0,1,1,0,0,1,0,1,1,0,0,1,0,0,0,0,0,not_subject_vehicle
2149,9819,2579,1,side_impactor,impactor_vehicle,X_Exclude,0,1,0,1,1,0,0,1,0,1,1,0,0,1,0,0,0,0,0,not_subject_vehicle
2056,9927,2465,1,sled_without_body,subject_vehicle,X_Exclude,1,0,0,1,1,0,1,0,0,0,0,0,1,1,0,0,0,0,1,audit_only_family
2060,9928,2470,1,sled_without_body,subject_vehicle,X_Exclude,1,0,0,1,1,0,1,0,0,0,0,0,1,1,0,0,0,0,1,audit_only_family
2064,9929,2474,1,sled_without_body,subject_vehicle,X_Exclude,1,0,0,1,1,0,1,0,0,0,0,0,1,1,0,0,0,0,1,audit_only_family
2072,9930,2483,1,sled_without_body,subject_vehicle,X_Exclude,1,0,0,1,1,0,1,0,0,0,0,0,1,1,0,0,0,0,1,audit_only_family
2078,9931,2489,1,sled_without_body,subject_vehicle,X_Exclude,1,0,0,1,1,0,1,0,0,0,0,0,1,1,0,0,0,0,1,audit_only_family
2090,9932,2503,1,sled_without_body,subject_vehicle,X_Exclude,1,0,0,1,1,0,1,0,0,0,0,0,1,1,0,0,0,0,1,audit_only_family
2099,9933,2516,1,sled_without_body,subject_vehicle,X_Exclude,1,0,0,1,1,0,1,0,0,0,0,0,1,1,0,0,0,0,1,audit_only_family
2124,9934,2553,1,sled_without_body,subject_vehicle,X_Exclude,1,0,0,1,1,0,1,0,0,0,0,0,1,1,0,0,0,0,1,audit_only_family
2126,9935,2555,1,sled_without_body,subject_vehicle,X_Exclude,1,0,0,1,1,0,1,0,0,0,0,0,1,1,0,0,0,0,1,audit_only_family
2127,9936,2556,1,sled_without_body,subject_vehicle,X_Exclude,1,0,0,1,1,0,1,0,0,0,0,0,1,1,0,0,0,0,1,audit_only_family
2129,9937,2558,1,sled_without_body,subject_vehicle,X_Exclude,1,0,0,1,1,0,1,0,0,0,0,0,1,1,0,0,0,0,1,audit_only_family
2130,9938,2559,1,sled_without_body,subject_vehicle,X_Exclude,1,0,0,1,1,0,1,0,0,0,0,0,1,1,0,0,0,0,1,audit_only_family
2153,9940,2585,1,side_impactor,impactor_vehicle,X_Exclude,0,1,0,0,1,0,0,0,0,0,1,0,0,1,0,0,0,0,0,not_subject_vehicle
2152,9942,2583,1,side_impactor,impactor_vehicle,X_Exclude,0,1,0,1,1,0,0,1,0,1,1,0,0,1,0,0,0,0,0,not_subject_vehicle
2155,9945,2588,1,side_impactor,impactor_vehicle,X_Exclude,0,1,0,0,1,0,0,0,0,0,1,0,0,1,0,0,0,0,0,not_subject_vehicle
2055,9952,2463,1,research_other,subject_vehicle,X_Exclude,1,0,1,1,1,0,0,0,0,0,0,0,0,1,0,0,0,0,1,audit_only_family
2055,9952,2464,2,research_other,subject_vehicle,A_ProfileValid,0,0,0,0,0,0,0,0,0,0,0,0,0,0,0,1,1,0,1,audit_only_family
2112,9953,2533,1,research_other,subject_vehicle,X_Exclude,1,0,1,1,1,0,0,0,0,0,0,0,0,1,0,0,0,0,1,audit_only_family
2112,9953,2534,2,research_other,subject_vehicle,A_ProfileValid,0,0,0,0,0,0,0,0,0,0,0,0,0,0,0,0,0,0,1,audit_only_family
2123,9954,2551,1,research_other,subject_vehicle,X_Exclude,1,0,1,1,1,0,0,0,0,0,0,0,0,1,0,0,0,0,1,audit_only_family
2123,9954,2552,2,research_other,subject_vehicle,A_ProfileValid,0,0,0,0,0,0,0,0,0,0,0,0,0,0,0,0,0,0,1,audit_only_family
2028,9955,2432,1,research_other,subject_vehicle,X_Exclude,1,0,1,1,1,0,0,0,0,0,0,0,0,1,0,0,0,0,1,audit_only_family
2028,9955,2433,2,research_other,subject_vehicle,A_ProfileValid,0,0,0,0,0,0,0,0,0,0,0,0,0,0,0,1,1,0,1,audit_only_family
2024,9956,2427,1,research_other,subject_vehicle,X_Exclude,1,0,1,1,1,0,0,0,0,0,0,0,0,1,0,0,0,0,1,audit_only_family
2024,9956,2428,2,research_other,subject_vehicle,A_ProfileValid,0,0,0,0,0,0,0,0,0,0,0,0,0,0,0,1,1,0,1,audit_only_family
2032,9957,2439,1,research_other,subject_vehicle,X_Exclude,1,0,1,1,1,0,0,0,0,0,0,0,0,1,0,0,0,0,1,audit_only_family
2032,9957,2440,2,research_other,subject_vehicle,A_ProfileValid,0,0,0,0,0,0,0,0,0,0,0,0,0,0,0,1,1,0,1,audit_only_family
2035,9958,2443,1,research_other,subject_vehicle,A_ProfileValid,0,0,0,0,0,0,0,0,0,0,0,0,0,0,0,0,0,0,1,audit_only_family
2005,9959,2400,1,research_other,subject_vehicle,X_Exclude,1,0,1,1,1,0,0,0,0,0,0,0,0,1,0,0,0,0,1,audit_only_family
2005,9959,2401,2,research_other,subject_vehicle,A_ProfileValid,0,0,0,0,0,0,0,0,0,0,0,0,0,0,0,1,1,0,1,audit_only_family
2008,9960,2405,1,research_other,subject_vehicle,X_Exclude,1,0,1,1,1,0,0,1,0,0,0,0,0,1,0,0,0,0,1,audit_only_family
2008,9960,2406,2,research_other,subject_vehicle,A_ProfileValid,0,0,0,0,0,0,0,0,0,0,0,0,0,0,0,1,1,0,1,audit_only_family
2164,9962,2598,1,side_impactor,impactor_vehicle,X_Exclude,0,1,0,1,1,0,0,1,0,1,1,0,0,1,0,0,0,0,0,not_subject_vehicle
2157,9964,2591,1,research_other,subject_vehicle,A_ProfileValid,0,0,0,0,0,0,0,0,0,0,0,0,0,0,0,0,0,0,1,audit_only_family
2158,9965,2592,1,research_other,subject_vehicle,A_ProfileValid,0,0,0,0,0,0,0,0,0,0,0,0,0,0,0,0,0,0,1,audit_only_family
2159,9966,2593,1,research_other,subject_vehicle,A_ProfileValid,0,0,0,0,0,0,0,0,0,0,0,0,0,0,0,0,0,0,1,audit_only_family
2176,9968,2614,1,side_impactor,impactor_vehicle,X_Exclude,0,1,0,0,1,0,0,0,0,0,1,0,0,1,0,0,0,0,0,not_subject_vehicle
2181,9972,2620,1,side_impactor,impactor_vehicle,X_Exclude,0,1,0,1,1,0,0,1,0,1,1,0,0,1,0,0,0,0,0,not_subject_vehicle
2183,9975,2624,1,side_impactor,impactor_vehicle,X_Exclude,1,1,1,1,1,0,0,0,0,0,1,0,0,1,0,0,0,0,0,not_subject_vehicle
2182,9976,2622,1,research_other,subject_vehicle,X_Exclude,1,0,1,1,1,0,0,0,0,0,0,0,0,1,0,0,0,0,1,audit_only_family
2182,9976,2623,2,research_other,subject_vehicle,A_ProfileValid,0,0,0,0,0,0,0,0,0,0,0,0,0,0,0,1,1,0,1,audit_only_family
2175,9977,2612,1,research_other,subject_vehicle,X_Exclude,1,0,1,1,1,0,0,0,0,0,0,0,0,1,0,0,0,0,1,audit_only_family
2175,9977,2613,2,research_other,subject_vehicle,A_ProfileValid,0,0,0,0,0,0,0,0,0,0,0,0,0,0,0,1,1,0,1,audit_only_family
2170,9978,2605,1,research_other,subject_vehicle,X_Exclude,1,0,1,1,1,0,0,0,0,0,0,0,0,1,0,0,0,0,1,audit_only_family
2170,9978,2606,2,research_other,subject_vehicle,A_ProfileValid,0,0,0,0,1,0,0,0,0,0,0,0,0,0,0,1,1,0,1,audit_only_family
2234,9980,2678,1,side_impactor,impactor_vehicle,X_Exclude,0,1,0,0,1,0,0,0,0,0,1,0,0,1,0,0,0,0,0,not_subject_vehicle
2235,9983,2680,1,side_impactor,impactor_vehicle,X_Exclude,1,1,1,1,1,0,0,0,0,0,1,0,0,1,0,0,0,0,0,not_subject_vehicle
2238,9986,2684,1,side_impactor,impactor_vehicle,X_Exclude,0,1,0,0,1,0,0,0,0,0,1,0,0,1,0,0,0,0,0,not_subject_vehicle
2245,9990,2692,1,side_impactor,impactor_vehicle,X_Exclude,1,1,1,1,1,0,0,0,0,0,1,0,0,1,0,0,0,0,0,not_subject_vehicle
2249,9995,2697,1,side_impactor,impactor_vehicle,X_Exclude,0,1,0,1,1,0,0,1,0,1,1,0,0,1,0,0,0,0,0,not_subject_vehicle
2254,9996,2703,1,side_impactor,impactor_vehicle,X_Exclude,0,1,0,0,1,0,0,0,0,1,1,0,0,1,0,0,0,0,0,not_subject_vehicle
2259,9998,2710,1,side_impactor,impactor_vehicle,X_Exclude,0,1,0,0,1,0,0,0,0,0,1,1,0,1,0,0,0,0,0,not_subject_vehicle
2266,10003,2718,1,side_impactor,impactor_vehicle,X_Exclude,1,1,1,1,1,0,0,0,0,0,1,0,0,1,0,0,0,0,0,not_subject_vehicle
2194,10008,2637,1,sled_without_body,subject_vehicle,X_Exclude,1,0,0,1,1,0,1,0,0,0,0,0,1,1,0,0,0,0,1,audit_only_family
2195,10009,2638,1,sled_without_body,subject_vehicle,X_Exclude,1,0,0,1,1,0,1,0,0,0,0,0,1,1,0,0,0,0,1,audit_only_family
2196,10010,2639,1,sled_without_body,subject_vehicle,X_Exclude,1,0,0,1,1,0,1,0,0,0,0,0,1,1,0,0,0,0,1,audit_only_family
2197,10011,2640,1,sled_without_body,subject_vehicle,X_Exclude,1,0,0,1,1,0,1,0,0,0,0,0,1,1,0,0,0,0,1,audit_only_family
2203,10012,2646,1,sled_without_body,subject_vehicle,X_Exclude,1,0,0,1,1,0,1,0,0,0,0,0,1,1,0,0,0,0,1,audit_only_family
2204,10013,2647,1,sled_without_body,subject_vehicle,X_Exclude,1,0,0,1,1,0,1,0,0,0,0,0,1,1,0,0,0,0,1,audit_only_family
2206,10014,2649,1,sled_without_body,subject_vehicle,X_Exclude,1,0,0,1,1,0,1,0,0,0,0,0,1,1,0,0,0,0,1,audit_only_family
2207,10015,2650,1,sled_without_body,subject_vehicle,X_Exclude,1,0,0,1,1,0,1,0,0,0,0,0,1,1,0,0,0,0,1,audit_only_family
2208,10016,2651,1,sled_without_body,subject_vehicle,X_Exclude,1,0,0,1,1,0,1,0,0,0,0,0,1,1,0,0,0,0,1,audit_only_family
2213,10017,2656,1,sled_without_body,subject_vehicle,X_Exclude,1,0,0,1,1,0,1,0,0,0,0,0,1,1,0,0,0,0,1,audit_only_family
2214,10018,2657,1,sled_without_body,subject_vehicle,X_Exclude,1,0,0,1,1,0,1,0,0,0,0,0,1,1,0,0,0,0,1,audit_only_family
2215,10019,2658,1,sled_without_body,subject_vehicle,X_Exclude,1,0,0,1,1,0,1,0,0,0,0,0,1,1,0,0,0,0,1,audit_only_family
2220,10020,2664,1,sled_without_body,subject_vehicle,X_Exclude,1,0,0,1,1,0,1,0,0,0,0,0,1,1,0,0,0,0,1,audit_only_family
2222,10021,2666,1,sled_without_body,subject_vehicle,X_Exclude,1,0,0,1,1,0,1,0,0,0,0,0,1,1,0,0,0,0,1,audit_only_family
2223,10022,2667,1,sled_without_body,subject_vehicle,X_Exclude,1,0,0,1,1,0,1,0,0,0,0,0,1,1,0,0,0,0,1,audit_only_family
2224,10023,2668,1,sled_without_body,subject_vehicle,X_Exclude,1,0,0,1,1,0,1,0,0,0,0,0,1,1,0,0,0,0,1,audit_only_family
2225,10024,2669,1,sled_without_body,subject_vehicle,X_Exclude,1,0,0,1,1,0,1,0,0,0,0,0,1,1,0,0,0,0,1,audit_only_family
2226,10025,2670,1,sled_without_body,subject_vehicle,X_Exclude,1,0,0,1,1,0,1,0,0,0,0,0,1,1,0,0,0,0,1,audit_only_family
2227,10026,2671,1,sled_without_body,subject_vehicle,X_Exclude,1,0,0,1,1,0,1,0,0,0,0,0,1,1,0,0,0,0,1,audit_only_family
2150,10029,2581,1,research_other,subject_vehicle,A_ProfileValid,0,0,0,0,0,0,0,0,0,0,0,0,0,0,0,0,0,0,1,audit_only_family
2277,10032,2730,1,side_impactor,impactor_vehicle,X_Exclude,1,1,1,1,1,0,0,0,0,0,1,0,0,1,0,0,0,0,0,not_subject_vehicle
2282,10035,2736,1,side_impactor,impactor_vehicle,X_Exclude,1,1,1,1,1,0,0,0,0,0,1,0,0,1,0,0,0,0,0,not_subject_vehicle
2283,10038,2738,1,side_impactor,impactor_vehicle,X_Exclude,0,1,0,1,1,0,0,0,0,1,1,0,0,1,0,0,0,0,0,not_subject_vehicle
2289,10046,2745,1,side_impactor,impactor_vehicle,X_Exclude,0,1,0,0,1,0,0,0,0,0,1,0,0,1,0,0,0,0,0,not_subject_vehicle
2291,10048,2748,1,side_impactor,impactor_vehicle,X_Exclude,1,1,1,1,1,0,0,0,0,0,1,0,0,1,0,0,0,0,0,not_subject_vehicle
2171,10054,2607,1,side_impactor,impactor_vehicle,X_Exclude,0,1,0,0,1,0,0,0,0,0,1,0,0,1,0,0,0,0,0,not_subject_vehicle
2216,10055,2659,1,side_impactor,impactor_vehicle,X_Exclude,0,1,0,0,1,0,0,0,0,0,1,0,1,1,0,0,0,0,0,not_subject_vehicle
2258,10056,2708,1,side_impactor,impactor_vehicle,X_Exclude,0,1,0,0,1,0,0,0,0,0,1,0,0,1,0,0,0,0,0,not_subject_vehicle
2297,10057,2755,1,side_impactor,impactor_vehicle,X_Exclude,1,1,1,1,1,0,0,0,0,0,1,0,0,1,0,0,0,0,0,not_subject_vehicle
2302,10062,2761,1,side_impactor,impactor_vehicle,X_Exclude,0,1,0,1,1,0,0,1,0,1,1,0,0,1,0,0,0,0,0,not_subject_vehicle
2305,10063,2765,1,sled_without_body,subject_vehicle,X_Exclude,1,0,0,1,1,0,1,0,0,0,0,0,1,1,0,0,0,0,1,audit_only_family
2307,10064,2767,1,sled_without_body,subject_vehicle,X_Exclude,1,0,0,1,1,0,1,0,0,0,0,0,1,1,0,0,0,0,1,audit_only_family
2306,10065,2766,1,sled_without_body,subject_vehicle,X_Exclude,1,0,0,1,1,0,1,0,0,0,0,0,1,1,0,0,0,0,1,audit_only_family
2316,10066,2776,1,side_impactor,impactor_vehicle,X_Exclude,0,1,0,0,1,0,0,0,0,0,1,0,0,1,0,0,0,0,0,not_subject_vehicle
2344,10069,2807,1,side_impactor,impactor_vehicle,X_Exclude,0,1,0,1,1,0,0,1,0,1,1,0,0,1,0,0,0,0,0,not_subject_vehicle
2327,10071,2789,1,frontal,subject_vehicle,X_Exclude,1,0,1,1,1,0,0,1,0,0,0,0,0,1,0,0,0,0,1,audit_only_family
2327,10071,2790,2,frontal,subject_vehicle,A_ProfileValid,0,0,0,0,0,0,0,0,0,0,0,0,0,0,0,1,1,1,1,audit_only_family
2321,10072,2782,1,frontal,subject_vehicle,C_MaxOnly,0,0,1,0,1,0,0,1,0,0,0,0,0,1,0,0,0,0,1,audit_only_family
2321,10072,2783,2,frontal,subject_vehicle,A_ProfileValid,0,0,0,0,0,0,0,0,0,0,0,0,0,0,0,1,1,1,1,audit_only_family
2363,10074,2827,1,side_impactor,impactor_vehicle,X_Exclude,1,1,1,1,1,0,0,0,0,0,1,0,0,1,0,0,0,0,0,not_subject_vehicle
2373,10077,2839,1,static_airbag,subject_vehicle,X_Exclude,1,0,1,1,1,0,0,1,0,0,0,0,0,1,0,0,0,0,1,audit_only_family
2370,10078,2836,1,static_airbag,subject_vehicle,X_Exclude,1,0,1,1,1,0,0,1,0,0,0,0,0,1,0,0,0,0,1,audit_only_family
2371,10079,2837,1,static_airbag,subject_vehicle,X_Exclude,1,0,1,1,1,0,0,1,0,0,0,0,0,1,0,0,0,0,1,audit_only_family
2379,10080,2845,1,static_airbag,subject_vehicle,X_Exclude,1,0,1,1,1,0,0,1,0,0,0,0,0,1,0,0,0,0,1,audit_only_family
2380,10081,2846,1,static_airbag,subject_vehicle,X_Exclude,1,0,1,1,1,0,0,1,0,0,0,0,0,1,0,0,0,0,1,audit_only_family
2381,10082,2847,1,static_airbag,subject_vehicle,X_Exclude,1,0,1,1,1,0,0,1,0,0,0,0,0,1,0,0,0,0,1,audit_only_family
2367,10083,2832,1,side_impactor,impactor_vehicle,X_Exclude,0,1,0,1,1,0,0,0,0,1,1,0,0,1,0,0,0,0,0,not_subject_vehicle
2382,10085,2848,1,static_airbag,subject_vehicle,X_Exclude,1,0,1,1,1,0,0,0,0,0,0,0,0,1,0,0,0,0,1,audit_only_family
2374,10086,2840,1,static_airbag,subject_vehicle,X_Exclude,1,0,1,1,1,0,0,0,0,0,0,0,0,1,0,0,0,0,1,audit_only_family
2383,10087,2849,1,static_airbag,subject_vehicle,X_Exclude,1,0,1,1,1,0,0,0,0,0,0,0,0,1,0,0,0,0,1,audit_only_family
2372,10089,2838,1,static_airbag,subject_vehicle,X_Exclude,1,0,1,1,1,0,0,0,0,0,0,0,0,1,0,0,0,0,1,audit_only_family
2384,10090,2850,1,static_airbag,subject_vehicle,X_Exclude,1,0,1,1,1,0,0,0,0,0,0,0,0,1,0,0,0,0,1,audit_only_family
2400,10092,2867,1,side_impactor,impactor_vehicle,X_Exclude,0,1,0,1,1,0,0,1,0,1,1,0,0,1,0,0,0,0,0,not_subject_vehicle
2403,10094,2872,1,static_airbag,subject_vehicle,X_Exclude,1,0,1,1,1,0,0,1,0,0,0,0,0,1,0,0,0,0,1,audit_only_family
2413,10098,2882,1,side_impactor,impactor_vehicle,X_Exclude,0,1,0,1,1,0,0,1,0,1,1,0,0,1,0,0,0,0,0,not_subject_vehicle
2397,10099,2863,1,research_other,subject_vehicle,X_Exclude,1,0,1,1,1,0,0,0,0,0,0,0,0,1,0,0,0,0,1,audit_only_family
2397,10099,2864,2,research_other,subject_vehicle,A_ProfileValid,0,0,0,0,0,0,0,0,0,0,0,0,0,0,0,1,1,1,1,audit_only_family
2328,10100,2791,1,sled_without_body,subject_vehicle,X_Exclude,1,0,0,1,1,0,1,0,0,0,0,0,1,1,0,0,0,0,1,audit_only_family
2329,10101,2792,1,sled_without_body,subject_vehicle,X_Exclude,1,0,0,1,1,0,1,0,0,0,0,0,1,1,0,0,0,0,1,audit_only_family
2330,10102,2793,1,sled_without_body,subject_vehicle,X_Exclude,1,0,0,1,1,0,1,0,0,0,0,0,1,1,0,0,0,0,1,audit_only_family
2333,10103,2796,1,sled_without_body,subject_vehicle,X_Exclude,1,0,0,1,1,0,1,0,0,0,0,0,1,1,0,0,0,0,1,audit_only_family
2334,10104,2797,1,sled_without_body,subject_vehicle,X_Exclude,1,0,0,1,1,0,1,0,0,0,0,0,1,1,0,0,0,0,1,audit_only_family
2335,10105,2798,1,sled_without_body,subject_vehicle,X_Exclude,1,0,0,1,1,0,1,0,0,0,0,0,1,1,0,0,0,0,1,audit_only_family
2337,10106,2800,1,sled_without_body,subject_vehicle,X_Exclude,1,0,0,1,1,0,1,0,0,0,0,0,1,1,0,0,0,0,1,audit_only_family
2338,10107,2801,1,sled_without_body,subject_vehicle,X_Exclude,1,0,0,1,1,0,1,0,0,0,0,0,1,1,0,0,0,0,1,audit_only_family
2322,10108,2784,1,sled_without_body,subject_vehicle,X_Exclude,1,0,0,1,1,0,1,0,0,0,0,0,1,1,0,0,0,0,1,audit_only_family
2323,10109,2785,1,sled_without_body,subject_vehicle,X_Exclude,1,0,0,1,1,0,1,0,0,0,0,0,1,1,0,0,0,0,1,audit_only_family
2340,10110,2803,1,sled_without_body,subject_vehicle,X_Exclude,1,0,0,1,1,0,1,0,0,0,0,0,1,1,0,0,0,0,1,audit_only_family
2341,10111,2804,1,sled_without_body,subject_vehicle,X_Exclude,1,0,0,1,1,0,1,0,0,0,0,0,1,1,0,0,0,0,1,audit_only_family
2342,10112,2805,1,sled_without_body,subject_vehicle,X_Exclude,1,0,0,1,1,0,1,0,0,0,0,0,1,1,0,0,0,0,1,audit_only_family
2346,10113,2810,1,sled_without_body,subject_vehicle,X_Exclude,1,0,0,1,1,0,1,0,0,0,0,0,1,1,0,0,0,0,1,audit_only_family
2347,10114,2811,1,sled_without_body,subject_vehicle,X_Exclude,1,0,0,1,1,0,1,0,0,0,0,0,1,1,0,0,0,0,1,audit_only_family
2351,10115,2815,1,sled_without_body,subject_vehicle,X_Exclude,1,0,0,1,1,0,1,0,0,0,0,0,1,1,0,0,0,0,1,audit_only_family
2356,10116,2820,1,sled_without_body,subject_vehicle,X_Exclude,1,0,0,1,1,0,1,0,0,0,0,0,1,1,0,0,0,0,1,audit_only_family
2358,10117,2822,1,sled_without_body,subject_vehicle,X_Exclude,1,0,0,1,1,0,1,0,0,0,0,0,1,1,0,0,0,0,1,audit_only_family
2359,10118,2823,1,sled_without_body,subject_vehicle,X_Exclude,1,0,0,1,1,0,1,0,0,0,0,0,1,1,0,0,0,0,1,audit_only_family
2402,10119,2870,1,research_other,subject_vehicle,X_Exclude,1,0,1,1,1,0,0,0,0,0,0,0,0,1,0,0,0,0,1,audit_only_family
2402,10119,2871,2,research_other,subject_vehicle,A_ProfileValid,0,0,0,0,0,0,0,0,0,0,0,0,0,0,0,1,1,1,1,audit_only_family
2419,10126,2889,1,static_airbag,subject_vehicle,X_Exclude,1,0,1,1,1,0,0,0,0,0,0,0,0,1,0,0,0,0,1,audit_only_family
2430,10127,2900,1,static_airbag,subject_vehicle,X_Exclude,1,0,1,1,1,0,0,0,0,0,0,0,0,1,0,0,0,0,1,audit_only_family
2435,10128,2905,1,static_airbag,subject_vehicle,X_Exclude,1,0,1,1,1,0,0,0,0,0,0,0,0,1,0,0,0,0,1,audit_only_family
2423,10129,2893,1,static_airbag,subject_vehicle,X_Exclude,1,0,1,1,1,0,0,0,0,0,0,0,0,1,0,0,0,0,1,audit_only_family
2455,10132,2925,1,side_impactor,impactor_vehicle,X_Exclude,0,1,0,1,1,0,0,1,0,1,1,0,0,1,0,0,0,0,0,not_subject_vehicle
2464,10133,2935,1,research_other,subject_vehicle,X_Exclude,1,0,1,1,1,0,0,0,0,0,0,0,0,1,0,0,0,0,1,audit_only_family
2464,10133,2936,2,research_other,subject_vehicle,A_ProfileValid,0,0,0,0,0,0,0,0,0,0,0,0,0,0,0,1,1,0,1,audit_only_family
2470,10134,2942,1,research_other,subject_vehicle,X_Exclude,1,0,1,1,1,0,0,0,0,0,0,0,0,1,0,0,0,0,1,audit_only_family
2470,10134,2943,2,research_other,subject_vehicle,A_ProfileValid,0,0,0,0,0,0,0,0,0,0,0,0,0,0,0,0,0,0,1,audit_only_family
2473,10136,2946,1,side_impactor,impactor_vehicle,X_Exclude,0,1,0,1,1,0,0,1,0,1,1,0,0,1,0,0,0,0,0,not_subject_vehicle
2491,10144,2965,1,side_impactor,impactor_vehicle,X_Exclude,0,1,0,1,1,0,0,1,0,1,1,0,0,1,0,0,0,0,0,not_subject_vehicle
2499,10148,2974,1,side_impactor,impactor_vehicle,X_Exclude,0,1,0,0,1,0,0,0,0,0,1,0,0,1,0,0,0,0,0,not_subject_vehicle
2512,10153,2989,1,side_impactor,impactor_vehicle,X_Exclude,0,1,0,1,1,0,0,1,0,1,1,0,0,1,0,0,0,0,0,not_subject_vehicle
2504,10154,2980,1,frontal,subject_vehicle,X_Exclude,1,0,1,1,1,0,0,1,0,0,0,0,0,1,0,0,0,0,1,audit_only_family
2504,10154,2981,2,frontal,subject_vehicle,A_ProfileValid,0,0,0,0,0,0,0,0,0,0,0,0,0,0,0,1,1,1,1,audit_only_family
2526,10157,3006,1,side_impactor,impactor_vehicle,X_Exclude,0,1,0,1,1,0,0,0,0,1,1,0,0,1,0,0,0,0,0,not_subject_vehicle
2529,10160,3010,1,side_impactor,impactor_vehicle,X_Exclude,1,1,1,1,1,0,0,0,0,0,1,0,0,1,0,0,0,0,0,not_subject_vehicle
2535,10162,3017,1,side_impactor,impactor_vehicle,X_Exclude,1,1,1,1,1,0,0,0,0,0,1,0,0,1,0,0,0,0,0,not_subject_vehicle
2538,10164,3021,1,side_impactor,impactor_vehicle,X_Exclude,0,1,0,0,1,0,0,0,0,0,1,0,0,1,0,0,0,0,0,not_subject_vehicle
2544,10167,3028,1,side_impactor,impactor_vehicle,X_Exclude,0,1,0,1,1,0,0,1,0,1,1,0,0,1,0,0,0,0,0,not_subject_vehicle
2555,10170,3040,1,side_impactor,impactor_vehicle,X_Exclude,0,1,0,1,1,0,0,0,0,1,1,0,0,1,0,0,0,0,0,not_subject_vehicle
2565,10172,3051,1,side_impactor,impactor_vehicle,X_Exclude,0,1,0,0,1,0,0,0,0,0,1,0,0,1,0,0,0,0,0,not_subject_vehicle
2571,10176,3058,1,side_impactor,impactor_vehicle,X_Exclude,0,1,0,1,1,0,0,1,0,1,1,0,0,1,0,0,0,0,0,not_subject_vehicle
2577,10178,3065,1,side_impactor,impactor_vehicle,X_Exclude,0,1,0,0,1,0,0,0,0,0,1,0,0,1,0,0,0,0,0,not_subject_vehicle
2578,10181,3067,1,side_impactor,impactor_vehicle,X_Exclude,1,1,1,1,1,0,0,0,0,0,1,0,0,1,0,0,0,0,0,not_subject_vehicle
2582,10186,3072,1,side_impactor,impactor_vehicle,X_Exclude,1,1,1,1,1,0,0,0,0,0,1,0,0,1,0,0,0,0,0,not_subject_vehicle
2586,10187,3078,1,side_impactor,impactor_vehicle,X_Exclude,0,1,0,0,1,0,0,0,0,0,1,0,0,1,0,0,0,0,0,not_subject_vehicle
2585,10190,3076,1,side_impactor,impactor_vehicle,X_Exclude,0,1,0,1,1,0,0,0,0,1,1,0,0,1,0,0,0,0,0,not_subject_vehicle
2591,10193,3084,1,side_impactor,impactor_vehicle,X_Exclude,0,1,0,1,1,0,0,1,0,1,1,0,0,1,0,0,0,0,0,not_subject_vehicle
2239,10196,2686,1,frontal,subject_vehicle,X_Exclude,1,0,1,1,1,0,0,0,0,0,0,0,0,1,0,0,0,0,1,audit_only_family
2240,10197,2687,1,frontal,subject_vehicle,X_Exclude,1,0,1,1,1,0,0,0,0,0,0,0,0,1,0,0,0,0,1,audit_only_family
2244,10198,2691,1,frontal,subject_vehicle,X_Exclude,1,0,1,1,1,0,0,0,0,0,0,0,0,1,0,0,0,0,1,audit_only_family
2246,10199,2694,1,frontal,subject_vehicle,X_Exclude,1,0,1,1,1,0,0,0,0,0,0,0,0,1,0,0,0,0,1,audit_only_family
2252,10200,2701,1,frontal,subject_vehicle,X_Exclude,1,0,1,1,1,0,0,0,0,0,0,0,0,1,0,0,0,0,1,audit_only_family
2256,10201,2706,1,frontal,subject_vehicle,X_Exclude,1,0,1,1,1,0,0,0,0,0,0,0,0,1,0,0,0,0,1,audit_only_family
2257,10202,2707,1,frontal,subject_vehicle,X_Exclude,1,0,1,1,1,0,0,0,0,0,0,0,0,1,0,0,0,0,1,audit_only_family
2262,10203,2714,1,frontal,subject_vehicle,X_Exclude,1,0,1,1,1,0,0,0,0,0,0,0,0,1,0,0,0,0,1,audit_only_family
2264,10204,2716,1,frontal,subject_vehicle,X_Exclude,1,0,1,1,1,0,0,0,0,0,0,0,0,1,0,0,0,0,1,audit_only_family
2267,10205,2720,1,frontal,subject_vehicle,X_Exclude,1,0,1,1,1,0,0,0,0,0,0,0,0,1,0,0,0,0,1,audit_only_family
2273,10206,2726,1,frontal,subject_vehicle,X_Exclude,1,0,1,1,1,0,0,0,0,0,0,0,0,1,0,0,0,0,1,audit_only_family
2274,10207,2727,1,frontal,subject_vehicle,X_Exclude,1,0,1,1,1,0,0,0,0,0,0,0,0,1,0,0,0,0,1,audit_only_family
2278,10208,2732,1,frontal,subject_vehicle,X_Exclude,1,0,1,1,1,0,0,0,0,0,0,0,0,1,0,0,0,0,1,audit_only_family
2280,10209,2734,1,frontal,subject_vehicle,X_Exclude,1,0,1,1,1,0,0,0,0,0,0,0,0,1,0,0,0,0,1,audit_only_family
2284,10210,2740,1,frontal,subject_vehicle,X_Exclude,1,0,1,1,1,0,0,0,0,0,0,0,0,1,0,0,0,0,1,audit_only_family
2287,10211,2743,1,frontal,subject_vehicle,X_Exclude,1,0,1,1,1,0,0,0,0,0,0,0,0,1,0,0,0,0,1,audit_only_family
2309,10212,2769,1,frontal,subject_vehicle,X_Exclude,1,0,1,1,1,0,0,0,0,0,0,0,0,1,0,0,0,0,1,audit_only_family
2310,10213,2770,1,frontal,subject_vehicle,X_Exclude,1,0,1,1,1,0,0,0,0,0,0,0,0,1,0,0,0,0,1,audit_only_family
2311,10214,2771,1,frontal,subject_vehicle,X_Exclude,1,0,1,1,1,0,0,0,0,0,0,0,0,1,0,0,0,0,1,audit_only_family
2312,10215,2772,1,frontal,subject_vehicle,X_Exclude,1,0,1,1,1,0,0,0,0,0,0,0,0,1,0,0,0,0,1,audit_only_family
2313,10216,2773,1,frontal,subject_vehicle,X_Exclude,1,0,1,1,1,0,0,0,0,0,0,0,0,1,0,0,0,0,1,audit_only_family
2314,10217,2774,1,frontal,subject_vehicle,X_Exclude,1,0,1,1,1,0,0,0,0,0,0,0,0,1,0,0,0,0,1,audit_only_family
2308,10218,2768,1,frontal,subject_vehicle,X_Exclude,1,0,1,1,1,0,0,0,0,0,0,0,0,1,0,0,0,0,1,audit_only_family
2319,10219,2780,1,frontal,subject_vehicle,X_Exclude,1,0,1,1,1,0,0,0,0,0,0,0,0,1,0,0,0,0,1,audit_only_family
2320,10220,2781,1,frontal,subject_vehicle,X_Exclude,1,0,1,1,1,0,0,0,0,0,0,0,0,1,0,0,0,0,1,audit_only_family
2324,10221,2786,1,frontal,subject_vehicle,X_Exclude,1,0,1,1,1,0,0,0,0,0,0,0,0,1,0,0,0,0,1,audit_only_family
2331,10222,2794,1,frontal,subject_vehicle,X_Exclude,1,0,1,1,1,0,0,0,0,0,0,0,0,1,0,0,0,0,1,audit_only_family
2339,10223,2802,1,frontal,subject_vehicle,X_Exclude,1,0,1,1,1,0,0,0,0,0,0,0,0,1,0,0,0,0,1,audit_only_family
2343,10224,2806,1,frontal,subject_vehicle,X_Exclude,1,0,1,1,1,0,0,0,0,0,0,0,0,1,0,0,0,0,1,audit_only_family
2355,10225,2819,1,frontal,subject_vehicle,X_Exclude,1,0,1,1,1,0,0,0,0,0,0,0,0,1,0,0,0,0,1,audit_only_family
2360,10226,2824,1,frontal,subject_vehicle,X_Exclude,1,0,1,1,1,0,0,0,0,0,0,0,0,1,0,0,0,0,1,audit_only_family
2366,10227,2831,1,frontal,subject_vehicle,X_Exclude,1,0,1,1,1,0,0,0,0,0,0,0,0,1,0,0,0,0,1,audit_only_family
2405,10228,2874,1,frontal,subject_vehicle,X_Exclude,1,0,1,1,1,0,0,0,0,0,0,0,0,1,0,0,0,0,1,audit_only_family
2407,10229,2876,1,frontal,subject_vehicle,X_Exclude,1,0,1,1,1,0,0,0,0,0,0,0,0,1,0,0,0,0,1,audit_only_family
2409,10230,2878,1,frontal,subject_vehicle,X_Exclude,1,0,1,1,1,0,0,0,0,0,0,0,0,1,0,0,0,0,1,audit_only_family
2410,10231,2879,1,frontal,subject_vehicle,X_Exclude,1,0,1,1,1,0,0,0,0,0,0,0,0,1,0,0,0,0,1,audit_only_family
2411,10232,2880,1,frontal,subject_vehicle,X_Exclude,1,0,1,1,1,0,0,0,0,0,0,0,0,1,0,0,0,0,1,audit_only_family
2412,10233,2881,1,frontal,subject_vehicle,X_Exclude,1,0,1,1,1,0,0,0,0,0,0,0,0,1,0,0,0,0,1,audit_only_family
2414,10234,2884,1,frontal,subject_vehicle,X_Exclude,1,0,1,1,1,0,0,0,0,0,0,0,0,1,0,0,0,0,1,audit_only_family
2417,10235,2887,1,frontal,subject_vehicle,X_Exclude,1,0,1,1,1,0,0,0,0,0,0,0,0,1,0,0,0,0,1,audit_only_family
2420,10236,2890,1,frontal,subject_vehicle,X_Exclude,1,0,1,1,1,0,0,0,0,0,0,0,0,1,0,0,0,0,1,audit_only_family
2421,10237,2891,1,frontal,subject_vehicle,X_Exclude,1,0,1,1,1,0,0,0,0,0,0,0,0,1,0,0,0,0,1,audit_only_family
2424,10238,2894,1,frontal,subject_vehicle,X_Exclude,1,0,1,1,1,0,0,0,0,0,0,0,0,1,0,0,0,0,1,audit_only_family
2427,10239,2897,1,frontal,subject_vehicle,X_Exclude,1,0,1,1,1,0,0,0,0,0,0,0,0,1,0,0,0,0,1,audit_only_family
2431,10240,2901,1,frontal,subject_vehicle,X_Exclude,1,0,1,1,1,0,0,0,0,0,0,0,0,1,0,0,0,0,1,audit_only_family
2440,10241,2910,1,frontal,subject_vehicle,X_Exclude,1,0,1,1,1,0,0,0,0,0,0,0,0,1,0,0,0,0,1,audit_only_family
2446,10242,2916,1,frontal,subject_vehicle,X_Exclude,1,0,1,1,1,0,0,0,0,0,0,0,0,1,0,0,0,0,1,audit_only_family
2450,10243,2920,1,frontal,subject_vehicle,X_Exclude,1,0,1,1,1,0,0,0,0,0,0,0,0,1,0,0,0,0,1,audit_only_family
2486,10244,2960,1,frontal,subject_vehicle,X_Exclude,1,0,1,1,1,0,0,0,0,0,0,0,0,1,0,0,0,0,1,audit_only_family
2488,10245,2962,1,frontal,subject_vehicle,X_Exclude,1,0,1,1,1,0,0,0,0,0,0,0,0,1,0,0,0,0,1,audit_only_family
2500,10246,2976,1,frontal,subject_vehicle,X_Exclude,1,0,1,1,1,0,0,0,0,0,0,0,0,1,0,0,0,0,1,audit_only_family
2503,10247,2979,1,frontal,subject_vehicle,X_Exclude,1,0,1,1,1,0,0,0,0,0,0,0,0,1,0,0,0,0,1,audit_only_family
2505,10248,2982,1,frontal,subject_vehicle,X_Exclude,1,0,1,1,1,0,0,0,0,0,0,0,0,1,0,0,0,0,1,audit_only_family
2506,10249,2983,1,frontal,subject_vehicle,X_Exclude,1,0,1,1,1,0,0,0,0,0,0,0,0,1,0,0,0,0,1,audit_only_family
2507,10250,2984,1,frontal,subject_vehicle,X_Exclude,1,0,1,1,1,0,0,0,0,0,0,0,0,1,0,0,0,0,1,audit_only_family
2508,10251,2985,1,frontal,subject_vehicle,X_Exclude,1,0,1,1,1,0,0,0,0,0,0,0,0,1,0,0,0,0,1,audit_only_family
2511,10252,2988,1,frontal,subject_vehicle,X_Exclude,1,0,1,1,1,0,0,0,0,0,0,0,0,1,0,0,0,0,1,audit_only_family
2513,10253,2991,1,frontal,subject_vehicle,X_Exclude,1,0,1,1,1,0,0,0,0,0,0,0,0,1,0,0,0,0,1,audit_only_family
2514,10254,2992,1,frontal,subject_vehicle,X_Exclude,1,0,1,1,1,0,0,0,0,0,0,0,0,1,0,0,0,0,1,audit_only_family
2515,10255,2993,1,frontal,subject_vehicle,X_Exclude,1,0,1,1,1,0,0,0,0,0,0,0,0,1,0,0,0,0,1,audit_only_family
2517,10256,2995,1,frontal,subject_vehicle,X_Exclude,1,0,1,1,1,0,0,0,0,0,0,0,0,1,0,0,0,0,1,audit_only_family
2524,10257,3004,1,frontal,subject_vehicle,X_Exclude,1,0,1,1,1,0,0,0,0,0,0,0,0,1,0,0,0,0,1,audit_only_family
2527,10258,3008,1,frontal,subject_vehicle,X_Exclude,1,0,1,1,1,0,0,0,0,0,0,0,0,1,0,0,0,0,1,audit_only_family
2530,10259,3012,1,frontal,subject_vehicle,X_Exclude,1,0,1,1,1,0,0,0,0,0,0,0,0,1,0,0,0,0,1,audit_only_family
2531,10260,3013,1,frontal,subject_vehicle,X_Exclude,1,0,1,1,1,0,0,0,0,0,0,0,0,1,0,0,0,0,1,audit_only_family
2536,10261,3019,1,frontal,subject_vehicle,X_Exclude,1,0,1,1,1,0,0,0,0,0,0,0,0,1,0,0,0,0,1,audit_only_family
2540,10262,3024,1,frontal,subject_vehicle,X_Exclude,1,0,1,1,1,0,0,0,0,0,0,0,0,1,0,0,0,0,1,audit_only_family
2532,10263,3014,1,frontal,subject_vehicle,X_Exclude,1,0,1,1,1,0,0,0,0,0,0,0,0,1,0,0,0,0,1,audit_only_family
2548,10264,3033,1,frontal,subject_vehicle,X_Exclude,1,0,1,1,1,0,0,0,0,0,0,0,0,1,0,0,0,0,1,audit_only_family
2553,10265,3038,1,frontal,subject_vehicle,X_Exclude,1,0,1,1,1,0,0,0,0,0,0,0,0,1,0,0,0,0,1,audit_only_family
2556,10266,3042,1,frontal,subject_vehicle,X_Exclude,1,0,1,1,1,0,0,0,0,0,0,0,0,1,0,0,0,0,1,audit_only_family
2557,10267,3043,1,frontal,subject_vehicle,X_Exclude,1,0,1,1,1,0,0,0,0,0,0,0,0,1,0,0,0,0,1,audit_only_family
2561,10268,3047,1,frontal,subject_vehicle,X_Exclude,1,0,1,1,1,0,0,0,0,0,0,0,0,1,0,0,0,0,1,audit_only_family
2567,10269,3054,1,frontal,subject_vehicle,X_Exclude,1,0,1,1,1,0,0,0,0,0,0,0,0,1,0,0,0,0,1,audit_only_family
2573,10270,3061,1,frontal,subject_vehicle,X_Exclude,1,0,1,1,1,0,0,0,0,0,0,0,0,1,0,0,0,0,1,audit_only_family
2574,10271,3062,1,frontal,subject_vehicle,X_Exclude,1,0,1,1,1,0,0,0,0,0,0,0,0,1,0,0,0,0,1,audit_only_family
2541,10272,3025,1,sled_without_body,subject_vehicle,X_Exclude,1,0,1,1,1,0,0,0,0,0,0,0,0,1,0,0,0,0,1,audit_only_family
2542,10273,3026,1,sled_without_body,subject_vehicle,X_Exclude,1,0,1,1,1,0,0,0,0,0,0,0,0,1,0,0,0,0,1,audit_only_family
2545,10274,3030,1,sled_without_body,subject_vehicle,X_Exclude,1,0,1,1,1,0,0,0,0,0,0,0,0,1,0,0,0,0,1,audit_only_family
2546,10275,3031,1,sled_without_body,subject_vehicle,X_Exclude,1,0,1,1,1,0,0,0,0,0,0,0,0,1,0,0,0,0,1,audit_only_family
2533,10276,3015,1,sled_without_body,subject_vehicle,X_Exclude,1,0,1,1,1,0,0,0,0,0,0,0,0,1,0,0,0,0,1,audit_only_family
2549,10277,3034,1,sled_without_body,subject_vehicle,X_Exclude,1,0,1,1,1,0,0,0,0,0,0,0,0,1,0,0,0,0,1,audit_only_family
2550,10278,3035,1,sled_without_body,subject_vehicle,X_Exclude,1,0,1,1,1,0,0,0,0,0,0,0,0,1,0,0,0,0,1,audit_only_family
2551,10279,3036,1,sled_without_body,subject_vehicle,X_Exclude,1,0,1,1,1,0,0,0,0,0,0,0,0,1,0,0,0,0,1,audit_only_family
2554,10280,3039,1,sled_without_body,subject_vehicle,X_Exclude,1,0,1,1,1,0,0,0,0,0,0,0,0,1,0,0,0,0,1,audit_only_family
2558,10281,3044,1,sled_without_body,subject_vehicle,X_Exclude,1,0,1,1,1,0,0,0,0,0,0,0,0,1,0,0,0,0,1,audit_only_family
2562,10282,3048,1,sled_without_body,subject_vehicle,X_Exclude,1,0,1,1,1,0,0,0,0,0,0,0,0,1,0,0,0,0,1,audit_only_family
2563,10283,3049,1,sled_without_body,subject_vehicle,X_Exclude,1,0,1,1,1,0,0,0,0,0,0,0,0,1,0,0,0,0,1,audit_only_family
2564,10284,3050,1,sled_without_body,subject_vehicle,X_Exclude,1,0,1,1,1,0,0,0,0,0,0,0,0,1,0,0,0,0,1,audit_only_family
2568,10285,3055,1,sled_without_body,subject_vehicle,X_Exclude,1,0,1,1,1,0,0,0,0,0,0,0,0,1,0,0,0,0,1,audit_only_family
2569,10286,3056,1,sled_without_body,subject_vehicle,X_Exclude,1,0,1,1,1,0,0,0,0,0,0,0,0,1,0,0,0,0,1,audit_only_family
2422,10289,2892,1,sled_with_body,subject_vehicle,X_Exclude,1,0,1,1,1,0,0,0,0,0,0,0,0,1,0,0,0,0,1,audit_only_family
2425,10290,2895,1,sled_with_body,subject_vehicle,X_Exclude,1,0,1,1,1,0,0,0,0,0,0,0,0,1,0,0,0,0,1,audit_only_family
2426,10291,2896,1,sled_with_body,subject_vehicle,X_Exclude,1,0,1,1,1,0,0,0,0,0,0,0,0,1,0,0,0,0,1,audit_only_family
2428,10292,2898,1,sled_with_body,subject_vehicle,X_Exclude,1,0,1,1,1,0,0,0,0,0,0,0,0,1,0,0,0,0,1,audit_only_family
2432,10293,2902,1,sled_with_body,subject_vehicle,X_Exclude,1,0,1,1,1,0,0,0,0,0,0,0,0,1,0,0,0,0,1,audit_only_family
2433,10294,2903,1,sled_with_body,subject_vehicle,X_Exclude,1,0,1,1,1,0,0,0,0,0,0,0,0,1,0,0,0,0,1,audit_only_family
2436,10295,2906,1,sled_with_body,subject_vehicle,X_Exclude,1,0,1,1,1,0,0,0,0,0,0,0,0,1,0,0,0,0,1,audit_only_family
2438,10296,2908,1,sled_with_body,subject_vehicle,X_Exclude,1,0,1,1,1,0,0,0,0,0,0,0,0,1,0,0,0,0,1,audit_only_family
2441,10297,2911,1,sled_with_body,subject_vehicle,X_Exclude,1,0,1,1,1,0,0,0,0,0,0,0,0,1,0,0,0,0,1,audit_only_family
2442,10298,2912,1,sled_with_body,subject_vehicle,X_Exclude,1,0,1,1,1,0,0,0,0,0,0,0,0,1,0,0,0,0,1,audit_only_family
2443,10299,2913,1,sled_with_body,subject_vehicle,X_Exclude,1,0,1,1,1,0,0,0,0,0,0,0,0,1,0,0,0,0,1,audit_only_family
2444,10300,2914,1,sled_with_body,subject_vehicle,X_Exclude,1,0,1,1,1,0,0,0,0,0,0,0,0,1,0,0,0,0,1,audit_only_family
2447,10301,2917,1,sled_with_body,subject_vehicle,X_Exclude,1,0,1,1,1,0,0,0,0,0,0,0,0,1,0,0,0,0,1,audit_only_family
2453,10302,2923,1,sled_with_body,subject_vehicle,X_Exclude,1,0,1,1,1,0,0,0,0,0,0,0,0,1,0,0,0,0,1,audit_only_family
2454,10303,2924,1,sled_with_body,subject_vehicle,X_Exclude,1,0,1,1,1,0,0,0,0,0,0,0,0,1,0,0,0,0,1,audit_only_family
2456,10304,2927,1,sled_with_body,subject_vehicle,X_Exclude,1,0,1,1,1,0,0,0,0,0,0,0,0,1,0,0,0,0,1,audit_only_family
2458,10305,2929,1,sled_with_body,subject_vehicle,X_Exclude,1,0,1,1,1,0,0,0,0,0,0,0,0,1,0,0,0,0,1,audit_only_family
2459,10306,2930,1,sled_with_body,subject_vehicle,X_Exclude,1,0,1,1,1,0,0,0,0,0,0,0,0,1,0,0,0,0,1,audit_only_family
2465,10307,2937,1,sled_with_body,subject_vehicle,X_Exclude,1,0,1,1,1,0,0,0,0,0,0,0,0,1,0,0,0,0,1,audit_only_family
2466,10308,2938,1,sled_with_body,subject_vehicle,X_Exclude,1,0,1,1,1,0,0,0,0,0,0,0,0,1,0,0,0,0,1,audit_only_family
2615,10313,3108,1,side_impactor,impactor_vehicle,X_Exclude,0,1,0,1,1,0,0,1,0,1,1,0,0,1,0,0,0,0,0,not_subject_vehicle
2619,10315,3113,1,side_impactor,impactor_vehicle,X_Exclude,0,1,0,0,1,0,0,0,0,0,1,0,0,1,0,0,0,0,0,not_subject_vehicle
2621,10319,3116,1,side_impactor,impactor_vehicle,X_Exclude,0,1,0,1,1,0,0,1,0,1,1,0,0,1,0,0,0,0,0,not_subject_vehicle
2623,10321,3119,1,side_impactor,impactor_vehicle,X_Exclude,0,1,0,0,1,0,0,0,0,0,1,0,1,1,0,0,0,0,0,not_subject_vehicle
2626,10323,3123,1,side_impactor,impactor_vehicle,X_Exclude,0,1,0,0,1,0,0,0,0,0,1,0,0,1,0,0,0,0,0,not_subject_vehicle
2597,10325,3090,1,sled_without_body,subject_vehicle,X_Exclude,1,0,0,1,1,0,1,0,0,0,0,0,1,1,0,0,0,0,1,audit_only_family
2598,10326,3091,1,sled_without_body,subject_vehicle,X_Exclude,1,0,0,1,1,0,1,0,0,0,0,0,1,1,0,0,0,0,1,audit_only_family
2600,10327,3093,1,sled_without_body,subject_vehicle,X_Exclude,1,0,0,1,1,0,1,0,0,0,0,0,1,1,0,0,0,0,1,audit_only_family
2601,10328,3094,1,sled_without_body,subject_vehicle,X_Exclude,1,0,0,1,1,0,1,0,0,0,0,0,1,1,0,0,0,0,1,audit_only_family
2602,10329,3095,1,sled_without_body,subject_vehicle,X_Exclude,1,0,0,1,1,0,1,0,0,0,0,0,1,1,0,0,0,0,1,audit_only_family
2604,10330,3097,1,sled_without_body,subject_vehicle,X_Exclude,1,0,0,1,1,0,1,0,0,0,0,0,1,1,0,0,0,0,1,audit_only_family
2605,10331,3098,1,sled_without_body,subject_vehicle,X_Exclude,1,0,0,1,1,0,1,0,0,0,0,0,1,1,0,0,0,0,1,audit_only_family
2607,10332,3100,1,sled_without_body,subject_vehicle,X_Exclude,1,0,0,1,1,0,1,0,0,0,0,0,1,1,0,0,0,0,1,audit_only_family
2608,10333,3101,1,sled_without_body,subject_vehicle,X_Exclude,1,0,0,1,1,0,1,0,0,0,0,0,1,1,0,0,0,0,1,audit_only_family
2599,10334,3092,1,sled_without_body,subject_vehicle,X_Exclude,1,0,0,1,1,0,1,0,0,0,0,0,1,1,0,0,0,0,1,audit_only_family
2610,10335,3103,1,sled_without_body,subject_vehicle,X_Exclude,1,0,0,1,1,0,1,0,0,0,0,0,1,1,0,0,0,0,1,audit_only_family
2611,10336,3104,1,sled_without_body,subject_vehicle,X_Exclude,1,0,0,1,1,0,1,0,0,0,0,0,1,1,0,0,0,0,1,audit_only_family
2612,10337,3105,1,sled_without_body,subject_vehicle,X_Exclude,1,0,0,1,1,0,1,0,0,0,0,0,1,1,0,0,0,0,1,audit_only_family
2613,10338,3106,1,sled_without_body,subject_vehicle,X_Exclude,1,0,0,1,1,0,1,0,0,0,0,0,1,1,0,0,0,0,1,audit_only_family
2614,10339,3107,1,sled_without_body,subject_vehicle,X_Exclude,1,0,0,1,1,0,1,0,0,0,0,0,1,1,0,0,0,0,1,audit_only_family
2627,10341,3125,1,side_impactor,impactor_vehicle,X_Exclude,1,1,1,1,1,0,0,0,0,0,1,0,0,1,0,0,0,0,0,not_subject_vehicle
2632,10344,3131,1,side_impactor,impactor_vehicle,X_Exclude,1,1,1,1,1,0,0,0,0,0,1,0,0,1,0,0,0,0,0,not_subject_vehicle
2633,10347,3133,1,side_impactor,impactor_vehicle,X_Exclude,0,1,0,1,1,0,0,1,0,1,1,0,0,1,0,0,0,0,0,not_subject_vehicle
2606,10350,3099,1,sled_without_body,subject_vehicle,X_Exclude,1,0,0,1,1,0,1,0,0,0,0,0,1,1,0,0,0,0,1,audit_only_family
2656,10351,3157,1,side_impactor,impactor_vehicle,X_Exclude,1,1,1,1,1,0,0,0,0,0,1,0,0,1,0,0,0,0,0,not_subject_vehicle
2678,10355,3180,1,side_impactor,impactor_vehicle,X_Exclude,1,1,1,1,1,0,0,0,0,0,1,0,0,1,0,0,0,0,0,not_subject_vehicle
2683,10357,3186,1,side_impactor,impactor_vehicle,X_Exclude,1,1,1,1,1,0,0,0,0,0,1,0,0,1,0,0,0,0,0,not_subject_vehicle
2687,10358,3191,1,side_impactor,impactor_vehicle,X_Exclude,1,1,1,1,1,0,0,0,0,0,1,0,0,1,0,0,0,0,0,not_subject_vehicle
2696,10360,3201,1,static_airbag,subject_vehicle,X_Exclude,1,0,1,1,1,0,0,1,0,0,0,0,0,1,0,0,0,0,1,audit_only_family
2697,10361,3202,1,static_airbag,subject_vehicle,X_Exclude,1,0,1,1,1,0,0,1,0,0,0,0,0,1,0,0,0,0,1,audit_only_family
2698,10362,3203,1,static_airbag,subject_vehicle,X_Exclude,1,0,1,1,1,0,0,1,0,0,0,0,0,1,0,0,0,0,1,audit_only_family
2700,10363,3205,1,static_airbag,subject_vehicle,X_Exclude,1,0,1,1,1,0,0,1,0,0,0,0,0,1,0,0,0,0,1,audit_only_family
2705,10364,3210,1,side_impactor,impactor_vehicle,X_Exclude,0,1,0,1,1,1,1,0,0,0,1,0,1,1,0,0,0,0,0,not_subject_vehicle
2709,10380,3215,1,static_airbag,subject_vehicle,X_Exclude,1,0,1,1,1,0,0,0,0,0,0,0,0,1,0,0,0,0,1,audit_only_family
2707,10381,3213,1,static_airbag,subject_vehicle,X_Exclude,1,0,1,1,1,0,0,0,0,0,0,0,0,1,0,0,0,0,1,audit_only_family
2708,10382,3214,1,static_airbag,subject_vehicle,X_Exclude,1,0,1,1,1,0,0,0,0,0,0,0,0,1,0,0,0,0,1,audit_only_family
2711,10384,3217,1,side_impactor,impactor_vehicle,X_Exclude,0,1,0,1,1,0,0,0,0,1,1,0,0,1,0,0,0,0,0,not_subject_vehicle
2715,10388,3222,1,side_impactor,impactor_vehicle,X_Exclude,0,1,0,1,1,0,0,1,0,1,1,0,0,1,0,0,0,0,0,not_subject_vehicle
2717,10390,3225,1,side_impactor,impactor_vehicle,X_Exclude,0,1,0,1,1,0,0,0,0,1,1,0,0,1,0,0,0,0,0,not_subject_vehicle
2727,10553,3236,1,side_impactor,impactor_vehicle,X_Exclude,0,1,0,1,1,0,0,1,0,1,1,0,0,1,0,0,0,0,0,not_subject_vehicle
2733,10559,3243,1,side_impactor,impactor_vehicle,X_Exclude,0,1,0,1,1,0,0,0,0,1,1,0,0,1,0,0,0,0,0,not_subject_vehicle
2740,10561,3251,1,side_impactor,impactor_vehicle,X_Exclude,1,1,1,1,1,0,0,0,0,0,1,0,0,1,0,0,0,0,0,not_subject_vehicle
2741,10566,3253,1,side_impactor,impactor_vehicle,X_Exclude,0,1,0,1,1,0,0,0,0,1,1,0,0,1,0,0,0,0,0,not_subject_vehicle
2757,10567,3270,1,side_impactor,impactor_vehicle,X_Exclude,0,1,0,1,1,0,0,1,0,1,1,0,0,1,0,0,0,0,0,not_subject_vehicle
2719,10570,3228,1,static_airbag,subject_vehicle,X_Exclude,1,0,1,1,1,0,0,0,0,0,0,0,0,1,0,0,0,0,1,audit_only_family
2721,10571,3230,1,static_airbag,subject_vehicle,X_Exclude,1,0,1,1,1,0,0,0,0,0,0,0,0,1,0,0,0,0,1,audit_only_family
2722,10572,3231,1,static_airbag,subject_vehicle,X_Exclude,1,0,1,1,1,0,0,0,0,0,0,0,0,1,0,0,0,0,1,audit_only_family
2723,10573,3232,1,static_airbag,subject_vehicle,X_Exclude,1,0,1,1,1,0,0,0,0,0,0,0,0,1,0,0,0,0,1,audit_only_family
2724,10574,3233,1,static_airbag,subject_vehicle,X_Exclude,1,0,1,1,1,0,0,0,0,0,0,0,0,1,0,0,0,0,1,audit_only_family
2725,10575,3234,1,static_airbag,subject_vehicle,X_Exclude,1,0,1,1,1,0,0,0,0,0,0,0,0,1,0,0,0,0,1,audit_only_family
2788,10634,3302,1,side_impactor,impactor_vehicle,X_Exclude,0,1,0,1,1,0,0,0,0,1,1,0,0,1,0,0,0,0,0,not_subject_vehicle
2792,10636,3308,1,side_impactor,impactor_vehicle,X_Exclude,0,1,0,1,1,0,0,1,0,1,1,0,0,1,0,0,0,0,0,not_subject_vehicle
2796,10641,3313,1,side_impactor,impactor_vehicle,X_Exclude,0,1,0,1,1,0,0,0,0,1,1,0,0,1,0,0,0,0,0,not_subject_vehicle
2799,10643,3317,1,side_impactor,impactor_vehicle,X_Exclude,0,1,0,1,1,0,0,1,0,1,1,0,0,1,0,0,0,0,0,not_subject_vehicle
2802,10645,3321,1,side_impactor,impactor_vehicle,X_Exclude,0,1,0,0,1,0,0,0,0,0,1,0,0,1,0,0,0,0,0,not_subject_vehicle
2805,10646,3325,1,side_impactor,impactor_vehicle,X_Exclude,0,1,0,1,1,0,0,1,0,1,1,0,0,1,0,0,0,0,0,not_subject_vehicle
2810,10653,3331,1,side_impactor,impactor_vehicle,X_Exclude,1,1,1,1,1,0,0,0,0,0,1,0,0,1,0,0,0,0,0,not_subject_vehicle
2811,10654,3333,1,side_impactor,impactor_vehicle,X_Exclude,0,1,0,1,1,0,0,1,0,1,1,0,0,1,0,0,0,0,0,not_subject_vehicle
2815,10658,3338,1,side_impactor,impactor_vehicle,X_Exclude,0,1,0,1,1,0,0,1,0,1,1,0,0,1,0,0,0,0,0,not_subject_vehicle
2819,10663,3343,1,side_impactor,impactor_vehicle,X_Exclude,0,1,0,1,1,0,0,1,0,1,1,0,0,1,0,0,0,0,0,not_subject_vehicle
2821,10664,3346,1,side_impactor,impactor_vehicle,X_Exclude,0,1,0,1,1,0,0,0,0,1,1,0,0,1,0,0,0,0,0,not_subject_vehicle
2791,10666,3306,1,side_impactor,impactor_vehicle,X_Exclude,1,1,0,1,1,0,1,0,0,0,1,0,1,1,0,0,0,0,0,not_subject_vehicle
2822,10670,3348,1,side_impactor,impactor_vehicle,X_Exclude,1,1,1,1,1,0,0,0,0,0,1,0,0,1,0,0,0,0,0,not_subject_vehicle
2826,10674,3353,1,side_impactor,impactor_vehicle,X_Exclude,0,1,0,1,1,0,0,1,0,1,1,0,0,1,0,0,0,0,0,not_subject_vehicle
2832,10683,3360,1,side_impactor,impactor_vehicle,X_Exclude,0,1,0,1,1,0,0,0,0,1,1,0,0,1,0,0,0,0,0,not_subject_vehicle
2837,10686,3366,1,side_impactor,impactor_vehicle,X_Exclude,0,1,0,0,1,0,0,0,0,0,1,0,0,1,0,0,0,0,0,not_subject_vehicle
2838,10689,3368,1,side_impactor,impactor_vehicle,X_Exclude,1,1,1,1,1,0,0,0,0,0,1,0,0,1,0,0,0,0,0,not_subject_vehicle
2840,10700,3371,1,side_impactor,impactor_vehicle,X_Exclude,0,1,0,1,1,0,0,1,0,1,1,0,0,1,0,0,0,0,0,not_subject_vehicle
2845,10705,3377,1,side_impactor,impactor_vehicle,X_Exclude,0,1,0,1,1,0,0,1,0,1,1,0,0,1,0,0,0,0,0,not_subject_vehicle
2848,10708,3381,1,side_impactor,impactor_vehicle,X_Exclude,1,1,1,1,1,0,0,0,0,0,1,0,0,1,0,0,0,0,0,not_subject_vehicle
2852,10710,3386,1,side_impactor,impactor_vehicle,X_Exclude,0,1,0,1,1,0,0,0,0,1,1,0,0,1,0,0,0,0,0,not_subject_vehicle
2857,10716,3392,1,side_impactor,impactor_vehicle,X_Exclude,0,1,0,0,1,0,0,0,0,0,1,0,0,1,0,0,0,0,0,not_subject_vehicle
2858,10718,3394,1,side_impactor,impactor_vehicle,X_Exclude,1,1,1,1,1,0,0,0,0,0,1,1,0,1,0,0,0,0,0,not_subject_vehicle
2859,10719,3396,1,side_impactor,impactor_vehicle,X_Exclude,0,1,0,1,1,0,0,1,0,1,1,0,0,1,0,0,0,0,0,not_subject_vehicle
2868,10722,3406,1,side_impactor,impactor_vehicle,X_Exclude,1,1,1,1,1,0,0,0,0,0,1,0,0,1,0,0,0,0,0,not_subject_vehicle
2875,10735,3414,1,side_impactor,impactor_vehicle,X_Exclude,0,1,0,0,1,0,0,0,0,0,1,0,0,1,0,0,0,0,0,not_subject_vehicle
2876,10736,3416,1,side_impactor,impactor_vehicle,X_Exclude,0,1,0,1,1,0,0,1,0,1,1,0,0,1,0,0,0,0,0,not_subject_vehicle
2879,10739,3420,1,side_impactor,impactor_vehicle,X_Exclude,0,1,0,0,1,0,0,0,0,0,1,0,0,1,0,0,0,0,0,not_subject_vehicle
2881,10764,3423,1,side_impactor,impactor_vehicle,X_Exclude,0,1,0,1,1,0,0,0,0,1,1,0,0,1,0,0,0,0,0,not_subject_vehicle
2885,10767,3428,1,side_impactor,impactor_vehicle,X_Exclude,0,1,0,1,1,0,0,0,0,1,1,0,0,1,0,0,0,0,0,not_subject_vehicle
2888,10769,3433,1,side_impactor,impactor_vehicle,X_Exclude,1,1,1,1,1,0,0,0,0,0,1,0,0,1,0,0,0,0,0,not_subject_vehicle
2886,10771,3430,1,side_impactor,impactor_vehicle,X_Exclude,0,1,0,1,1,0,0,1,0,1,1,0,0,1,0,0,0,0,0,not_subject_vehicle
2891,10774,3437,1,side_impactor,impactor_vehicle,X_Exclude,0,1,0,1,1,0,0,0,0,1,1,0,0,1,0,0,0,0,0,not_subject_vehicle
2892,10776,3439,1,side_impactor,impactor_vehicle,X_Exclude,0,1,0,0,1,0,0,0,0,0,1,0,0,1,0,0,0,0,0,not_subject_vehicle
2896,10780,3444,1,side_impactor,impactor_vehicle,X_Exclude,0,1,0,1,1,0,0,0,0,1,1,0,0,1,0,0,0,0,0,not_subject_vehicle
2897,10781,3446,1,static_airbag,subject_vehicle,X_Exclude,1,0,1,1,1,0,0,1,0,0,0,0,0,1,0,0,0,0,1,audit_only_family
2898,10782,3447,1,static_airbag,subject_vehicle,X_Exclude,1,0,1,1,1,0,0,1,0,0,0,0,0,1,0,0,0,0,1,audit_only_family
2899,10783,3448,1,static_airbag,subject_vehicle,X_Exclude,1,0,1,1,1,0,0,1,0,0,0,0,0,1,0,0,0,0,1,audit_only_family
2900,10784,3449,1,static_airbag,subject_vehicle,X_Exclude,1,0,1,1,1,0,0,1,0,0,0,0,0,1,0,0,0,0,1,audit_only_family
2904,10792,3453,1,side_impactor,impactor_vehicle,X_Exclude,0,1,0,1,1,0,0,1,0,1,1,1,0,1,0,0,0,0,0,not_subject_vehicle
2905,10794,3455,1,static_airbag,subject_vehicle,X_Exclude,1,0,1,1,1,0,0,1,0,0,0,0,0,1,0,0,0,0,1,audit_only_family
2906,10795,3456,1,static_airbag,subject_vehicle,X_Exclude,1,0,1,1,1,0,0,1,0,0,0,0,0,1,0,0,0,0,1,audit_only_family
2910,10796,3460,1,static_airbag,subject_vehicle,X_Exclude,1,0,1,1,1,0,0,1,0,0,0,0,0,1,0,0,0,0,1,audit_only_family
2925,10798,3477,1,side_impactor,impactor_vehicle,X_Exclude,0,1,0,1,1,0,0,1,0,1,1,1,0,1,0,0,0,0,0,not_subject_vehicle
2924,10808,3476,1,static_airbag,subject_vehicle,X_Exclude,1,0,0,1,1,1,1,0,0,0,0,0,1,1,0,0,0,0,1,audit_only_family
2918,10809,3470,1,static_airbag,subject_vehicle,X_Exclude,1,0,0,1,1,1,1,0,0,0,0,0,1,1,0,0,0,0,1,audit_only_family
2909,10810,3459,1,static_airbag,subject_vehicle,X_Exclude,1,0,0,1,1,1,1,0,0,0,0,0,1,1,0,0,0,0,1,audit_only_family
2911,10811,3461,1,static_airbag,subject_vehicle,X_Exclude,1,0,0,1,1,1,1,0,0,0,0,0,1,1,0,0,0,0,1,audit_only_family
2914,10812,3464,1,static_airbag,subject_vehicle,X_Exclude,1,0,0,1,1,1,1,0,0,0,0,0,1,1,0,0,0,0,1,audit_only_family
2921,10813,3473,1,static_airbag,subject_vehicle,X_Exclude,1,0,0,1,1,1,1,0,0,0,0,0,1,1,0,0,0,0,1,audit_only_family
2919,10814,3471,1,static_airbag,subject_vehicle,X_Exclude,1,0,0,1,1,1,1,0,0,0,0,0,1,1,0,0,0,0,1,audit_only_family
2922,10815,3474,1,static_airbag,subject_vehicle,X_Exclude,1,0,0,1,1,1,1,0,0,0,0,0,1,1,0,0,0,0,1,audit_only_family
2931,10818,3485,1,side_impactor,impactor_vehicle,X_Exclude,0,1,0,0,1,0,0,0,0,0,1,0,0,1,0,0,0,0,0,not_subject_vehicle
2926,10819,3479,1,static_airbag,subject_vehicle,X_Exclude,1,0,1,1,1,0,0,0,0,0,0,0,0,1,0,0,0,0,1,audit_only_family
2935,10823,3491,1,side_impactor,impactor_vehicle,X_Exclude,0,1,0,1,1,0,0,1,0,1,1,0,0,1,0,0,0,0,0,not_subject_vehicle
2929,10824,3482,1,research_other,subject_vehicle,X_Exclude,1,0,1,1,1,0,0,0,0,0,0,0,0,1,0,0,0,0,1,audit_only_family
2929,10824,3483,2,research_other,subject_vehicle,A_ProfileValid,0,0,0,0,0,0,0,0,0,0,0,0,0,0,0,1,1,1,1,audit_only_family
2936,10825,3493,1,research_other,subject_vehicle,X_Exclude,1,0,1,1,1,0,0,0,0,0,0,0,0,1,0,0,0,0,1,audit_only_family
2936,10825,3494,2,research_other,subject_vehicle,A_ProfileValid,0,0,0,0,0,0,0,0,0,0,0,0,0,0,0,1,1,1,1,audit_only_family
2938,10827,3496,1,side_impactor,impactor_vehicle,X_Exclude,0,1,0,1,1,0,0,1,0,1,1,1,0,1,0,0,0,0,0,not_subject_vehicle
2945,10833,3505,1,side_impactor,impactor_vehicle,X_Exclude,0,1,0,0,1,0,0,0,0,0,1,0,0,1,0,0,0,0,0,not_subject_vehicle
2949,10835,3510,1,side_impactor,impactor_vehicle,X_Exclude,1,1,1,1,1,0,0,0,0,0,1,0,0,1,0,0,0,0,0,not_subject_vehicle
2953,10839,3515,1,side_impactor,impactor_vehicle,X_Exclude,0,1,0,1,1,0,0,1,0,1,1,1,0,1,0,0,0,0,0,not_subject_vehicle
2932,10840,3487,1,research_other,impactor_vehicle,X_Exclude,0,1,0,1,1,0,0,1,0,1,0,0,0,1,0,0,0,0,1,audit_only_family
2932,10840,3488,2,research_other,subject_vehicle,B_ProfilePartial,0,0,0,0,0,0,0,1,0,0,0,0,0,1,0,0,0,0,1,audit_only_family
2933,10841,3489,1,research_other,subject_vehicle,B_ProfilePartial,0,0,0,0,0,0,0,1,0,0,0,0,0,1,0,1,1,0,1,audit_only_family
2920,10842,3472,1,research_other,subject_vehicle,A_ProfileValid,0,0,0,0,1,0,0,0,0,0,0,0,1,1,0,0,0,0,1,audit_only_family
2915,10843,3465,1,research_other,impactor_vehicle,X_Exclude,0,1,0,0,1,0,0,0,0,0,0,0,0,1,0,0,0,0,1,audit_only_family
2915,10843,3466,2,research_other,subject_vehicle,B_ProfilePartial,0,0,0,0,1,0,0,1,0,0,0,0,0,1,0,0,0,0,1,audit_only_family
2944,10844,3503,1,research_other,impactor_vehicle,X_Exclude,1,1,1,1,1,0,0,1,0,0,0,0,0,1,0,0,0,0,1,audit_only_family
2944,10844,3504,2,research_other,subject_vehicle,B_ProfilePartial,0,0,0,0,1,0,0,1,0,0,0,0,0,1,0,0,0,0,1,audit_only_family
2946,10845,3507,1,research_other,subject_vehicle,B_ProfilePartial,0,0,0,0,0,0,0,1,0,0,0,0,0,1,0,0,0,0,1,audit_only_family
2957,10912,3520,1,side_impactor,impactor_vehicle,X_Exclude,0,1,0,1,1,0,0,0,0,1,1,0,0,1,0,1,1,0,0,not_subject_vehicle
2958,10913,3522,1,side_impactor,impactor_vehicle,X_Exclude,0,1,0,1,1,0,0,0,0,1,1,0,0,1,0,0,0,0,0,not_subject_vehicle
2960,10915,3525,1,side_impactor,impactor_vehicle,X_Exclude,0,1,0,1,1,0,0,1,0,1,1,1,0,1,0,0,0,0,0,not_subject_vehicle
2965,10919,3531,1,side_impactor,impactor_vehicle,X_Exclude,1,1,1,1,1,0,0,0,0,0,1,0,0,1,0,0,0,0,0,not_subject_vehicle
2968,10920,3535,1,side_impactor,impactor_vehicle,X_Exclude,0,1,0,0,1,0,0,0,0,0,1,0,0,1,0,0,0,0,0,not_subject_vehicle
2971,10926,3539,1,side_impactor,impactor_vehicle,X_Exclude,0,1,0,1,1,0,0,0,0,1,1,0,0,1,0,0,0,0,0,not_subject_vehicle
2974,10959,3543,1,side_impactor,impactor_vehicle,X_Exclude,0,1,0,0,1,0,0,0,0,0,1,0,0,1,0,0,0,0,0,not_subject_vehicle
2980,10964,3550,1,side_impactor,impactor_vehicle,X_Exclude,0,1,0,1,1,0,0,1,0,1,1,1,0,1,0,0,0,0,0,not_subject_vehicle
2982,10965,3553,1,side_impactor,impactor_vehicle,X_Exclude,1,1,1,1,1,0,0,0,0,0,1,0,0,1,0,0,0,0,0,not_subject_vehicle
2985,10968,3557,1,side_impactor,impactor_vehicle,X_Exclude,0,1,0,1,1,0,0,1,0,1,1,1,0,1,0,0,0,0,0,not_subject_vehicle
2989,10972,3562,1,side_impactor,impactor_vehicle,X_Exclude,0,1,0,1,1,0,0,0,0,1,1,0,0,1,0,0,0,0,0,not_subject_vehicle
2996,10978,3570,1,side_impactor,impactor_vehicle,X_Exclude,0,1,0,1,1,0,0,0,0,1,1,0,0,1,0,0,0,0,0,not_subject_vehicle
2997,10979,3572,1,side_impactor,impactor_vehicle,X_Exclude,0,1,0,0,1,0,0,0,0,0,1,0,0,1,0,0,0,0,0,not_subject_vehicle
3001,10981,3577,1,side_impactor,impactor_vehicle,X_Exclude,0,1,0,1,1,0,0,1,0,1,1,1,0,1,0,0,0,0,0,not_subject_vehicle
3016,10985,3594,1,side_impactor,impactor_vehicle,X_Exclude,1,1,1,1,1,0,0,0,0,0,1,0,0,1,0,0,0,0,0,not_subject_vehicle
3013,10990,3590,1,side_impactor,impactor_vehicle,X_Exclude,0,1,0,1,1,0,0,0,0,1,1,0,0,1,0,0,0,0,0,not_subject_vehicle
3021,10992,3600,1,side_impactor,impactor_vehicle,X_Exclude,0,1,0,1,1,0,0,1,0,1,1,1,0,1,0,0,0,0,0,not_subject_vehicle
3023,10995,3603,1,side_impactor,impactor_vehicle,X_Exclude,0,1,0,1,1,0,0,0,0,1,1,0,0,1,0,0,0,0,0,not_subject_vehicle
3026,10998,3607,1,side_impactor,impactor_vehicle,X_Exclude,1,1,1,1,1,0,0,0,0,0,1,0,0,1,0,0,0,0,0,not_subject_vehicle
2635,11000,3136,1,sled_without_body,subject_vehicle,X_Exclude,1,0,1,1,1,0,0,0,0,0,0,0,0,1,0,0,0,0,1,audit_only_family
2636,11001,3137,1,sled_without_body,subject_vehicle,X_Exclude,1,0,1,1,1,0,0,0,0,0,0,0,0,1,0,0,0,0,1,audit_only_family
2637,11002,3138,1,sled_without_body,subject_vehicle,X_Exclude,1,0,1,1,1,0,0,0,0,0,0,0,0,1,0,0,0,0,1,audit_only_family
2638,11003,3139,1,sled_without_body,subject_vehicle,X_Exclude,1,0,1,1,1,0,0,0,0,0,0,0,0,1,0,0,0,0,1,audit_only_family
2639,11004,3140,1,sled_without_body,subject_vehicle,X_Exclude,1,0,1,1,1,0,0,0,0,0,0,0,0,1,0,0,0,0,1,audit_only_family
2640,11005,3141,1,sled_without_body,subject_vehicle,X_Exclude,1,0,1,1,1,0,0,0,0,0,0,0,0,1,0,0,0,0,1,audit_only_family
2642,11006,3143,1,sled_without_body,subject_vehicle,X_Exclude,1,0,1,1,1,0,0,0,0,0,0,0,0,1,0,0,0,0,1,audit_only_family
2643,11007,3144,1,sled_without_body,subject_vehicle,X_Exclude,1,0,1,1,1,0,0,0,0,0,0,0,0,1,0,0,0,0,1,audit_only_family
2644,11008,3145,1,sled_without_body,subject_vehicle,X_Exclude,1,0,1,1,1,0,0,0,0,0,0,0,0,1,0,0,0,0,1,audit_only_family
2645,11009,3146,1,sled_without_body,subject_vehicle,X_Exclude,1,0,1,1,1,0,0,0,0,0,0,0,0,1,0,0,0,0,1,audit_only_family
2646,11010,3147,1,sled_without_body,subject_vehicle,X_Exclude,1,0,1,1,1,0,0,0,0,0,0,0,0,1,0,0,0,0,1,audit_only_family
2647,11011,3148,1,sled_without_body,subject_vehicle,X_Exclude,1,0,1,1,1,0,0,0,0,0,0,0,0,1,0,0,0,0,1,audit_only_family
2648,11012,3149,1,sled_without_body,subject_vehicle,X_Exclude,1,0,1,1,1,0,0,0,0,0,0,0,0,1,0,0,0,0,1,audit_only_family
2649,11013,3150,1,sled_without_body,subject_vehicle,X_Exclude,1,0,1,1,1,0,0,0,0,0,0,0,0,1,0,0,0,0,1,audit_only_family
2650,11014,3151,1,sled_without_body,subject_vehicle,X_Exclude,1,0,1,1,1,0,0,0,0,0,0,0,0,1,0,0,0,0,1,audit_only_family
2651,11015,3152,1,sled_without_body,subject_vehicle,X_Exclude,1,0,1,1,1,0,0,0,0,0,0,0,0,1,0,0,0,0,1,audit_only_family
2652,11016,3153,1,sled_without_body,subject_vehicle,X_Exclude,1,0,1,1,1,0,0,0,0,0,0,0,0,1,0,0,0,0,1,audit_only_family
2653,11017,3154,1,sled_without_body,subject_vehicle,X_Exclude,1,0,1,1,1,0,0,0,0,0,0,0,0,1,0,0,0,0,1,audit_only_family
2654,11018,3155,1,sled_without_body,subject_vehicle,X_Exclude,1,0,1,1,1,0,0,0,0,0,0,0,0,1,0,0,0,0,1,audit_only_family
2655,11019,3156,1,sled_without_body,subject_vehicle,X_Exclude,1,0,1,1,1,0,0,0,0,0,0,0,0,1,0,0,0,0,1,audit_only_family
2657,11020,3159,1,sled_without_body,subject_vehicle,X_Exclude,1,0,1,1,1,0,0,0,0,0,0,0,0,1,0,0,0,0,1,audit_only_family
2658,11021,3160,1,sled_without_body,subject_vehicle,X_Exclude,1,0,1,1,1,0,0,0,0,0,0,0,0,1,0,0,0,0,1,audit_only_family
2659,11022,3161,1,sled_without_body,subject_vehicle,X_Exclude,1,0,1,1,1,0,0,0,0,0,0,0,0,1,0,0,0,0,1,audit_only_family
2660,11023,3162,1,sled_without_body,subject_vehicle,X_Exclude,1,0,1,1,1,0,0,0,0,0,0,0,0,1,0,0,0,0,1,audit_only_family
2661,11024,3163,1,sled_without_body,subject_vehicle,X_Exclude,1,0,1,1,1,0,0,0,0,0,0,0,0,1,0,0,0,0,1,audit_only_family
2662,11025,3164,1,sled_without_body,subject_vehicle,X_Exclude,1,0,1,1,1,0,0,0,0,0,0,0,0,1,0,0,0,0,1,audit_only_family
2663,11026,3165,1,sled_without_body,subject_vehicle,X_Exclude,1,0,1,1,1,0,0,0,0,0,0,0,0,1,0,0,0,0,1,audit_only_family
2664,11027,3166,1,sled_without_body,subject_vehicle,X_Exclude,1,0,1,1,1,0,0,0,0,0,0,0,0,1,0,0,0,0,1,audit_only_family
2666,11028,3168,1,sled_without_body,subject_vehicle,X_Exclude,1,0,1,1,1,0,0,0,0,0,0,0,0,1,0,0,0,0,1,audit_only_family
2667,11029,3169,1,sled_without_body,subject_vehicle,X_Exclude,1,0,1,1,1,0,0,0,0,0,0,0,0,1,0,0,0,0,1,audit_only_family
2668,11030,3170,1,sled_without_body,subject_vehicle,X_Exclude,1,0,1,1,1,0,0,0,0,0,0,0,0,1,0,0,0,0,1,audit_only_family
2669,11031,3171,1,sled_without_body,subject_vehicle,X_Exclude,1,0,1,1,1,0,0,0,0,0,0,0,0,1,0,0,0,0,1,audit_only_family
2670,11032,3172,1,sled_without_body,subject_vehicle,X_Exclude,1,0,1,1,1,0,0,0,0,0,0,0,0,1,0,0,0,0,1,audit_only_family
2671,11033,3173,1,sled_without_body,subject_vehicle,X_Exclude,1,0,1,1,1,0,0,0,0,0,0,0,0,1,0,0,0,0,1,audit_only_family
2672,11034,3174,1,sled_without_body,subject_vehicle,X_Exclude,1,0,1,1,1,0,0,0,0,0,0,0,0,1,0,0,0,0,1,audit_only_family
2674,11035,3176,1,sled_without_body,subject_vehicle,X_Exclude,1,0,1,1,1,0,0,0,0,0,0,0,0,1,0,0,0,0,1,audit_only_family
2675,11036,3177,1,sled_without_body,subject_vehicle,X_Exclude,1,0,1,1,1,0,0,0,0,0,0,0,0,1,0,0,0,0,1,audit_only_family
2676,11037,3178,1,sled_without_body,subject_vehicle,X_Exclude,1,0,1,1,1,0,0,0,0,0,0,0,0,1,0,0,0,0,1,audit_only_family
2677,11038,3179,1,sled_without_body,subject_vehicle,X_Exclude,1,0,1,1,1,0,0,0,0,0,0,0,0,1,0,0,0,0,1,audit_only_family
2680,11039,3183,1,sled_without_body,subject_vehicle,X_Exclude,1,0,1,1,1,0,0,0,0,0,0,0,0,1,0,0,0,0,1,audit_only_family
2681,11040,3184,1,sled_without_body,subject_vehicle,X_Exclude,1,0,1,1,1,0,0,0,0,0,0,0,0,1,0,0,0,0,1,audit_only_family
2682,11041,3185,1,sled_without_body,subject_vehicle,X_Exclude,1,0,1,1,1,0,0,0,0,0,0,0,0,1,0,0,0,0,1,audit_only_family
2684,11042,3188,1,sled_without_body,subject_vehicle,X_Exclude,1,0,1,1,1,0,0,0,0,0,0,0,0,1,0,0,0,0,1,audit_only_family
2685,11043,3189,1,sled_without_body,subject_vehicle,X_Exclude,1,0,1,1,1,0,0,0,0,0,0,0,0,1,0,0,0,0,1,audit_only_family
2686,11044,3190,1,sled_without_body,subject_vehicle,X_Exclude,1,0,1,1,1,0,0,0,0,0,0,0,0,1,0,0,0,0,1,audit_only_family
3031,11046,3613,1,side_impactor,impactor_vehicle,X_Exclude,1,1,1,1,1,0,0,0,0,0,1,0,0,1,0,0,0,0,0,not_subject_vehicle
3034,11048,3617,1,side_impactor,impactor_vehicle,X_Exclude,0,1,0,1,1,0,0,1,0,1,1,1,0,1,0,0,0,0,0,not_subject_vehicle
3041,11052,3625,1,side_impactor,impactor_vehicle,X_Exclude,1,1,1,1,1,0,0,0,0,0,1,0,0,1,0,0,0,0,0,not_subject_vehicle
3044,11055,3629,1,side_impactor,impactor_vehicle,X_Exclude,1,1,1,1,1,0,0,0,0,0,1,0,0,1,0,0,0,0,0,not_subject_vehicle
3050,11065,3636,1,side_impactor,impactor_vehicle,X_Exclude,1,1,1,1,1,0,0,0,0,0,1,0,0,1,0,0,0,0,0,not_subject_vehicle
3070,11068,3659,1,side_impactor,impactor_vehicle,X_Exclude,0,1,0,1,1,0,0,0,0,1,1,0,0,1,0,0,0,0,0,not_subject_vehicle
3076,11071,3666,1,side_impactor,impactor_vehicle,X_Exclude,1,1,1,1,1,0,0,0,0,0,1,0,0,1,0,0,0,0,0,not_subject_vehicle
3087,11074,3679,1,side_impactor,impactor_vehicle,X_Exclude,1,1,1,1,1,0,0,0,0,0,1,0,0,1,0,0,0,0,0,not_subject_vehicle
3094,11077,3687,1,side_impactor,impactor_vehicle,X_Exclude,1,1,0,1,1,0,1,0,0,0,1,0,1,1,0,0,0,0,0,not_subject_vehicle
3103,11080,3696,1,side_impactor,impactor_vehicle,X_Exclude,0,1,0,1,1,0,0,1,0,1,1,1,0,1,0,0,0,0,0,not_subject_vehicle
2862,11083,3400,1,sled_with_body,subject_vehicle,X_Exclude,1,0,1,1,1,0,0,0,0,0,0,0,0,1,0,0,0,0,1,audit_only_family
2863,11084,3401,1,sled_with_body,subject_vehicle,X_Exclude,1,0,1,1,1,0,0,0,0,0,0,0,0,1,0,0,0,0,1,audit_only_family
2864,11085,3402,1,sled_with_body,subject_vehicle,X_Exclude,1,0,1,1,1,0,0,0,0,0,0,0,0,1,0,0,0,0,1,audit_only_family
2865,11086,3403,1,sled_with_body,subject_vehicle,X_Exclude,1,0,1,1,1,0,0,0,0,0,0,0,0,1,0,0,0,0,1,audit_only_family
2866,11087,3404,1,sled_with_body,subject_vehicle,X_Exclude,1,0,1,1,1,0,0,0,0,0,0,0,0,1,0,0,0,0,1,audit_only_family
2867,11088,3405,1,sled_with_body,subject_vehicle,X_Exclude,1,0,1,1,1,0,0,0,0,0,0,0,0,1,0,0,0,0,1,audit_only_family
2901,11089,3450,1,sled_with_body,subject_vehicle,X_Exclude,1,0,1,1,1,0,0,0,0,0,0,0,0,1,0,0,0,0,1,audit_only_family
2902,11090,3451,1,sled_with_body,subject_vehicle,X_Exclude,1,0,1,1,1,0,0,0,0,0,0,0,0,1,0,0,0,0,1,audit_only_family
2903,11091,3452,1,sled_with_body,subject_vehicle,X_Exclude,1,0,1,1,1,0,0,0,0,0,0,0,0,1,0,0,0,0,1,audit_only_family
2912,11092,3462,1,sled_with_body,subject_vehicle,X_Exclude,1,0,1,1,1,0,0,0,0,0,0,0,0,1,0,0,0,0,1,audit_only_family
2913,11093,3463,1,sled_with_body,subject_vehicle,X_Exclude,1,0,1,1,1,0,0,0,0,0,0,0,0,1,0,0,0,0,1,audit_only_family
2916,11094,3467,1,sled_with_body,subject_vehicle,X_Exclude,1,0,1,1,1,0,0,0,0,0,0,0,0,1,0,0,0,0,1,audit_only_family
2976,11098,3546,1,sled_with_body,subject_vehicle,X_Exclude,1,0,0,1,1,0,1,0,0,0,0,0,1,1,0,0,0,0,1,audit_only_family
2981,11099,3552,1,sled_with_body,subject_vehicle,X_Exclude,1,0,0,1,1,1,1,0,0,0,0,0,1,1,0,0,0,0,1,audit_only_family
2992,11100,3566,1,sled_with_body,subject_vehicle,X_Exclude,1,0,0,1,1,1,1,0,0,0,0,0,1,1,0,0,0,0,1,audit_only_family
2999,11101,3575,1,sled_with_body,subject_vehicle,X_Exclude,1,0,0,1,1,1,1,0,0,0,0,0,1,1,0,0,0,0,1,audit_only_family
3000,11102,3576,1,sled_with_body,subject_vehicle,X_Exclude,1,0,0,1,1,1,1,0,0,0,0,0,1,1,0,0,0,0,1,audit_only_family
3004,11103,3581,1,sled_without_body,subject_vehicle,X_Exclude,1,0,0,1,1,1,1,0,0,0,0,0,1,1,0,0,0,0,1,audit_only_family
3005,11104,3582,1,sled_without_body,subject_vehicle,X_Exclude,1,0,0,1,1,1,1,0,0,0,0,0,1,1,0,0,0,0,1,audit_only_family
3006,11105,3583,1,sled_without_body,subject_vehicle,X_Exclude,1,0,0,1,1,1,1,0,0,0,0,0,1,1,0,0,0,0,1,audit_only_family
3007,11106,3584,1,sled_without_body,subject_vehicle,X_Exclude,1,0,0,1,1,1,1,0,0,0,0,0,1,1,0,0,0,0,1,audit_only_family
3008,11107,3585,1,sled_without_body,subject_vehicle,X_Exclude,1,0,0,1,1,1,1,0,0,0,0,0,1,1,0,0,0,0,1,audit_only_family
3009,11108,3586,1,sled_without_body,subject_vehicle,X_Exclude,1,0,0,1,1,1,1,0,0,0,0,0,1,1,0,0,0,0,1,audit_only_family
3010,11109,3587,1,sled_without_body,subject_vehicle,X_Exclude,1,0,0,1,1,1,1,0,0,0,0,0,1,1,0,0,0,0,1,audit_only_family
3011,11110,3588,1,sled_without_body,subject_vehicle,X_Exclude,1,0,0,1,1,1,1,0,0,0,0,0,1,1,0,0,0,0,1,audit_only_family
3110,11127,3704,1,side_impactor,impactor_vehicle,X_Exclude,0,1,0,1,1,0,0,1,0,1,1,0,0,1,0,0,0,0,0,not_subject_vehicle
3118,11130,3713,1,side_impactor,impactor_vehicle,X_Exclude,0,1,0,1,1,0,0,1,0,1,1,0,0,1,0,0,0,0,0,not_subject_vehicle
3084,11135,3675,1,side_impactor,impactor_vehicle,X_Exclude,1,1,0,1,1,0,1,0,0,0,1,0,1,1,0,0,0,0,0,not_subject_vehicle
3122,11137,3718,1,side_impactor,impactor_vehicle,X_Exclude,0,1,0,1,1,0,0,1,0,1,1,0,0,1,0,0,0,0,0,not_subject_vehicle
3124,11138,3721,1,static_airbag,subject_vehicle,X_Exclude,1,0,0,1,1,1,1,0,0,0,0,0,1,1,0,0,0,0,1,audit_only_family
3123,11139,3720,1,static_airbag,subject_vehicle,X_Exclude,1,0,0,1,1,1,1,0,0,0,0,0,1,1,0,0,0,0,1,audit_only_family
3125,11140,3722,1,static_airbag,subject_vehicle,X_Exclude,1,0,0,1,1,1,1,0,0,0,0,0,1,1,0,0,0,0,1,audit_only_family
3128,11141,3725,1,static_airbag,subject_vehicle,X_Exclude,1,0,0,1,1,1,1,0,0,0,0,0,1,1,0,0,0,0,1,audit_only_family
3130,11142,3727,1,static_airbag,subject_vehicle,X_Exclude,1,0,0,1,1,1,1,0,0,0,0,0,1,1,0,0,0,0,1,audit_only_family
3131,11143,3728,1,static_airbag,subject_vehicle,X_Exclude,1,0,0,1,1,1,1,0,0,0,0,0,1,1,0,0,0,0,1,audit_only_family
3133,11144,3731,1,static_airbag,subject_vehicle,X_Exclude,1,0,0,1,1,1,1,0,0,0,0,0,1,1,0,0,0,0,1,audit_only_family
3134,11145,3732,1,static_airbag,subject_vehicle,X_Exclude,1,0,0,1,1,1,1,0,0,0,0,0,1,1,0,0,0,0,1,audit_only_family
3132,11147,3729,1,side_impactor,impactor_vehicle,X_Exclude,0,1,0,1,1,0,0,1,0,1,1,0,0,1,0,0,0,0,0,not_subject_vehicle
3137,11150,3735,1,static_airbag,subject_vehicle,X_Exclude,1,0,1,1,1,0,0,1,0,0,0,0,0,1,0,0,0,0,1,audit_only_family
3127,11151,3724,1,static_airbag,subject_vehicle,X_Exclude,1,0,1,1,1,0,0,0,0,0,0,0,0,1,0,0,0,0,1,audit_only_family
3126,11152,3723,1,static_airbag,subject_vehicle,X_Exclude,1,0,1,1,1,0,0,0,0,0,0,0,0,1,0,0,0,0,1,audit_only_family
3138,11153,3736,1,side_impactor,impactor_vehicle,X_Exclude,1,1,1,1,1,0,0,0,0,0,1,0,0,1,0,0,0,0,0,not_subject_vehicle
3139,11155,3738,1,static_airbag,subject_vehicle,X_Exclude,1,0,1,1,1,0,0,1,0,0,0,0,0,1,0,0,0,0,1,audit_only_family
3141,11156,3740,1,static_airbag,subject_vehicle,X_Exclude,1,0,1,1,1,0,0,1,0,0,0,0,0,1,0,0,0,0,1,audit_only_family
3142,11157,3741,1,static_airbag,subject_vehicle,X_Exclude,1,0,1,1,1,0,0,1,0,0,0,0,0,1,0,0,0,0,1,audit_only_family
3143,11158,3742,1,static_airbag,subject_vehicle,X_Exclude,1,0,0,1,1,1,1,0,0,0,0,0,1,1,0,0,0,0,1,audit_only_family
3145,11160,3744,1,side_impactor,impactor_vehicle,X_Exclude,1,1,1,1,1,0,0,0,0,0,1,0,0,1,0,0,0,0,0,not_subject_vehicle
3150,11162,3750,1,side_impactor,impactor_vehicle,X_Exclude,0,1,0,1,1,0,0,0,0,1,1,0,0,1,0,0,0,0,0,not_subject_vehicle
3095,11246,3688,1,sled_with_body,subject_vehicle,X_Exclude,1,0,0,1,1,0,1,0,0,0,0,0,1,1,0,0,0,0,1,audit_only_family
3097,11247,3690,1,sled_with_body,subject_vehicle,X_Exclude,1,0,0,1,1,0,1,0,0,0,0,0,1,1,0,0,0,0,1,audit_only_family
3098,11248,3691,1,sled_with_body,subject_vehicle,X_Exclude,1,0,0,1,1,0,1,0,0,0,0,0,1,1,0,0,0,0,1,audit_only_family
3100,11249,3693,1,sled_with_body,subject_vehicle,X_Exclude,1,0,0,1,1,0,1,0,0,0,0,0,1,1,0,0,0,0,1,audit_only_family
3101,11250,3694,1,sled_with_body,subject_vehicle,X_Exclude,1,0,0,1,1,0,1,0,0,0,0,0,1,1,0,0,0,0,1,audit_only_family
3102,11251,3695,1,sled_with_body,subject_vehicle,X_Exclude,1,0,0,1,1,0,1,0,0,0,0,0,1,1,0,0,0,0,1,audit_only_family
3104,11252,3698,1,sled_with_body,subject_vehicle,X_Exclude,1,0,0,1,1,0,1,0,0,0,0,0,1,1,0,0,0,0,1,audit_only_family
3146,11253,3746,1,sled_with_body,subject_vehicle,X_Exclude,1,0,0,1,1,0,1,0,0,0,0,0,1,1,0,0,0,0,1,audit_only_family
3105,11254,3699,1,sled_with_body,subject_vehicle,X_Exclude,1,0,0,1,1,0,1,0,0,0,0,0,1,1,0,0,0,0,1,audit_only_family
3107,11255,3701,1,sled_with_body,subject_vehicle,X_Exclude,1,0,0,1,1,0,1,0,0,0,0,0,1,1,0,0,0,0,1,audit_only_family
3109,11256,3703,1,sled_with_body,subject_vehicle,X_Exclude,1,0,0,1,1,0,1,0,0,0,0,0,1,1,0,0,0,0,1,audit_only_family
3119,11257,3715,1,sled_with_body,subject_vehicle,X_Exclude,1,0,0,1,1,0,1,0,0,0,0,0,1,1,0,0,0,0,1,audit_only_family
3111,11258,3706,1,sled_with_body,subject_vehicle,X_Exclude,1,0,0,1,1,0,1,0,0,0,0,0,1,1,0,0,0,0,1,audit_only_family
3112,11259,3707,1,sled_with_body,subject_vehicle,X_Exclude,1,0,0,1,1,0,1,0,0,0,0,0,1,1,0,0,0,0,1,audit_only_family
3114,11260,3709,1,sled_with_body,subject_vehicle,X_Exclude,1,0,0,1,1,0,1,0,0,0,0,0,1,1,0,0,0,0,1,audit_only_family
3116,11261,3711,1,sled_with_body,subject_vehicle,X_Exclude,1,0,0,1,1,0,1,0,0,0,0,0,1,1,0,0,0,0,1,audit_only_family
3117,11262,3712,1,sled_with_body,subject_vehicle,X_Exclude,1,0,0,1,1,0,1,0,0,0,0,0,1,1,0,0,0,0,1,audit_only_family
3120,11263,3716,1,sled_with_body,subject_vehicle,X_Exclude,1,0,0,1,1,0,1,0,0,0,0,0,1,1,0,0,0,0,1,audit_only_family
3162,11265,3764,1,side_impactor,impactor_vehicle,X_Exclude,0,1,0,0,1,0,0,0,0,0,1,0,1,1,0,0,0,0,0,not_subject_vehicle
3161,11267,3762,1,side_impactor,impactor_vehicle,X_Exclude,0,1,0,1,1,1,1,0,0,0,1,0,1,1,0,0,0,0,0,not_subject_vehicle
3174,11271,3780,1,side_impactor,impactor_vehicle,X_Exclude,0,1,0,1,1,1,1,0,0,0,1,0,1,1,0,0,0,0,0,not_subject_vehicle
3153,11272,3754,1,static_airbag,subject_vehicle,X_Exclude,1,0,0,1,1,1,1,0,0,0,0,0,1,1,0,0,0,0,1,audit_only_family
3155,11273,3756,1,static_airbag,subject_vehicle,X_Exclude,1,0,0,1,1,1,1,0,0,0,0,0,1,1,0,0,0,0,1,audit_only_family
3156,11284,3757,1,research_other,subject_vehicle,A_ProfileValid,0,0,0,0,0,0,0,0,0,0,0,0,0,0,0,1,1,1,1,audit_only_family
3157,11285,3758,1,research_other,subject_vehicle,A_ProfileValid,0,0,0,0,0,0,0,0,0,0,0,0,0,0,0,1,1,1,1,audit_only_family
3163,11286,3766,1,research_other,subject_vehicle,A_ProfileValid,0,0,0,0,0,0,0,0,0,0,0,0,0,0,0,1,1,1,1,audit_only_family
3182,11289,3792,1,side_impactor,impactor_vehicle,X_Exclude,0,1,0,1,1,1,1,0,0,0,1,0,1,1,0,0,0,0,0,not_subject_vehicle
3187,11292,3798,1,side_impactor,impactor_vehicle,X_Exclude,0,1,0,1,1,0,1,0,0,0,1,0,1,1,0,0,0,0,0,not_subject_vehicle
3179,11293,3787,1,side_impactor,impactor_vehicle,X_Exclude,0,1,0,1,1,1,1,0,0,0,1,0,1,1,0,0,0,0,0,not_subject_vehicle
3197,11297,3810,1,side_impactor,impactor_vehicle,X_Exclude,0,1,0,1,1,1,1,0,0,0,1,0,1,1,0,0,0,0,0,not_subject_vehicle
3144,11341,3743,1,static_airbag,subject_vehicle,X_Exclude,1,0,0,1,1,1,1,0,0,0,0,0,1,1,0,0,0,0,1,audit_only_family
3149,11342,3749,1,static_airbag,subject_vehicle,X_Exclude,1,0,0,1,1,1,1,0,0,0,0,0,1,1,0,0,0,0,1,audit_only_family
3169,11345,3774,1,research_other,subject_vehicle,A_ProfileValid,0,0,0,0,0,0,0,0,0,0,0,0,0,0,0,1,1,1,1,audit_only_family
3200,11346,3814,1,research_other,subject_vehicle,A_ProfileValid,0,0,0,0,0,0,0,0,0,0,0,0,0,0,0,1,1,1,1,audit_only_family
3209,11348,3823,1,side_impactor,impactor_vehicle,X_Exclude,0,1,0,1,1,1,1,0,0,0,1,0,1,1,0,0,0,0,0,not_subject_vehicle
3216,11351,3832,1,side_impactor,impactor_vehicle,X_Exclude,0,1,0,0,1,0,0,0,0,0,1,0,1,1,0,0,0,0,0,not_subject_vehicle
3214,11352,3829,1,side_impactor,impactor_vehicle,X_Exclude,1,1,0,1,1,0,1,0,0,0,1,0,1,1,0,0,0,0,0,not_subject_vehicle
3218,11357,3835,1,side_impactor,impactor_vehicle,X_Exclude,1,1,0,1,1,0,1,0,0,0,1,0,1,1,0,0,0,0,0,not_subject_vehicle
3230,11360,3848,1,side_impactor,impactor_vehicle,X_Exclude,1,1,0,1,1,0,1,0,0,0,1,0,1,1,0,0,0,0,0,not_subject_vehicle
3217,11361,3834,1,research_other,subject_vehicle,A_ProfileValid,0,0,0,0,0,0,0,0,0,0,0,0,0,0,0,1,1,1,1,audit_only_family
3205,11362,3819,1,research_other,subject_vehicle,A_ProfileValid,0,0,0,0,0,0,0,0,0,0,0,0,0,0,0,1,1,1,1,audit_only_family
3207,11363,3821,1,research_other,subject_vehicle,A_ProfileValid,0,0,0,0,0,0,0,0,0,0,0,0,0,0,0,1,1,1,1,audit_only_family
3231,11364,3850,1,research_other,subject_vehicle,A_ProfileValid,0,0,0,0,0,0,0,0,0,0,0,0,0,1,0,1,1,1,1,audit_only_family
3245,11376,3864,1,side_impactor,impactor_vehicle,X_Exclude,0,1,0,1,1,0,1,0,0,0,1,0,1,1,0,0,0,0,0,not_subject_vehicle
3255,11379,3876,1,side_impactor,impactor_vehicle,X_Exclude,0,1,0,1,1,0,1,0,0,0,1,0,1,1,0,0,0,0,0,not_subject_vehicle
3265,11382,3888,1,side_impactor,impactor_vehicle,X_Exclude,1,1,0,1,1,0,1,0,0,0,1,0,1,1,0,0,0,0,0,not_subject_vehicle
3267,11386,3891,1,side_impactor,impactor_vehicle,X_Exclude,0,1,0,1,1,1,1,0,0,0,1,0,1,1,0,0,0,0,0,not_subject_vehicle
3269,11388,3894,1,side_impactor,impactor_vehicle,X_Exclude,1,1,0,1,1,0,1,0,0,0,1,0,1,1,0,0,0,0,0,not_subject_vehicle
3271,11389,3898,1,static_airbag,subject_vehicle,X_Exclude,1,0,0,1,1,1,1,0,0,0,0,0,1,1,0,0,0,0,1,audit_only_family
3272,11390,3899,1,static_airbag,subject_vehicle,X_Exclude,1,0,0,1,1,1,1,0,0,0,0,0,1,1,0,0,0,0,1,audit_only_family
3275,11393,3902,1,side_impactor,impactor_vehicle,X_Exclude,0,1,0,1,1,1,1,0,0,0,1,0,1,1,0,0,0,0,0,not_subject_vehicle
3279,11397,3907,1,side_impactor,impactor_vehicle,X_Exclude,0,1,0,0,1,0,0,0,0,0,1,0,1,1,0,0,0,0,0,not_subject_vehicle
3282,11486,3911,1,side_impactor,impactor_vehicle,X_Exclude,0,1,0,1,1,1,1,0,0,0,1,0,1,1,0,0,0,0,0,not_subject_vehicle
3285,11488,3915,1,side_impactor,impactor_vehicle,X_Exclude,1,1,0,1,1,0,1,0,0,0,1,0,1,1,0,0,0,0,0,not_subject_vehicle
3292,11497,3924,1,side_impactor,impactor_vehicle,X_Exclude,1,1,0,1,1,0,1,0,0,0,1,0,1,1,0,0,0,0,0,not_subject_vehicle
3167,11500,3771,1,sled_with_body,subject_vehicle,X_Exclude,1,0,0,1,1,1,1,0,0,0,0,0,1,1,0,0,0,0,1,audit_only_family
3170,11501,3775,1,sled_with_body,subject_vehicle,X_Exclude,1,0,0,1,1,1,1,0,0,0,0,0,1,1,0,0,0,0,1,audit_only_family
3175,11502,3782,1,sled_with_body,subject_vehicle,X_Exclude,1,0,0,1,1,1,1,0,0,0,0,0,1,1,0,0,0,0,1,audit_only_family
3177,11503,3785,1,sled_with_body,subject_vehicle,X_Exclude,1,0,0,1,1,1,1,0,0,0,0,0,1,1,0,0,0,0,1,audit_only_family
3180,11504,3789,1,sled_with_body,subject_vehicle,X_Exclude,1,0,0,1,1,1,1,0,0,0,0,0,1,1,0,0,0,0,1,audit_only_family
3184,11505,3795,1,sled_with_body,subject_vehicle,X_Exclude,1,0,0,1,1,1,1,0,0,0,0,0,1,1,0,0,0,0,1,audit_only_family
3191,11506,3803,1,sled_with_body,subject_vehicle,X_Exclude,1,0,0,1,1,1,1,0,0,0,0,0,1,1,0,0,0,0,1,audit_only_family
3193,11507,3805,1,sled_with_body,subject_vehicle,X_Exclude,1,0,0,1,1,1,1,0,0,0,0,0,1,1,0,0,0,0,1,audit_only_family
3196,11508,3809,1,sled_with_body,subject_vehicle,X_Exclude,1,0,0,1,1,1,1,0,0,0,0,0,1,1,0,0,0,0,1,audit_only_family
3201,11509,3815,1,sled_with_body,subject_vehicle,X_Exclude,1,0,0,1,1,1,1,0,0,0,0,0,1,1,0,0,0,0,1,audit_only_family
3202,11510,3816,1,sled_with_body,subject_vehicle,X_Exclude,1,0,0,1,1,1,1,0,0,0,0,0,1,1,0,0,0,0,1,audit_only_family
3204,11511,3818,1,sled_with_body,subject_vehicle,X_Exclude,1,0,0,1,1,1,1,0,0,0,0,0,1,1,0,0,0,0,1,audit_only_family
3220,11521,3838,1,sled_without_body,subject_vehicle,X_Exclude,1,0,0,1,1,0,1,0,0,0,0,0,1,1,0,0,0,0,1,audit_only_family
3221,11522,3839,1,sled_without_body,subject_vehicle,X_Exclude,1,0,0,1,1,0,1,0,0,0,0,0,1,1,0,0,0,0,1,audit_only_family
3222,11523,3840,1,sled_without_body,subject_vehicle,X_Exclude,1,0,0,1,1,0,1,0,0,0,0,0,1,1,0,0,0,0,1,audit_only_family
3223,11524,3841,1,sled_without_body,subject_vehicle,X_Exclude,1,0,0,1,1,0,1,0,0,0,0,0,1,1,0,0,0,0,1,audit_only_family
3224,11525,3842,1,sled_without_body,subject_vehicle,X_Exclude,1,0,0,1,1,0,1,0,0,0,0,0,1,1,0,0,0,0,1,audit_only_family
3225,11526,3843,1,sled_without_body,subject_vehicle,X_Exclude,1,0,0,1,1,0,1,0,0,0,0,0,1,1,0,0,0,0,1,audit_only_family
3227,11527,3845,1,sled_without_body,subject_vehicle,X_Exclude,1,0,0,1,1,0,1,0,0,0,0,0,1,1,0,0,0,0,1,audit_only_family
3228,11528,3846,1,sled_without_body,subject_vehicle,X_Exclude,1,0,0,1,1,0,1,0,0,0,0,0,1,1,0,0,0,0,1,audit_only_family
3232,11529,3851,1,sled_without_body,subject_vehicle,X_Exclude,1,0,0,1,1,0,1,0,0,0,0,0,1,1,0,0,0,0,1,audit_only_family
3233,11530,3852,1,sled_without_body,subject_vehicle,X_Exclude,1,0,0,1,1,0,1,0,0,0,0,0,1,1,0,0,0,0,1,audit_only_family
3234,11531,3853,1,sled_without_body,subject_vehicle,X_Exclude,1,0,0,1,1,0,1,0,0,0,0,0,1,1,0,0,0,0,1,audit_only_family
3235,11532,3854,1,sled_without_body,subject_vehicle,X_Exclude,1,0,0,1,1,0,1,0,0,0,0,0,1,1,0,0,0,0,1,audit_only_family
3236,11533,3855,1,sled_without_body,subject_vehicle,X_Exclude,1,0,0,1,1,0,1,0,0,0,0,0,1,1,0,0,0,0,1,audit_only_family
3237,11534,3856,1,sled_without_body,subject_vehicle,X_Exclude,1,0,0,1,1,0,1,0,0,0,0,0,1,1,0,0,0,0,1,audit_only_family
3238,11535,3857,1,sled_without_body,subject_vehicle,X_Exclude,1,0,0,1,1,0,1,0,0,0,0,0,1,1,0,0,0,0,1,audit_only_family
3239,11536,3858,1,sled_without_body,subject_vehicle,X_Exclude,1,0,0,1,1,0,1,0,0,0,0,0,1,1,0,0,0,0,1,audit_only_family
3240,11537,3859,1,sled_without_body,subject_vehicle,X_Exclude,1,0,0,1,1,0,1,0,0,0,0,0,1,1,0,0,0,0,1,audit_only_family
3241,11538,3860,1,sled_without_body,subject_vehicle,X_Exclude,1,0,0,1,1,0,1,0,0,0,0,0,1,1,0,0,0,0,1,audit_only_family
3243,11539,3862,1,sled_without_body,subject_vehicle,X_Exclude,1,0,0,1,1,0,1,0,0,0,0,0,1,1,0,0,0,0,1,audit_only_family
3244,11540,3863,1,sled_without_body,subject_vehicle,X_Exclude,1,0,0,1,1,0,1,0,0,0,0,0,1,1,0,0,0,0,1,audit_only_family
3246,11541,3866,1,sled_without_body,subject_vehicle,X_Exclude,1,0,0,1,1,0,1,0,0,0,0,0,1,1,0,0,0,0,1,audit_only_family
3247,11542,3867,1,sled_without_body,subject_vehicle,X_Exclude,1,0,0,1,1,0,1,0,0,0,0,0,1,1,0,0,0,0,1,audit_only_family
3248,11543,3868,1,sled_without_body,subject_vehicle,X_Exclude,1,0,0,1,1,0,1,0,0,0,0,0,1,1,0,0,0,0,1,audit_only_family
3249,11544,3869,1,sled_without_body,subject_vehicle,X_Exclude,1,0,0,1,1,0,1,0,0,0,0,0,1,1,0,0,0,0,1,audit_only_family
3252,11545,3873,1,sled_without_body,subject_vehicle,X_Exclude,1,0,0,1,1,0,1,0,0,0,0,0,1,1,0,0,0,0,1,audit_only_family
3253,11546,3874,1,sled_without_body,subject_vehicle,X_Exclude,1,0,0,1,1,0,1,0,0,0,0,0,1,1,0,0,0,0,1,audit_only_family
3256,11547,3878,1,sled_without_body,subject_vehicle,X_Exclude,1,0,0,1,1,0,1,0,0,0,0,0,1,1,0,0,0,0,1,audit_only_family
3257,11548,3879,1,sled_without_body,subject_vehicle,X_Exclude,1,0,0,1,1,0,1,0,0,0,0,0,1,1,0,0,0,0,1,audit_only_family
3258,11549,3880,1,sled_without_body,subject_vehicle,X_Exclude,1,0,0,1,1,0,1,0,0,0,0,0,1,1,0,0,0,0,1,audit_only_family
3259,11550,3881,1,sled_without_body,subject_vehicle,X_Exclude,1,0,0,1,1,0,1,0,0,0,0,0,1,1,0,0,0,0,1,audit_only_family
3293,11570,3926,1,side_impactor,impactor_vehicle,X_Exclude,0,1,0,1,1,0,1,0,0,0,1,0,1,1,0,0,0,0,0,not_subject_vehicle
3297,11573,3932,1,side_impactor,impactor_vehicle,X_Exclude,0,1,0,1,1,1,1,0,0,0,1,0,1,1,0,0,0,0,0,not_subject_vehicle
3304,11576,3941,1,side_impactor,impactor_vehicle,X_Exclude,0,1,0,1,1,1,1,0,0,0,1,0,1,1,0,0,0,0,0,not_subject_vehicle
3310,11581,3948,1,side_impactor,impactor_vehicle,X_Exclude,0,1,0,1,1,1,1,0,0,0,1,0,1,1,0,0,0,0,0,not_subject_vehicle
3316,11585,3955,1,side_impactor,impactor_vehicle,X_Exclude,0,1,0,1,1,1,1,0,0,0,1,0,1,1,0,0,0,0,0,not_subject_vehicle
3319,11587,3960,1,side_impactor,impactor_vehicle,X_Exclude,1,1,0,1,1,0,1,0,0,0,1,0,1,1,0,0,0,0,0,not_subject_vehicle
3322,11590,3964,1,side_impactor,impactor_vehicle,X_Exclude,0,1,0,1,1,1,1,0,0,0,1,0,1,1,0,0,0,0,0,not_subject_vehicle
3328,11596,3971,1,side_impactor,impactor_vehicle,X_Exclude,0,1,0,1,1,1,1,0,0,0,1,0,1,1,0,0,0,0,0,not_subject_vehicle
3332,11599,3976,1,side_impactor,impactor_vehicle,X_Exclude,0,1,0,1,1,1,1,0,0,0,1,0,1,1,0,0,0,0,0,not_subject_vehicle
3158,11600,3759,1,research_other,subject_vehicle,A_ProfileValid,0,0,0,0,1,0,0,0,0,0,0,0,1,1,0,0,0,0,1,audit_only_family
3171,11601,3776,1,research_other,subject_vehicle,A_ProfileValid,0,0,0,0,1,0,0,0,0,0,0,0,1,1,0,0,0,0,1,audit_only_family
3189,11602,3801,1,research_other,subject_vehicle,X_Exclude,1,0,0,1,1,0,1,0,0,0,0,0,1,1,0,0,0,0,1,audit_only_family
3206,11603,3820,1,research_other,subject_vehicle,A_ProfileValid,0,0,0,0,1,0,0,0,0,0,0,0,1,1,0,0,0,0,1,audit_only_family
3229,11604,3847,1,research_other,subject_vehicle,A_ProfileValid,0,0,0,0,1,0,0,0,0,0,0,0,1,1,0,0,0,0,1,audit_only_family
3250,11605,3870,1,research_other,impactor_vehicle,X_Exclude,0,1,0,0,1,0,0,1,0,0,0,0,1,1,0,0,0,0,1,audit_only_family
3250,11605,3871,2,research_other,subject_vehicle,B_ProfilePartial,0,0,0,0,1,0,0,1,0,0,0,0,1,1,0,0,0,0,1,audit_only_family
3264,11606,3886,1,research_other,impactor_vehicle,X_Exclude,0,1,0,0,1,0,0,1,0,0,0,0,1,1,0,0,0,0,1,audit_only_family
3264,11606,3887,2,research_other,subject_vehicle,B_ProfilePartial,0,0,0,0,1,0,0,1,0,0,0,0,1,1,0,0,0,0,1,audit_only_family
3270,11607,3896,1,research_other,impactor_vehicle,X_Exclude,0,1,0,0,1,0,0,1,0,0,0,0,1,1,0,0,0,0,1,audit_only_family
3270,11607,3897,2,research_other,subject_vehicle,A_ProfileValid,0,0,0,0,1,0,0,0,0,0,0,0,1,1,0,0,0,0,1,audit_only_family
3288,11608,3919,1,research_other,impactor_vehicle,X_Exclude,0,1,0,0,1,0,0,1,0,0,0,0,1,1,0,0,0,0,1,audit_only_family
3288,11608,3920,2,research_other,subject_vehicle,B_ProfilePartial,0,0,0,0,1,0,0,1,0,0,0,0,1,1,0,0,0,0,1,audit_only_family
3296,11609,3930,1,research_other,impactor_vehicle,X_Exclude,0,1,0,0,1,0,0,1,0,0,0,0,1,1,0,0,0,0,1,audit_only_family
3296,11609,3931,2,research_other,subject_vehicle,A_ProfileValid,0,0,0,0,1,0,0,0,0,0,0,0,1,1,0,0,0,0,1,audit_only_family
3298,11610,3934,1,research_other,impactor_vehicle,X_Exclude,0,1,0,0,1,0,0,1,0,0,0,0,1,1,0,0,0,0,1,audit_only_family
3298,11610,3935,2,research_other,subject_vehicle,B_ProfilePartial,0,0,0,0,1,0,0,1,0,0,0,0,1,1,0,0,0,0,1,audit_only_family
3307,11611,3945,1,research_other,subject_vehicle,B_ProfilePartial,0,0,0,0,1,0,0,1,0,0,0,0,1,1,0,0,0,0,1,audit_only_family
3308,11612,3946,1,research_other,subject_vehicle,B_ProfilePartial,0,0,0,0,1,0,0,1,0,0,0,0,1,1,0,0,0,0,1,audit_only_family
3311,11613,3950,1,research_other,subject_vehicle,B_ProfilePartial,0,0,0,0,1,0,0,1,0,1,0,0,1,1,0,0,0,0,1,audit_only_family
3313,11614,3952,1,research_other,subject_vehicle,A_ProfileValid,0,0,0,0,1,0,0,0,0,0,0,0,1,1,0,0,0,0,1,audit_only_family
3317,11615,3957,1,research_other,impactor_vehicle,X_Exclude,0,1,0,0,1,0,0,1,0,0,0,0,1,1,0,0,0,0,1,audit_only_family
3317,11615,3958,2,research_other,subject_vehicle,A_ProfileValid,0,0,0,0,1,0,0,0,0,0,0,0,1,1,0,0,0,0,1,audit_only_family
3337,11617,3982,1,side_impactor,impactor_vehicle,X_Exclude,0,1,0,1,1,0,1,0,0,0,1,0,1,1,0,0,0,0,0,not_subject_vehicle
3339,11622,3985,1,side_impactor,impactor_vehicle,X_Exclude,1,1,0,1,1,0,1,0,0,0,1,0,1,1,0,0,0,0,0,not_subject_vehicle
3338,11628,3984,1,research_other,subject_vehicle,A_ProfileValid,0,0,0,0,0,0,0,0,0,0,0,0,0,0,0,1,1,1,1,audit_only_family
3334,11629,3979,1,research_other,subject_vehicle,A_ProfileValid,0,0,0,0,0,0,0,0,0,0,0,0,0,0,0,1,1,1,1,audit_only_family
3326,11630,3969,1,research_other,subject_vehicle,A_ProfileValid,0,0,0,0,0,0,0,0,0,0,0,0,0,0,0,1,1,1,1,audit_only_family
3342,11635,3989,1,research_other,subject_vehicle,A_ProfileValid,0,0,0,0,0,0,0,0,0,0,0,0,0,0,0,1,1,1,1,audit_only_family
3340,11636,3987,1,research_other,subject_vehicle,A_ProfileValid,0,0,0,0,0,0,0,0,0,0,0,0,0,0,0,1,1,1,1,audit_only_family
3330,11637,3974,1,research_other,subject_vehicle,A_ProfileValid,0,0,0,0,0,0,0,0,0,0,0,0,0,0,0,1,1,1,1,audit_only_family
3346,11638,3993,1,research_other,subject_vehicle,A_ProfileValid,0,0,0,0,0,0,0,0,0,0,0,0,0,0,0,1,1,1,1,audit_only_family
3344,11639,3991,1,research_other,subject_vehicle,A_ProfileValid,0,0,0,0,0,0,0,0,0,0,0,0,0,0,0,1,1,1,1,audit_only_family
2369,11640,2835,1,sled_with_body,subject_vehicle,X_Exclude,1,0,0,1,1,1,1,0,0,0,0,0,1,1,0,0,0,0,1,audit_only_family
2375,11641,2841,1,sled_with_body,subject_vehicle,X_Exclude,1,0,0,1,1,1,1,0,0,0,0,0,1,1,0,0,0,0,1,audit_only_family
2385,11642,2851,1,sled_with_body,subject_vehicle,X_Exclude,1,0,0,1,1,1,1,0,0,0,0,0,1,1,0,0,0,0,1,audit_only_family
2387,11643,2853,1,sled_with_body,subject_vehicle,X_Exclude,1,0,0,1,1,1,1,0,0,0,0,0,1,1,0,0,0,0,1,audit_only_family
2390,11644,2856,1,sled_with_body,subject_vehicle,X_Exclude,1,0,0,1,1,1,1,0,0,0,0,0,1,1,0,0,0,0,1,audit_only_family
2393,11645,2859,1,sled_with_body,subject_vehicle,X_Exclude,1,0,0,1,1,1,1,0,0,0,0,0,1,1,0,0,0,0,1,audit_only_family
2394,11646,2860,1,sled_with_body,subject_vehicle,X_Exclude,1,0,0,1,1,1,1,0,0,0,0,0,1,1,0,0,0,0,1,audit_only_family
2395,11647,2861,1,sled_with_body,subject_vehicle,X_Exclude,1,0,0,1,1,1,1,0,0,0,0,0,1,1,0,0,0,0,1,audit_only_family
2396,11648,2862,1,sled_with_body,subject_vehicle,X_Exclude,1,0,0,1,1,1,1,0,0,0,0,0,1,1,0,0,0,0,1,audit_only_family
2689,11649,3194,1,sled_with_body,subject_vehicle,X_Exclude,1,0,0,1,1,1,1,0,0,0,0,0,1,1,0,0,0,0,1,audit_only_family
2690,11650,3195,1,sled_with_body,subject_vehicle,X_Exclude,1,0,0,1,1,1,1,0,0,0,0,0,1,1,0,0,0,0,1,audit_only_family
2691,11651,3196,1,sled_with_body,subject_vehicle,X_Exclude,1,0,0,1,1,1,1,0,0,0,0,0,1,1,0,0,0,0,1,audit_only_family
2693,11652,3198,1,sled_with_body,subject_vehicle,X_Exclude,1,0,0,1,1,1,1,0,0,0,0,0,1,1,0,0,0,0,1,audit_only_family
2694,11653,3199,1,sled_with_body,subject_vehicle,X_Exclude,1,0,0,1,1,1,1,0,0,0,0,0,1,1,0,0,0,0,1,audit_only_family
2695,11654,3200,1,sled_with_body,subject_vehicle,X_Exclude,1,0,0,1,1,1,1,0,0,0,0,0,1,1,0,0,0,0,1,audit_only_family
3343,11656,3990,1,research_other,subject_vehicle,A_ProfileValid,0,0,0,0,1,0,0,0,0,0,0,0,1,1,0,0,0,0,1,audit_only_family
3348,11661,3995,1,side_impactor,impactor_vehicle,X_Exclude,0,1,0,1,1,1,1,0,0,0,1,0,1,1,0,0,0,0,0,not_subject_vehicle
3345,11665,3992,1,research_other,subject_vehicle,A_ProfileValid,0,0,0,0,0,0,0,0,0,0,0,0,0,0,0,1,1,1,1,audit_only_family
3375,11666,4023,1,side_impactor,impactor_vehicle,X_Exclude,0,1,0,1,1,1,1,0,0,0,1,0,1,1,0,0,0,0,0,not_subject_vehicle
2036,11800,2444,1,sled_without_body,subject_vehicle,X_Exclude,1,0,1,1,1,0,0,0,0,0,0,0,0,1,0,0,0,0,1,audit_only_family
2037,11801,2445,1,sled_without_body,subject_vehicle,X_Exclude,1,0,1,1,1,0,0,0,0,0,0,0,0,1,0,0,0,0,1,audit_only_family
2038,11802,2446,1,sled_without_body,subject_vehicle,X_Exclude,1,0,1,1,1,0,0,0,0,0,0,0,0,1,0,0,0,0,1,audit_only_family
2039,11803,2447,1,sled_without_body,subject_vehicle,X_Exclude,1,0,1,1,1,0,0,0,0,0,0,0,0,1,0,0,0,0,1,audit_only_family
2040,11804,2448,1,sled_without_body,subject_vehicle,X_Exclude,1,0,1,1,1,0,0,0,0,0,0,0,0,1,0,0,0,0,1,audit_only_family
2041,11805,2449,1,sled_without_body,subject_vehicle,X_Exclude,1,0,1,1,1,0,0,0,0,0,0,0,0,1,0,0,0,0,1,audit_only_family
2042,11806,2450,1,sled_without_body,subject_vehicle,X_Exclude,1,0,1,1,1,0,0,0,0,0,0,0,0,1,0,0,0,0,1,audit_only_family
2043,11807,2451,1,sled_without_body,subject_vehicle,X_Exclude,1,0,1,1,1,0,0,0,0,0,0,0,0,1,0,0,0,0,1,audit_only_family
2044,11808,2452,1,sled_without_body,subject_vehicle,X_Exclude,1,0,1,1,1,0,0,0,0,0,0,0,0,1,0,0,0,0,1,audit_only_family
2045,11809,2453,1,sled_without_body,subject_vehicle,X_Exclude,1,0,1,1,1,0,0,0,0,0,0,0,0,1,0,0,0,0,1,audit_only_family
2046,11810,2454,1,sled_without_body,subject_vehicle,X_Exclude,1,0,1,1,1,0,0,0,0,0,0,0,0,1,0,0,0,0,1,audit_only_family
2047,11811,2455,1,sled_without_body,subject_vehicle,X_Exclude,1,0,1,1,1,0,0,0,0,0,0,0,0,1,0,0,0,0,1,audit_only_family
2048,11812,2456,1,sled_without_body,subject_vehicle,X_Exclude,1,0,1,1,1,0,0,0,0,0,0,0,0,1,0,0,0,0,1,audit_only_family
2049,11813,2457,1,sled_without_body,subject_vehicle,X_Exclude,1,0,1,1,1,0,0,0,0,0,0,0,0,1,0,0,0,0,1,audit_only_family
2050,11814,2458,1,sled_without_body,subject_vehicle,X_Exclude,1,0,1,1,1,0,0,0,0,0,0,0,0,1,0,0,0,0,1,audit_only_family
2051,11815,2459,1,sled_without_body,subject_vehicle,X_Exclude,1,0,1,1,1,0,0,0,0,0,0,0,0,1,0,0,0,0,1,audit_only_family
2295,11816,2753,1,sled_without_body,subject_vehicle,X_Exclude,1,0,1,1,1,0,0,0,0,0,0,0,0,1,0,0,0,0,1,audit_only_family
2052,11817,2460,1,sled_without_body,subject_vehicle,X_Exclude,1,0,1,1,1,0,0,0,0,0,0,0,0,1,0,0,0,0,1,audit_only_family
2053,11818,2461,1,sled_without_body,subject_vehicle,X_Exclude,1,0,1,1,1,0,0,0,0,0,0,0,0,1,0,0,0,0,1,audit_only_family
2518,11820,2996,1,side_impactor,impactor_vehicle,X_Exclude,1,1,1,1,1,0,0,1,0,0,1,0,0,1,0,0,0,0,0,not_subject_vehicle
2520,11824,2999,1,side_impactor,impactor_vehicle,X_Exclude,0,1,0,1,1,0,0,1,0,1,1,0,0,1,0,0,0,0,0,not_subject_vehicle
2699,11834,3204,1,static_airbag,subject_vehicle,X_Exclude,1,0,0,1,1,1,1,0,0,0,0,0,1,1,0,0,0,0,1,audit_only_family
2701,11835,3206,1,static_airbag,subject_vehicle,X_Exclude,1,0,0,1,1,1,1,0,0,0,0,0,1,1,0,0,0,0,1,audit_only_family
2692,11836,3197,1,static_airbag,subject_vehicle,X_Exclude,1,0,0,1,1,1,1,0,0,0,0,0,1,1,0,0,0,0,1,audit_only_family
2702,11837,3207,1,static_airbag,subject_vehicle,X_Exclude,1,0,0,1,1,1,1,0,0,0,0,0,1,1,0,0,0,0,1,audit_only_family
2703,11839,3208,1,static_airbag,subject_vehicle,X_Exclude,1,0,0,1,1,1,1,0,0,0,0,0,1,1,0,0,0,0,1,audit_only_family
2704,11840,3209,1,static_airbag,subject_vehicle,X_Exclude,1,0,0,1,1,1,1,0,0,0,0,0,1,1,0,0,0,0,1,audit_only_family
2594,11846,3087,1,sled_without_body,subject_vehicle,X_Exclude,1,0,0,1,1,1,1,0,0,0,0,0,1,1,0,0,0,0,1,audit_only_family
2595,11847,3088,1,sled_without_body,subject_vehicle,X_Exclude,1,0,0,1,1,1,1,0,0,0,0,0,1,1,0,0,0,0,1,audit_only_family
1833,13500,2205,1,pedestrian,subject_vehicle,X_Exclude,1,0,0,1,1,0,1,0,0,0,0,0,1,1,0,0,0,0,1,audit_only_family
1843,13501,2217,1,pedestrian,subject_vehicle,X_Exclude,1,0,0,1,1,0,1,0,0,0,0,0,1,1,0,0,0,0,1,audit_only_family
1846,13502,2221,1,pedestrian,subject_vehicle,X_Exclude,1,0,0,1,1,0,1,0,0,0,0,0,1,1,0,0,0,0,1,audit_only_family
1855,13503,2230,1,pedestrian,subject_vehicle,X_Exclude,1,0,0,1,1,0,1,0,0,0,0,0,1,1,0,0,0,0,1,audit_only_family
1858,13504,2233,1,pedestrian,subject_vehicle,X_Exclude,1,0,0,1,1,0,1,0,0,0,0,0,1,1,0,0,0,0,1,audit_only_family
1862,13505,2237,1,pedestrian,subject_vehicle,X_Exclude,1,0,0,1,1,0,1,0,0,0,0,0,1,1,0,0,0,0,1,audit_only_family
1867,13506,2242,1,pedestrian,subject_vehicle,X_Exclude,1,0,0,1,1,0,1,0,0,0,0,0,1,1,0,0,0,0,1,audit_only_family
1868,13507,2243,1,pedestrian,subject_vehicle,X_Exclude,1,0,0,1,1,0,1,0,0,0,0,0,1,1,0,0,0,0,1,audit_only_family
1871,13508,2247,1,pedestrian,subject_vehicle,X_Exclude,1,0,0,1,1,0,1,0,0,0,0,0,1,1,0,0,0,0,1,audit_only_family
1875,13509,2251,1,pedestrian,subject_vehicle,X_Exclude,1,0,0,1,1,0,1,0,0,0,0,0,1,1,0,0,0,0,1,audit_only_family
1876,13510,2252,1,pedestrian,subject_vehicle,X_Exclude,1,0,0,1,1,0,1,0,0,0,0,0,1,1,0,0,0,0,1,audit_only_family
1877,13511,2253,1,pedestrian,subject_vehicle,X_Exclude,1,0,0,1,1,0,1,0,0,0,0,0,1,1,0,0,0,0,1,audit_only_family
1901,13512,2279,1,pedestrian,subject_vehicle,X_Exclude,1,0,0,1,1,0,1,0,0,0,0,0,1,1,0,0,0,0,1,audit_only_family
1916,13513,2295,1,pedestrian,subject_vehicle,X_Exclude,1,0,0,1,1,0,1,0,0,0,0,0,1,1,0,0,0,0,1,audit_only_family
1948,13514,2332,1,pedestrian,subject_vehicle,X_Exclude,1,0,0,1,1,0,1,0,0,0,0,0,1,1,0,0,0,0,1,audit_only_family
1949,13515,2333,1,pedestrian,subject_vehicle,X_Exclude,1,0,0,1,1,0,1,0,0,0,0,0,1,1,0,0,0,0,1,audit_only_family
1952,13516,2337,1,pedestrian,subject_vehicle,X_Exclude,1,0,0,1,1,0,1,0,0,0,0,0,1,1,0,0,0,0,1,audit_only_family
1953,13517,2338,1,pedestrian,subject_vehicle,X_Exclude,1,0,0,1,1,0,1,0,0,0,0,0,1,1,0,0,0,0,1,audit_only_family
1960,13518,2347,1,pedestrian,subject_vehicle,X_Exclude,1,0,0,1,1,0,1,0,0,0,0,0,1,1,0,0,0,0,1,audit_only_family
1962,13519,2350,1,pedestrian,subject_vehicle,X_Exclude,1,0,0,1,1,0,1,0,0,0,0,0,1,1,0,0,0,0,1,audit_only_family
2161,13520,2595,1,pedestrian,subject_vehicle,X_Exclude,1,0,0,1,1,0,1,0,0,0,0,0,1,1,0,0,0,0,1,audit_only_family
2168,13521,2603,1,pedestrian,subject_vehicle,X_Exclude,1,0,0,1,1,0,1,0,0,0,0,0,1,1,0,0,0,0,1,audit_only_family
2209,13522,2652,1,pedestrian,subject_vehicle,X_Exclude,1,0,0,1,1,0,1,0,0,0,0,0,1,1,0,0,0,0,1,audit_only_family
2210,13523,2653,1,pedestrian,subject_vehicle,X_Exclude,1,0,0,1,1,0,1,0,0,0,0,0,1,1,0,0,0,0,1,audit_only_family
2354,13524,2818,1,pedestrian,subject_vehicle,X_Exclude,1,0,0,1,1,0,1,0,0,0,0,0,1,1,0,0,0,0,1,audit_only_family
2357,13525,2821,1,pedestrian,subject_vehicle,X_Exclude,1,0,0,1,1,0,1,0,0,0,0,0,1,1,0,0,0,0,1,audit_only_family
2361,13526,2825,1,pedestrian,subject_vehicle,X_Exclude,1,0,0,1,1,0,1,0,0,0,0,0,1,1,0,0,0,0,1,audit_only_family
2391,13527,2857,1,pedestrian,subject_vehicle,X_Exclude,1,0,0,1,1,0,1,0,0,0,0,0,1,1,0,0,0,0,1,audit_only_family
2437,13528,2907,1,pedestrian,subject_vehicle,X_Exclude,1,0,0,1,1,0,1,0,0,0,0,0,1,1,0,0,0,0,1,audit_only_family
2481,13529,2955,1,pedestrian,subject_vehicle,X_Exclude,1,0,0,1,1,0,1,0,0,0,0,0,1,1,0,0,0,0,1,audit_only_family
2489,13530,2963,1,pedestrian,subject_vehicle,X_Exclude,1,0,0,1,1,0,1,0,0,0,0,0,1,1,0,0,0,0,1,audit_only_family
1822,13531,2193,1,pedestrian,subject_vehicle,X_Exclude,1,0,0,1,1,0,1,0,0,0,0,0,1,1,0,0,0,0,1,audit_only_family
1828,13532,2199,1,pedestrian,subject_vehicle,X_Exclude,1,0,0,1,1,0,1,0,0,0,0,0,1,1,0,0,0,0,1,audit_only_family
1834,13533,2206,1,pedestrian,subject_vehicle,X_Exclude,1,0,0,1,1,0,1,0,0,0,0,0,1,1,0,0,0,0,1,audit_only_family
1847,13534,2222,1,pedestrian,subject_vehicle,X_Exclude,1,0,0,1,1,0,1,0,0,0,0,0,1,1,0,0,0,0,1,audit_only_family
1851,13535,2226,1,pedestrian,subject_vehicle,X_Exclude,1,0,0,1,1,0,1,0,0,0,0,0,1,1,0,0,0,0,1,audit_only_family
1852,13536,2227,1,pedestrian,subject_vehicle,X_Exclude,1,0,0,1,1,0,1,0,0,0,0,0,1,1,0,0,0,0,1,audit_only_family
1872,13537,2248,1,pedestrian,subject_vehicle,X_Exclude,1,0,0,1,1,0,1,0,0,0,0,0,1,1,0,0,0,0,1,audit_only_family
1873,13538,2249,1,pedestrian,subject_vehicle,X_Exclude,1,0,0,1,1,0,1,0,0,0,0,0,1,1,0,0,0,0,1,audit_only_family
1882,13539,2258,1,pedestrian,subject_vehicle,X_Exclude,1,0,0,1,1,0,1,0,0,0,0,0,1,1,0,0,0,0,1,audit_only_family
1886,13540,2262,1,pedestrian,subject_vehicle,X_Exclude,1,0,0,1,1,0,1,0,0,0,0,0,1,1,0,0,0,0,1,audit_only_family
1893,13541,2269,1,pedestrian,subject_vehicle,X_Exclude,1,0,0,1,1,0,1,0,0,0,0,0,1,1,0,0,0,0,1,audit_only_family
1896,13542,2273,1,pedestrian,subject_vehicle,X_Exclude,1,0,0,1,1,0,1,0,0,0,0,0,1,1,0,0,0,0,1,audit_only_family
1897,13543,2274,1,pedestrian,subject_vehicle,X_Exclude,1,0,0,1,1,0,1,0,0,0,0,0,1,1,0,0,0,0,1,audit_only_family
1902,13544,2280,1,pedestrian,subject_vehicle,X_Exclude,1,0,0,1,1,0,1,0,0,0,0,0,1,1,0,0,0,0,1,audit_only_family
1905,13545,2283,1,pedestrian,subject_vehicle,X_Exclude,1,0,0,1,1,0,1,0,0,0,0,0,1,1,0,0,0,0,1,audit_only_family
1906,13546,2284,1,pedestrian,subject_vehicle,X_Exclude,1,0,0,1,1,0,1,0,0,0,0,0,1,1,0,0,0,0,1,audit_only_family
1908,13547,2287,1,pedestrian,subject_vehicle,X_Exclude,1,0,0,1,1,0,1,0,0,0,0,0,1,1,0,0,0,0,1,audit_only_family
1909,13548,2288,1,pedestrian,subject_vehicle,X_Exclude,1,0,0,1,1,0,1,0,0,0,0,0,1,1,0,0,0,0,1,audit_only_family
1912,13549,2291,1,pedestrian,subject_vehicle,X_Exclude,1,0,0,1,1,0,1,0,0,0,0,0,1,1,0,0,0,0,1,audit_only_family
1913,13550,2292,1,pedestrian,subject_vehicle,X_Exclude,1,0,0,1,1,0,1,0,0,0,0,0,1,1,0,0,0,0,1,audit_only_family
1924,13551,2304,1,pedestrian,subject_vehicle,X_Exclude,1,0,0,1,1,0,1,0,0,0,0,0,1,1,0,0,0,0,1,audit_only_family
1930,13552,2310,1,pedestrian,subject_vehicle,X_Exclude,1,0,0,1,1,0,1,0,0,0,0,0,1,1,0,0,0,0,1,audit_only_family
1931,13553,2311,1,pedestrian,subject_vehicle,X_Exclude,1,0,0,1,1,0,1,0,0,0,0,0,1,1,0,0,0,0,1,audit_only_family
1932,13554,2312,1,pedestrian,subject_vehicle,X_Exclude,1,0,0,1,1,0,1,0,0,0,0,0,1,1,0,0,0,0,1,audit_only_family
1937,13555,2318,1,pedestrian,subject_vehicle,X_Exclude,1,0,0,1,1,0,1,0,0,0,0,0,1,1,0,0,0,0,1,audit_only_family
1938,13556,2319,1,pedestrian,subject_vehicle,X_Exclude,1,0,0,1,1,0,1,0,0,0,0,0,1,1,0,0,0,0,1,audit_only_family
1942,13557,2325,1,pedestrian,subject_vehicle,X_Exclude,1,0,0,1,1,0,1,0,0,0,0,0,1,1,0,0,0,0,1,audit_only_family
1943,13558,2326,1,pedestrian,subject_vehicle,X_Exclude,1,0,0,1,1,0,1,0,0,0,0,0,1,1,0,0,0,0,1,audit_only_family
1944,13559,2327,1,pedestrian,subject_vehicle,X_Exclude,1,0,0,1,1,0,1,0,0,0,0,0,1,1,0,0,0,0,1,audit_only_family
1945,13560,2328,1,pedestrian,subject_vehicle,X_Exclude,1,0,0,1,1,0,1,0,0,0,0,0,1,1,0,0,0,0,1,audit_only_family
1950,13561,2334,1,pedestrian,subject_vehicle,X_Exclude,1,0,0,1,1,0,1,0,0,0,0,0,1,1,0,0,0,0,1,audit_only_family
1955,13562,2341,1,pedestrian,subject_vehicle,X_Exclude,1,0,0,1,1,0,1,0,0,0,0,0,1,1,0,0,0,0,1,audit_only_family
1956,13563,2342,1,pedestrian,subject_vehicle,X_Exclude,1,0,0,1,1,0,1,0,0,0,0,0,1,1,0,0,0,0,1,audit_only_family
1957,13564,2343,1,pedestrian,subject_vehicle,X_Exclude,1,0,0,1,1,0,1,0,0,0,0,0,1,1,0,0,0,0,1,audit_only_family
1963,13565,2351,1,pedestrian,subject_vehicle,X_Exclude,1,0,0,1,1,0,1,0,0,0,0,0,1,1,0,0,0,0,1,audit_only_family
1967,13568,2357,1,pedestrian,subject_vehicle,X_Exclude,1,0,0,1,1,0,1,0,0,0,0,0,1,1,0,0,0,0,1,audit_only_family
1968,13569,2358,1,pedestrian,subject_vehicle,X_Exclude,1,0,0,1,1,0,1,0,0,0,0,0,1,1,0,0,0,0,1,audit_only_family
1970,13570,2361,1,pedestrian,subject_vehicle,X_Exclude,1,0,0,1,1,0,1,0,0,0,0,0,1,1,0,0,0,0,1,audit_only_family
1971,13571,2362,1,pedestrian,subject_vehicle,X_Exclude,1,0,0,1,1,0,1,0,0,0,0,0,1,1,0,0,0,0,1,audit_only_family
1973,13572,2365,1,pedestrian,subject_vehicle,X_Exclude,1,0,0,1,1,0,1,0,0,0,0,0,1,1,0,0,0,0,1,audit_only_family
2173,13573,2610,1,pedestrian,subject_vehicle,X_Exclude,1,0,0,1,1,0,1,0,0,0,0,0,1,1,0,0,0,0,1,audit_only_family
2198,13574,2641,1,pedestrian,subject_vehicle,X_Exclude,1,0,0,1,1,0,1,0,0,0,0,0,1,1,0,0,0,0,1,audit_only_family
2199,13575,2642,1,pedestrian,subject_vehicle,X_Exclude,1,0,0,1,1,0,1,0,0,0,0,0,1,1,0,0,0,0,1,audit_only_family
2200,13576,2643,1,pedestrian,subject_vehicle,X_Exclude,1,0,0,1,1,0,1,0,0,0,0,0,1,1,0,0,0,0,1,audit_only_family
2205,13577,2648,1,pedestrian,subject_vehicle,X_Exclude,1,0,0,1,1,0,1,0,0,0,0,0,1,1,0,0,0,0,1,audit_only_family
2185,13578,2627,1,pedestrian,subject_vehicle,X_Exclude,1,0,0,1,1,0,1,0,0,0,0,0,1,1,0,0,0,0,1,audit_only_family
2186,13579,2628,1,pedestrian,subject_vehicle,X_Exclude,1,0,0,1,1,0,1,0,0,0,0,0,1,1,0,0,0,0,1,audit_only_family
2217,13580,2661,1,pedestrian,subject_vehicle,X_Exclude,1,0,0,1,1,0,1,0,0,0,0,0,1,1,0,0,0,0,1,audit_only_family
2218,13581,2662,1,pedestrian,subject_vehicle,X_Exclude,1,0,0,1,1,0,1,0,0,0,0,0,1,1,0,0,0,0,1,audit_only_family
2229,13582,2673,1,pedestrian,subject_vehicle,X_Exclude,1,0,0,1,1,0,1,0,0,0,0,0,1,1,0,0,0,0,1,audit_only_family
2230,13583,2674,1,pedestrian,subject_vehicle,X_Exclude,1,0,0,1,1,0,1,0,0,0,0,0,1,1,0,0,0,0,1,audit_only_family
2332,13584,2795,1,pedestrian,subject_vehicle,X_Exclude,1,0,0,1,1,0,1,0,0,0,0,0,1,1,0,0,0,0,1,audit_only_family
2336,13585,2799,1,pedestrian,subject_vehicle,X_Exclude,1,0,0,1,1,0,1,0,0,0,0,0,1,1,0,0,0,0,1,audit_only_family
2325,13586,2787,1,pedestrian,subject_vehicle,X_Exclude,1,0,0,1,1,0,1,0,0,0,0,0,1,1,0,0,0,0,1,audit_only_family
2326,13587,2788,1,pedestrian,subject_vehicle,X_Exclude,1,0,0,1,1,0,1,0,0,0,0,0,1,1,0,0,0,0,1,audit_only_family
2348,13588,2812,1,pedestrian,subject_vehicle,X_Exclude,1,0,0,1,1,0,1,0,0,0,0,0,1,1,0,0,0,0,1,audit_only_family
2349,13589,2813,1,pedestrian,subject_vehicle,X_Exclude,1,0,0,1,1,0,1,0,0,0,0,0,1,1,0,0,0,0,1,audit_only_family
2350,13590,2814,1,pedestrian,subject_vehicle,X_Exclude,1,0,0,1,1,0,1,0,0,0,0,0,1,1,0,0,0,0,1,audit_only_family
2352,13591,2816,1,pedestrian,subject_vehicle,X_Exclude,1,0,0,1,1,0,1,0,0,0,0,0,1,1,0,0,0,0,1,audit_only_family
2353,13592,2817,1,pedestrian,subject_vehicle,X_Exclude,1,0,0,1,1,0,1,0,0,0,0,0,1,1,0,0,0,0,1,audit_only_family
2376,13593,2842,1,pedestrian,subject_vehicle,X_Exclude,1,0,0,1,1,0,1,0,0,0,0,0,1,1,0,0,0,0,1,audit_only_family
2377,13594,2843,1,pedestrian,subject_vehicle,X_Exclude,1,0,0,1,1,0,1,0,0,0,0,0,1,1,0,0,0,0,1,audit_only_family
2378,13595,2844,1,pedestrian,subject_vehicle,X_Exclude,1,0,0,1,1,0,1,0,0,0,0,0,1,1,0,0,0,0,1,audit_only_family
2388,13596,2854,1,pedestrian,subject_vehicle,X_Exclude,1,0,0,1,1,0,1,0,0,0,0,0,1,1,0,0,0,0,1,audit_only_family
2389,13597,2855,1,pedestrian,subject_vehicle,X_Exclude,1,0,0,1,1,0,1,0,0,0,0,0,1,1,0,0,0,0,1,audit_only_family
2392,13598,2858,1,pedestrian,subject_vehicle,X_Exclude,1,0,0,1,1,0,1,0,0,0,0,0,1,1,0,0,0,0,1,audit_only_family
2398,13599,2865,1,pedestrian,subject_vehicle,X_Exclude,1,0,0,1,1,0,1,0,0,0,0,0,1,1,0,0,0,0,1,audit_only_family
2429,13600,2899,1,pedestrian,subject_vehicle,X_Exclude,1,0,0,1,1,0,1,0,0,0,0,0,1,1,0,0,0,0,1,audit_only_family
2434,13601,2904,1,pedestrian,subject_vehicle,X_Exclude,1,0,0,1,1,0,1,0,0,0,0,0,1,1,0,0,0,0,1,audit_only_family
2439,13602,2909,1,pedestrian,subject_vehicle,X_Exclude,1,0,0,1,1,0,1,0,0,0,0,0,1,1,0,0,0,0,1,audit_only_family
2457,13603,2928,1,pedestrian,subject_vehicle,X_Exclude,1,0,0,1,1,0,1,0,0,0,0,0,1,1,0,0,0,0,1,audit_only_family
2482,13604,2956,1,pedestrian,subject_vehicle,X_Exclude,1,0,0,1,1,0,1,0,0,0,0,0,1,1,0,0,0,0,1,audit_only_family
2487,13605,2961,1,pedestrian,subject_vehicle,X_Exclude,1,0,0,1,1,0,1,0,0,0,0,0,1,1,0,0,0,0,1,audit_only_family
2490,13606,2964,1,pedestrian,subject_vehicle,X_Exclude,1,0,0,1,1,0,1,0,0,0,0,0,1,1,0,0,0,0,1,audit_only_family
1974,13608,2366,1,pedestrian,subject_vehicle,X_Exclude,1,0,0,1,1,0,1,0,0,0,0,0,1,1,0,0,0,0,1,audit_only_family
1975,13609,2367,1,pedestrian,subject_vehicle,X_Exclude,1,0,0,1,1,0,1,0,0,0,0,0,1,1,0,0,0,0,1,audit_only_family
1976,13610,2368,1,pedestrian,subject_vehicle,X_Exclude,1,0,0,1,1,0,1,0,0,0,0,0,1,1,0,0,0,0,1,audit_only_family
1977,13611,2369,1,pedestrian,subject_vehicle,X_Exclude,1,0,0,1,1,0,1,0,0,0,0,0,1,1,0,0,0,0,1,audit_only_family
1979,13612,2371,1,pedestrian,subject_vehicle,X_Exclude,1,0,0,1,1,0,1,0,0,0,0,0,1,1,0,0,0,0,1,audit_only_family
1981,13613,2374,1,pedestrian,subject_vehicle,X_Exclude,1,0,0,1,1,0,1,0,0,0,0,0,1,1,0,0,0,0,1,audit_only_family
1982,13614,2375,1,pedestrian,subject_vehicle,X_Exclude,1,0,0,1,1,0,1,0,0,0,0,0,1,1,0,0,0,0,1,audit_only_family
1984,13615,2377,1,pedestrian,subject_vehicle,X_Exclude,1,0,0,1,1,0,1,0,0,0,0,0,1,1,0,0,0,0,1,audit_only_family
1986,13616,2380,1,pedestrian,subject_vehicle,X_Exclude,1,0,0,1,1,0,1,0,0,0,0,0,1,1,0,0,0,0,1,audit_only_family
1987,13617,2381,1,pedestrian,subject_vehicle,X_Exclude,1,0,0,1,1,0,1,0,0,0,0,0,1,1,0,0,0,0,1,audit_only_family
1988,13618,2382,1,pedestrian,subject_vehicle,X_Exclude,1,0,0,1,1,0,1,0,0,0,0,0,1,1,0,0,0,0,1,audit_only_family
1990,13619,2384,1,pedestrian,subject_vehicle,X_Exclude,1,0,0,1,1,0,1,0,0,0,0,0,1,1,0,0,0,0,1,audit_only_family
1991,13620,2385,1,pedestrian,subject_vehicle,X_Exclude,1,0,0,1,1,0,1,0,0,0,0,0,1,1,0,0,0,0,1,audit_only_family
1992,13621,2386,1,pedestrian,subject_vehicle,X_Exclude,1,0,0,1,1,0,1,0,0,0,0,0,1,1,0,0,0,0,1,audit_only_family
1993,13622,2387,1,pedestrian,subject_vehicle,X_Exclude,1,0,0,1,1,0,1,0,0,0,0,0,1,1,0,0,0,0,1,audit_only_family
2061,13623,2471,1,pedestrian,subject_vehicle,X_Exclude,1,0,0,1,1,0,1,0,0,0,0,0,1,1,0,0,0,0,1,audit_only_family
2062,13624,2472,1,pedestrian,subject_vehicle,X_Exclude,1,0,0,1,1,0,1,0,0,0,0,0,1,1,0,0,0,0,1,audit_only_family
2073,13625,2484,1,pedestrian,subject_vehicle,X_Exclude,1,0,0,1,1,0,1,0,0,0,0,0,1,1,0,0,0,0,1,audit_only_family
2079,13626,2490,1,pedestrian,subject_vehicle,X_Exclude,1,0,0,1,1,0,1,0,0,0,0,0,1,1,0,0,0,0,1,audit_only_family
2086,13627,2498,1,pedestrian,subject_vehicle,X_Exclude,1,0,0,1,1,0,1,0,0,0,0,0,1,1,0,0,0,0,1,audit_only_family
2087,13628,2499,1,pedestrian,subject_vehicle,X_Exclude,1,0,0,1,1,0,1,0,0,0,0,0,1,1,0,0,0,0,1,audit_only_family
2091,13629,2504,1,pedestrian,subject_vehicle,X_Exclude,1,0,0,1,1,0,1,0,0,0,0,0,1,1,0,0,0,0,1,audit_only_family
2100,13630,2517,1,pedestrian,subject_vehicle,X_Exclude,1,0,0,1,1,0,1,0,0,0,0,0,1,1,0,0,0,0,1,audit_only_family
2131,13631,2560,1,pedestrian,subject_vehicle,X_Exclude,1,0,0,1,1,0,1,0,0,0,0,0,1,1,0,0,0,0,1,audit_only_family
2132,13632,2561,1,pedestrian,subject_vehicle,X_Exclude,1,0,0,1,1,0,1,0,0,0,0,0,1,1,0,0,0,0,1,audit_only_family
2135,13633,2564,1,pedestrian,subject_vehicle,X_Exclude,1,0,0,1,1,0,1,0,0,0,0,0,1,1,0,0,0,0,1,audit_only_family
2138,13634,2568,1,pedestrian,subject_vehicle,X_Exclude,1,0,0,1,1,0,1,0,0,0,0,0,1,1,0,0,0,0,1,audit_only_family
2139,13635,2569,1,pedestrian,subject_vehicle,X_Exclude,1,0,0,1,1,0,1,0,0,0,0,0,1,1,0,0,0,0,1,audit_only_family
2162,13636,2596,1,pedestrian,subject_vehicle,X_Exclude,1,0,0,1,1,0,1,0,0,0,0,0,1,1,0,0,0,0,1,audit_only_family
2167,13637,2602,1,pedestrian,subject_vehicle,X_Exclude,1,0,0,1,1,0,1,0,0,0,0,0,1,1,0,0,0,0,1,audit_only_family
2169,13638,2604,1,pedestrian,subject_vehicle,X_Exclude,1,0,0,1,1,0,1,0,0,0,0,0,1,1,0,0,0,0,1,audit_only_family
2172,13639,2609,1,pedestrian,subject_vehicle,X_Exclude,1,0,0,1,1,0,1,0,0,0,0,0,1,1,0,0,0,0,1,audit_only_family
2178,13640,2617,1,pedestrian,subject_vehicle,X_Exclude,1,0,0,1,1,0,1,0,0,0,0,0,1,1,0,0,0,0,1,audit_only_family
2191,13641,2634,1,pedestrian,subject_vehicle,X_Exclude,1,0,0,1,1,0,1,0,0,0,0,0,1,1,0,0,0,0,1,audit_only_family
2192,13642,2635,1,pedestrian,subject_vehicle,X_Exclude,1,0,0,1,1,0,1,0,0,0,0,0,1,1,0,0,0,0,1,audit_only_family
2193,13643,2636,1,pedestrian,subject_vehicle,X_Exclude,1,0,0,1,1,0,1,0,0,0,0,0,1,1,0,0,0,0,1,audit_only_family
2294,13644,2752,1,pedestrian,subject_vehicle,X_Exclude,1,0,0,1,1,0,1,0,0,0,0,0,1,1,0,0,0,0,1,audit_only_family
2296,13645,2754,1,pedestrian,subject_vehicle,X_Exclude,1,0,0,1,1,0,1,0,0,0,0,0,1,1,0,0,0,0,1,audit_only_family
2303,13646,2763,1,pedestrian,subject_vehicle,X_Exclude,1,0,0,1,1,0,1,0,0,0,0,0,1,1,0,0,0,0,1,audit_only_family
2304,13647,2764,1,pedestrian,subject_vehicle,X_Exclude,1,0,0,1,1,0,1,0,0,0,0,0,1,1,0,0,0,0,1,audit_only_family
2467,13648,2939,1,pedestrian,subject_vehicle,X_Exclude,1,0,0,1,1,0,1,0,0,0,0,0,1,1,0,0,0,0,1,audit_only_family
2468,13649,2940,1,pedestrian,subject_vehicle,X_Exclude,1,0,0,1,1,0,1,0,0,0,0,0,1,1,0,0,0,0,1,audit_only_family
2469,13650,2941,1,pedestrian,subject_vehicle,X_Exclude,1,0,0,1,1,0,1,0,0,0,0,0,1,1,0,0,0,0,1,audit_only_family
2471,13651,2944,1,pedestrian,subject_vehicle,X_Exclude,1,0,0,1,1,0,1,0,0,0,0,0,1,1,0,0,0,0,1,audit_only_family
2140,13652,2570,1,pedestrian,subject_vehicle,X_Exclude,1,0,0,1,1,0,1,0,0,0,0,0,1,1,0,0,0,0,1,audit_only_family
2141,13653,2571,1,pedestrian,subject_vehicle,X_Exclude,1,0,0,1,1,0,1,0,0,0,0,0,1,1,0,0,0,0,1,audit_only_family
2142,13654,2572,1,pedestrian,subject_vehicle,X_Exclude,1,0,0,1,1,0,1,0,0,0,0,0,1,1,0,0,0,0,1,audit_only_family
2143,13655,2573,1,pedestrian,subject_vehicle,X_Exclude,1,0,0,1,1,0,1,0,0,0,0,0,1,1,0,0,0,0,1,audit_only_family
2144,13656,2574,1,pedestrian,subject_vehicle,X_Exclude,1,0,0,1,1,0,1,0,0,0,0,0,1,1,0,0,0,0,1,audit_only_family
2145,13657,2575,1,pedestrian,subject_vehicle,X_Exclude,1,0,0,1,1,0,1,0,0,0,0,0,1,1,0,0,0,0,1,audit_only_family
2146,13658,2576,1,pedestrian,subject_vehicle,X_Exclude,1,0,0,1,1,0,1,0,0,0,0,0,1,1,0,0,0,0,1,audit_only_family
2147,13659,2577,1,pedestrian,subject_vehicle,X_Exclude,1,0,0,1,1,0,1,0,0,0,0,0,1,1,0,0,0,0,1,audit_only_family
2148,13660,2578,1,pedestrian,subject_vehicle,X_Exclude,1,0,0,1,1,0,1,0,0,0,0,0,1,1,0,0,0,0,1,audit_only_family
1793,13661,2153,1,pedestrian,subject_vehicle,X_Exclude,1,0,0,1,1,0,1,0,0,0,0,0,1,1,0,0,0,0,1,audit_only_family
1807,13662,2171,1,pedestrian,subject_vehicle,X_Exclude,1,0,0,1,1,0,1,0,0,0,0,0,1,1,0,0,0,0,1,audit_only_family
1811,13663,2177,1,pedestrian,subject_vehicle,X_Exclude,1,0,0,1,1,0,1,0,0,0,0,0,1,1,0,0,0,0,1,audit_only_family
1999,13664,2394,1,pedestrian,subject_vehicle,X_Exclude,1,0,0,1,1,0,1,0,0,0,0,0,1,1,0,0,0,0,1,audit_only_family
2000,13665,2395,1,pedestrian,subject_vehicle,X_Exclude,1,0,0,1,1,0,1,0,0,0,0,0,1,1,0,0,0,0,1,audit_only_family
2004,13666,2399,1,pedestrian,subject_vehicle,X_Exclude,1,0,0,1,1,0,1,0,0,0,0,0,1,1,0,0,0,0,1,audit_only_family
2009,13667,2407,1,pedestrian,subject_vehicle,X_Exclude,1,0,0,1,1,0,1,0,0,0,0,0,1,1,0,0,0,0,1,audit_only_family
2010,13668,2408,1,pedestrian,subject_vehicle,X_Exclude,1,0,0,1,1,0,1,0,0,0,0,0,1,1,0,0,0,0,1,audit_only_family
2011,13669,2409,1,pedestrian,subject_vehicle,X_Exclude,1,0,0,1,1,0,1,0,0,0,0,0,1,1,0,0,0,0,1,audit_only_family
2012,13670,2410,1,pedestrian,subject_vehicle,X_Exclude,1,0,0,1,1,0,1,0,0,0,0,0,1,1,0,0,0,0,1,audit_only_family
2002,13671,2397,1,pedestrian,subject_vehicle,X_Exclude,1,0,0,1,1,0,1,0,0,0,0,0,1,1,0,0,0,0,1,audit_only_family
2015,13672,2414,1,pedestrian,subject_vehicle,X_Exclude,1,0,0,1,1,0,1,0,0,0,0,0,1,1,0,0,0,0,1,audit_only_family
2018,13673,2418,1,pedestrian,subject_vehicle,X_Exclude,1,0,0,1,1,0,1,0,0,0,0,0,1,1,0,0,0,0,1,audit_only_family
2022,13674,2424,1,pedestrian,subject_vehicle,X_Exclude,1,0,0,1,1,0,1,0,0,0,0,0,1,1,0,0,0,0,1,audit_only_family
2025,13675,2429,1,pedestrian,subject_vehicle,X_Exclude,1,0,0,1,1,0,1,0,0,0,0,0,1,1,0,0,0,0,1,audit_only_family
2026,13676,2430,1,pedestrian,subject_vehicle,X_Exclude,1,0,0,1,1,0,1,0,0,0,0,0,1,1,0,0,0,0,1,audit_only_family
2027,13678,2431,1,pedestrian,subject_vehicle,X_Exclude,1,0,0,1,1,0,1,0,0,0,0,0,1,1,0,0,0,0,1,audit_only_family
2030,13679,2436,1,pedestrian,subject_vehicle,X_Exclude,1,0,0,1,1,0,1,0,0,0,0,0,1,1,0,0,0,0,1,audit_only_family
2033,13680,2441,1,pedestrian,subject_vehicle,X_Exclude,1,0,0,1,1,0,1,0,0,0,0,0,1,1,0,0,0,0,1,audit_only_family
2034,13681,2442,1,pedestrian,subject_vehicle,X_Exclude,1,0,0,1,1,0,1,0,0,0,0,0,1,1,0,0,0,0,1,audit_only_family
2163,13682,2597,1,pedestrian,subject_vehicle,X_Exclude,1,0,0,1,1,0,1,0,0,0,0,0,1,1,0,0,0,0,1,audit_only_family
2201,13683,2644,1,pedestrian,subject_vehicle,X_Exclude,1,0,0,1,1,0,1,0,0,0,0,0,1,1,0,0,0,0,1,audit_only_family
2202,13684,2645,1,pedestrian,subject_vehicle,X_Exclude,1,0,0,1,1,0,1,0,0,0,0,0,1,1,0,0,0,0,1,audit_only_family
2187,13685,2629,1,pedestrian,subject_vehicle,X_Exclude,1,0,0,1,1,0,1,0,0,0,0,0,1,1,0,0,0,0,1,audit_only_family
2211,13686,2654,1,pedestrian,subject_vehicle,X_Exclude,1,0,0,1,1,0,1,0,0,0,0,0,1,1,0,0,0,0,1,audit_only_family
2212,13687,2655,1,pedestrian,subject_vehicle,X_Exclude,1,0,0,1,1,0,1,0,0,0,0,0,1,1,0,0,0,0,1,audit_only_family
2219,13688,2663,1,pedestrian,subject_vehicle,X_Exclude,1,0,0,1,1,0,1,0,0,0,0,0,1,1,0,0,0,0,1,audit_only_family
2221,13689,2665,1,pedestrian,subject_vehicle,X_Exclude,1,0,0,1,1,0,1,0,0,0,0,0,1,1,0,0,0,0,1,audit_only_family
2404,13690,2873,1,pedestrian,subject_vehicle,X_Exclude,1,0,0,1,1,0,1,0,0,0,0,0,1,1,0,0,0,0,1,audit_only_family
2406,13691,2875,1,pedestrian,subject_vehicle,X_Exclude,1,0,0,1,1,0,1,0,0,0,0,0,1,1,0,0,0,0,1,audit_only_family
2408,13692,2877,1,pedestrian,subject_vehicle,X_Exclude,1,0,0,1,1,0,1,0,0,0,0,0,1,1,0,0,0,0,1,audit_only_family
2415,13693,2885,1,pedestrian,subject_vehicle,X_Exclude,1,0,0,1,1,0,1,0,0,0,0,0,1,1,0,0,0,0,1,audit_only_family
2416,13694,2886,1,pedestrian,subject_vehicle,X_Exclude,1,0,0,1,1,0,1,0,0,0,0,0,1,1,0,0,0,0,1,audit_only_family
2418,13695,2888,1,pedestrian,subject_vehicle,X_Exclude,1,0,0,1,1,0,1,0,0,0,0,0,1,1,0,0,0,0,1,audit_only_family
2445,13696,2915,1,pedestrian,subject_vehicle,X_Exclude,1,0,0,1,1,0,1,0,0,0,0,0,1,1,0,0,0,0,1,audit_only_family
2448,13697,2918,1,pedestrian,subject_vehicle,X_Exclude,1,0,0,1,1,0,1,0,0,0,0,0,1,1,0,0,0,0,1,audit_only_family
2451,13698,2921,1,pedestrian,subject_vehicle,X_Exclude,1,0,0,1,1,0,1,0,0,0,0,0,1,1,0,0,0,0,1,audit_only_family
2483,13699,2957,1,pedestrian,subject_vehicle,X_Exclude,1,0,0,1,1,0,1,0,0,0,0,0,1,1,0,0,0,0,1,audit_only_family
2484,13700,2958,1,pedestrian,subject_vehicle,X_Exclude,1,0,0,1,1,0,1,0,0,0,0,0,1,1,0,0,0,0,1,audit_only_family
2485,13701,2959,1,pedestrian,subject_vehicle,X_Exclude,1,0,0,1,1,0,1,0,0,0,0,0,1,1,0,0,0,0,1,audit_only_family
2460,13702,2931,1,unknown,subject_vehicle,X_Exclude,1,0,0,1,1,0,1,0,0,0,0,0,1,1,0,0,0,0,1,audit_only_family
2461,13703,2932,1,unknown,subject_vehicle,X_Exclude,1,0,0,1,1,0,1,0,0,0,0,0,1,1,0,0,0,0,1,audit_only_family
2462,13704,2933,1,unknown,subject_vehicle,X_Exclude,1,0,0,1,1,0,1,0,0,0,0,0,1,1,0,0,0,0,1,audit_only_family
2463,13705,2934,1,unknown,subject_vehicle,X_Exclude,1,0,0,1,1,0,1,0,0,0,0,0,1,1,0,0,0,0,1,audit_only_family
2493,13706,2968,1,unknown,subject_vehicle,X_Exclude,1,0,0,1,1,0,1,0,0,0,0,0,1,1,0,0,0,0,1,audit_only_family
2494,13707,2969,1,unknown,subject_vehicle,X_Exclude,1,0,0,1,1,0,1,0,0,0,0,0,1,1,0,0,0,0,1,audit_only_family
2495,13708,2970,1,unknown,subject_vehicle,X_Exclude,1,0,0,1,1,0,1,0,0,0,0,0,1,1,0,0,0,0,1,audit_only_family
2496,13709,2971,1,unknown,subject_vehicle,X_Exclude,1,0,0,1,1,0,1,0,0,0,0,0,1,1,0,0,0,0,1,audit_only_family
2478,13710,2952,1,pedestrian,subject_vehicle,X_Exclude,1,0,0,1,1,0,1,0,0,0,0,0,1,1,0,0,0,0,1,audit_only_family
2479,13711,2953,1,pedestrian,subject_vehicle,X_Exclude,1,0,0,1,1,0,1,0,0,0,0,0,1,1,0,0,0,0,1,audit_only_family
2480,13712,2954,1,pedestrian,subject_vehicle,X_Exclude,1,0,0,1,1,0,1,0,0,0,0,0,1,1,0,0,0,0,1,audit_only_family
2474,13713,2948,1,pedestrian,subject_vehicle,X_Exclude,1,0,0,1,1,0,1,0,0,0,0,0,1,1,0,0,0,0,1,audit_only_family
2476,13714,2950,1,pedestrian,subject_vehicle,X_Exclude,1,0,0,1,1,0,1,0,0,0,0,0,1,1,0,0,0,0,1,audit_only_family
2477,13715,2951,1,pedestrian,subject_vehicle,X_Exclude,1,0,0,1,1,0,1,0,0,0,0,0,1,1,0,0,0,0,1,audit_only_family
3029,13750,3611,1,sled_without_body,subject_vehicle,X_Exclude,1,0,0,1,1,0,1,0,0,0,0,0,1,1,0,0,0,0,1,audit_only_family
3030,13751,3612,1,sled_without_body,subject_vehicle,X_Exclude,1,0,0,1,1,0,1,0,0,0,0,0,1,1,0,0,0,0,1,audit_only_family
3037,13752,3621,1,sled_without_body,subject_vehicle,X_Exclude,1,0,0,1,1,0,1,0,0,0,0,0,1,1,0,0,0,0,1,audit_only_family
3038,13753,3622,1,sled_without_body,subject_vehicle,X_Exclude,1,0,0,1,1,0,1,0,0,0,0,0,1,1,0,0,0,0,1,audit_only_family
3039,13754,3623,1,sled_without_body,subject_vehicle,X_Exclude,1,0,0,1,1,0,1,0,0,0,0,0,1,1,0,0,0,0,1,audit_only_family
3040,13755,3624,1,sled_without_body,subject_vehicle,X_Exclude,1,0,0,1,1,0,1,0,0,0,0,0,1,1,0,0,0,0,1,audit_only_family
3048,13756,3634,1,sled_without_body,subject_vehicle,X_Exclude,1,0,0,1,1,0,1,0,0,0,0,0,1,1,0,0,0,0,1,audit_only_family
3049,13757,3635,1,sled_without_body,subject_vehicle,X_Exclude,1,0,0,1,1,0,1,0,0,0,0,0,1,1,0,0,0,0,1,audit_only_family
3051,13758,3638,1,sled_without_body,subject_vehicle,X_Exclude,1,0,0,1,1,0,1,0,0,0,0,0,1,1,0,0,0,0,1,audit_only_family
3052,13759,3639,1,sled_without_body,subject_vehicle,X_Exclude,1,0,0,1,1,0,1,0,0,0,0,0,1,1,0,0,0,0,1,audit_only_family
3053,13760,3640,1,sled_without_body,subject_vehicle,X_Exclude,1,0,0,1,1,0,1,0,0,0,0,0,1,1,0,0,0,0,1,audit_only_family
3054,13761,3641,1,sled_without_body,subject_vehicle,X_Exclude,1,0,0,1,1,0,1,0,0,0,0,0,1,1,0,0,0,0,1,audit_only_family
3055,13762,3642,1,sled_without_body,subject_vehicle,X_Exclude,1,0,0,1,1,0,1,0,0,0,0,0,1,1,0,0,0,0,1,audit_only_family
3056,13763,3643,1,sled_without_body,subject_vehicle,X_Exclude,1,0,0,1,1,0,1,0,0,0,0,0,1,1,0,0,0,0,1,audit_only_family
3057,13764,3644,1,sled_without_body,subject_vehicle,X_Exclude,1,0,0,1,1,0,1,0,0,0,0,0,1,1,0,0,0,0,1,audit_only_family
3058,13765,3645,1,sled_without_body,subject_vehicle,X_Exclude,1,0,0,1,1,0,1,0,0,0,0,0,1,1,0,0,0,0,1,audit_only_family
3059,13766,3646,1,sled_without_body,subject_vehicle,X_Exclude,1,0,0,1,1,0,1,0,0,0,0,0,1,1,0,0,0,0,1,audit_only_family
3060,13767,3647,1,sled_without_body,subject_vehicle,X_Exclude,1,0,0,1,1,0,1,0,0,0,0,0,1,1,0,0,0,0,1,audit_only_family
3064,13768,3653,1,sled_without_body,subject_vehicle,X_Exclude,1,0,0,1,1,0,1,0,0,0,0,0,1,1,0,0,0,0,1,audit_only_family
3065,13769,3654,1,sled_without_body,subject_vehicle,X_Exclude,1,0,0,1,1,0,1,0,0,0,0,0,1,1,0,0,0,0,1,audit_only_family
3068,13770,3657,1,sled_without_body,subject_vehicle,X_Exclude,1,0,0,1,1,0,1,0,0,0,0,0,1,1,0,0,0,0,1,audit_only_family
3069,13771,3658,1,sled_without_body,subject_vehicle,X_Exclude,1,0,0,1,1,0,1,0,0,0,0,0,1,1,0,0,0,0,1,audit_only_family
3071,13772,3661,1,sled_without_body,subject_vehicle,X_Exclude,1,0,0,1,1,0,1,0,0,0,0,0,1,1,0,0,0,0,1,audit_only_family
3072,13773,3662,1,sled_without_body,subject_vehicle,X_Exclude,1,0,0,1,1,0,1,0,0,0,0,0,1,1,0,0,0,0,1,audit_only_family
3073,13774,3663,1,sled_without_body,subject_vehicle,X_Exclude,1,0,0,1,1,0,1,0,0,0,0,0,1,1,0,0,0,0,1,audit_only_family
3074,13775,3664,1,sled_without_body,subject_vehicle,X_Exclude,1,0,0,1,1,0,1,0,0,0,0,0,1,1,0,0,0,0,1,audit_only_family
3077,13776,3668,1,sled_without_body,subject_vehicle,X_Exclude,1,0,0,1,1,0,1,0,0,0,0,0,1,1,0,0,0,0,1,audit_only_family
3078,13777,3669,1,sled_without_body,subject_vehicle,X_Exclude,1,0,0,1,1,0,1,0,0,0,0,0,1,1,0,0,0,0,1,audit_only_family
3079,13778,3670,1,sled_without_body,subject_vehicle,X_Exclude,1,0,0,1,1,0,1,0,0,0,0,0,1,1,0,0,0,0,1,audit_only_family
3080,13779,3671,1,sled_without_body,subject_vehicle,X_Exclude,1,0,0,1,1,0,1,0,0,0,0,0,1,1,0,0,0,0,1,audit_only_family
3081,13780,3672,1,sled_without_body,subject_vehicle,X_Exclude,1,0,0,1,1,0,1,0,0,0,0,0,1,1,0,0,0,0,1,audit_only_family
3082,13781,3673,1,sled_without_body,subject_vehicle,X_Exclude,1,0,0,1,1,0,1,0,0,0,0,0,1,1,0,0,0,0,1,audit_only_family
3085,13782,3677,1,sled_without_body,subject_vehicle,X_Exclude,1,0,0,1,1,0,1,0,0,0,0,0,1,1,0,0,0,0,1,audit_only_family
3086,13783,3678,1,sled_without_body,subject_vehicle,X_Exclude,1,0,0,1,1,0,1,0,0,0,0,0,1,1,0,0,0,0,1,audit_only_family
3088,13784,3681,1,sled_without_body,subject_vehicle,X_Exclude,1,0,0,1,1,0,1,0,0,0,0,0,1,1,0,0,0,0,1,audit_only_family
3089,13785,3682,1,sled_without_body,subject_vehicle,X_Exclude,1,0,0,1,1,0,1,0,0,0,0,0,1,1,0,0,0,0,1,audit_only_family
3090,13786,3683,1,sled_without_body,subject_vehicle,X_Exclude,1,0,0,1,1,0,1,0,0,0,0,0,1,1,0,0,0,0,1,audit_only_family
3063,13787,3652,1,sled_without_body,subject_vehicle,X_Exclude,1,0,0,1,1,0,1,0,0,0,0,0,1,1,0,0,0,0,1,audit_only_family
3091,13788,3684,1,sled_without_body,subject_vehicle,X_Exclude,1,0,0,1,1,0,1,0,0,0,0,0,1,1,0,0,0,0,1,audit_only_family
3353,13800,4001,1,sled_without_body,subject_vehicle,X_Exclude,1,0,0,1,1,0,1,0,0,0,0,0,1,1,0,0,0,0,1,audit_only_family
3354,13801,4002,1,sled_without_body,subject_vehicle,X_Exclude,1,0,0,1,1,0,1,0,0,0,0,0,1,1,0,0,0,0,1,audit_only_family
3355,13802,4003,1,sled_without_body,subject_vehicle,X_Exclude,1,0,0,1,1,0,1,0,0,0,0,0,1,1,0,0,0,0,1,audit_only_family
3356,13803,4004,1,sled_without_body,subject_vehicle,X_Exclude,1,0,0,1,1,0,1,0,0,0,0,0,1,1,0,0,0,0,1,audit_only_family
3357,13804,4005,1,sled_without_body,subject_vehicle,X_Exclude,1,0,0,1,1,0,1,0,0,0,0,0,1,1,0,0,0,0,1,audit_only_family
3351,13805,3999,1,sled_without_body,subject_vehicle,X_Exclude,1,0,0,1,1,0,1,0,0,0,0,0,1,1,0,0,0,0,1,audit_only_family
3352,13806,4000,1,sled_without_body,subject_vehicle,X_Exclude,1,0,0,1,1,0,1,0,0,0,0,0,1,1,0,0,0,0,1,audit_only_family
3358,13807,4006,1,sled_without_body,subject_vehicle,X_Exclude,1,0,0,1,1,0,1,0,0,0,0,0,1,1,0,0,0,0,1,audit_only_family
3359,13808,4007,1,sled_without_body,subject_vehicle,X_Exclude,1,0,0,1,1,0,1,0,0,0,0,0,1,1,0,0,0,0,1,audit_only_family
3360,13809,4008,1,sled_without_body,subject_vehicle,X_Exclude,1,0,0,1,1,0,1,0,0,0,0,0,1,1,0,0,0,0,1,audit_only_family
3361,13810,4009,1,sled_without_body,subject_vehicle,X_Exclude,1,0,0,1,1,0,1,0,0,0,0,0,1,1,0,0,0,0,1,audit_only_family
3363,13811,4011,1,sled_without_body,subject_vehicle,X_Exclude,1,0,0,1,1,0,1,0,0,0,0,0,1,1,0,0,0,0,1,audit_only_family
3364,13812,4012,1,sled_without_body,subject_vehicle,X_Exclude,1,0,0,1,1,0,1,0,0,0,0,0,1,1,0,0,0,0,1,audit_only_family
3365,13813,4013,1,sled_without_body,subject_vehicle,X_Exclude,1,0,0,1,1,0,1,0,0,0,0,0,1,1,0,0,0,0,1,audit_only_family
3366,13814,4014,1,sled_without_body,subject_vehicle,X_Exclude,1,0,0,1,1,0,1,0,0,0,0,0,1,1,0,0,0,0,1,audit_only_family
3367,13815,4015,1,sled_without_body,subject_vehicle,X_Exclude,1,0,0,1,1,0,1,0,0,0,0,0,1,1,0,0,0,0,1,audit_only_family
3368,13816,4016,1,sled_without_body,subject_vehicle,X_Exclude,1,0,0,1,1,0,1,0,0,0,0,0,1,1,0,0,0,0,1,audit_only_family
3369,13817,4017,1,sled_without_body,subject_vehicle,X_Exclude,1,0,0,1,1,0,1,0,0,0,0,0,1,1,0,0,0,0,1,audit_only_family
3370,13818,4018,1,sled_without_body,subject_vehicle,X_Exclude,1,0,0,1,1,0,1,0,0,0,0,0,1,1,0,0,0,0,1,audit_only_family
3371,13819,4019,1,sled_without_body,subject_vehicle,X_Exclude,1,0,0,1,1,0,1,0,0,0,0,0,1,1,0,0,0,0,1,audit_only_family
3372,13820,4020,1,sled_without_body,subject_vehicle,X_Exclude,1,0,0,1,1,0,1,0,0,0,0,0,1,1,0,0,0,0,1,audit_only_family
2734,13831,3245,1,sled_without_body,subject_vehicle,X_Exclude,1,0,0,1,1,0,1,0,0,0,0,0,1,1,0,0,0,0,1,audit_only_family
2735,13832,3246,1,sled_without_body,subject_vehicle,X_Exclude,1,0,0,1,1,0,1,0,0,0,0,0,1,1,0,0,0,0,1,audit_only_family
2736,13833,3247,1,sled_without_body,subject_vehicle,X_Exclude,1,0,0,1,1,0,1,0,0,0,0,0,1,1,0,0,0,0,1,audit_only_family
2737,13834,3248,1,sled_without_body,subject_vehicle,X_Exclude,1,0,0,1,1,0,1,0,0,0,0,0,1,1,0,0,0,0,1,audit_only_family
2738,13835,3249,1,sled_without_body,subject_vehicle,X_Exclude,1,0,0,1,1,0,1,0,0,0,0,0,1,1,0,0,0,0,1,audit_only_family
2739,13836,3250,1,sled_without_body,subject_vehicle,X_Exclude,1,0,0,1,1,0,1,0,0,0,0,0,1,1,0,0,0,0,1,audit_only_family
2742,13837,3255,1,sled_without_body,subject_vehicle,X_Exclude,1,0,0,1,1,0,1,0,0,0,0,0,1,1,0,0,0,0,1,audit_only_family
2743,13838,3256,1,sled_without_body,subject_vehicle,X_Exclude,1,0,0,1,1,0,1,0,0,0,0,0,1,1,0,0,0,0,1,audit_only_family
2744,13839,3257,1,sled_without_body,subject_vehicle,X_Exclude,1,0,0,1,1,0,1,0,0,0,0,0,1,1,0,0,0,0,1,audit_only_family
2745,13840,3258,1,sled_without_body,subject_vehicle,X_Exclude,1,0,0,1,1,0,1,0,0,0,0,0,1,1,0,0,0,0,1,audit_only_family
2747,13841,3260,1,sled_without_body,subject_vehicle,X_Exclude,1,0,0,1,1,0,1,0,0,0,0,0,1,1,0,0,0,0,1,audit_only_family
2748,13842,3261,1,sled_without_body,subject_vehicle,X_Exclude,1,0,0,1,1,0,1,0,0,0,0,0,1,1,0,0,0,0,1,audit_only_family
2749,13843,3262,1,sled_without_body,subject_vehicle,X_Exclude,1,0,0,1,1,0,1,0,0,0,0,0,1,1,0,0,0,0,1,audit_only_family
2750,13844,3263,1,sled_without_body,subject_vehicle,X_Exclude,1,0,0,1,1,0,1,0,0,0,0,0,1,1,0,0,0,0,1,audit_only_family
2753,13845,3266,1,sled_without_body,subject_vehicle,X_Exclude,1,0,0,1,1,0,1,0,0,0,0,0,1,1,0,0,0,0,1,audit_only_family
2754,13846,3267,1,sled_without_body,subject_vehicle,X_Exclude,1,0,0,1,1,0,1,0,0,0,0,0,1,1,0,0,0,0,1,audit_only_family
2755,13847,3268,1,sled_without_body,subject_vehicle,X_Exclude,1,0,0,1,1,0,1,0,0,0,0,0,1,1,0,0,0,0,1,audit_only_family
2756,13848,3269,1,sled_without_body,subject_vehicle,X_Exclude,1,0,0,1,1,0,1,0,0,0,0,0,1,1,0,0,0,0,1,audit_only_family
2758,13849,3272,1,sled_without_body,subject_vehicle,X_Exclude,1,0,0,1,1,0,1,0,0,0,0,0,1,1,0,0,0,0,1,audit_only_family
2759,13850,3273,1,sled_without_body,subject_vehicle,X_Exclude,1,0,0,1,1,0,1,0,0,0,0,0,1,1,0,0,0,0,1,audit_only_family
2760,13851,3274,1,sled_without_body,subject_vehicle,X_Exclude,1,0,0,1,1,0,1,0,0,0,0,0,1,1,0,0,0,0,1,audit_only_family
2761,13852,3275,1,sled_without_body,subject_vehicle,X_Exclude,1,0,0,1,1,0,1,0,0,0,0,0,1,1,0,0,0,0,1,audit_only_family
2762,13853,3276,1,sled_without_body,subject_vehicle,X_Exclude,1,0,0,1,1,0,1,0,0,0,0,0,1,1,0,0,0,0,1,audit_only_family
2763,13854,3277,1,sled_without_body,subject_vehicle,X_Exclude,1,0,0,1,1,0,1,0,0,0,0,0,1,1,0,0,0,0,1,audit_only_family
2764,13855,3278,1,sled_without_body,subject_vehicle,X_Exclude,1,0,0,1,1,0,1,0,0,0,0,0,1,1,0,0,0,0,1,audit_only_family
2765,13856,3279,1,sled_without_body,subject_vehicle,X_Exclude,1,0,0,1,1,0,1,0,0,0,0,0,1,1,0,0,0,0,1,audit_only_family
2766,13857,3280,1,sled_without_body,subject_vehicle,X_Exclude,1,0,0,1,1,0,1,0,0,0,0,0,1,1,0,0,0,0,1,audit_only_family
2767,13858,3281,1,sled_without_body,subject_vehicle,X_Exclude,1,0,0,1,1,0,1,0,0,0,0,0,1,1,0,0,0,0,1,audit_only_family
2768,13859,3282,1,sled_without_body,subject_vehicle,X_Exclude,1,0,0,1,1,0,1,0,0,0,0,0,1,1,0,0,0,0,1,audit_only_family
2769,13860,3283,1,sled_without_body,subject_vehicle,X_Exclude,1,0,0,1,1,0,1,0,0,0,0,0,1,1,0,0,0,0,1,audit_only_family
2770,13861,3284,1,sled_without_body,subject_vehicle,X_Exclude,1,0,0,1,1,0,1,0,0,0,0,0,1,1,0,0,0,0,1,audit_only_family
2771,13862,3285,1,sled_without_body,subject_vehicle,X_Exclude,1,0,0,1,1,0,1,0,0,0,0,0,1,1,0,0,0,0,1,audit_only_family
2772,13863,3286,1,sled_without_body,subject_vehicle,X_Exclude,1,0,0,1,1,0,1,0,0,0,0,0,1,1,0,0,0,0,1,audit_only_family
2773,13864,3287,1,sled_without_body,subject_vehicle,X_Exclude,1,0,0,1,1,0,1,0,0,0,0,0,1,1,0,0,0,0,1,audit_only_family
2774,13865,3288,1,sled_without_body,subject_vehicle,X_Exclude,1,0,0,1,1,0,1,0,0,0,0,0,1,1,0,0,0,0,1,audit_only_family
2775,13866,3289,1,sled_without_body,subject_vehicle,X_Exclude,1,0,0,1,1,0,1,0,0,0,0,0,1,1,0,0,0,0,1,audit_only_family
2776,13867,3290,1,sled_without_body,subject_vehicle,X_Exclude,1,0,0,1,1,0,1,0,0,0,0,0,1,1,0,0,0,0,1,audit_only_family
2777,13868,3291,1,sled_without_body,subject_vehicle,X_Exclude,1,0,0,1,1,0,1,0,0,0,0,0,1,1,0,0,0,0,1,audit_only_family
2778,13869,3292,1,sled_without_body,subject_vehicle,X_Exclude,1,0,0,1,1,0,1,0,0,0,0,0,1,1,0,0,0,0,1,audit_only_family
2779,13870,3293,1,sled_without_body,subject_vehicle,X_Exclude,1,0,0,1,1,0,1,0,0,0,0,0,1,1,0,0,0,0,1,audit_only_family
2781,13871,3295,1,sled_without_body,subject_vehicle,X_Exclude,1,0,0,1,1,0,1,0,0,0,0,0,1,1,0,0,0,0,1,audit_only_family
2782,13872,3296,1,sled_without_body,subject_vehicle,X_Exclude,1,0,0,1,1,0,1,0,0,0,0,0,1,1,0,0,0,0,1,audit_only_family
2783,13873,3297,1,sled_without_body,subject_vehicle,X_Exclude,1,0,0,1,1,0,1,0,0,0,0,0,1,1,0,0,0,0,1,audit_only_family
2784,13874,3298,1,sled_without_body,subject_vehicle,X_Exclude,1,0,0,1,1,0,1,0,0,0,0,0,1,1,0,0,0,0,1,audit_only_family
2785,13875,3299,1,sled_without_body,subject_vehicle,X_Exclude,1,0,0,1,1,0,1,0,0,0,0,0,1,1,0,0,0,0,1,audit_only_family
2786,13876,3300,1,sled_without_body,subject_vehicle,X_Exclude,1,0,0,1,1,0,1,0,0,0,0,0,1,1,0,0,0,0,1,audit_only_family
3299,14041,3936,1,sled_with_body,subject_vehicle,X_Exclude,1,0,0,1,1,0,1,0,0,0,0,0,1,1,0,0,0,0,1,audit_only_family
3300,14042,3937,1,sled_with_body,subject_vehicle,X_Exclude,1,0,0,1,1,0,1,0,0,0,0,0,1,1,0,0,0,0,1,audit_only_family
3303,14043,3940,1,sled_with_body,subject_vehicle,X_Exclude,1,0,0,1,1,0,1,0,0,0,0,0,1,1,0,0,0,0,1,audit_only_family
3305,14044,3943,1,sled_with_body,subject_vehicle,X_Exclude,1,0,0,1,1,0,1,0,0,0,0,0,1,1,0,0,0,0,1,audit_only_family
3373,14045,4021,1,sled_with_body,subject_vehicle,X_Exclude,1,0,0,1,1,0,1,0,0,0,0,0,1,1,0,0,0,0,1,audit_only_family
3374,14046,4022,1,sled_with_body,subject_vehicle,X_Exclude,1,0,0,1,1,0,1,0,0,0,0,0,1,1,0,0,0,0,1,audit_only_family
3378,14049,4027,1,side_impactor,impactor_vehicle,X_Exclude,0,1,0,1,1,0,1,1,0,0,1,0,1,1,0,0,0,0,0,not_subject_vehicle
3394,14053,4047,1,side_impactor,impactor_vehicle,X_Exclude,0,1,0,1,1,0,1,1,0,0,1,0,1,1,0,0,0,0,0,not_subject_vehicle
3382,14054,4032,1,side_impactor,impactor_vehicle,X_Exclude,0,1,0,1,1,0,1,1,0,0,1,0,1,1,0,0,0,0,0,not_subject_vehicle
3385,14055,4036,1,side_impactor,impactor_vehicle,X_Exclude,1,1,0,1,1,0,1,0,0,0,1,0,1,1,0,0,0,0,0,not_subject_vehicle
3399,14060,4053,1,side_impactor,impactor_vehicle,X_Exclude,0,1,0,1,1,0,1,1,0,0,1,0,1,1,0,0,0,0,0,not_subject_vehicle
3420,14063,4075,1,side_impactor,impactor_vehicle,X_Exclude,0,1,0,0,1,0,0,0,0,0,1,0,1,1,0,0,0,0,0,not_subject_vehicle
3421,14066,4077,1,side_impactor,impactor_vehicle,X_Exclude,0,1,0,1,1,0,1,1,0,0,1,0,1,1,0,0,0,0,0,not_subject_vehicle
3386,14072,4038,1,side_impactor,impactor_vehicle,X_Exclude,0,1,0,1,1,0,1,1,0,0,1,0,1,1,0,0,0,0,0,not_subject_vehicle
3425,14078,4082,1,side_impactor,impactor_vehicle,X_Exclude,1,1,0,1,1,0,1,0,0,0,1,0,1,1,0,0,0,0,0,not_subject_vehicle
3426,14079,4084,1,side_impactor,impactor_vehicle,X_Exclude,0,1,0,1,1,0,1,0,0,0,1,0,1,1,0,0,0,0,0,not_subject_vehicle
3061,14082,3648,1,rear,impactor_vehicle,X_Exclude,1,1,0,1,1,0,1,0,0,0,0,0,1,1,1,0,0,0,0,not_subject_vehicle
3061,14082,3649,2,rear,subject_vehicle,X_Exclude,1,0,1,1,1,0,1,0,0,0,0,0,1,1,1,0,0,0,0,all_zero_placeholder
3435,14089,4094,1,side_impactor,impactor_vehicle,X_Exclude,1,1,0,1,1,0,1,0,0,0,1,0,1,1,0,0,0,0,0,not_subject_vehicle
3437,14090,4097,1,side_impactor,impactor_vehicle,X_Exclude,1,1,0,1,1,0,1,0,0,0,1,0,1,1,0,0,0,0,0,not_subject_vehicle
3062,14094,3650,1,rear,impactor_vehicle,X_Exclude,1,1,0,1,1,0,1,0,0,0,0,0,1,1,1,0,0,0,0,not_subject_vehicle
3062,14094,3651,2,rear,subject_vehicle,X_Exclude,1,0,1,1,1,0,1,0,0,0,0,0,1,1,1,0,0,0,0,all_zero_placeholder
3442,14097,4103,1,side_impactor,impactor_vehicle,X_Exclude,0,1,0,1,1,0,1,0,0,0,1,0,1,1,0,0,0,0,0,not_subject_vehicle
3384,14121,4035,1,sled_with_body,subject_vehicle,X_Exclude,1,0,0,1,1,0,1,0,0,0,0,0,1,1,0,0,0,0,1,audit_only_family
3391,14122,4044,1,sled_with_body,subject_vehicle,X_Exclude,1,0,0,1,1,0,1,0,0,0,0,0,1,1,0,0,0,0,1,audit_only_family
3392,14123,4045,1,sled_with_body,subject_vehicle,X_Exclude,1,0,0,1,1,0,1,0,0,0,0,0,1,1,0,0,0,0,1,audit_only_family
3393,14124,4046,1,sled_with_body,subject_vehicle,X_Exclude,1,0,0,1,1,0,1,0,0,0,0,0,1,1,0,0,0,0,1,audit_only_family
3395,14125,4049,1,sled_with_body,subject_vehicle,X_Exclude,1,0,0,1,1,0,1,0,0,0,0,0,1,1,0,0,0,0,1,audit_only_family
3398,14126,4052,1,sled_with_body,subject_vehicle,X_Exclude,1,0,0,1,1,0,1,0,0,0,0,0,1,1,0,0,0,0,1,audit_only_family
3450,14129,4113,1,side_impactor,impactor_vehicle,X_Exclude,0,1,0,0,1,0,0,0,0,0,1,0,1,1,0,0,0,0,0,not_subject_vehicle
3400,14131,4055,1,sled_without_body,subject_vehicle,X_Exclude,1,0,0,1,1,0,1,0,0,0,0,0,1,1,0,0,0,0,1,audit_only_family
3401,14132,4056,1,sled_without_body,subject_vehicle,X_Exclude,1,0,0,1,1,0,1,0,0,0,0,0,1,1,0,0,0,0,1,audit_only_family
3403,14133,4058,1,sled_without_body,subject_vehicle,X_Exclude,1,0,0,1,1,0,1,0,0,0,0,0,1,1,0,0,0,0,1,audit_only_family
3404,14134,4059,1,sled_without_body,subject_vehicle,X_Exclude,1,0,0,1,1,0,1,0,0,0,0,0,1,1,0,0,0,0,1,audit_only_family
3405,14135,4060,1,sled_without_body,subject_vehicle,X_Exclude,1,0,0,1,1,0,1,0,0,0,0,0,1,1,0,0,0,0,1,audit_only_family
3406,14136,4061,1,sled_without_body,subject_vehicle,X_Exclude,1,0,0,1,1,0,1,0,0,0,0,0,1,1,0,0,0,0,1,audit_only_family
3407,14137,4062,1,sled_without_body,subject_vehicle,X_Exclude,1,0,0,1,1,0,1,0,0,0,0,0,1,1,0,0,0,0,1,audit_only_family
3408,14138,4063,1,sled_without_body,subject_vehicle,X_Exclude,1,0,0,1,1,0,1,0,0,0,0,0,1,1,0,0,0,0,1,audit_only_family
3409,14139,4064,1,sled_without_body,subject_vehicle,X_Exclude,1,0,0,1,1,0,1,0,0,0,0,0,1,1,0,0,0,0,1,audit_only_family
3410,14140,4065,1,sled_without_body,subject_vehicle,X_Exclude,1,0,0,1,1,0,1,0,0,0,0,0,1,1,0,0,0,0,1,audit_only_family
3411,14141,4066,1,sled_without_body,subject_vehicle,X_Exclude,1,0,0,1,1,0,1,0,0,0,0,0,1,1,0,0,0,0,1,audit_only_family
3412,14142,4067,1,sled_without_body,subject_vehicle,X_Exclude,1,0,0,1,1,0,1,0,0,0,0,0,1,1,0,0,0,0,1,audit_only_family
3414,14143,4069,1,sled_without_body,subject_vehicle,X_Exclude,1,0,0,1,1,0,1,0,0,0,0,0,1,1,0,0,0,0,1,audit_only_family
3415,14144,4070,1,sled_without_body,subject_vehicle,X_Exclude,1,0,0,1,1,0,1,0,0,0,0,0,1,1,0,0,0,0,1,audit_only_family
3416,14145,4071,1,sled_without_body,subject_vehicle,X_Exclude,1,0,0,1,1,0,1,0,0,0,0,0,1,1,0,0,0,0,1,audit_only_family
3417,14146,4072,1,sled_without_body,subject_vehicle,X_Exclude,1,0,0,1,1,0,1,0,0,0,0,0,1,1,0,0,0,0,1,audit_only_family
3455,14211,4120,1,side_impactor,impactor_vehicle,X_Exclude,1,1,0,1,1,0,1,0,0,0,1,0,1,1,0,0,0,0,0,not_subject_vehicle
3445,14212,4107,1,side_impactor,impactor_vehicle,X_Exclude,1,1,0,1,1,0,1,0,0,0,1,0,1,1,0,0,0,0,0,not_subject_vehicle
3452,14216,4116,1,side_impactor,impactor_vehicle,X_Exclude,1,1,0,1,1,0,1,0,0,0,1,0,1,1,0,0,0,0,0,not_subject_vehicle
3456,14219,4122,1,side_impactor,impactor_vehicle,X_Exclude,0,1,0,1,1,0,1,1,0,0,1,0,1,1,0,0,0,0,0,not_subject_vehicle
3466,14246,4133,1,side_impactor,impactor_vehicle,X_Exclude,0,1,0,1,1,0,1,1,0,0,1,0,1,1,0,0,0,0,0,not_subject_vehicle
3475,14251,4146,1,side_impactor,impactor_vehicle,X_Exclude,1,1,0,1,1,0,1,0,0,0,1,0,1,1,0,0,0,0,0,not_subject_vehicle
3477,14253,4149,1,side_impactor,impactor_vehicle,X_Exclude,0,1,0,1,1,0,1,0,0,0,1,0,1,1,0,0,0,0,0,not_subject_vehicle
3480,14255,4153,1,side_impactor,impactor_vehicle,X_Exclude,0,1,0,1,1,0,1,1,0,0,1,0,1,1,0,0,0,0,0,not_subject_vehicle
3472,14259,4142,1,side_impactor,impactor_vehicle,X_Exclude,0,1,0,0,1,0,0,0,0,0,1,0,1,1,0,0,0,0,0,not_subject_vehicle
3486,14261,4160,1,side_impactor,impactor_vehicle,X_Exclude,0,1,0,1,1,0,1,1,0,0,1,0,1,1,0,0,0,0,0,not_subject_vehicle
3471,14263,4140,1,side_impactor,impactor_vehicle,X_Exclude,0,1,0,0,1,0,0,0,0,0,1,0,1,1,0,0,0,0,0,not_subject_vehicle
3491,14268,4167,1,side_impactor,impactor_vehicle,X_Exclude,0,1,0,1,1,0,1,0,0,0,1,0,1,1,0,0,0,0,0,not_subject_vehicle
3498,14269,4177,1,side_impactor,impactor_vehicle,X_Exclude,1,1,0,1,1,0,1,0,0,0,1,0,1,1,0,0,0,0,0,not_subject_vehicle
3505,14270,4186,1,side_impactor,impactor_vehicle,X_Exclude,1,1,0,1,1,0,1,0,0,0,1,0,1,1,0,0,0,0,0,not_subject_vehicle
3502,14273,4182,1,side_impactor,impactor_vehicle,X_Exclude,0,1,0,1,1,0,1,1,0,0,1,0,1,1,0,0,0,0,0,not_subject_vehicle
3507,14274,4189,1,side_impactor,impactor_vehicle,X_Exclude,1,1,0,1,1,0,1,0,0,0,1,0,1,1,0,0,0,0,0,not_subject_vehicle
3509,14275,4192,1,side_impactor,impactor_vehicle,X_Exclude,1,1,0,1,1,0,1,0,0,0,1,0,1,1,0,0,0,0,0,not_subject_vehicle
3515,14279,4200,1,side_impactor,impactor_vehicle,X_Exclude,1,1,0,1,1,0,1,0,0,0,1,0,1,1,0,0,0,0,0,not_subject_vehicle
3512,14284,4196,1,side_impactor,impactor_vehicle,X_Exclude,0,1,0,1,1,0,1,0,0,0,1,0,1,1,0,0,0,0,0,not_subject_vehicle
3525,14286,4213,1,side_impactor,impactor_vehicle,X_Exclude,1,1,0,1,1,0,1,0,0,0,1,0,1,1,0,0,0,0,0,not_subject_vehicle
3518,14296,4204,1,side_impactor,impactor_vehicle,X_Exclude,0,1,0,0,1,0,0,0,0,0,1,0,1,1,0,0,0,0,0,not_subject_vehicle
3522,14297,4209,1,side_impactor,impactor_vehicle,X_Exclude,0,1,0,1,1,0,1,0,0,0,1,0,1,1,0,0,0,0,0,not_subject_vehicle
3531,14298,4220,1,side_impactor,impactor_vehicle,X_Exclude,0,1,0,0,1,0,0,0,0,0,1,0,1,1,0,0,0,0,0,not_subject_vehicle
3543,14315,4239,1,side_impactor,impactor_vehicle,X_Exclude,0,1,0,1,1,0,1,1,0,0,1,0,1,1,0,0,0,0,0,not_subject_vehicle
3532,14328,4222,1,side_impactor,impactor_vehicle,X_Exclude,0,1,0,1,1,0,1,1,0,0,1,0,1,1,0,0,0,0,0,not_subject_vehicle
3439,14354,4100,1,research_other,subject_vehicle,B_ProfilePartial,0,0,0,0,1,0,0,1,0,0,0,0,1,1,0,0,0,0,1,audit_only_family
3441,14355,4102,1,research_other,subject_vehicle,A_ProfileValid,0,0,0,0,1,0,0,0,0,0,0,0,1,1,0,0,0,0,1,audit_only_family
3458,14356,4125,1,research_other,subject_vehicle,A_ProfileValid,0,0,0,0,0,0,0,0,0,0,0,0,0,0,0,0,0,0,1,audit_only_family
3459,14357,4126,1,research_other,subject_vehicle,A_ProfileValid,0,0,0,0,0,0,0,0,0,0,0,0,0,0,0,0,0,0,1,audit_only_family
3468,14358,4136,1,research_other,subject_vehicle,A_ProfileValid,0,0,0,0,0,0,0,0,0,0,0,0,0,0,0,0,0,0,1,audit_only_family
3474,14359,4145,1,research_other,subject_vehicle,A_ProfileValid,0,0,0,0,0,0,0,0,0,0,0,0,0,0,0,0,0,0,1,audit_only_family
3478,14360,4151,1,research_other,subject_vehicle,A_ProfileValid,0,0,0,0,0,0,0,0,0,0,0,0,0,0,0,0,0,0,1,audit_only_family
3484,14361,4158,1,research_other,subject_vehicle,A_ProfileValid,0,0,0,0,0,0,0,0,0,0,0,0,0,0,0,0,0,0,1,audit_only_family
3550,14363,4248,1,side_impactor,impactor_vehicle,X_Exclude,0,1,0,0,1,0,0,0,0,0,1,0,1,1,0,0,0,0,0,not_subject_vehicle
3546,14365,4243,1,side_impactor,impactor_vehicle,X_Exclude,0,1,0,1,1,0,1,1,0,0,1,0,1,1,0,0,0,0,0,not_subject_vehicle
3561,14383,4264,1,side_impactor,impactor_vehicle,X_Exclude,0,1,0,1,1,0,1,0,0,0,1,0,1,1,0,0,0,0,0,not_subject_vehicle
3542,14388,4237,1,side_impactor,impactor_vehicle,X_Exclude,0,1,0,1,1,0,1,1,0,0,1,0,1,1,0,0,0,0,0,not_subject_vehicle
3554,14390,4254,1,side_impactor,impactor_vehicle,X_Exclude,0,1,0,1,1,0,1,1,0,0,1,0,1,1,0,0,0,0,0,not_subject_vehicle
3559,14391,4261,1,side_impactor,impactor_vehicle,X_Exclude,0,1,0,1,1,0,1,1,0,0,1,0,1,1,0,0,0,0,0,not_subject_vehicle
3564,14392,4268,1,side_impactor,impactor_vehicle,X_Exclude,0,1,0,1,1,0,1,1,0,0,1,0,1,1,0,0,0,0,0,not_subject_vehicle
3571,14393,4277,1,side_impactor,impactor_vehicle,X_Exclude,0,1,0,1,1,0,1,1,0,0,1,0,1,1,0,0,0,0,0,not_subject_vehicle
3587,14398,4297,1,side_impactor,impactor_vehicle,X_Exclude,0,1,0,0,1,0,0,0,0,0,1,0,1,1,0,0,0,0,0,not_subject_vehicle
3594,14428,4307,1,side_impactor,impactor_vehicle,X_Exclude,1,1,0,1,1,0,1,0,0,0,1,0,1,1,0,0,0,0,0,not_subject_vehicle
3603,14435,4319,1,side_impactor,impactor_vehicle,X_Exclude,1,1,0,1,1,0,1,0,0,0,1,0,1,1,0,0,0,0,0,not_subject_vehicle
3555,14436,4256,1,side_impactor,impactor_vehicle,X_Exclude,1,1,0,1,1,0,1,0,0,0,1,0,1,1,0,0,0,0,0,not_subject_vehicle
3619,14440,4339,1,side_impactor,impactor_vehicle,X_Exclude,0,1,0,1,1,0,1,0,0,0,1,0,1,1,0,0,0,0,0,not_subject_vehicle
3569,14446,4274,1,rear,impactor_vehicle,X_Exclude,1,1,0,1,1,0,1,0,0,0,0,0,1,1,1,0,0,0,0,not_subject_vehicle
3569,14446,4275,2,rear,subject_vehicle,X_Exclude,1,0,1,1,1,0,1,0,0,0,0,0,1,1,1,0,0,0,0,all_zero_placeholder
3541,14447,4235,1,rear,impactor_vehicle,X_Exclude,1,1,0,1,1,0,1,0,0,0,0,0,1,1,1,0,0,0,0,not_subject_vehicle
3541,14447,4236,2,rear,subject_vehicle,X_Exclude,1,0,1,1,1,0,1,0,0,0,0,0,1,1,1,0,0,0,0,all_zero_placeholder
3538,14448,4230,1,rear,impactor_vehicle,X_Exclude,1,1,0,1,1,0,1,0,0,0,0,0,1,1,1,0,0,0,0,not_subject_vehicle
3538,14448,4231,2,rear,subject_vehicle,X_Exclude,1,0,1,1,1,0,1,0,0,0,0,0,1,1,1,0,0,0,0,all_zero_placeholder
3607,14449,4324,1,rear,impactor_vehicle,X_Exclude,1,1,0,1,1,0,1,0,0,0,0,0,1,1,1,0,0,0,0,not_subject_vehicle
3607,14449,4325,2,rear,subject_vehicle,X_Exclude,1,0,1,1,1,0,1,0,0,0,0,0,1,1,1,0,0,0,0,all_zero_placeholder
3578,14451,4286,1,side_impactor,impactor_vehicle,X_Exclude,1,1,0,1,1,0,1,0,0,0,1,0,1,1,0,0,0,0,0,not_subject_vehicle
3470,14452,4138,1,rear,impactor_vehicle,X_Exclude,1,1,0,1,1,0,1,0,0,0,0,0,1,1,1,0,0,0,0,not_subject_vehicle
3470,14452,4139,2,rear,subject_vehicle,X_Exclude,1,0,1,1,1,0,1,0,0,0,0,0,1,1,1,0,0,0,0,all_zero_placeholder
2917,14453,3468,1,rear,subject_vehicle,X_Exclude,1,0,0,1,1,0,1,0,0,0,0,0,1,1,1,0,0,0,0,all_zero_placeholder
2917,14453,3469,2,rear,subject_vehicle,X_Exclude,1,0,1,1,1,0,1,0,0,0,0,0,1,1,1,0,0,0,0,all_zero_placeholder
3581,14459,4290,1,side_impactor,impactor_vehicle,X_Exclude,1,1,0,1,1,0,1,0,0,0,1,0,1,1,0,0,0,0,0,not_subject_vehicle
3608,14463,4326,1,side_impactor,impactor_vehicle,X_Exclude,0,1,0,1,1,0,1,0,0,0,1,0,1,1,0,0,0,0,0,not_subject_vehicle
3573,14464,4280,1,side_impactor,impactor_vehicle,X_Exclude,0,1,0,1,1,0,1,1,0,0,1,0,1,1,0,0,0,0,0,not_subject_vehicle
3613,14465,4332,1,side_impactor,impactor_vehicle,X_Exclude,0,1,0,1,1,0,1,1,0,0,1,0,1,1,0,0,0,0,0,not_subject_vehicle
3644,14467,4370,1,side_impactor,impactor_vehicle,X_Exclude,0,1,0,1,1,0,1,0,0,0,1,0,1,1,0,0,0,0,0,not_subject_vehicle
3624,14471,4345,1,side_impactor,impactor_vehicle,X_Exclude,0,1,0,1,1,0,1,1,0,0,1,0,1,1,0,0,0,0,0,not_subject_vehicle
3588,14472,4299,1,side_impactor,impactor_vehicle,X_Exclude,0,1,0,1,1,0,1,1,0,0,1,0,1,1,0,0,0,0,0,not_subject_vehicle
3565,14475,4270,1,research_other,subject_vehicle,B_ProfilePartial,0,0,0,0,0,0,0,1,0,0,0,0,0,0,0,0,0,0,1,audit_only_family
3583,14476,4293,1,research_other,subject_vehicle,B_ProfilePartial,0,0,0,0,0,0,0,1,0,0,0,0,0,0,0,0,0,0,1,audit_only_family
3656,14477,4385,1,research_other,subject_vehicle,B_ProfilePartial,0,0,0,0,0,0,0,1,0,0,0,0,0,0,0,0,0,0,1,audit_only_family
3649,14478,4376,1,research_other,subject_vehicle,B_ProfilePartial,0,0,0,0,0,0,0,1,0,0,0,0,0,0,0,0,0,0,1,audit_only_family
3648,14479,4375,1,research_other,subject_vehicle,B_ProfilePartial,0,0,0,0,0,0,0,1,0,0,0,0,0,0,0,0,0,0,1,audit_only_family
3658,14480,4387,1,side_impactor,impactor_vehicle,X_Exclude,0,1,0,1,1,0,1,1,0,0,1,0,1,1,0,0,0,0,0,not_subject_vehicle
3667,14482,4398,1,side_impactor,impactor_vehicle,X_Exclude,0,1,0,1,1,0,1,1,0,0,1,0,1,1,0,0,0,0,0,not_subject_vehicle
3679,14485,4412,1,side_impactor,impactor_vehicle,X_Exclude,0,1,0,1,1,0,1,1,0,0,1,0,1,1,0,0,0,0,0,not_subject_vehicle
3685,14488,4419,1,side_impactor,impactor_vehicle,X_Exclude,0,1,0,1,1,0,1,1,0,0,1,0,1,1,0,0,0,0,0,not_subject_vehicle
3700,14491,4436,1,side_impactor,impactor_vehicle,X_Exclude,0,1,0,1,1,0,1,1,0,0,1,0,1,1,0,0,0,0,0,not_subject_vehicle
3708,14496,4447,1,side_impactor,impactor_vehicle,X_Exclude,0,1,0,1,1,0,1,1,0,0,1,0,1,1,0,0,0,0,0,not_subject_vehicle
3719,14499,4459,1,side_impactor,impactor_vehicle,X_Exclude,0,1,0,0,1,0,0,0,0,0,1,0,1,1,0,0,0,0,0,not_subject_vehicle
3721,14501,4462,1,side_impactor,impactor_vehicle,X_Exclude,1,1,0,1,1,0,1,0,0,0,1,0,1,1,0,0,0,0,0,not_subject_vehicle
3725,14508,4468,1,side_impactor,impactor_vehicle,X_Exclude,1,1,0,1,1,0,1,0,0,0,1,0,1,1,0,0,0,0,0,not_subject_vehicle
3714,14509,4454,1,research_other,subject_vehicle,B_ProfilePartial,0,0,0,0,0,0,0,1,0,0,0,0,0,0,0,0,0,0,1,audit_only_family
3513,14600,4198,1,research_other,subject_vehicle,A_ProfileValid,0,0,0,0,1,0,0,0,0,0,0,0,1,1,0,0,0,0,1,audit_only_family
3523,14601,4211,1,research_other,subject_vehicle,A_ProfileValid,0,0,0,0,1,0,0,0,0,0,0,0,1,1,0,0,0,0,1,audit_only_family
3539,14602,4232,1,research_other,impactor_vehicle,X_Exclude,0,1,0,0,1,0,0,1,0,0,0,0,1,1,0,0,0,0,1,audit_only_family
3539,14602,4233,2,research_other,subject_vehicle,B_ProfilePartial,0,0,0,0,1,0,0,1,0,0,0,0,1,1,0,0,0,0,1,audit_only_family
3553,14603,4252,1,research_other,impactor_vehicle,X_Exclude,0,1,0,0,1,0,0,1,0,0,0,0,1,1,0,0,0,0,1,audit_only_family
3553,14603,4253,2,research_other,subject_vehicle,B_ProfilePartial,0,0,0,0,1,0,0,1,0,0,0,0,1,1,0,0,0,0,1,audit_only_family
3612,14604,4331,1,research_other,subject_vehicle,A_ProfileValid,0,0,0,0,1,0,0,0,0,0,0,0,1,1,0,1,1,0,1,audit_only_family
3166,14605,3769,1,research_other,impactor_vehicle,X_Exclude,1,1,0,1,1,0,1,1,0,0,0,0,1,1,0,0,0,0,1,audit_only_family
3166,14605,3770,2,research_other,subject_vehicle,B_ProfilePartial,0,0,0,0,1,0,0,1,0,0,0,0,0,0,0,0,0,0,1,audit_only_family
3168,14606,3772,1,research_other,impactor_vehicle,X_Exclude,1,1,0,1,1,0,1,1,0,0,0,0,1,1,0,0,0,0,1,audit_only_family
3168,14606,3773,2,research_other,subject_vehicle,B_ProfilePartial,0,0,0,0,1,0,0,1,0,0,0,0,0,0,0,1,1,0,1,audit_only_family
3173,14607,3778,1,research_other,impactor_vehicle,X_Exclude,1,1,0,1,1,0,1,1,0,0,0,0,1,1,0,0,0,0,1,audit_only_family
3173,14607,3779,2,research_other,subject_vehicle,B_ProfilePartial,0,0,0,0,1,0,0,1,0,0,0,0,0,0,0,1,1,0,1,audit_only_family
3176,14608,3783,1,research_other,impactor_vehicle,X_Exclude,1,1,0,1,1,0,1,1,0,0,0,0,1,1,0,0,0,0,1,audit_only_family
3176,14608,3784,2,research_other,subject_vehicle,B_ProfilePartial,0,0,0,0,1,0,0,1,0,0,0,0,0,0,0,1,1,0,1,audit_only_family
3178,14609,3786,1,research_other,subject_vehicle,B_ProfilePartial,0,0,0,0,1,0,0,1,0,0,0,0,0,0,0,1,1,0,1,audit_only_family
3181,14610,3790,1,research_other,impactor_vehicle,X_Exclude,1,1,0,1,1,0,1,1,0,0,0,0,1,1,0,0,0,0,1,audit_only_family
3181,14610,3791,2,research_other,subject_vehicle,B_ProfilePartial,0,0,0,0,1,0,0,1,0,0,0,0,0,0,0,1,1,0,1,audit_only_family
3185,14611,3796,1,research_other,subject_vehicle,B_ProfilePartial,0,0,0,0,1,0,0,1,0,0,0,0,0,0,0,1,1,0,1,audit_only_family
3198,14612,3812,1,research_other,subject_vehicle,B_ProfilePartial,0,0,0,0,1,0,0,1,0,0,0,0,0,0,0,1,1,0,1,audit_only_family
3195,14613,3807,1,research_other,impactor_vehicle,X_Exclude,1,1,0,1,1,0,1,1,0,0,0,0,1,1,0,0,0,0,1,audit_only_family
3195,14613,3808,2,research_other,subject_vehicle,B_ProfilePartial,0,0,0,0,1,0,0,1,0,0,0,0,0,0,0,1,1,1,1,audit_only_family
3567,14614,4272,1,research_other,subject_vehicle,A_ProfileValid,0,0,0,0,1,0,0,0,0,0,0,0,0,0,0,1,1,0,1,audit_only_family
3570,14615,4276,1,research_other,subject_vehicle,A_ProfileValid,0,0,0,0,1,0,0,0,0,0,0,0,0,0,0,1,1,0,1,audit_only_family
3579,14616,4288,1,research_other,subject_vehicle,B_ProfilePartial,0,0,0,0,1,0,0,1,0,0,0,0,0,0,0,1,1,0,1,audit_only_family
3592,14617,4305,1,research_other,subject_vehicle,B_ProfilePartial,0,0,0,0,1,0,0,1,0,0,0,0,0,0,0,0,0,0,1,audit_only_family
3609,14955,4328,1,sled_without_body,subject_vehicle,X_Exclude,1,0,0,1,1,0,1,0,0,0,0,0,1,1,0,0,0,0,1,audit_only_family
3614,14956,4334,1,sled_without_body,subject_vehicle,X_Exclude,1,0,0,1,1,0,1,0,0,0,0,0,1,1,0,0,0,0,1,audit_only_family
3615,14957,4335,1,sled_without_body,subject_vehicle,X_Exclude,1,0,0,1,1,0,1,0,0,0,0,0,1,1,0,0,0,0,1,audit_only_family
3617,14958,4337,1,sled_without_body,subject_vehicle,X_Exclude,1,0,0,1,1,0,1,0,0,0,0,0,1,1,0,0,0,0,1,audit_only_family
3618,14959,4338,1,sled_without_body,subject_vehicle,X_Exclude,1,0,0,1,1,0,1,0,0,0,0,0,1,1,0,0,0,0,1,audit_only_family
3623,14960,4344,1,sled_without_body,subject_vehicle,X_Exclude,1,0,0,1,1,0,1,0,0,0,0,0,1,1,0,0,0,0,1,audit_only_family
3650,14988,4377,1,side_impactor,impactor_vehicle,X_Exclude,1,1,0,1,1,0,1,0,0,0,1,0,1,1,0,0,0,0,0,not_subject_vehicle
3665,14996,4395,1,side,impactor_vehicle,X_Exclude,1,1,1,1,1,0,0,0,0,0,1,0,0,1,0,0,0,0,0,not_subject_vehicle
3597,15002,4311,1,side_impactor,impactor_vehicle,X_Exclude,0,1,0,1,1,0,1,1,0,0,1,0,1,1,0,0,0,0,0,not_subject_vehicle
3676,15004,4408,1,side_impactor,impactor_vehicle,X_Exclude,0,1,0,1,0,0,1,0,0,0,1,0,1,1,0,0,0,0,0,not_subject_vehicle
3601,15006,4316,1,side_impactor,impactor_vehicle,X_Exclude,0,1,0,1,1,0,1,1,0,0,1,0,1,1,0,0,0,0,0,not_subject_vehicle
3631,15014,4354,1,side_impactor,impactor_vehicle,X_Exclude,0,1,0,1,1,0,1,1,0,0,1,0,1,1,0,0,0,0,0,not_subject_vehicle
3692,15021,4427,1,side_impactor,impactor_vehicle,X_Exclude,1,1,0,1,1,0,1,0,0,0,1,0,1,1,0,0,0,0,0,not_subject_vehicle
3635,15022,4359,1,side_impactor,impactor_vehicle,X_Exclude,0,1,0,1,1,0,1,1,0,0,1,0,1,1,0,0,0,0,0,not_subject_vehicle
3640,15026,4365,1,side_impactor,impactor_vehicle,X_Exclude,0,1,0,1,1,0,1,1,0,0,1,0,1,1,0,0,0,0,0,not_subject_vehicle
3706,15031,4444,1,side_impactor,impactor_vehicle,X_Exclude,0,1,0,1,1,0,0,1,0,1,1,0,0,1,0,0,0,0,0,not_subject_vehicle
3705,15033,4442,1,side_impactor,impactor_vehicle,X_Exclude,1,1,0,1,1,0,1,0,0,0,1,0,1,1,0,0,0,0,0,not_subject_vehicle
3653,15036,4381,1,side_impactor,impactor_vehicle,X_Exclude,0,1,0,1,1,0,1,1,0,0,1,0,1,1,0,0,0,0,0,not_subject_vehicle
3736,15051,4482,1,side_impactor,impactor_vehicle,X_Exclude,0,1,0,0,1,0,0,0,0,0,1,0,1,1,0,0,0,0,0,not_subject_vehicle
3739,15061,4486,1,side,impactor_vehicle,X_Exclude,0,1,0,1,1,0,0,1,0,1,1,0,0,1,0,0,0,0,0,not_subject_vehicle
3733,15063,4478,1,side_impactor,impactor_vehicle,X_Exclude,0,1,0,1,1,0,0,0,0,1,1,0,0,1,0,0,0,0,0,not_subject_vehicle
3742,15066,4490,1,side_impactor,impactor_vehicle,X_Exclude,0,1,0,1,1,0,1,0,0,0,1,0,1,1,0,0,0,0,0,not_subject_vehicle
3745,15069,4494,1,side_impactor,impactor_vehicle,X_Exclude,0,1,0,0,1,0,0,0,0,0,1,0,1,1,0,0,0,0,0,not_subject_vehicle
3750,15073,4500,1,side_impactor,impactor_vehicle,X_Exclude,1,1,0,1,1,0,1,0,0,0,1,0,1,1,0,0,0,0,0,not_subject_vehicle
3751,15076,4502,1,side_impactor,impactor_vehicle,X_Exclude,0,1,0,1,1,0,1,1,0,0,1,0,1,1,0,0,0,0,0,not_subject_vehicle
3758,15083,4512,1,side_impactor,impactor_vehicle,X_Exclude,0,1,0,0,1,0,0,0,0,0,1,0,0,1,0,0,0,0,0,not_subject_vehicle
3755,15084,4508,1,side_impactor,impactor_vehicle,X_Exclude,0,1,0,1,1,0,1,0,0,0,1,0,1,1,0,0,0,0,0,not_subject_vehicle
3753,15090,4505,1,side_impactor,impactor_vehicle,X_Exclude,0,1,0,1,1,0,1,0,0,0,1,0,1,1,0,0,0,0,0,not_subject_vehicle
3760,15093,4515,1,side_impactor,impactor_vehicle,X_Exclude,0,1,0,1,1,0,1,1,0,0,1,0,1,1,0,0,0,0,0,not_subject_vehicle
3761,15096,4517,1,side_impactor,impactor_vehicle,X_Exclude,0,1,0,1,1,0,1,0,0,0,1,0,1,1,0,0,0,0,0,not_subject_vehicle
3770,15120,4529,1,side_impactor,impactor_vehicle,X_Exclude,0,1,0,1,1,0,1,1,0,0,1,0,1,1,0,0,0,0,0,not_subject_vehicle
3776,15179,4538,1,side_impactor,impactor_vehicle,X_Exclude,1,1,0,1,1,0,1,0,0,0,1,0,1,1,0,0,0,0,0,not_subject_vehicle
3774,15181,4535,1,side_impactor,impactor_vehicle,X_Exclude,0,1,0,1,1,0,1,1,0,0,1,0,1,1,0,0,0,0,0,not_subject_vehicle
3781,15239,4544,1,side_impactor,impactor_vehicle,X_Exclude,1,1,0,1,1,0,1,0,0,0,1,0,1,1,0,0,0,0,0,not_subject_vehicle
3788,15251,4552,1,side,impactor_vehicle,X_Exclude,0,1,0,1,1,0,0,1,0,1,1,0,0,1,0,0,0,0,0,not_subject_vehicle
3789,15263,4554,1,side_impactor,impactor_vehicle,X_Exclude,1,1,0,1,1,0,1,0,0,0,1,0,1,1,0,0,0,0,0,not_subject_vehicle
3794,15264,4562,1,side_impactor,impactor_vehicle,X_Exclude,0,1,0,1,1,0,0,1,0,1,1,0,0,1,0,0,0,0,0,not_subject_vehicle
2190,15297,2632,1,unknown,impactor_vehicle,X_Exclude,1,1,0,1,1,0,1,0,0,0,0,0,1,1,0,0,0,0,1,audit_only_family
2190,15297,2633,2,unknown,subject_vehicle,X_Exclude,1,0,0,1,1,0,1,0,0,0,0,0,1,1,0,0,0,0,1,audit_only_family
3801,15301,4571,1,side_impactor,impactor_vehicle,X_Exclude,1,1,0,1,1,0,1,0,0,0,1,0,1,1,0,0,0,0,0,not_subject_vehicle
3799,15303,4568,1,side_impactor,impactor_vehicle,X_Exclude,0,1,0,1,1,0,1,0,0,0,1,0,1,1,0,0,0,0,0,not_subject_vehicle
3804,15306,4575,1,side_impactor,impactor_vehicle,X_Exclude,1,1,0,1,1,0,1,0,0,0,1,0,1,1,0,0,0,0,0,not_subject_vehicle
3808,15308,4581,1,side_impactor,impactor_vehicle,X_Exclude,0,1,0,1,1,0,1,1,0,0,1,0,1,1,0,0,0,0,0,not_subject_vehicle
3815,15314,4589,1,side_impactor,impactor_vehicle,X_Exclude,0,1,0,1,1,0,1,0,0,0,1,0,1,1,0,0,0,0,0,not_subject_vehicle
3817,15320,4592,1,side_impactor,impactor_vehicle,X_Exclude,1,1,0,1,1,0,1,0,0,0,1,0,1,1,0,0,0,0,0,not_subject_vehicle
3818,15322,4594,1,side_impactor,impactor_vehicle,X_Exclude,0,1,0,1,1,0,1,1,0,0,1,0,1,1,0,0,0,0,0,not_subject_vehicle
3823,15326,4600,1,side_impactor,impactor_vehicle,X_Exclude,0,1,0,1,1,0,1,1,0,0,1,0,1,1,0,0,0,0,0,not_subject_vehicle
3824,15327,4602,1,side_impactor,impactor_vehicle,X_Exclude,0,1,0,1,1,0,1,0,0,0,1,0,1,1,0,0,0,0,0,not_subject_vehicle
3826,15329,4605,1,side_impactor,impactor_vehicle,X_Exclude,0,1,0,1,1,0,1,0,0,0,1,0,1,1,0,0,0,0,0,not_subject_vehicle
3829,15332,4609,1,side,impactor_vehicle,X_Exclude,0,1,0,1,1,0,0,1,0,1,1,0,0,1,0,0,0,0,0,not_subject_vehicle
3833,15338,4615,1,side_impactor,impactor_vehicle,X_Exclude,1,1,0,1,1,0,1,0,0,0,1,0,1,1,0,0,0,0,0,not_subject_vehicle
3835,15340,4618,1,side_impactor,impactor_vehicle,X_Exclude,0,1,0,1,1,0,0,1,0,1,1,0,0,1,0,0,0,0,0,not_subject_vehicle
3837,15343,4621,1,side_impactor,impactor_vehicle,X_Exclude,0,1,0,1,1,0,0,1,0,1,1,0,0,1,0,0,0,0,0,not_subject_vehicle
3838,15344,4623,1,side_impactor,impactor_vehicle,X_Exclude,0,1,0,1,1,0,0,1,0,1,1,0,0,1,0,0,0,0,0,not_subject_vehicle
3842,15351,4628,1,side_impactor,impactor_vehicle,X_Exclude,1,1,0,1,1,0,1,0,0,0,1,0,1,1,0,0,0,0,0,not_subject_vehicle
3790,15357,4556,1,research_other,subject_vehicle,B_ProfilePartial,0,0,0,0,0,0,0,1,0,0,0,0,0,0,0,0,0,0,1,audit_only_family
3495,15364,4173,1,side_impactor,impactor_vehicle,X_Exclude,1,1,0,1,1,0,1,0,0,0,1,0,1,1,0,0,0,0,0,not_subject_vehicle
3591,15366,4303,1,side_impactor,impactor_vehicle,X_Exclude,1,1,0,1,1,0,1,0,0,0,1,0,1,1,0,0,0,0,0,not_subject_vehicle
3535,15373,4226,1,side_impactor,impactor_vehicle,X_Exclude,1,1,0,1,1,0,1,0,0,0,1,0,1,1,0,0,0,0,0,not_subject_vehicle
3488,15376,4163,1,side_impactor,impactor_vehicle,X_Exclude,1,1,0,1,1,0,1,0,0,0,1,0,1,1,0,0,0,0,0,not_subject_vehicle
3494,15377,4171,1,side_impactor,impactor_vehicle,X_Exclude,1,1,0,1,1,0,1,0,0,0,1,0,1,1,0,0,0,0,0,not_subject_vehicle
3724,15379,4466,1,side_impactor,impactor_vehicle,X_Exclude,1,1,0,1,1,0,1,0,0,0,1,0,1,1,0,0,0,0,0,not_subject_vehicle
3765,15380,4522,1,side_impactor,impactor_vehicle,X_Exclude,1,1,0,1,1,0,1,0,0,0,1,0,1,1,0,0,0,0,0,not_subject_vehicle
3766,15384,4524,1,side_impactor,impactor_vehicle,X_Exclude,1,1,0,1,1,0,1,0,0,0,1,0,1,1,0,0,0,0,0,not_subject_vehicle
3772,15388,4532,1,side_impactor,impactor_vehicle,X_Exclude,1,1,0,1,1,0,1,0,0,0,1,0,1,1,0,0,0,0,0,not_subject_vehicle
3628,15389,4350,1,side_impactor,impactor_vehicle,X_Exclude,1,1,0,1,1,0,1,0,0,0,1,0,1,1,0,0,0,0,0,not_subject_vehicle
3731,15393,4475,1,side_impactor,impactor_vehicle,X_Exclude,1,1,1,1,1,0,0,0,0,0,1,0,0,1,0,0,0,0,0,not_subject_vehicle
3792,15397,4559,1,side_impactor,impactor_vehicle,X_Exclude,1,1,1,1,1,0,0,0,0,0,1,0,0,1,0,0,0,0,0,not_subject_vehicle
3791,15398,4557,1,side_impactor,impactor_vehicle,X_Exclude,1,1,1,1,1,0,0,0,0,0,1,0,0,1,0,0,0,0,0,not_subject_vehicle
3831,15400,4612,1,side_impactor,impactor_vehicle,X_Exclude,1,1,0,1,1,0,1,0,0,0,1,0,1,1,0,0,0,0,0,not_subject_vehicle
3807,15403,4579,1,side_impactor,impactor_vehicle,X_Exclude,1,1,0,1,1,0,1,0,0,0,1,0,1,1,0,0,0,0,0,not_subject_vehicle
3847,15405,4634,1,side_impactor,impactor_vehicle,X_Exclude,1,1,0,1,1,0,1,0,0,0,1,0,1,1,0,0,0,0,0,not_subject_vehicle
3851,15409,4639,1,side_impactor,impactor_vehicle,X_Exclude,0,1,0,0,1,0,0,0,0,0,1,0,0,1,0,0,0,0,0,not_subject_vehicle
3854,15416,4643,1,side_impactor,impactor_vehicle,X_Exclude,0,1,0,1,1,0,1,0,0,0,1,0,1,1,0,0,0,0,0,not_subject_vehicle
3857,15419,4647,1,side_impactor,impactor_vehicle,X_Exclude,0,1,0,1,1,0,1,1,0,0,1,0,1,1,0,0,0,0,0,not_subject_vehicle
3861,15427,4652,1,side_impactor,impactor_vehicle,X_Exclude,0,1,0,0,1,0,0,0,0,0,1,0,0,1,0,0,0,0,0,not_subject_vehicle
3661,15428,4391,1,sled_with_body,subject_vehicle,X_Exclude,1,0,0,1,1,0,1,0,0,0,0,0,1,1,0,0,0,0,1,audit_only_family
3663,15429,4393,1,sled_with_body,subject_vehicle,X_Exclude,1,0,0,1,1,0,1,0,0,0,0,0,1,1,0,0,0,0,1,audit_only_family
3666,15430,4397,1,sled_with_body,subject_vehicle,X_Exclude,1,0,0,1,1,0,1,0,0,0,0,0,1,1,0,0,0,0,1,audit_only_family
3668,15431,4400,1,sled_with_body,subject_vehicle,X_Exclude,1,0,0,1,1,0,1,0,0,0,0,0,1,1,0,0,0,0,1,audit_only_family
3671,15432,4403,1,sled_with_body,subject_vehicle,X_Exclude,1,0,0,1,1,0,1,0,0,0,0,0,1,1,0,0,0,0,1,audit_only_family
3672,15433,4404,1,sled_with_body,subject_vehicle,X_Exclude,1,0,0,1,1,0,1,0,0,0,0,0,1,1,0,0,0,0,1,audit_only_family
3673,15434,4405,1,sled_with_body,subject_vehicle,X_Exclude,1,0,0,1,1,0,1,0,0,0,0,0,1,1,0,0,0,0,1,audit_only_family
3674,15435,4406,1,sled_with_body,subject_vehicle,X_Exclude,1,0,0,1,1,0,1,0,0,0,0,0,1,1,0,0,0,0,1,audit_only_family
3677,15436,4410,1,sled_with_body,subject_vehicle,X_Exclude,1,0,0,1,1,0,1,0,0,0,0,0,1,1,0,0,0,0,1,audit_only_family
3678,15437,4411,1,sled_with_body,subject_vehicle,X_Exclude,1,0,0,1,1,0,1,0,0,0,0,0,1,1,0,0,0,0,1,audit_only_family
3681,15438,4415,1,sled_with_body,subject_vehicle,X_Exclude,1,0,0,1,1,0,1,0,0,0,0,0,1,1,0,0,0,0,1,audit_only_family
3682,15439,4416,1,sled_with_body,subject_vehicle,X_Exclude,1,0,0,1,1,0,1,0,0,0,0,0,1,1,0,0,0,0,1,audit_only_family
3686,15442,4421,1,sled_with_body,subject_vehicle,X_Exclude,1,0,0,1,1,0,1,0,0,0,0,0,1,1,0,0,0,0,1,audit_only_family
3688,15443,4423,1,sled_with_body,subject_vehicle,X_Exclude,1,0,0,1,1,0,1,0,0,0,0,0,1,1,0,0,0,0,1,audit_only_family
3689,15444,4424,1,sled_with_body,subject_vehicle,X_Exclude,1,0,0,1,1,0,1,0,0,0,0,0,1,1,0,0,0,0,1,audit_only_family
3690,15445,4425,1,sled_with_body,subject_vehicle,X_Exclude,1,0,0,1,1,0,1,0,0,0,0,0,1,1,0,0,0,0,1,audit_only_family
3694,15446,4430,1,sled_with_body,subject_vehicle,X_Exclude,1,0,0,1,1,0,1,0,0,0,0,0,1,1,0,0,0,0,1,audit_only_family
3695,15447,4431,1,sled_with_body,subject_vehicle,X_Exclude,1,0,0,1,1,0,1,0,0,0,0,0,1,1,0,0,0,0,1,audit_only_family
3864,15452,4656,1,side,impactor_vehicle,X_Exclude,0,1,0,0,1,0,0,0,0,0,1,1,0,1,0,0,0,0,0,not_subject_vehicle
3843,15454,4630,1,research_other,subject_vehicle,A_ProfileValid,0,0,0,0,0,0,0,0,0,0,0,0,0,0,0,0,0,0,1,audit_only_family
3867,15455,4660,1,side_impactor,impactor_vehicle,X_Exclude,0,1,0,1,1,0,1,0,0,0,1,0,1,1,0,0,0,0,0,not_subject_vehicle
3874,15465,4669,1,side,impactor_vehicle,X_Exclude,0,1,0,1,1,0,0,1,0,1,1,0,0,1,0,0,0,0,0,not_subject_vehicle
3878,15470,4674,1,side_impactor,impactor_vehicle,X_Exclude,1,1,0,1,1,0,1,0,0,0,1,0,1,1,0,0,0,0,0,not_subject_vehicle
3881,15471,4678,1,side_impactor,impactor_vehicle,X_Exclude,0,1,0,0,1,0,0,0,0,0,1,0,0,1,0,0,0,0,0,not_subject_vehicle
3884,15475,4682,1,side,impactor_vehicle,X_Exclude,0,1,0,1,1,0,0,1,0,1,1,0,0,1,0,0,0,0,0,not_subject_vehicle
3873,15477,4667,1,side_impactor,impactor_vehicle,X_Exclude,1,1,0,1,1,0,1,0,0,0,1,0,1,1,0,0,0,0,0,not_subject_vehicle
3885,15479,4684,1,side_impactor,impactor_vehicle,X_Exclude,1,1,0,1,1,0,1,0,0,0,1,0,1,1,0,0,0,0,0,not_subject_vehicle
3887,15506,4687,1,side_impactor,impactor_vehicle,X_Exclude,0,1,0,1,1,0,0,1,0,1,1,0,0,1,0,0,0,0,0,not_subject_vehicle
3891,15513,4692,1,side_impactor,impactor_vehicle,X_Exclude,0,1,0,0,1,0,0,0,0,0,1,0,0,1,0,0,0,0,0,not_subject_vehicle
3893,15518,4719,1,side_impactor,impactor_vehicle,X_Exclude,1,1,0,1,1,0,1,0,0,0,1,0,1,1,0,0,0,0,0,not_subject_vehicle
3897,15532,4724,1,side_impactor,impactor_vehicle,X_Exclude,0,1,0,1,1,0,1,0,0,0,1,0,1,1,0,0,0,0,0,not_subject_vehicle
3899,15539,4727,1,side,impactor_vehicle,X_Exclude,0,1,0,1,1,0,0,1,0,1,1,0,0,1,0,0,0,0,0,not_subject_vehicle
